v -1074330.00 -402475.00 -4894660.00
v -1048270.00 -401044.00 -4883000.00
v -1038340.00 -378808.00 -4868150.00
v -1089080.00 -383867.00 -4891100.00
v -1087710.00 -313038.00 -4857920.00
v -1034800.00 -332456.00 -4846820.00
v -1070330.00 -227159.00 -4822830.00
v -997289.00 -248339.00 -4807640.00
v -1005710.00 -71520.10 -4779490.00
v -933452.00 -137987.00 -4772470.00
v -935072.00 28598.70 -4766430.00
v -843704.00 -30129.00 -4755080.00
v -971700.00 -510620.00 -4914080.00
v -950301.00 -514082.00 -4906920.00
v -931772.00 -480027.00 -4879200.00
v -997435.00 -490822.00 -4912840.00
v -997715.00 -444898.00 -4885780.00
v -913191.00 -407978.00 -4837840.00
v -961947.00 -351340.00 -4830340.00
v -867851.00 -328107.00 -4797180.00
v -922937.00 -260378.00 -4792010.00
v -794883.00 -226380.00 -4761400.00
v -853553.00 -165096.00 -4762250.00
v -721550.00 -121315.00 -4745430.00
v -800482.00 -66591.80 -4750960.00
v -303025.00 -306204.00 -4854260.00
v -272704.00 -325478.00 -4874000.00
v -230101.00 -302858.00 -4855160.00
v -197228.00 -239295.00 -4809380.00
v -312972.00 -274794.00 -4828070.00
v -306700.00 -209624.00 -4786770.00
v -190209.00 -149761.00 -4764180.00
v -309549.00 -134715.00 -4754010.00
v -906134.00 -563362.00 -4920410.00
v -887657.00 -600327.00 -4938880.00
v -860662.00 -606614.00 -4931180.00
v -838908.00 -592987.00 -4912100.00
v -880014.00 -515070.00 -4879410.00
v -818071.00 -534246.00 -4868240.00
v -843382.00 -434856.00 -4828370.00
v -774880.00 -466943.00 -4823220.00
v -780232.00 -328951.00 -4779110.00
v -720444.00 -369611.00 -4778970.00
v -641399.00 -255261.00 -4748170.00
v -702948.00 -230815.00 -4750810.00
v -674066.00 -164035.00 -4743670.00
v -593138.00 -194985.00 -4741300.00
v -724427.00 -579523.00 -4863220.00
v -696637.00 -594479.00 -4863200.00
v -666150.00 -581096.00 -4847690.00
v -726455.00 -551986.00 -4849280.00
v -634719.00 -519031.00 -4812540.00
v -695071.00 -474517.00 -4807610.00
v -594095.00 -441918.00 -4779710.00
v -648962.00 -405934.00 -4777400.00
v -588465.00 -323778.00 -4753280.00
v -538753.00 -358575.00 -4755470.00
v -480620.00 -274772.00 -4743720.00
v -559224.00 -263129.00 -4744320.00
v -437915.00 -200642.00 -4739100.00
v -560986.00 -207061.00 -4740930.00
v -198291.00 18609.70 -4859950.00
v -185248.00 18881.10 -4797930.00
v -177996.00 -123622.00 -4828530.00
v -192533.00 -103148.00 -4884150.00
v -211119.00 90993.80 -4856720.00
v -199448.00 93694.40 -4793580.00
v -239549.00 188504.00 -4889470.00
v -228999.00 194035.00 -4788290.00
v -272404.00 288814.00 -4880810.00
v -269983.00 289439.00 -4784940.00
v -313293.00 345370.00 -4864080.00
v -308277.00 357172.00 -4784030.00
v -389810.00 406708.00 -4853450.00
v -388423.00 421068.00 -4786540.00
v -483870.00 450422.00 -4859600.00
v -486865.00 467028.00 -4793310.00
v -578886.00 446665.00 -4883900.00
v -590645.00 458893.00 -4802770.00
v -706725.00 343625.00 -4875530.00
v -717808.00 358563.00 -4814230.00
v -798452.00 222670.00 -4879840.00
v -812008.00 234356.00 -4821660.00
v -899134.00 92362.20 -4884820.00
v -915393.00 100536.00 -4830040.00
v -941915.00 27059.70 -4886460.00
v -959219.00 33415.50 -4833250.00
v -989874.00 -62220.00 -4891990.00
v -1011190.00 -63805.50 -4841840.00
v -1046320.00 -200697.00 -4924360.00
v -1072830.00 -214797.00 -4882020.00
v -1060550.00 -278910.00 -4952450.00
v -1088460.00 -298795.00 -4915490.00
v -1060030.00 -344474.00 -4979680.00
v -1088240.00 -368434.00 -4947470.00
v -1045020.00 -366028.00 -4984130.00
v -1060510.00 -398153.00 -4951400.00
v -1008780.00 -375662.00 -4974510.00
v -1025290.00 -406522.00 -4941010.00
v -999219.00 -351163.00 -4959710.00
v -1008670.00 -377176.00 -4919820.00
v -992266.00 -299369.00 -4937250.00
v -1001910.00 -324011.00 -4895070.00
v -970299.00 -225960.00 -4910080.00
v -977790.00 -247960.00 -4863860.00
v -904864.00 -116479.00 -4881170.00
v -910544.00 -137891.00 -4829990.00
v -837508.00 -38758.30 -4872950.00
v -844809.00 -55222.10 -4818000.00
v -810382.00 -48093.00 -4870400.00
v -823761.00 -54089.60 -4816080.00
v -795577.00 -70893.20 -4868640.00
v -812526.00 -73500.80 -4814850.00
v -840470.00 -153627.00 -4874670.00
v -855440.00 -159317.00 -4823440.00
v -900252.00 -240302.00 -4897060.00
v -923186.00 -250997.00 -4851130.00
v -937709.00 -318875.00 -4927610.00
v -960488.00 -339442.00 -4887680.00
v -970158.00 -405281.00 -4974380.00
v -994485.00 -430640.00 -4941440.00
v -968234.00 -447251.00 -4996510.00
v -993130.00 -475834.00 -4967800.00
v -941654.00 -466935.00 -4997070.00
v -963965.00 -502274.00 -4971860.00
v -910274.00 -472642.00 -4987710.00
v -924679.00 -504330.00 -4955930.00
v -894231.00 -442939.00 -4965660.00
v -902824.00 -475704.00 -4930410.00
v -869679.00 -358559.00 -4922440.00
v -881698.00 -392947.00 -4884630.00
v -831803.00 -290529.00 -4894080.00
v -842913.00 -317089.00 -4849750.00
v -770866.00 -207655.00 -4870790.00
v -774997.00 -222674.00 -4819430.00
v -710662.00 -137416.00 -4862360.00
v -717678.00 -149337.00 -4808030.00
v -685977.00 -143314.00 -4861260.00
v -693490.00 -149956.00 -4806770.00
v -671507.00 -171584.00 -4860580.00
v -685850.00 -174775.00 -4806670.00
v -694752.00 -211639.00 -4863790.00
v -710619.00 -217568.00 -4811720.00
v -760377.00 -289926.00 -4881430.00
v -782204.00 -305008.00 -4834900.00
v -820783.00 -390844.00 -4921220.00
v -844526.00 -409610.00 -4880700.00
v -859306.00 -471415.00 -4968150.00
v -883782.00 -495415.00 -4934310.00
v -879882.00 -520317.00 -5004670.00
v -903890.00 -544251.00 -4973360.00
v -857735.00 -557157.00 -5020290.00
v -878684.00 -590057.00 -4995500.00
v -827515.00 -564935.00 -5012750.00
v -847384.00 -598069.00 -4986960.00
v -802638.00 -544772.00 -4989710.00
v -814748.00 -582122.00 -4961460.00
v -783697.00 -494676.00 -4955420.00
v -793923.00 -533970.00 -4924140.00
v -738607.00 -427381.00 -4914920.00
v -749655.00 -457246.00 -4875040.00
v -690151.00 -349203.00 -4883460.00
v -700970.00 -367378.00 -4836250.00
v -621094.00 -249187.00 -4861860.00
v -625789.00 -257636.00 -4808920.00
v -590508.00 -215992.00 -4859020.00
v -592023.00 -219835.00 -4804550.00
v -560027.00 -216771.00 -4858830.00
v -568004.00 -228190.00 -4804410.00
v -553314.00 -253451.00 -4859900.00
v -566571.00 -258527.00 -4806180.00
v -586034.00 -301050.00 -4864980.00
v -597804.00 -311913.00 -4813510.00
v -645502.00 -382278.00 -4885070.00
v -658571.00 -391575.00 -4836030.00
v -677325.00 -440246.00 -4906890.00
v -698494.00 -457832.00 -4863760.00
v -707559.00 -507672.00 -4940300.00
v -731851.00 -536942.00 -4906410.00
v -700646.00 -538565.00 -4953370.00
v -715100.00 -569579.00 -4918790.00
v -670103.00 -556642.00 -4954280.00
v -683395.00 -588348.00 -4919780.00
v -632857.00 -545678.00 -4939690.00
v -644259.00 -576357.00 -4902760.00
v -606039.00 -488439.00 -4910890.00
v -615144.00 -515130.00 -4868960.00
v -568069.00 -418647.00 -4884710.00
v -573739.00 -439658.00 -4837580.00
v -522044.00 -344750.00 -4867410.00
v -523383.00 -358888.00 -4815920.00
v -473200.00 -270244.00 -4860880.00
v -469718.00 -276758.00 -4806370.00
v -428889.00 -188509.00 -4859520.00
v -421289.00 -197852.00 -4803440.00
v -394334.00 -120420.00 -4858340.00
v -383772.00 -124521.00 -4800600.00
v -373870.00 -54800.10 -4856960.00
v -366879.00 -61641.10 -4798000.00
v -339404.00 -48125.90 -4861670.00
v -341711.00 -67606.00 -4804640.00
v -314956.00 -91163.50 -4872630.00
v -322259.00 -113083.00 -4817340.00
v -311745.00 -145053.00 -4892800.00
v -317353.00 -174622.00 -4842530.00
v -319455.00 -203517.00 -4924980.00
v -327626.00 -234903.00 -4877880.00
v -311390.00 -233337.00 -4947900.00
v -310829.00 -277723.00 -4913550.00
v -272960.00 -250552.00 -4966570.00
v -272791.00 -294222.00 -4932480.00
v -235735.00 -236809.00 -4957810.00
v -223673.00 -275403.00 -4918110.00
v -199533.00 -175000.00 -4916930.00
v -185395.00 -206253.00 -4868630.00
v -551860.00 -117747.00 -4894120.00
v -472132.00 -91611.10 -4893290.00
v -356416.00 72671.70 -4890370.00
v -390757.00 177652.00 -4886560.00
v -466227.00 238384.00 -4888670.00
v -559371.00 281572.00 -4894280.00
v -661323.00 266853.00 -4904720.00
v -443853.00 -33391.90 -4892110.00
v -636302.00 -65264.30 -4896310.00
v -727720.00 -611.12 -4902150.00
v -759140.00 83450.40 -4906940.00
v -731245.00 174501.00 -4907670.00
v -621540.00 -22862.70 -4864100.00
v -514303.00 60135.00 -4829690.00
v -558735.00 -61870.90 -4862050.00
v -570938.00 105464.00 -4831790.00
v -689569.00 25156.00 -4868190.00
v -630933.00 147009.00 -4835620.00
v -713193.00 87333.60 -4870840.00
v -692844.00 154484.00 -4870470.00
v -641305.00 222453.00 -4867540.00
v -565685.00 232971.00 -4859900.00
v -496439.00 200790.00 -4855820.00
v -440251.00 155714.00 -4853970.00
v -477906.00 15890.30 -4859040.00
v -898058.00 95212.50 -4762430.00
v -201632.00 6532.56 -4739740.00
v -330205.00 -66998.70 -4735210.00
v -212948.00 80139.70 -4721970.00
v -802871.00 218273.00 -4751520.00
v -808304.00 -38436.50 -4751500.00
v -263717.00 200503.00 -4714830.00
v -369103.00 -50078.00 -4729700.00
v -396793.00 -125200.00 -4734370.00
v -296967.00 264743.00 -4711640.00
v -333385.00 327741.00 -4710180.00
v -408919.00 387563.00 -4712310.00
v -501400.00 430952.00 -4718680.00
v -598329.00 424312.00 -4728380.00
v -716140.00 332493.00 -4741710.00
v -684195.00 -127632.00 -4743170.00
v -808130.00 52434.30 -4718610.00
v -760241.00 -1992.91 -4714350.00
v -774998.00 106794.00 -4701070.00
v -713066.00 188307.00 -4706520.00
v -643196.00 280007.00 -4672650.00
v -565723.00 335685.00 -4689010.00
v -495653.00 340125.00 -4682630.00
v -428691.00 308638.00 -4678730.00
v -373944.00 265404.00 -4677480.00
v -347435.00 219999.00 -4678650.00
v -737259.00 -49857.50 -4713310.00
v -695582.00 -55296.10 -4710060.00
v -649357.00 -90368.50 -4708050.00
v -622902.00 -122949.00 -4707860.00
v -586956.00 -133763.00 -4706610.00
v -520696.00 -153216.00 -4705250.00
v -474053.00 -145495.00 -4703680.00
v -299041.00 141328.00 -4682610.00
v -258667.00 -52963.80 -4709230.00
v -284362.00 49245.50 -4688190.00
v -356555.00 -3307.78 -4691410.00
v -441744.00 -39950.10 -4679020.00
v -336493.00 63719.90 -4656070.00
v -433408.00 222727.00 -4407200.00
v -400696.00 186487.00 -4408160.00
v -406479.00 244178.00 -4411380.00
v -417108.00 261225.00 -4411150.00
v -466130.00 242595.00 -4407180.00
v -438486.00 277782.00 -4411060.00
v -464414.00 290151.00 -4411120.00
v -490429.00 256750.00 -4407180.00
v -491197.00 289342.00 -4411470.00
v -519643.00 269374.00 -4408770.00
v -683146.00 55532.80 -4683380.00
v -622245.00 16196.10 -4679550.00
v -546239.00 236871.00 -4413280.00
v -532814.00 187258.00 -4411050.00
v -509116.00 172062.00 -4411050.00
v -536333.00 -32269.60 -4680120.00
v -475793.00 153235.00 -4411530.00
v -439564.00 149328.00 -4411420.00
v -371409.00 231559.00 -4587140.00
v -365974.00 115548.00 -4582250.00
v -390040.00 264971.00 -4586790.00
v -429233.00 296350.00 -4586650.00
v -477516.00 318826.00 -4586750.00
v -528708.00 314591.00 -4587280.00
v -584939.00 271481.00 -4583190.00
v -618046.00 104279.00 -4586650.00
v -638851.00 203225.00 -4590040.00
v -574294.00 75876.20 -4586650.00
v -443761.00 36691.20 -4587200.00
v -512525.00 41068.90 -4587370.00
v -88057.50 66292.40 28666.00
v -76553.90 51308.00 5031.52
v -60052.20 61881.80 13996.10
v -71108.60 79993.50 39694.60
v -88005.40 38602.90 -176707.00
v -73369.80 46525.80 -184272.00
v -93582.90 38603.00 -218672.00
v -79345.80 46525.80 -230073.00
v -105938.00 47268.00 -245255.00
v -91847.20 56998.90 -259140.00
v -131084.00 70896.40 -252573.00
v -116780.00 85558.40 -267279.00
v -151233.00 92722.40 -236386.00
v -136512.00 111941.00 -249753.00
v -175686.00 118478.00 -221699.00
v -160526.00 143075.00 -233888.00
v -199748.00 149823.00 -165564.00
v -183648.00 180967.00 -172824.00
v -202869.00 161184.00 -108906.00
v -186031.00 194702.00 -111061.00
v -195172.00 161184.00 -58197.80
v -177788.00 194702.00 -55717.90
v -178734.00 152665.00 -6269.17
v -160907.00 184403.00 1011.80
v -155908.00 136163.00 36425.60
v -137864.00 164454.00 47714.90
v -130100.00 112191.00 50690.70
v -112255.00 135475.00 63437.80
v -108002.00 89280.90 47544.80
v -90527.10 107781.00 60151.30
v -52385.50 80595.40 3532.34
v -61173.80 98787.80 26991.40
v -65553.80 65176.10 -178058.00
v -70975.80 65176.10 -220023.00
v -81533.50 75691.80 -246707.00
v -102002.00 104379.00 -254302.00
v -117932.00 130894.00 -238371.00
v -137393.00 162201.00 -223987.00
v -155668.00 200332.00 -168223.00
v -156991.00 214161.00 -111700.00
v -149682.00 214161.00 -60992.10
v -135272.00 203791.00 -8962.30
v -115890.00 183711.00 33928.20
v -94700.50 154557.00 48476.50
v -76893.90 126712.00 45600.40
v -131515.00 64811.20 -225365.00
v -114469.00 50173.50 -217445.00
v -105713.00 44913.80 -194995.00
v -145376.00 78945.90 -213945.00
v -101356.00 45174.20 -160673.00
v -92715.20 55734.80 -13156.40
v -162523.00 95857.80 -204100.00
v -182040.00 119361.00 -160981.00
v -187926.00 130863.00 -115803.00
v -185639.00 134430.00 -74501.70
v -176296.00 131733.00 -31441.60
v -102731.00 67565.70 4822.13
v -160313.00 121833.00 4842.33
v -120221.00 85900.70 18168.40
v -139239.00 103928.00 18655.20
v -112779.00 86491.40 -226484.00
v -97693.90 69732.50 -218448.00
v -89693.10 63711.70 -195956.00
v -124801.00 102679.00 -215176.00
v -85392.10 64009.80 -161637.00
v -75791.30 76099.10 -14203.30
v -139739.00 122053.00 -205466.00
v -156313.00 148990.00 -162535.00
v -160881.00 162177.00 -117449.00
v -158314.00 166267.00 -76175.70
v -149519.00 163175.00 -33094.10
v -84349.40 89645.50 3681.62
v -134975.00 151824.00 3269.23
v -99542.30 110646.00 16882.10
v -116256.00 131302.00 17225.30
v -91262.50 75959.60 -131772.00
v -100783.00 83400.60 -156982.00
v -88387.90 84669.40 -56833.00
v -97590.20 98689.40 -40340.70
v -108471.00 113367.00 -32317.60
v -118012.00 127825.00 -15857.50
v -126220.00 139740.00 -4839.45
v -142465.00 137397.00 -15016.50
v -150657.00 143234.00 -35441.70
v -143451.00 134626.00 -39368.50
v -134509.00 127428.00 -22028.70
v -127034.00 117601.00 -31547.90
v -131611.00 120031.00 -48590.80
v -118331.00 105680.00 -45762.10
v -120323.00 104978.00 -64662.80
v -108456.00 93577.90 -52706.10
v -114933.00 95529.30 -87125.00
v -100066.00 82020.70 -66947.50
v -102365.00 74841.90 -131546.00
v -119818.00 95293.10 -124079.00
v -110859.00 80974.90 -153255.00
v -133771.00 105538.00 -157403.00
v -120745.00 89490.70 -168926.00
v -144521.00 116486.00 -162632.00
v -132795.00 101288.00 -178148.00
v -148185.00 118560.00 -175014.00
v -143479.00 111661.00 -186498.00
v -123275.00 105173.00 -189037.00
v -111826.00 93731.60 -175190.00
v -141872.00 133624.00 -151776.00
v -127039.00 117914.00 -139558.00
v -121016.00 113603.00 -121980.00
v -111601.00 108230.00 -85864.40
v -117668.00 118964.00 -65797.80
v -126417.00 132200.00 -50409.30
v -135831.00 144897.00 -42968.90
v -398123.00 278524.00 -4385410.00
v -338400.00 318727.00 -4625200.00
v -407866.00 328574.00 -4499960.00
v -432184.00 369119.00 -4632220.00
v -469870.00 314567.00 -4391850.00
v -361116.00 207028.00 -4382790.00
v -286641.00 218733.00 -4621530.00
v -335129.00 260121.00 -4503710.00
v -372983.00 127388.00 -4384980.00
v -303237.00 107348.00 -4624600.00
v -321888.00 163687.00 -4500010.00
v -429192.00 70024.20 -4391150.00
v -381851.00 27118.90 -4633230.00
v -362980.00 76298.30 -4503880.00
v -508273.00 56847.20 -4398940.00
v -488699.00 8653.92 -4641050.00
v -447805.00 31343.40 -4515100.00
v -580019.00 92889.80 -4405370.00
v -592799.00 59098.80 -4653110.00
v -554622.00 45974.00 -4528890.00
v -617027.00 164385.00 -4407990.00
v -644558.00 159093.00 -4656780.00
v -620671.00 114507.00 -4530660.00
v -605160.00 244025.00 -4405800.00
v -627962.00 270477.00 -4653720.00
v -631355.00 210957.00 -4535350.00
v -548952.00 301389.00 -4399640.00
v -549347.00 350707.00 -4645090.00
v -590380.00 298330.00 -4530250.00
v -488123.00 343332.00 -4521040.00
v -396823.00 296391.00 -4167890.00
v -485935.00 341157.00 -4175880.00
v -350858.00 207590.00 -4164630.00
v -365597.00 108674.00 -4167350.00
v -435411.00 37426.00 -4175010.00
v -533633.00 21059.10 -4184680.00
v -622745.00 65825.80 -4192670.00
v -668710.00 154626.00 -4195930.00
v -653971.00 253542.00 -4193210.00
v -584157.00 324790.00 -4185550.00
v -399557.00 314291.00 -3990050.00
v -499903.00 364700.00 -3999050.00
v -347798.00 214297.00 -3986390.00
v -364395.00 102912.00 -3989450.00
v -443009.00 22683.00 -3998070.00
v -553612.00 4253.34 -4008970.00
v -653957.00 54662.80 -4017960.00
v -705716.00 154657.00 -4021640.00
v -689120.00 266041.00 -4018570.00
v -610505.00 346270.00 -4009950.00
v -400613.00 345077.00 -3843780.00
v -506124.00 398467.00 -3855700.00
v -347301.00 240357.00 -3826110.00
v -366561.00 124390.00 -3808800.00
v -451064.00 41608.10 -3797410.00
v -568543.00 23634.00 -3796280.00
v -674113.00 77196.90 -3806890.00
v -727421.00 181751.00 -3825830.00
v -708100.00 297443.00 -3845240.00
v -623563.00 380220.00 -3856660.00
v -396558.00 362834.00 -3768620.00
v -501420.00 418500.00 -3763110.00
v -343347.00 256938.00 -3759930.00
v -362018.00 141341.00 -3739740.00
v -445291.00 60330.80 -3714710.00
v -561366.00 44853.90 -3694400.00
v -666068.00 100689.00 -3687580.00
v -719484.00 206425.00 -3697520.00
v -701102.00 321753.00 -3719790.00
v -617802.00 402757.00 -3744850.00
v 45291.70 347381.00 -3097510.00
v 112558.00 487175.00 -3256700.00
v 51912.50 561151.00 -3158090.00
v 146552.00 359721.00 -3295010.00
v 141567.00 227525.00 -3258060.00
v 100584.00 141173.00 -3159400.00
v 39268.80 133650.00 -3036690.00
v -20035.30 207743.00 -2937350.00
v -55347.70 335093.00 -2899680.00
v -52517.10 467107.00 -2937770.00
v -11548.70 553452.00 -3036490.00
v -470185.00 447118.00 -3641130.00
v -370831.00 388498.00 -3669720.00
v -320149.00 281066.00 -3672990.00
v -337267.00 165932.00 -3649110.00
v -415266.00 87198.00 -3606210.00
v -524359.00 74939.00 -3560660.00
v -623263.00 133716.00 -3530840.00
v -674427.00 241001.00 -3528740.00
v -658059.00 355887.00 -3554580.00
v -580039.00 434615.00 -3597520.00
v -394702.00 469345.00 -3503510.00
v -286596.00 407504.00 -3602360.00
v -242642.00 298385.00 -3619150.00
v -256761.00 183729.00 -3591330.00
v -345406.00 107434.00 -3484330.00
v -438344.00 98642.00 -3410770.00
v -523196.00 160613.00 -3355210.00
v -567939.00 269612.00 -3339420.00
v -555083.00 384063.00 -3368920.00
v -488909.00 460352.00 -3431610.00
v -304401.00 487971.00 -3408520.00
v -212869.00 423975.00 -3525420.00
v -177211.00 313714.00 -3551730.00
v -188076.00 199351.00 -3521360.00
v -262981.00 124648.00 -3400870.00
v -336937.00 118140.00 -3308070.00
v -404988.00 182238.00 -3234670.00
v -441643.00 292408.00 -3209150.00
v -432396.00 406613.00 -3240870.00
v -379974.00 481310.00 -3317040.00
v -117129.00 541753.00 -3264700.00
v -37307.90 467776.00 -3348540.00
v 3909.72 340322.00 -3378950.00
v -8649.41 208126.00 -3343840.00
v -69250.40 121774.00 -3255850.00
v -154739.00 114251.00 -3148570.00
v -233401.00 188344.00 -3063730.00
v -275772.00 315694.00 -3034230.00
v -265084.00 447708.00 -3070900.00
v -204487.00 534053.00 -3158940.00
v 454995.00 -289247.00 -2283810.00
v 454994.00 -233503.00 -1901290.00
v 339829.00 -233377.00 -1935020.00
v 257736.00 -236532.00 -2022180.00
v 197996.00 -243188.00 -2149500.00
v 171352.00 -253279.00 -2297610.00
v 185710.00 -265950.00 -2443970.00
v 242752.00 -279134.00 -2566280.00
v 335351.00 -289780.00 -2645940.00
v 454996.00 -294938.00 -2670790.00
v 454994.00 -146602.00 -1580740.00
v 289208.00 -144477.00 -1652910.00
v 129026.00 -145568.00 -1804340.00
v 14853.50 -150730.00 -2039830.00
v -46706.20 -162344.00 -2313760.00
v -33846.70 -181570.00 -2584440.00
v 64496.90 -205836.00 -2810690.00
v 239058.00 -227783.00 -2958040.00
v 454997.00 -238648.00 -3004030.00
v 454994.00 -49112.90 -1398140.00
v 259985.00 -39972.50 -1485770.00
v 60102.80 -35471.40 -1663260.00
v -89572.80 -32402.00 -1971410.00
v -178115.00 -36651.70 -2329820.00
v -172087.00 -53085.50 -2683980.00
v -51080.70 -80672.50 -2980010.00
v 202883.00 -109034.00 -3172840.00
v 454997.00 -123694.00 -3233030.00
v 454994.00 23263.10 -1315570.00
v 239663.00 30421.40 -1394770.00
v 47537.20 55612.50 -1628020.00
v -110781.00 77123.30 -1959730.00
v -206320.00 98764.80 -2343370.00
v -202454.00 91489.20 -2727330.00
v -76196.40 69523.90 -3048260.00
v 164176.00 43295.10 -3257310.00
v 454996.00 28759.80 -3322570.00
v -172445.00 120075.00 -1937010.00
v -80930.80 107130.00 -1602910.00
v 55853.40 64188.60 -1447720.00
v -52059.70 96789.30 -1450390.00
v -151719.00 141084.00 -1568070.00
v -143073.00 130464.00 -1405570.00
v -230091.00 228544.00 -1518720.00
v -196424.00 183632.00 -1351740.00
v -224127.00 222823.00 -1915010.00
v -155976.00 201395.00 -3053530.00
v -282234.00 223395.00 -2732810.00
v -286100.00 230725.00 -2349110.00
v -195866.00 372171.00 -3036190.00
v -322123.00 394141.00 -2715780.00
v -325990.00 401455.00 -2332460.00
v -264017.00 393565.00 -1898770.00
v -138880.00 597844.00 -3054050.00
v -265138.00 642584.00 -2725800.00
v -269004.00 621252.00 -2336510.00
v -207031.00 579376.00 -1905260.00
v 454994.00 -32445.70 -1264310.00
v 239663.00 -40537.20 -1343240.00
v 55853.40 -6750.22 -1396050.00
v -52059.70 25850.00 -1398720.00
v -130692.00 76710.60 -1356130.00
v -179917.00 120106.00 -1280570.00
v 239663.00 -41682.40 -1295690.00
v 55853.40 -9086.41 -1297710.00
v -47932.90 23230.90 -1295960.00
v -114185.00 74883.10 -1294680.00
v 454995.00 -34253.90 -1192100.00
v 243617.00 -43464.20 -1223480.00
v 59807.60 -10864.50 -1225510.00
v -43978.70 21449.80 -1223770.00
v -110231.00 73109.20 -1222520.00
v -175962.00 118326.00 -1208430.00
v -214995.00 215266.00 -1281670.00
v -211040.00 225805.00 -1217850.00
v 454995.00 -8460.67 -1091700.00
v 243617.00 -15447.30 -1122930.00
v 59807.60 12046.60 -1125430.00
v -43978.70 39208.70 -1124160.00
v -102690.00 91335.30 -1124460.00
v -153341.00 129981.00 -1118470.00
v -191623.00 201130.00 -1119100.00
v -257650.00 381672.00 -1507820.00
v -223983.00 358008.00 -1347610.00
v -242553.00 354807.00 -1281830.00
v -264902.00 311193.00 -1189500.00
v -287272.00 387719.00 -1176840.00
v -271554.00 392852.00 -1234150.00
v -265775.00 295574.00 -1124150.00
v -286140.00 381253.00 -1117750.00
v -291217.00 510572.00 -1164520.00
v -290262.00 504043.00 -1104870.00
v -256313.00 519182.00 -1243210.00
v -223983.00 554375.00 -1302790.00
v -257650.00 576071.00 -1490720.00
v 454996.00 183042.00 -3369640.00
v 164176.00 197744.00 -3303870.00
v 164176.00 360262.00 -3328730.00
v 454996.00 345471.00 -3395050.00
v 164176.00 530935.00 -3331330.00
v 454996.00 516135.00 -3398260.00
v -201905.00 851020.00 -2655810.00
v -205384.00 851093.00 -2306530.00
v -149609.00 826798.00 -1912520.00
v -195166.00 758004.00 -1500080.00
v -164865.00 742820.00 -1315110.00
v -251121.00 626720.00 -1163990.00
v -178020.00 724259.00 -1186100.00
v -255629.00 618825.00 -1093540.00
v -88272.80 855346.00 -2954410.00
v 184477.00 781081.00 -3193020.00
v 454997.00 785517.00 -3287990.00
v 255442.00 900652.00 -3089140.00
v 29546.60 958666.00 -2875630.00
v 9614.63 990477.00 -2634220.00
v 9614.63 967753.00 -2284670.00
v 22902.60 949523.00 -1928050.00
v -10317.30 871086.00 -1549510.00
v 2970.63 844601.00 -1345810.00
v -3673.36 808330.00 -1170980.00
v -150875.00 711787.00 -1077940.00
v -3673.36 781414.00 -1065000.00
v 454995.00 920582.00 -3129860.00
v 454995.00 995598.00 -2895230.00
v 454995.00 1014360.00 -2605730.00
v 454995.00 1002880.00 -2261930.00
v 454995.00 967203.00 -1906000.00
v 454995.00 905984.00 -1532310.00
v 454995.00 855942.00 -1323920.00
v 454995.00 837531.00 -1160630.00
v 454995.00 815272.00 -1057040.00
v -50485.80 89205.80 -1009400.00
v -101137.00 137954.00 -1004340.00
v -137269.00 206883.00 -998469.00
v -257582.00 299215.00 -1041350.00
v -278460.00 381221.00 -1033350.00
v -281921.00 490732.00 -1022540.00
v -247172.00 587142.00 -1011570.00
v 16460.60 750721.00 -960029.00
v 454995.00 780664.00 -941736.00
v -98670.20 661735.00 -958679.00
v 454995.00 29605.10 -999663.00
v 243617.00 28519.50 -1009020.00
v 59807.60 56027.80 -1011370.00
v 454995.00 82717.90 -914501.00
v 243617.00 77840.20 -922626.00
v 59807.60 101925.00 -936000.00
v -40453.80 132632.00 -945295.00
v -96394.60 231282.00 -943101.00
v -236370.00 314659.00 -1004900.00
v -228162.00 498128.00 -936284.00
v -44554.70 521116.00 -863160.00
v 96996.30 661778.00 -833124.00
v 454995.00 697264.00 -823153.00
v -237848.00 381268.00 -971489.00
v 454995.00 156501.00 -859613.00
v 243617.00 151648.00 -867782.00
v 78617.60 175267.00 -877447.00
v -1250.21 225997.00 -889055.00
v -65339.50 334285.00 -889546.00
v 149638.00 618534.00 -716515.00
v 225354.00 528389.00 -686074.00
v 454995.00 557564.00 -669884.00
v 454995.00 648785.00 -708015.00
v 38124.80 498619.00 -734793.00
v 102143.00 454128.00 -704985.00
v 20957.20 357102.00 -770660.00
v 65882.90 250202.00 -775781.00
v 49668.00 340223.00 -730066.00
v 454994.00 400445.00 -669587.00
v 266322.00 396340.00 -676652.00
v 454995.00 298228.00 -684618.00
v 274632.00 302049.00 -693224.00
v 274632.00 196338.00 -749234.00
v 454995.00 195717.00 -743856.00
v 133970.00 214887.00 -759059.00
v 133970.00 314278.00 -703067.00
v 156822.00 420627.00 -684399.00
v 585399.00 -233377.00 -1935020.00
v 667491.00 -236532.00 -2022180.00
v 727231.00 -243188.00 -2149500.00
v 753876.00 -253279.00 -2297610.00
v 739518.00 -265950.00 -2443970.00
v 682476.00 -279134.00 -2566280.00
v 589877.00 -289780.00 -2645940.00
v 636020.00 -144477.00 -1652910.00
v 796201.00 -145568.00 -1804340.00
v 910374.00 -150730.00 -2039830.00
v 971934.00 -162344.00 -2313760.00
v 959074.00 -181570.00 -2584440.00
v 860731.00 -205836.00 -2810690.00
v 686169.00 -227783.00 -2958040.00
v 665243.00 -39972.50 -1485770.00
v 865125.00 -35471.40 -1663260.00
v 1014800.00 -32402.00 -1971410.00
v 1103340.00 -36651.70 -2329820.00
v 1097310.00 -53085.50 -2683980.00
v 976308.00 -80672.50 -2980010.00
v 722345.00 -109034.00 -3172840.00
v 685565.00 30421.40 -1394770.00
v 877690.00 55612.50 -1628020.00
v 1036010.00 77123.30 -1959730.00
v 1131550.00 98764.80 -2343370.00
v 1127680.00 91489.20 -2727330.00
v 1001420.00 69523.90 -3048260.00
v 761052.00 43295.10 -3257310.00
v 1006160.00 107130.00 -1602910.00
v 1097670.00 120075.00 -1937010.00
v 869374.00 64188.60 -1447720.00
v 977287.00 96789.30 -1450390.00
v 1076950.00 141084.00 -1568070.00
v 1068300.00 130464.00 -1405570.00
v 1155320.00 228544.00 -1518720.00
v 1121650.00 183632.00 -1351740.00
v 1149350.00 222823.00 -1915010.00
v 1207460.00 223395.00 -2732810.00
v 1081200.00 201395.00 -3053530.00
v 1211330.00 230725.00 -2349110.00
v 1121090.00 372171.00 -3036190.00
v 1247350.00 394141.00 -2715780.00
v 1251220.00 401455.00 -2332460.00
v 1189240.00 393565.00 -1898770.00
v 1190370.00 642584.00 -2725800.00
v 1064110.00 597844.00 -3054050.00
v 1194230.00 621252.00 -2336510.00
v 1132260.00 579376.00 -1905260.00
v 685565.00 -40537.20 -1343240.00
v 869374.00 -6750.22 -1396050.00
v 977287.00 25850.00 -1398720.00
v 1055920.00 76710.60 -1356130.00
v 1105140.00 120106.00 -1280570.00
v 685565.00 -41682.40 -1295690.00
v 869374.00 -9086.41 -1297710.00
v 973160.00 23230.90 -1295960.00
v 1039410.00 74883.10 -1294680.00
v 681611.00 -43464.20 -1223480.00
v 865420.00 -10864.50 -1225510.00
v 969206.00 21449.80 -1223770.00
v 1035460.00 73109.20 -1222520.00
v 1101190.00 118326.00 -1208430.00
v 1140220.00 215266.00 -1281670.00
v 1136270.00 225805.00 -1217850.00
v 681611.00 -15447.30 -1122930.00
v 865420.00 12046.60 -1125430.00
v 969206.00 39208.70 -1124160.00
v 1027920.00 91335.30 -1124460.00
v 1078570.00 129981.00 -1118470.00
v 1116850.00 201130.00 -1119100.00
v 1182880.00 381672.00 -1507820.00
v 1149210.00 358008.00 -1347610.00
v 1167780.00 354807.00 -1281830.00
v 1196780.00 392852.00 -1234150.00
v 1212500.00 387719.00 -1176840.00
v 1190130.00 311193.00 -1189500.00
v 1191000.00 295574.00 -1124150.00
v 1211370.00 381253.00 -1117750.00
v 1216440.00 510572.00 -1164520.00
v 1215490.00 504043.00 -1104870.00
v 1181540.00 519182.00 -1243210.00
v 1149210.00 554375.00 -1302790.00
v 1182880.00 576071.00 -1490720.00
v 761052.00 197744.00 -3303870.00
v 761052.00 360262.00 -3328730.00
v 761052.00 530935.00 -3331330.00
v 1127130.00 851020.00 -2655810.00
v 1130610.00 851093.00 -2306530.00
v 1074840.00 826798.00 -1912520.00
v 1120390.00 758004.00 -1500080.00
v 1090090.00 742820.00 -1315110.00
v 1176350.00 626720.00 -1163990.00
v 1103250.00 724259.00 -1186100.00
v 1180860.00 618825.00 -1093540.00
v 1013500.00 855346.00 -2954410.00
v 740750.00 781081.00 -3193020.00
v 669785.00 900652.00 -3089140.00
v 895681.00 958666.00 -2875630.00
v 915613.00 990477.00 -2634220.00
v 915613.00 967753.00 -2284670.00
v 902325.00 949523.00 -1928050.00
v 935545.00 871086.00 -1549510.00
v 922257.00 844601.00 -1345810.00
v 928901.00 808330.00 -1170980.00
v 1076100.00 711787.00 -1077940.00
v 928901.00 781414.00 -1065000.00
v 975713.00 89205.80 -1009400.00
v 1026360.00 137954.00 -1004340.00
v 1062500.00 206883.00 -998469.00
v 1203690.00 381221.00 -1033350.00
v 1182810.00 299215.00 -1041350.00
v 1207150.00 490732.00 -1022540.00
v 1172400.00 587142.00 -1011570.00
v 908767.00 750721.00 -960029.00
v 1023900.00 661735.00 -958679.00
v 681611.00 28519.50 -1009020.00
v 865420.00 56027.80 -1011370.00
v 681611.00 77840.20 -922626.00
v 865420.00 101925.00 -936000.00
v 965681.00 132632.00 -945295.00
v 1021620.00 231282.00 -943101.00
v 1161600.00 314659.00 -1004900.00
v 1153390.00 498128.00 -936284.00
v 828231.00 661778.00 -833124.00
v 969782.00 521116.00 -863160.00
v 1163080.00 381268.00 -971489.00
v 681611.00 151648.00 -867782.00
v 846610.00 175267.00 -877447.00
v 926478.00 225997.00 -889055.00
v 990567.00 334285.00 -889546.00
v 699873.00 528389.00 -686074.00
v 775589.00 618534.00 -716515.00
v 887103.00 498619.00 -734793.00
v 823084.00 454128.00 -704985.00
v 904270.00 357102.00 -770660.00
v 875559.00 340223.00 -730066.00
v 859345.00 250202.00 -775781.00
v 658905.00 396340.00 -676652.00
v 650595.00 302049.00 -693224.00
v 650595.00 196338.00 -749234.00
v 791257.00 214887.00 -759059.00
v 791257.00 314278.00 -703067.00
v 768405.00 420627.00 -684399.00
v -671816.00 90347.00 -2260490.00
v -630450.00 169812.00 -2300490.00
v -495616.00 233933.00 -2042270.00
v -546918.00 130296.00 -1996260.00
v -648105.00 266129.00 -2322640.00
v -515780.00 359564.00 -2063780.00
v -716661.00 334237.00 -2316870.00
v -598121.00 448406.00 -2051110.00
v -804050.00 342297.00 -2285760.00
v -704109.00 458920.00 -2010000.00
v -869241.00 286542.00 -2243490.00
v -783983.00 386190.00 -1959300.00
v -881678.00 193033.00 -2209840.00
v -800331.00 264221.00 -1922730.00
v -835661.00 105508.00 -2200950.00
v -745642.00 150069.00 -1917840.00
v -752817.00 64945.60 -2221080.00
v -645608.00 97170.10 -1947030.00
v -370169.00 285418.00 -1779100.00
v -426502.00 168484.00 -1733620.00
v -389565.00 427179.00 -1795310.00
v -475740.00 527440.00 -1774980.00
v -588359.00 539306.00 -1727460.00
v -674571.00 457228.00 -1674630.00
v -694006.00 319593.00 -1641240.00
v -637716.00 190794.00 -1643280.00
v -532117.00 131110.00 -1679900.00
v -237548.00 330615.00 -1517890.00
v -300858.00 226729.00 -1476290.00
v -253802.00 456569.00 -1524280.00
v -342109.00 545661.00 -1492660.00
v -461129.00 556203.00 -1437750.00
v -555080.00 483269.00 -1385050.00
v -579979.00 360977.00 -1359200.00
v -524272.00 246547.00 -1372500.00
v -414072.00 193527.00 -1418820.00
v -65351.80 346545.00 -1248210.00
v -136819.00 226280.00 -1201840.00
v -79568.70 492360.00 -1246420.00
v -172756.00 596034.00 -1197030.00
v -301592.00 609038.00 -1122780.00
v -405940.00 524752.00 -1058580.00
v -436764.00 382440.00 -1034910.00
v -379396.00 249173.00 -1062790.00
v -260827.00 187641.00 -1128760.00
v -54691.10 360486.00 -1163420.00
v -102221.00 266502.00 -1118130.00
v -63508.90 474044.00 -1158700.00
v -124298.00 555918.00 -1105110.00
v -209626.00 567638.00 -1026690.00
v -280203.00 501794.00 -960831.00
v -302209.00 388688.00 -939692.00
v -264414.00 282985.00 -972846.00
v -184991.00 235263.00 -1043380.00
v -776142.00 169431.00 -2318610.00
v -120906.00 404417.00 -999012.00
v -859165.00 -308111.00 -3494640.00
v -838312.00 -239124.00 -3525620.00
v -799747.00 -106409.00 -3197910.00
v -823847.00 -176600.00 -3169280.00
v -854424.00 -164438.00 -3556390.00
v -817424.00 -30289.20 -3224750.00
v -899968.00 -119006.00 -3572560.00
v -868609.00 16133.70 -3237290.00
v -953636.00 -124048.00 -3566480.00
v -929350.00 11167.60 -3229570.00
v -990311.00 -177192.00 -3540920.00
v -971221.00 -42855.50 -3205150.00
v -992826.00 -253603.00 -3507920.00
v -974630.00 -120675.00 -3175520.00
v -960009.00 -317550.00 -3483020.00
v -937985.00 -185901.00 -3154610.00
v -907223.00 -339089.00 -3477820.00
v -878439.00 -207996.00 -3152180.00
v -712075.00 -19141.20 -2942150.00
v -753227.00 -128232.00 -2900970.00
v -740964.00 99352.70 -2978520.00
v -826389.00 171797.00 -2993130.00
v -928368.00 164330.00 -2978990.00
v -999173.00 80471.20 -2942620.00
v -1005670.00 -40571.90 -2901130.00
v -944847.00 -142197.00 -2874090.00
v -845153.00 -176833.00 -2874090.00
v -647827.00 49528.70 -2722750.00
v -699944.00 -78384.40 -2677500.00
v -683022.00 188706.00 -2760120.00
v -789073.00 274013.00 -2772200.00
v -916345.00 265569.00 -2753190.00
v -1005270.00 167348.00 -2711890.00
v -1014250.00 25286.80 -2667710.00
v -939094.00 -94183.30 -2641460.00
v -814973.00 -135140.00 -2645390.00
v -631445.00 116632.00 -2496790.00
v -680099.00 5790.99 -2460020.00
v -663018.00 237476.00 -2524660.00
v -760050.00 311772.00 -2530590.00
v -877131.00 304771.00 -2511770.00
v -959472.00 219759.00 -2476960.00
v -968548.00 96505.60 -2442470.00
v -900121.00 -7334.56 -2424510.00
v -786207.00 -43167.90 -2431470.00
v -647130.00 180009.00 -2263840.00
v -681808.00 106514.00 -2240970.00
v -668732.00 260318.00 -2279330.00
v -736504.00 309857.00 -2280180.00
v -818735.00 305454.00 -2266000.00
v -876948.00 249168.00 -2243420.00
v -883905.00 167332.00 -2223000.00
v -836351.00 98240.00 -2214300.00
v -756536.00 74220.20 -2221400.00
v -917322.00 -226888.00 -3524990.00
v -760494.00 206771.00 -2201440.00
v -882869.00 -635760.00 -4630890.00
v -891895.00 -645570.00 -4607180.00
v -905533.00 -631199.00 -4583110.00
v -887737.00 -614015.00 -4630780.00
v -920186.00 -554877.00 -4580860.00
v -926101.00 -593701.00 -4548180.00
v -952903.00 -488645.00 -4507910.00
v -960837.00 -537977.00 -4458830.00
v -988857.00 -380067.00 -4350160.00
v -988823.00 -469833.00 -4330810.00
v -994335.00 -321479.00 -4225440.00
v -996480.00 -414166.00 -4183820.00
v -854251.00 -768134.00 -4617720.00
v -859282.00 -780063.00 -4601480.00
v -884729.00 -760259.00 -4561090.00
v -857858.00 -741091.00 -4626080.00
v -884439.00 -703329.00 -4593820.00
v -923451.00 -708834.00 -4494530.00
v -935367.00 -640629.00 -4497870.00
v -958748.00 -661510.00 -4400480.00
v -968991.00 -580210.00 -4402540.00
v -986252.00 -606832.00 -4269170.00
v -991015.00 -528257.00 -4279500.00
v -993961.00 -548582.00 -4136960.00
v -996306.00 -465534.00 -4169830.00
v -843390.00 -890706.00 -3905960.00
v -820738.00 -919828.00 -3894130.00
v -834692.00 -922436.00 -3840050.00
v -876039.00 -888182.00 -3764640.00
v -870180.00 -861396.00 -3891380.00
v -909961.00 -812206.00 -3838940.00
v -919362.00 -819430.00 -3694880.00
v -942190.00 -749556.00 -3789020.00
v -841924.00 -838638.00 -4598300.00
v -822082.00 -875995.00 -4609010.00
v -827122.00 -892592.00 -4589900.00
v -843802.00 -891171.00 -4560900.00
v -879678.00 -810953.00 -4540810.00
v -884778.00 -853136.00 -4500440.00
v -926089.00 -761120.00 -4452540.00
v -924596.00 -817162.00 -4415400.00
v -967863.00 -700332.00 -4325180.00
v -962250.00 -760580.00 -4301040.00
v -983866.00 -699501.00 -4155630.00
v -987403.00 -651253.00 -4192620.00
v -991079.00 -606842.00 -4123730.00
v -985239.00 -669863.00 -4074060.00
v -880824.00 -930082.00 -4451170.00
v -878202.00 -954115.00 -4437680.00
v -890392.00 -956815.00 -4401530.00
v -894609.00 -907169.00 -4433260.00
v -921511.00 -920864.00 -4330180.00
v -932109.00 -858203.00 -4351400.00
v -949239.00 -876176.00 -4241200.00
v -956832.00 -822242.00 -4263970.00
v -973862.00 -780924.00 -4155720.00
v -966856.00 -832256.00 -4136220.00
v -971728.00 -788627.00 -4029550.00
v -979240.00 -743116.00 -4089790.00
v -971213.00 -745809.00 -3943210.00
v -982350.00 -694746.00 -4054190.00
v -823623.00 -667041.00 -3599580.00
v -883854.00 -676989.00 -3582310.00
v -853820.00 -799622.00 -3672500.00
v -799913.00 -771915.00 -3676750.00
v -827723.00 -598655.00 -3563400.00
v -889194.00 -605922.00 -3545660.00
v -797662.00 -497833.00 -3528350.00
v -897073.00 -504331.00 -3506390.00
v -809370.00 -393681.00 -3492340.00
v -904426.00 -400049.00 -3481250.00
v -873553.00 -239058.00 -3399050.00
v -926485.00 -236895.00 -3386250.00
v -923240.00 -290120.00 -3392400.00
v -830268.00 -323837.00 -3491180.00
v -886134.00 -176879.00 -3417980.00
v -930576.00 -171339.00 -3407090.00
v -888850.00 -118727.00 -3455830.00
v -933205.00 -110242.00 -3446690.00
v -934450.00 -80711.90 -3512080.00
v -853097.00 -144239.00 -3575930.00
v -839242.00 -99589.30 -3664360.00
v -921158.00 -87500.30 -3659880.00
v -861366.00 -133091.00 -3840020.00
v -923475.00 -117894.00 -3834900.00
v -866956.00 -200416.00 -3995840.00
v -926198.00 -187116.00 -3995030.00
v -872753.00 -272828.00 -4164950.00
v -928873.00 -261599.00 -4168830.00
v -875698.00 -312774.00 -4242930.00
v -930352.00 -302785.00 -4248910.00
v -875374.00 -371767.00 -4340850.00
v -927394.00 -367187.00 -4355430.00
v -849442.00 -469090.00 -4479810.00
v -894239.00 -473222.00 -4507340.00
v -823318.00 -530333.00 -4544530.00
v -862929.00 -538703.00 -4577420.00
v -796567.00 -586112.00 -4588890.00
v -831522.00 -597603.00 -4625090.00
v -790792.00 -610568.00 -4590710.00
v -825062.00 -634137.00 -4621600.00
v -796840.00 -634044.00 -4565800.00
v -831981.00 -656026.00 -4596720.00
v -810445.00 -617612.00 -4540540.00
v -851207.00 -638647.00 -4561820.00
v -831762.00 -576841.00 -4499120.00
v -874810.00 -596825.00 -4519420.00
v -856162.00 -523465.00 -4430780.00
v -902989.00 -542345.00 -4447180.00
v -877758.00 -456568.00 -4302430.00
v -929323.00 -476046.00 -4316440.00
v -878697.00 -417510.00 -4194520.00
v -934153.00 -432147.00 -4206410.00
v -878481.00 -437789.00 -4177070.00
v -933897.00 -440447.00 -4187520.00
v -878825.00 -464481.00 -4178860.00
v -934054.00 -462544.00 -4190250.00
v -877854.00 -517171.00 -4270970.00
v -930338.00 -518759.00 -4282830.00
v -862139.00 -566011.00 -4379710.00
v -910189.00 -568434.00 -4401940.00
v -836020.00 -616751.00 -4465020.00
v -878128.00 -627540.00 -4494000.00
v -793338.00 -675182.00 -4552740.00
v -828676.00 -689093.00 -4586750.00
v -771451.00 -710613.00 -4580550.00
v -802674.00 -726754.00 -4617550.00
v -768416.00 -738115.00 -4571250.00
v -795966.00 -760704.00 -4610910.00
v -774656.00 -756260.00 -4547860.00
v -807946.00 -779200.00 -4577980.00
v -794740.00 -738859.00 -4512890.00
v -830905.00 -765299.00 -4538530.00
v -834608.00 -679464.00 -4433060.00
v -873670.00 -706172.00 -4462340.00
v -858509.00 -638579.00 -4354080.00
v -903897.00 -659382.00 -4376870.00
v -874923.00 -594503.00 -4246260.00
v -926504.00 -608763.00 -4254980.00
v -876679.00 -560466.00 -4148440.00
v -931493.00 -570946.00 -4157350.00
v -875266.00 -576613.00 -4130970.00
v -930251.00 -582270.00 -4136880.00
v -874616.00 -607558.00 -4136850.00
v -929720.00 -607150.00 -4146440.00
v -874089.00 -631633.00 -4183150.00
v -927544.00 -632861.00 -4195970.00
v -863829.00 -669320.00 -4291870.00
v -912425.00 -675662.00 -4316160.00
v -831150.00 -727585.00 -4412780.00
v -873979.00 -736060.00 -4441560.00
v -789007.00 -777244.00 -4502480.00
v -825298.00 -789540.00 -4535880.00
v -755160.00 -807993.00 -4555310.00
v -788895.00 -820303.00 -4588480.00
v -737765.00 -847084.00 -4562510.00
v -764802.00 -867647.00 -4599710.00
v -742334.00 -866390.00 -4541630.00
v -770267.00 -887521.00 -4578050.00
v -762557.00 -861108.00 -4505250.00
v -792216.00 -889032.00 -4537760.00
v -794287.00 -828966.00 -4452980.00
v -826784.00 -859558.00 -4484890.00
v -829419.00 -793650.00 -4366680.00
v -870445.00 -816528.00 -4392250.00
v -855100.00 -750121.00 -4271090.00
v -903289.00 -763666.00 -4288080.00
v -868681.00 -696572.00 -4144330.00
v -921867.00 -704844.00 -4149190.00
v -868085.00 -682047.00 -4096010.00
v -922425.00 -687889.00 -4094990.00
v -865094.00 -696468.00 -4070220.00
v -920126.00 -705846.00 -4079750.00
v -863631.00 -730687.00 -4088620.00
v -918456.00 -732226.00 -4098600.00
v -862363.00 -756126.00 -4148570.00
v -914842.00 -763157.00 -4161270.00
v -849212.00 -797418.00 -4254940.00
v -899386.00 -802489.00 -4267880.00
v -831287.00 -831147.00 -4322400.00
v -876488.00 -839413.00 -4348230.00
v -801773.00 -872758.00 -4395840.00
v -838198.00 -888973.00 -4432880.00
v -788376.00 -900669.00 -4411730.00
v -824522.00 -922428.00 -4441590.00
v -784562.00 -928560.00 -4397990.00
v -820535.00 -951248.00 -4427410.00
v -795184.00 -936208.00 -4357730.00
v -833382.00 -958912.00 -4384680.00
v -820497.00 -901965.00 -4294070.00
v -863387.00 -922695.00 -4315930.00
v -841942.00 -861911.00 -4212780.00
v -889592.00 -879768.00 -4227430.00
v -853697.00 -821471.00 -4122630.00
v -905156.00 -835802.00 -4128580.00
v -854424.00 -781233.00 -4030570.00
v -908310.00 -791560.00 -4027010.00
v -850426.00 -732549.00 -3938090.00
v -905458.00 -747349.00 -3932640.00
v -847401.00 -690857.00 -3863120.00
v -903704.00 -702779.00 -3851440.00
v -846096.00 -644498.00 -3802120.00
v -904014.00 -657210.00 -3795220.00
v -837668.00 -655020.00 -3767940.00
v -894768.00 -673980.00 -3777640.00
v -824472.00 -702905.00 -3775660.00
v -880408.00 -721338.00 -3791560.00
v -804516.00 -749018.00 -3810110.00
v -855357.00 -774331.00 -3830070.00
v -773858.00 -792798.00 -3858350.00
v -821835.00 -818117.00 -3882100.00
v -750473.00 -820322.00 -3873110.00
v -784994.00 -859773.00 -3899070.00
v -727976.00 -851877.00 -3852590.00
v -762284.00 -890372.00 -3878520.00
v -732560.00 -858729.00 -3810030.00
v -771132.00 -899003.00 -3821650.00
v -768723.00 -826979.00 -3733440.00
v -815525.00 -862867.00 -3737470.00
v -828443.00 -613128.00 -4001580.00
v -820689.00 -627554.00 -3915230.00
v -810164.00 -540849.00 -3706810.00
v -817082.00 -432535.00 -3669040.00
v -822869.00 -341914.00 -3696890.00
v -849044.00 -231033.00 -3519430.00
v -827161.00 -258046.00 -3751830.00
v -827676.00 -222326.00 -3851210.00
v -818471.00 -590718.00 -3852530.00
v -834776.00 -528996.00 -4040750.00
v -838152.00 -430702.00 -4078490.00
v -836312.00 -341732.00 -4052320.00
v -832375.00 -272888.00 -3970540.00
v -865015.00 -500615.00 -3997740.00
v -887472.00 -479798.00 -3847970.00
v -860691.00 -563545.00 -3968370.00
v -891169.00 -413175.00 -3868450.00
v -867832.00 -427201.00 -4026060.00
v -893538.00 -348077.00 -3894500.00
v -867400.00 -361224.00 -4006980.00
v -865386.00 -310672.00 -3946630.00
v -858922.00 -362686.00 -3744500.00
v -862167.00 -300643.00 -3785090.00
v -854930.00 -429732.00 -3723810.00
v -854666.00 -533862.00 -3847360.00
v -994324.00 -278006.00 -4151340.00
v -943592.00 -682847.00 -3599760.00
v -962556.00 -683114.00 -3760970.00
v -961956.00 -615104.00 -3560110.00
v -995018.00 -210018.00 -3991000.00
v -996452.00 -437242.00 -4158520.00
v -973879.00 -485584.00 -3526560.00
v -972082.00 -650285.00 -3783540.00
v -970948.00 -701139.00 -3857370.00
v -980373.00 -412621.00 -3514560.00
v -977594.00 -248928.00 -3409370.00
v -985554.00 -338569.00 -3506580.00
v -981582.00 -187645.00 -3429030.00
v -984019.00 -130397.00 -3466000.00
v -995984.00 -119829.00 -3681590.00
v -995139.00 -161657.00 -3591110.00
v -995443.00 -146780.00 -3843280.00
v -992391.00 -570813.00 -4108760.00
v -1028750.00 -358644.00 -4097450.00
v -1028250.00 -428530.00 -4090650.00
v -1042580.00 -325975.00 -4032850.00
v -1030420.00 -280785.00 -3928150.00
v -1056460.00 -232768.00 -3806460.00
v -1031790.00 -218427.00 -3705000.00
v -1030570.00 -248778.00 -3639960.00
v -991500.00 -247102.00 -3535930.00
v -1027280.00 -310087.00 -3600430.00
v -1022740.00 -375694.00 -3579400.00
v -1018900.00 -428898.00 -3585080.00
v -1027140.00 -481009.00 -4101510.00
v -1026070.00 -504605.00 -4068870.00
v -1023460.00 -556136.00 -4051500.00
v -1021090.00 -596361.00 -4049800.00
v -1018660.00 -622065.00 -4025690.00
v -1013210.00 -669144.00 -3980920.00
v -1009810.00 -684155.00 -3935250.00
v -1010100.00 -521592.00 -3593230.00
v -980582.00 -707348.00 -3686500.00
v -1003530.00 -608366.00 -3640480.00
v -1008480.00 -618354.00 -3738600.00
v -1030160.00 -610039.00 -3835990.00
v -1022910.00 -571157.00 -3675840.00
v -1050770.00 -414259.00 -3984620.00
v -1048380.00 -477031.00 -3956770.00
v -1039040.00 -559013.00 -3913530.00
v -1056320.00 -514572.00 -3735070.00
v -1061080.00 -471266.00 -3746190.00
v -1065880.00 -410650.00 -3773470.00
v -1068820.00 -348744.00 -3808690.00
v -1068540.00 -305665.00 -3848520.00
v 437290.00 -386556.00 -682095.00
v 437349.00 -417016.00 -594442.00
v 358024.00 -379950.00 -678793.00
v 352172.00 -410576.00 -590826.00
v 267382.00 -360133.00 -665581.00
v 259906.00 -391416.00 -576679.00
v 176763.00 -330407.00 -652369.00
v 168064.00 -362358.00 -562057.00
v 105005.00 -277561.00 -632552.00
v 95660.30 -310523.00 -535920.00
v 59139.60 -231320.00 -480619.00
v 40434.70 -209062.00 -608077.00
v 363305.00 -340316.00 -748153.00
v 437255.00 -346921.00 -751456.00
v 275836.00 -320498.00 -734942.00
v 187883.00 -290772.00 -721730.00
v 118223.00 -237926.00 -701913.00
v 61784.80 -197231.00 -700356.00
v 437274.00 -277561.00 -814211.00
v 359400.00 -270955.00 -810908.00
v 271191.00 -244532.00 -794394.00
v 182451.00 -211503.00 -781182.00
v 117834.00 -167575.00 -798419.00
v 215409.00 -145323.00 -858606.00
v 330980.00 -132980.00 -892424.00
v 437196.00 -135809.00 -908778.00
v 437352.00 -412395.00 -581505.00
v 352345.00 -405956.00 -577889.00
v 260263.00 -386795.00 -563742.00
v 168606.00 -357737.00 -549119.00
v 97230.80 -305902.00 -522982.00
v 220120.00 -162594.00 -99613.30
v 220071.00 -161467.00 -79303.90
v 179052.00 -154479.00 -79303.90
v 176526.00 -155213.00 -103848.00
v 257272.00 -166097.00 -68730.00
v 262354.00 -167677.00 -87968.50
v 297137.00 -169321.00 -37008.50
v 305984.00 -170833.00 -51975.90
v 317272.00 -170284.00 -5286.94
v 333807.00 -171767.00 -4338.44
v 301946.00 -170508.00 35888.60
v 294304.00 -169048.00 23791.10
v 262464.00 -167239.00 60236.60
v 258681.00 -165867.00 47582.30
v 229830.00 -163092.00 73998.60
v 227214.00 -161782.00 58156.10
v 191335.00 -155709.00 58156.10
v 200195.00 -158268.00 71881.30
v 203109.00 -158722.00 81408.80
v 241760.00 -164613.00 102557.00
v 236844.00 -196240.00 112200.00
v 197406.00 -186862.00 92665.30
v 279613.00 -191322.00 117511.00
v 275948.00 -197352.00 141674.00
v 149748.00 -147697.00 60261.10
v 142885.00 -175410.00 71517.60
v 151221.00 -147116.00 52869.30
v 104837.00 -134804.00 42295.40
v 105922.00 -135902.00 57617.70
v 98115.80 -163196.00 68874.10
v 65061.60 -150125.00 72063.80
v 66802.00 -123256.00 57617.70
v 62520.60 -122196.00 38005.90
v 74939.20 -125660.00 26434.60
v 48879.40 -117020.00 5286.94
v 29602.80 -110615.00 11540.70
v 23724.50 -107124.00 52330.80
v 24343.70 -133473.00 74751.10
v 28612.10 -110056.00 -21147.70
v 9067.00 -103372.00 -24452.10
v 35847.10 -115019.00 -65737.80
v 47629.50 -117768.00 -44938.90
v 75551.80 -129167.00 -86909.90
v 81958.40 -129703.00 -63443.10
v 118072.00 -141782.00 -101730.00
v 123658.00 -141833.00 -74016.90
v 26636.00 -108881.00 31824.40
v 327213.00 -213471.00 152821.00
v 324679.00 -235976.00 186438.00
v 218338.00 -235058.00 147264.00
v 258573.00 -240260.00 175125.00
v 309296.00 -247600.00 239936.00
v 177679.00 -227973.00 126117.00
v 121609.00 -215124.00 104969.00
v 86390.20 -201651.00 103920.00
v 60053.40 -187376.00 103920.00
v 31183.70 -169323.00 101823.00
v 339952.00 -171916.00 28156.80
v 313472.00 -171077.00 55167.30
v 276174.00 -168504.00 87689.30
v 248784.00 -153877.00 37385.90
v 221421.00 -150051.00 46105.90
v 279728.00 -157111.00 17766.10
v 299636.00 -158579.00 -6213.88
v 282124.00 -157415.00 -32373.80
v 247556.00 -154099.00 -58533.70
v 215337.00 -149763.00 -67253.60
v 179799.00 -143537.00 -67253.60
v 131742.00 -132669.00 -62893.60
v 95469.70 -122478.00 -54173.70
v 65488.30 -112576.00 -38913.80
v 48757.20 -106222.00 -19293.80
v 66297.80 -111958.00 2506.06
v 88929.70 -119113.00 19946.00
v 114933.00 -126745.00 33026.00
v 155308.00 -137169.00 41745.90
v 190210.00 -144616.00 46105.90
v 287467.00 -169408.00 107481.00
v 324991.00 -194077.00 93674.40
v 336020.00 -189530.00 71384.80
v 343725.00 -185641.00 -24465.60
v 306407.00 -184684.00 -79552.90
v 260349.00 -181398.00 -115546.00
v 215739.00 -176001.00 -127190.00
v 169695.00 -168096.00 -131425.00
v 107977.00 -153638.00 -129308.00
v 63096.00 -140017.00 -114487.00
v 21209.80 -124715.00 -93314.80
v -9261.34 -101154.00 -54158.80
v 349904.00 -201294.00 -59553.90
v 310779.00 -227071.00 -115990.00
v 254603.00 -241714.00 -159143.00
v 206765.00 -241953.00 -171327.00
v 157519.00 -235750.00 -175758.00
v 92052.30 -219420.00 -173543.00
v 40300.80 -195909.00 -161331.00
v -1377.91 -168959.00 -133685.00
v -17874.80 -126021.00 -85032.40
v 349049.00 -250757.00 -116965.00
v 311845.00 -242452.00 -151123.00
v 243846.00 -268354.00 -203984.00
v 197125.00 -272116.00 -237243.00
v 142242.00 -267031.00 -241674.00
v 82014.10 -249673.00 -239459.00
v 29516.20 -221279.00 -227247.00
v -28674.90 -187658.00 -199601.00
v -50730.50 -139263.00 -182018.00
v 123076.00 -259718.00 -338384.00
v 78052.70 -242449.00 -333797.00
v 25054.50 -214149.00 -321586.00
v -46812.40 -180625.00 -290970.00
v -64523.60 -124108.00 -253466.00
v 4887.06 -77636.20 31824.40
v 2015.97 -78474.10 52330.80
v 1176.22 -95848.30 74437.30
v -20088.40 -50185.60 49141.10
v 5812.97 -129893.00 101561.00
v 9770.25 -84015.60 6306.94
v -11183.30 -48473.10 6306.94
v -9293.44 -53399.50 -22400.30
v -73461.40 -52107.20 -235938.00
v -62980.40 -68536.00 -161200.00
v -45551.40 -70201.20 -98945.90
v -23559.70 -61282.90 -62133.00
v 10785.40 -203020.00 -477896.00
v -41542.70 -169496.00 -451735.00
v -60517.00 -94943.00 -422050.00
v -69158.40 -10119.30 -396703.00
v 2867.53 -180761.00 -595866.00
v -40667.70 -147237.00 -568220.00
v -60077.70 -80399.30 -538535.00
v -68954.20 567.16 -513188.00
v 440086.00 -111203.00 -965840.00
v 440073.00 -135809.00 -908778.00
v 317741.00 -107969.00 -949128.00
v 201826.00 -119373.00 -903955.00
v 94000.60 -148817.00 -851567.00
v 27725.10 -178473.00 -722239.00
v 90060.80 -201651.00 146639.00
v 127749.00 -215124.00 138626.00
v 63918.20 -187376.00 146639.00
v 35260.60 -169323.00 144542.00
v 10076.80 -129893.00 144280.00
v -17580.30 -54712.10 102790.00
v -13240.20 -59638.50 144277.00
v 184978.00 -227973.00 168487.00
v 135407.00 -215124.00 180997.00
v 97992.20 -201651.00 189010.00
v 72042.20 -187376.00 189010.00
v 43596.80 -169323.00 186912.00
v 18598.50 -129893.00 186650.00
v -4355.59 -60870.10 189111.00
v 237585.00 -238400.00 239902.00
v 197578.00 -227655.00 244218.00
v 149120.00 -215124.00 238184.00
v 113653.00 -189758.00 241033.00
v 63929.80 -161089.00 236191.00
v 41282.10 -124403.00 237759.00
v 20428.00 -67028.20 240818.00
v 439911.00 -422888.00 -549980.00
v 439881.00 -426191.00 -401845.00
v 352760.00 -416282.00 -546677.00
v 354706.00 -419585.00 -400689.00
v 261099.00 -396465.00 -533465.00
v 264893.00 -399768.00 -396065.00
v 169815.00 -366739.00 -520254.00
v 187232.00 -370042.00 -390285.00
v 97552.20 -313892.00 -500436.00
v 136794.00 -317195.00 -381037.00
v 439982.00 -409251.00 -289837.00
v 402766.00 -405995.00 -290638.00
v 368236.00 -402739.00 -291439.00
v 295235.00 -382738.00 -295188.00
v 231781.00 -353201.00 -301870.00
v 189880.00 -301106.00 -314689.00
v 331459.00 -338623.00 -233383.00
v 277786.00 -323963.00 -239115.00
v 242348.00 -284713.00 -251934.00
v 339055.00 -310247.00 -184680.00
v 285010.00 -296171.00 -198763.00
v 340275.00 -300003.00 -154124.00
v 386419.00 -194203.00 -6702.13
v 388651.00 -184822.00 27475.00
v 387566.00 -184690.00 54763.60
v 439430.00 -184822.00 19220.60
v 439446.00 -184690.00 46509.30
v 439462.00 -199043.00 -11729.90
v 393352.00 -210441.00 -28630.40
v 439362.00 -210441.00 -30131.20
v 393634.00 -263682.00 -86841.70
v 437899.00 -263682.00 -87498.70
v 366711.00 -257219.00 -97262.70
v 373530.00 -308988.00 -111523.00
v 415339.00 -320712.00 -103257.00
v 439371.00 -320712.00 -104007.00
v 441424.00 -194077.00 88737.70
v 385523.00 -194077.00 90383.30
v 387128.00 -213471.00 149530.00
v 384242.00 -235976.00 183147.00
v 368291.00 -247600.00 236645.00
v 441540.00 -247600.00 234999.00
v 441401.00 -235976.00 181501.00
v 441385.00 -213471.00 147884.00
v 441507.00 -230890.00 298497.00
v 369080.00 -230890.00 300142.00
v 310748.00 -230890.00 303433.00
v 239776.00 -215286.00 301570.00
v 200207.00 -196308.00 305886.00
v 244117.00 -98037.70 423710.00
v 208221.00 -90952.20 422107.00
v 313499.00 -107237.00 423744.00
v 370575.00 -107237.00 420453.00
v 441445.00 -107237.00 418807.00
v 153742.00 -163001.00 310561.00
v 104986.00 -116079.00 311209.00
v 82513.00 -92321.60 310947.00
v 61788.40 -54445.80 312176.00
v 162836.00 -91377.60 414748.00
v 130957.00 -67620.70 402828.00
v 103004.00 -29744.90 380844.00
v 392787.00 -320712.00 -102507.00
v 356768.00 -300443.00 -130761.00
v 438662.00 -338395.00 -127985.00
v 429694.00 -339344.00 -126086.00
v 428057.00 -355479.00 -158125.00
v 438831.00 -354530.00 -158474.00
v 424301.00 -360888.00 -188273.00
v 439057.00 -366869.00 -186231.00
v 414486.00 -374462.00 -212807.00
v 438833.00 -374462.00 -214822.00
v 438834.00 -395343.00 -248042.00
v 414354.00 -395343.00 -246027.00
v 389407.00 -392436.00 -242922.00
v 388551.00 -365860.00 -217700.00
v 359213.00 -372267.00 -234063.00
v 359496.00 -344742.00 -212232.00
v 421856.00 -342406.00 -133774.00
v 412687.00 -323774.00 -116347.00
v 391633.00 -323774.00 -117397.00
v 376625.00 -312050.00 -124743.00
v 363089.00 -304123.00 -136722.00
v 353109.00 -297775.00 -156968.00
v 411916.00 -346905.00 -195996.00
v 388718.00 -338304.00 -197288.00
v 363319.00 -317185.00 -196776.00
v 351979.00 -306164.00 -178196.00
v 409061.00 -298182.00 -125263.00
v 391558.00 -298182.00 -126135.00
v 416672.00 -313649.00 -139730.00
v 367842.00 -281870.00 -142177.00
v 362023.00 -276600.00 -158283.00
v 360533.00 -283564.00 -174484.00
v 369027.00 -292713.00 -189908.00
v 389140.00 -310243.00 -192453.00
v 408382.00 -317384.00 -191382.00
v 418661.00 -328991.00 -184970.00
v 421803.00 -324501.00 -159944.00
v -63308.10 -11004.80 -625051.00
v -54186.20 -72684.60 -650397.00
v -57950.70 23711.20 -733054.00
v -25314.00 -22539.30 -758402.00
v -34334.50 -127951.00 -680083.00
v -6991.44 -77805.40 -819084.00
v 40850.40 -125585.00 -833292.00
v -84174.30 32754.10 -224366.00
v -90198.80 59312.70 -385131.00
v -90419.30 66141.80 -501616.00
v -85190.40 58427.10 -613479.00
v -33687.10 35195.30 102790.00
v -29231.70 33963.70 144277.00
v -20222.50 33963.70 189111.00
v 4704.84 35195.30 240818.00
v 46263.60 35461.60 312176.00
v -20088.40 24219.80 49141.10
v -10826.50 43062.90 10978.90
v -10000.50 19448.50 -31744.20
v -45177.60 18806.80 -94317.20
v -62500.40 15259.30 -155403.00
v 373321.00 330275.00 641374.00
v 373265.00 177482.00 636882.00
v 441331.00 328787.00 640672.00
v 441334.00 175993.00 636180.00
v 372779.00 19843.40 597734.00
v 441354.00 18864.70 596411.00
v 371622.00 -68645.20 504636.00
v 441402.00 -68645.20 502990.00
v 315423.00 -68645.20 507927.00
v 317388.00 21801.10 593832.00
v 246760.00 -59445.50 498072.00
v 249774.00 20490.20 582876.00
v 210984.00 -52360.00 487738.00
v 207860.00 23494.80 571916.00
v 155502.00 -52785.40 470310.00
v 152836.00 29199.30 538250.00
v 106313.00 -29028.50 441085.00
v 90194.20 44680.20 495527.00
v 76147.10 15796.30 404314.00
v 52567.90 70736.60 445394.00
v 82373.00 178440.00 530671.00
v 41527.50 176450.00 472005.00
v 318254.00 180458.00 631738.00
v 318357.00 333252.00 636231.00
v 251021.00 184352.00 617947.00
v 251180.00 337146.00 622439.00
v 206661.00 177238.00 605398.00
v 148813.00 179087.00 573979.00
v 148651.00 330144.00 578440.00
v 25457.30 74551.50 331895.00
v -7772.03 112887.00 349767.00
v -25301.40 176450.00 360409.00
v 41420.30 317083.00 472910.00
v -25596.90 317083.00 361222.00
v -19581.90 74551.50 253068.00
v -53178.20 112887.00 270940.00
v -71292.90 180829.00 277203.00
v -71588.30 317083.00 278016.00
v -53747.80 74551.50 94728.70
v -48571.70 74551.50 147537.00
v -92240.40 112887.00 99386.80
v -86710.60 112887.00 152195.00
v -38964.10 74551.50 191758.00
v -72897.30 112887.00 209630.00
v -91199.80 180829.00 215893.00
v -106534.00 180829.00 151551.00
v -112246.00 180829.00 98743.40
v -91497.10 317083.00 216706.00
v -112745.00 317083.00 99390.80
v -46154.50 83310.00 -490.00
v -76022.20 88886.80 -101439.00
v -110687.00 130404.00 -102060.00
v -100662.00 121646.00 7422.06
v -131385.00 198346.00 -102703.00
v -120983.00 189588.00 6778.75
v -121491.00 325841.00 7426.06
v -131904.00 334600.00 -102056.00
v -99552.90 79341.30 -165075.00
v -134587.00 130404.00 -165696.00
v -155506.00 198346.00 -166339.00
v -166431.00 214255.00 -249066.00
v -145228.00 146313.00 -248423.00
v -109858.00 90477.70 -249393.00
v -166962.00 350509.00 -248419.00
v -171441.00 360055.00 -396373.00
v -170895.00 223801.00 -397021.00
v -149183.00 155859.00 -396378.00
v -112819.00 114341.00 -395757.00
v -122429.00 136238.00 -611760.00
v -122797.00 131858.00 -509618.00
v -160039.00 177755.00 -612381.00
v -159819.00 173376.00 -510239.00
v -182493.00 245697.00 -613024.00
v -181922.00 241318.00 -510882.00
v -183060.00 381951.00 -612377.00
v -182479.00 377572.00 -510234.00
v -104106.00 127479.00 -723698.00
v -142359.00 168997.00 -724319.00
v -165195.00 236939.00 -724964.00
v -165776.00 373192.00 -724316.00
v -127231.00 539605.00 -712073.00
v -141834.00 548363.00 -602873.00
v -141371.00 543984.00 -503284.00
v -131310.00 526467.00 -392270.00
v -127311.00 516921.00 -248014.00
v -95174.00 501012.00 -105310.00
v -85680.40 492254.00 1434.63
v -77705.70 483495.00 91100.20
v -58231.90 483495.00 205483.00
v -39931.80 483495.00 265260.00
v 2417.75 483495.00 346386.00
v 64187.10 483495.00 455281.00
v 163159.00 496556.00 558173.00
v 257885.00 503558.00 601645.00
v 319945.00 499664.00 615229.00
v 254842.00 843251.00 -575704.00
v 450994.00 841161.00 -575704.00
v 253385.00 817215.00 -746496.00
v 451321.00 814886.00 -746496.00
v 260104.00 838912.00 -409292.00
v 450677.00 836782.00 -409292.00
v 267184.00 817215.00 -251638.00
v 272334.00 812876.00 -85226.10
v 450058.00 810507.00 -85226.10
v 281514.00 778162.00 103082.00
v 289396.00 743448.00 251978.00
v 449414.00 740438.00 251978.00
v 296511.00 708734.00 378977.00
v 307150.00 639305.00 507010.00
v 449171.00 705404.00 378977.00
v 449698.00 775472.00 103082.00
v 450376.00 814886.00 -251638.00
v 448927.00 635336.00 507010.00
v 448712.00 495199.00 619723.00
v 226927.00 623411.00 497189.00
v 198521.00 686784.00 378977.00
v 180835.00 718471.00 251978.00
v 161555.00 750158.00 103082.00
v 139664.00 781845.00 -85226.10
v 129691.00 785806.00 -251638.00
v 113280.00 805610.00 -409292.00
v 102951.00 809571.00 -575704.00
v 104826.00 785806.00 -746496.00
v 157501.00 574259.00 488458.00
v 112750.00 624235.00 378977.00
v 85270.50 649223.00 251978.00
v 55443.30 674211.00 103082.00
v 21815.80 699200.00 -85226.10
v 7500.00 702323.00 -251638.00
v -17504.80 717941.00 -409292.00
v -32405.70 721064.00 -575704.00
v -27200.40 702323.00 -746496.00
v -111385.00 539605.00 -782063.00
v -150968.00 375775.00 -802056.00
v -150605.00 242105.00 -805286.00
v -127276.00 174163.00 -802059.00
v -88779.30 130062.00 -804021.00
v -58760.50 28877.30 -810547.00
v -23921.40 -22539.30 -810064.00
v -138875.00 386108.00 -871799.00
v -138496.00 252437.00 -875030.00
v -114935.00 184495.00 -871802.00
v -76031.30 140394.00 -873764.00
v -64170.40 64871.20 -883498.00
v -98949.80 549937.00 -851806.00
v -32090.90 712655.00 -816239.00
v 101321.00 796138.00 -816239.00
v -12187.30 1201.16 -897389.00
v 35997.80 -34853.40 -915392.00
v 89280.50 -50697.20 -943991.00
v 199362.00 -63293.60 -974715.00
v 316668.00 -84692.20 -1009880.00
v 440102.00 -100125.00 -1041030.00
v 251440.00 827548.00 -816239.00
v 451454.00 825218.00 -816239.00
v 352634.00 -402686.00 -556194.00
v 439912.00 -409292.00 -559497.00
v 260836.00 -382868.00 -542983.00
v 169416.00 -353142.00 -529771.00
v 97044.80 -300296.00 -509954.00
v 409915.00 -269023.00 -144830.00
v 404337.00 -257680.00 -134220.00
v 391481.00 -257680.00 -134860.00
v 374075.00 -245717.00 -146624.00
v 369820.00 -241852.00 -158437.00
v 368744.00 -246959.00 -170318.00
v 374980.00 -253669.00 -181630.00
v 389710.00 -266526.00 -183497.00
v 403802.00 -271762.00 -182711.00
v 411335.00 -280275.00 -178008.00
v 413662.00 -276982.00 -159654.00
v 391117.00 -209062.00 -158437.00
v 698216.00 -154479.00 -79303.90
v 657198.00 -161467.00 -79303.90
v 657148.00 -162594.00 -99613.30
v 700742.00 -155213.00 -103848.00
v 619997.00 -166097.00 -68730.00
v 614915.00 -167677.00 -87968.50
v 580132.00 -169321.00 -37008.50
v 571284.00 -170833.00 -51975.90
v 559997.00 -170284.00 -5286.94
v 543462.00 -171767.00 -4338.44
v 575323.00 -170508.00 35888.60
v 582965.00 -169048.00 23791.10
v 614804.00 -167239.00 60236.60
v 618588.00 -165867.00 47582.30
v 647439.00 -163092.00 73998.60
v 650055.00 -161782.00 58156.10
v 677074.00 -158268.00 71881.30
v 685934.00 -155709.00 58156.10
v 674159.00 -158722.00 81408.80
v 640424.00 -196240.00 112200.00
v 635509.00 -164613.00 102557.00
v 679863.00 -186862.00 92665.30
v 597656.00 -191322.00 117511.00
v 601321.00 -197352.00 141674.00
v 727520.00 -147697.00 60261.10
v 734383.00 -175410.00 71517.60
v 726047.00 -147116.00 52869.30
v 772431.00 -134804.00 42295.40
v 771347.00 -135902.00 57617.70
v 779153.00 -163196.00 68874.10
v 812207.00 -150125.00 72063.80
v 810467.00 -123256.00 57617.70
v 814748.00 -122196.00 38005.90
v 802329.00 -125660.00 26434.60
v 847666.00 -110615.00 11540.70
v 828389.00 -117020.00 5286.94
v 853544.00 -107124.00 52330.80
v 852925.00 -133473.00 74751.10
v 848657.00 -110056.00 -21147.70
v 868202.00 -103372.00 -24452.10
v 829639.00 -117768.00 -44938.90
v 841422.00 -115019.00 -65737.80
v 795310.00 -129703.00 -63443.10
v 801717.00 -129167.00 -86909.90
v 753610.00 -141833.00 -74016.90
v 759197.00 -141782.00 -101730.00
v 850633.00 -108881.00 31824.40
v 550056.00 -213471.00 152821.00
v 552589.00 -235976.00 186438.00
v 618696.00 -240260.00 175125.00
v 658931.00 -235058.00 147264.00
v 567973.00 -247600.00 239936.00
v 699589.00 -227973.00 126117.00
v 755660.00 -215124.00 104969.00
v 790878.00 -201651.00 103920.00
v 817215.00 -187376.00 103920.00
v 846085.00 -169323.00 101823.00
v 537316.00 -171916.00 28156.80
v 563797.00 -171077.00 55167.30
v 601094.00 -168504.00 87689.30
v 628484.00 -153877.00 37385.90
v 655848.00 -150051.00 46105.90
v 597541.00 -157111.00 17766.10
v 577633.00 -158579.00 -6213.88
v 595144.00 -157415.00 -32373.80
v 629713.00 -154099.00 -58533.70
v 661932.00 -149763.00 -67253.60
v 697470.00 -143537.00 -67253.60
v 745527.00 -132669.00 -62893.60
v 781799.00 -122478.00 -54173.70
v 811780.00 -112576.00 -38913.80
v 828511.00 -106222.00 -19293.80
v 810971.00 -111958.00 2506.06
v 788339.00 -119113.00 19946.00
v 762336.00 -126745.00 33026.00
v 721961.00 -137169.00 41745.90
v 687058.00 -144616.00 46105.90
v 589802.00 -169408.00 107481.00
v 552277.00 -194077.00 93674.40
v 541249.00 -189530.00 71384.80
v 533543.00 -185641.00 -24465.60
v 570862.00 -184684.00 -79552.90
v 616920.00 -181398.00 -115546.00
v 661529.00 -176001.00 -127190.00
v 707574.00 -168096.00 -131425.00
v 769292.00 -153638.00 -129308.00
v 814173.00 -140017.00 -114487.00
v 856059.00 -124715.00 -93314.80
v 886530.00 -101154.00 -54158.80
v 527365.00 -201294.00 -59553.90
v 566490.00 -227071.00 -115990.00
v 622665.00 -241714.00 -159143.00
v 670504.00 -241953.00 -171327.00
v 719750.00 -235750.00 -175758.00
v 785216.00 -219420.00 -173543.00
v 836968.00 -195909.00 -161331.00
v 878647.00 -168959.00 -133685.00
v 895143.00 -126021.00 -85032.40
v 528220.00 -250757.00 -116965.00
v 565424.00 -242452.00 -151123.00
v 633423.00 -268354.00 -203984.00
v 680143.00 -272116.00 -237243.00
v 735026.00 -267031.00 -241674.00
v 795255.00 -249673.00 -239459.00
v 847752.00 -221279.00 -227247.00
v 905944.00 -187658.00 -199601.00
v 927999.00 -139263.00 -182018.00
v 754192.00 -259718.00 -338384.00
v 799216.00 -242449.00 -333797.00
v 852214.00 -214149.00 -321586.00
v 924081.00 -180625.00 -290970.00
v 941792.00 -124108.00 -253466.00
v 872382.00 -77636.20 31824.40
v 875253.00 -78474.10 52330.80
v 897357.00 -50185.60 49141.10
v 876092.00 -95848.30 74437.30
v 871456.00 -129893.00 101561.00
v 867498.00 -84015.60 6306.94
v 888452.00 -48473.10 6306.94
v 886562.00 -53399.50 -22400.30
v 940249.00 -68536.00 -161200.00
v 950730.00 -52107.20 -235938.00
v 922820.00 -70201.20 -98945.90
v 900828.00 -61282.90 -62133.00
v 818129.00 -231320.00 -480619.00
v 866483.00 -203020.00 -477896.00
v 918811.00 -169496.00 -451735.00
v 937786.00 -94943.00 -422050.00
v 946427.00 -10119.30 -396703.00
v 874401.00 -180761.00 -595866.00
v 836834.00 -209062.00 -608077.00
v 917936.00 -147237.00 -568220.00
v 937346.00 -80399.30 -538535.00
v 946223.00 567.16 -513188.00
v 559527.00 -107969.00 -949128.00
v 546288.00 -132980.00 -892424.00
v 675443.00 -119373.00 -903955.00
v 661859.00 -145323.00 -858606.00
v 783268.00 -148817.00 -851567.00
v 759435.00 -167575.00 -798419.00
v 849544.00 -178473.00 -722239.00
v 815484.00 -197231.00 -700356.00
v 749520.00 -215124.00 138626.00
v 787208.00 -201651.00 146639.00
v 813350.00 -187376.00 146639.00
v 842008.00 -169323.00 144542.00
v 867192.00 -129893.00 144280.00
v 894849.00 -54712.10 102790.00
v 890509.00 -59638.50 144277.00
v 692291.00 -227973.00 168487.00
v 741862.00 -215124.00 180997.00
v 779276.00 -201651.00 189010.00
v 805226.00 -187376.00 189010.00
v 833672.00 -169323.00 186912.00
v 858670.00 -129893.00 186650.00
v 881624.00 -60870.10 189111.00
v 639684.00 -238400.00 239902.00
v 679691.00 -227655.00 244218.00
v 728149.00 -215124.00 238184.00
v 763616.00 -189758.00 241033.00
v 813339.00 -161089.00 236191.00
v 835987.00 -124403.00 237759.00
v 856841.00 -67028.20 240818.00
v 524508.00 -416282.00 -546677.00
v 522562.00 -419585.00 -400689.00
v 616170.00 -396465.00 -533465.00
v 612376.00 -399768.00 -396065.00
v 707454.00 -366739.00 -520254.00
v 690037.00 -370042.00 -390285.00
v 779716.00 -313892.00 -500436.00
v 740475.00 -317195.00 -381037.00
v 474503.00 -405995.00 -290638.00
v 509032.00 -402739.00 -291439.00
v 582034.00 -382738.00 -295188.00
v 645487.00 -353201.00 -301870.00
v 687388.00 -301106.00 -314689.00
v 545810.00 -338623.00 -233383.00
v 599483.00 -323963.00 -239115.00
v 634920.00 -284713.00 -251934.00
v 538213.00 -310247.00 -184680.00
v 592258.00 -296171.00 -198763.00
v 536994.00 -300003.00 -154124.00
v 490850.00 -194203.00 -6702.13
v 488618.00 -184822.00 27475.00
v 489703.00 -184690.00 54763.60
v 483917.00 -210441.00 -28630.40
v 483634.00 -263682.00 -86841.70
v 510558.00 -257219.00 -97262.70
v 503739.00 -308988.00 -111523.00
v 461929.00 -320712.00 -103257.00
v 491745.00 -194077.00 90383.30
v 490140.00 -213471.00 149530.00
v 493026.00 -235976.00 183147.00
v 508978.00 -247600.00 236645.00
v 508188.00 -230890.00 300142.00
v 566521.00 -230890.00 303433.00
v 637492.00 -215286.00 301570.00
v 677061.00 -196308.00 305886.00
v 669047.00 -90952.20 422107.00
v 633151.00 -98037.70 423710.00
v 563770.00 -107237.00 423744.00
v 506693.00 -107237.00 420453.00
v 723526.00 -163001.00 310561.00
v 772283.00 -116079.00 311209.00
v 794756.00 -92321.60 310947.00
v 815480.00 -54445.80 312176.00
v 714433.00 -91377.60 414748.00
v 746311.00 -67620.70 402828.00
v 774265.00 -29744.90 380844.00
v 484481.00 -320712.00 -102507.00
v 520501.00 -300443.00 -130761.00
v 447574.00 -339344.00 -126086.00
v 438607.00 -338395.00 -127985.00
v 449211.00 -355479.00 -158125.00
v 452968.00 -360888.00 -188273.00
v 462783.00 -374462.00 -212807.00
v 462914.00 -395343.00 -246027.00
v 487862.00 -392436.00 -242922.00
v 488718.00 -365860.00 -217700.00
v 518055.00 -372267.00 -234063.00
v 517772.00 -344742.00 -212232.00
v 455412.00 -342406.00 -133774.00
v 464581.00 -323774.00 -116347.00
v 485636.00 -323774.00 -117397.00
v 500643.00 -312050.00 -124743.00
v 514180.00 -304123.00 -136722.00
v 524159.00 -297775.00 -156968.00
v 465352.00 -346905.00 -195996.00
v 488550.00 -338304.00 -197288.00
v 513949.00 -317185.00 -196776.00
v 525290.00 -306164.00 -178196.00
v 468207.00 -298182.00 -125263.00
v 485711.00 -298182.00 -126135.00
v 460597.00 -313649.00 -139730.00
v 509427.00 -281870.00 -142177.00
v 515246.00 -276600.00 -158283.00
v 516735.00 -283564.00 -174484.00
v 508241.00 -292713.00 -189908.00
v 488129.00 -310243.00 -192453.00
v 468886.00 -317384.00 -191382.00
v 458607.00 -328991.00 -184970.00
v 455465.00 -324501.00 -159944.00
v 931455.00 -72684.60 -650397.00
v 940577.00 -11004.80 -625051.00
v 902583.00 -22539.30 -758402.00
v 935219.00 23711.20 -733054.00
v 911603.00 -127951.00 -680083.00
v 884260.00 -77805.40 -819084.00
v 836418.00 -125585.00 -833292.00
v 961443.00 32754.10 -224366.00
v 967467.00 59312.70 -385131.00
v 967688.00 66141.80 -501616.00
v 962459.00 58427.10 -613479.00
v 906500.00 33963.70 144277.00
v 910956.00 35195.30 102790.00
v 897491.00 33963.70 189111.00
v 872564.00 35195.30 240818.00
v 831005.00 35461.60 312176.00
v 897357.00 24219.80 49141.10
v 888095.00 43062.90 10978.90
v 887269.00 19448.50 -31744.20
v 922446.00 18806.80 -94317.20
v 939769.00 15259.30 -155403.00
v 504003.00 177482.00 636882.00
v 503948.00 330275.00 641374.00
v 504490.00 19843.40 597734.00
v 505647.00 -68645.20 504636.00
v 561845.00 -68645.20 507927.00
v 630508.00 -59445.50 498072.00
v 559881.00 21801.10 593832.00
v 666285.00 -52360.00 487738.00
v 627494.00 20490.20 582876.00
v 721767.00 -52785.40 470310.00
v 669409.00 23494.80 571916.00
v 770956.00 -29028.50 441085.00
v 724432.00 29199.30 538250.00
v 801122.00 15796.30 404314.00
v 787074.00 44680.20 495527.00
v 835741.00 176450.00 472005.00
v 794896.00 178440.00 530671.00
v 824701.00 70736.60 445394.00
v 626248.00 184352.00 617947.00
v 558912.00 333252.00 636231.00
v 559014.00 180458.00 631738.00
v 670608.00 177238.00 605398.00
v 626088.00 337146.00 622439.00
v 728617.00 330144.00 578440.00
v 728455.00 179087.00 573979.00
v 851811.00 74551.50 331895.00
v 885041.00 112887.00 349767.00
v 902570.00 176450.00 360409.00
v 835848.00 317083.00 472910.00
v 902865.00 317083.00 361222.00
v 896851.00 74551.50 253068.00
v 930447.00 112887.00 270940.00
v 948561.00 180829.00 277203.00
v 948857.00 317083.00 278016.00
v 969509.00 112887.00 99386.80
v 925840.00 74551.50 147537.00
v 931016.00 74551.50 94728.70
v 963979.00 112887.00 152195.00
v 916233.00 74551.50 191758.00
v 950166.00 112887.00 209630.00
v 968468.00 180829.00 215893.00
v 983803.00 180829.00 151551.00
v 989514.00 180829.00 98743.40
v 968766.00 317083.00 216706.00
v 990013.00 317083.00 99390.80
v 923423.00 83310.00 -490.00
v 953291.00 88886.80 -101439.00
v 987956.00 130404.00 -102060.00
v 1008650.00 198346.00 -102703.00
v 977930.00 121646.00 7422.06
v 998252.00 189588.00 6778.75
v 998760.00 325841.00 7426.06
v 1009170.00 334600.00 -102056.00
v 976821.00 79341.30 -165075.00
v 1011860.00 130404.00 -165696.00
v 1032770.00 198346.00 -166339.00
v 1043700.00 214255.00 -249066.00
v 1022500.00 146313.00 -248423.00
v 987126.00 90477.70 -249393.00
v 1044230.00 350509.00 -248419.00
v 1048710.00 360055.00 -396373.00
v 1048160.00 223801.00 -397021.00
v 1026450.00 155859.00 -396378.00
v 990088.00 114341.00 -395757.00
v 1037310.00 177755.00 -612381.00
v 1000070.00 131858.00 -509618.00
v 999698.00 136238.00 -611760.00
v 1037090.00 173376.00 -510239.00
v 1059760.00 245697.00 -613024.00
v 1059190.00 241318.00 -510882.00
v 1060330.00 381951.00 -612377.00
v 1059750.00 377572.00 -510234.00
v 981374.00 127479.00 -723698.00
v 1019630.00 168997.00 -724319.00
v 1042460.00 236939.00 -724964.00
v 1043050.00 373192.00 -724316.00
v 1019100.00 548363.00 -602873.00
v 1004500.00 539605.00 -712073.00
v 1018640.00 543984.00 -503284.00
v 1008580.00 526467.00 -392270.00
v 1004580.00 516921.00 -248014.00
v 972443.00 501012.00 -105310.00
v 962949.00 492254.00 1434.63
v 954974.00 483495.00 91100.20
v 935501.00 483495.00 205483.00
v 917200.00 483495.00 265260.00
v 874851.00 483495.00 346386.00
v 813081.00 483495.00 455281.00
v 714110.00 496556.00 558173.00
v 619384.00 503558.00 601645.00
v 557324.00 499664.00 615229.00
v 623884.00 817215.00 -746496.00
v 622427.00 843251.00 -575704.00
v 617164.00 838912.00 -409292.00
v 610084.00 817215.00 -251638.00
v 604935.00 812876.00 -85226.10
v 595754.00 778162.00 103082.00
v 587872.00 743448.00 251978.00
v 580757.00 708734.00 378977.00
v 570119.00 639305.00 507010.00
v 650341.00 623411.00 497189.00
v 678747.00 686784.00 378977.00
v 696433.00 718471.00 251978.00
v 715713.00 750158.00 103082.00
v 737605.00 781845.00 -85226.10
v 747577.00 785806.00 -251638.00
v 763989.00 805610.00 -409292.00
v 774318.00 809571.00 -575704.00
v 772443.00 785806.00 -746496.00
v 719768.00 574259.00 488458.00
v 764518.00 624235.00 378977.00
v 791998.00 649223.00 251978.00
v 821825.00 674211.00 103082.00
v 855453.00 699200.00 -85226.10
v 869769.00 702323.00 -251638.00
v 894773.00 717941.00 -409292.00
v 909674.00 721064.00 -575704.00
v 904469.00 702323.00 -746496.00
v 988653.00 539605.00 -782063.00
v 1028240.00 375775.00 -802056.00
v 1027870.00 242105.00 -805286.00
v 1004540.00 174163.00 -802059.00
v 966048.00 130062.00 -804021.00
v 936029.00 28877.30 -810547.00
v 901190.00 -22539.30 -810064.00
v 1016140.00 386108.00 -871799.00
v 1015760.00 252437.00 -875030.00
v 992204.00 184495.00 -871802.00
v 953300.00 140394.00 -873764.00
v 941439.00 64871.20 -883498.00
v 976218.00 549937.00 -851806.00
v 909359.00 712655.00 -816239.00
v 775947.00 796138.00 -816239.00
v 889456.00 1201.16 -897389.00
v 841271.00 -34853.40 -915392.00
v 787988.00 -50697.20 -943991.00
v 677907.00 -63293.60 -974715.00
v 560600.00 -84692.20 -1009880.00
v 625828.00 827548.00 -816239.00
v 524635.00 -402686.00 -556194.00
v 616432.00 -382868.00 -542983.00
v 707853.00 -353142.00 -529771.00
v 780224.00 -300296.00 -509954.00
v 467353.00 -269023.00 -144830.00
v 472931.00 -257680.00 -134220.00
v 485787.00 -257680.00 -134860.00
v 503193.00 -245717.00 -146624.00
v 507448.00 -241852.00 -158437.00
v 508525.00 -246959.00 -170318.00
v 502289.00 -253669.00 -181630.00
v 487558.00 -266526.00 -183497.00
v 473467.00 -271762.00 -182711.00
v 465933.00 -280275.00 -178008.00
v 463607.00 -276982.00 -159654.00
v 486151.00 -209062.00 -158437.00
v 937321.00 61882.00 13996.10
v 953823.00 51308.10 5031.63
v 965326.00 66292.50 28666.10
v 948377.00 79993.60 39694.60
v 950639.00 46526.00 -184272.00
v 965274.00 38603.20 -176707.00
v 956615.00 46526.00 -230073.00
v 970852.00 38603.20 -218672.00
v 969116.00 56999.10 -259141.00
v 983207.00 47268.20 -245255.00
v 994049.00 85558.60 -267279.00
v 1008350.00 70896.50 -252573.00
v 1013780.00 111941.00 -249753.00
v 1028500.00 92722.60 -236386.00
v 1037790.00 143075.00 -233889.00
v 1052950.00 118478.00 -221699.00
v 1060920.00 180967.00 -172824.00
v 1077020.00 149823.00 -165564.00
v 1063300.00 194702.00 -111061.00
v 1080140.00 161184.00 -108906.00
v 1055060.00 194702.00 -55717.90
v 1072440.00 161184.00 -58197.80
v 1038180.00 184403.00 1011.81
v 1056000.00 152665.00 -6269.13
v 1015130.00 164454.00 47715.00
v 1033180.00 136163.00 36425.70
v 989523.00 135475.00 63437.90
v 1007370.00 112191.00 50690.80
v 967796.00 107781.00 60151.40
v 985271.00 89281.10 47544.80
v 929654.00 80595.60 3532.38
v 938443.00 98787.90 26991.50
v 942823.00 65176.30 -178058.00
v 948245.00 65176.30 -220023.00
v 958802.00 75692.00 -246707.00
v 979271.00 104379.00 -254302.00
v 995201.00 130894.00 -238371.00
v 1014660.00 162201.00 -223987.00
v 1032940.00 200332.00 -168223.00
v 1034260.00 214161.00 -111700.00
v 1026950.00 214161.00 -60992.10
v 1012540.00 203791.00 -8962.25
v 993159.00 183711.00 33928.20
v 971969.00 154557.00 48476.60
v 954163.00 126712.00 45600.40
v 1008780.00 64811.40 -225365.00
v 991737.00 50173.70 -217445.00
v 982982.00 44914.00 -194995.00
v 1022640.00 78946.00 -213945.00
v 978625.00 45174.30 -160674.00
v 969984.00 55735.00 -13156.40
v 1039790.00 95857.90 -204100.00
v 1059310.00 119361.00 -160981.00
v 1065190.00 130863.00 -115803.00
v 1062910.00 134430.00 -74501.70
v 1053560.00 131733.00 -31441.60
v 980000.00 67565.80 4822.19
v 1037580.00 121833.00 4842.31
v 997490.00 85900.80 18168.40
v 1016510.00 103928.00 18655.30
v 990048.00 86491.60 -226484.00
v 974963.00 69732.60 -218448.00
v 966962.00 63711.90 -195956.00
v 1002070.00 102679.00 -215176.00
v 962661.00 64010.00 -161637.00
v 953060.00 76099.30 -14203.20
v 1017010.00 122054.00 -205466.00
v 1033580.00 148990.00 -162535.00
v 1038150.00 162177.00 -117449.00
v 1035580.00 166267.00 -76175.70
v 1026790.00 163175.00 -33094.00
v 961618.00 89645.70 3681.63
v 1012240.00 151824.00 3269.19
v 976811.00 110646.00 16882.20
v 993525.00 131302.00 17225.30
v 978052.00 83400.70 -156981.00
v 968531.00 75959.80 -131772.00
v 965657.00 84669.50 -56832.90
v 974859.00 98689.50 -40340.60
v 985740.00 113368.00 -32317.50
v 995281.00 127825.00 -15857.60
v 1003490.00 139740.00 -4839.44
v 1020720.00 134626.00 -39368.40
v 1027930.00 143234.00 -35441.70
v 1019730.00 137397.00 -15016.40
v 1011780.00 127428.00 -22028.70
v 1004300.00 117601.00 -31547.90
v 1008880.00 120031.00 -48590.80
v 995600.00 105680.00 -45762.10
v 997591.00 104978.00 -64662.80
v 985725.00 93578.00 -52706.10
v 992201.00 95529.40 -87124.90
v 977334.00 82020.80 -66947.50
v 979634.00 74842.00 -131546.00
v 997087.00 95293.30 -124079.00
v 988127.00 80975.00 -153255.00
v 1011040.00 105538.00 -157403.00
v 998014.00 89490.90 -168926.00
v 1021790.00 116486.00 -162632.00
v 1010060.00 101288.00 -178148.00
v 1025450.00 118560.00 -175014.00
v 1020750.00 111661.00 -186498.00
v 1000540.00 105173.00 -189037.00
v 989095.00 93731.80 -175190.00
v 1019140.00 133624.00 -151776.00
v 1004310.00 117914.00 -139558.00
v 998285.00 113603.00 -121980.00
v 988870.00 108230.00 -85864.30
v 994936.00 118964.00 -65797.80
v 1003690.00 132200.00 -50409.30
v 1013100.00 144897.00 -42968.90
v 519245.00 -379950.00 -678793.00
v 525096.00 -410576.00 -590826.00
v 609886.00 -360133.00 -665581.00
v 617363.00 -391416.00 -576679.00
v 700505.00 -330407.00 -652369.00
v 709205.00 -362358.00 -562057.00
v 772264.00 -277561.00 -632552.00
v 781608.00 -310523.00 -535920.00
v 513964.00 -340316.00 -748153.00
v 601433.00 -320498.00 -734942.00
v 689386.00 -290772.00 -721730.00
v 759046.00 -237926.00 -701913.00
v 517868.00 -270955.00 -810908.00
v 606078.00 -244532.00 -794394.00
v 694817.00 -211503.00 -781182.00
v 524924.00 -405956.00 -577889.00
v 617006.00 -386795.00 -563742.00
v 708663.00 -357737.00 -549119.00
v 780038.00 -305902.00 -522982.00
v 613246.00 -353142.00 -529771.00
v 611168.00 -300296.00 -490918.00
v 437356.00 -409292.00 -559497.00
v 439508.00 -382868.00 -542983.00
v 438588.00 -353142.00 -529771.00
v 437658.00 -300296.00 -490918.00
v 610263.00 -231320.00 -461583.00
v 437550.00 -231320.00 -461583.00
v 610263.00 -155177.00 -461583.00
v 439719.00 -155177.00 -461583.00
v 769614.00 -150418.00 -473005.00
v 767866.00 -223706.00 -473005.00
v 444575.00 -295433.00 -528693.00
v 443870.00 -347267.00 -554830.00
v 620002.00 -349171.00 -554830.00
v 619992.00 -297336.00 -528693.00
v 444939.00 -220850.00 -486330.00
v 619201.00 -222754.00 -486330.00
v 708142.00 -292578.00 -528693.00
v 706769.00 -217995.00 -486330.00
v 439917.00 -412395.00 -581505.00
v 444014.00 -178020.00 -428271.00
v 613062.00 -179924.00 -422560.00
v 708872.00 -175165.00 -433030.00
v 814042.00 -188490.00 -455873.00
v 810971.00 -111958.00 2506.13
v 788339.00 -119113.00 19946.10
v 785103.00 -120796.00 -17113.80
v 629106.00 -153988.00 -10573.90
v 697089.00 -143537.00 -58476.10
v 676354.00 -146650.00 -56112.90
v 732312.00 -132669.00 -41962.50
v 718936.00 -138103.00 -53595.30
v 687402.00 -144616.00 38003.60
v 709528.00 -140892.00 33798.00
v 654065.00 -150051.00 17072.40
v 666801.00 -147333.00 33952.40
v 723316.00 -137169.00 25541.20
v 736271.00 -137169.00 6635.69
v 652327.00 -149763.00 -42271.30
v 740549.00 -137169.00 -21047.40
v 647047.00 -153988.00 -13949.80
v 687163.00 -144557.00 -27210.60
v 694798.00 -143406.00 -28085.00
v 702844.00 -141395.00 -26279.10
v 707787.00 -139385.00 -21974.90
v 710861.00 -141049.00 -14236.40
v 709327.00 -141049.00 -3993.63
v 704550.00 -141049.00 3001.44
v 699435.00 -142427.00 6056.44
v 691209.00 -143805.00 7612.50
v 683551.00 -144810.00 6113.56
v 678841.00 -145816.00 -132.00
v 676292.00 -147273.00 -11610.30
v 678292.00 -145709.00 -22089.30
v 694578.00 -141049.00 -10185.20
v 257267.00 -349171.00 -554830.00
v 257276.00 -297336.00 -528693.00
v 258068.00 -222754.00 -486330.00
v 169126.00 -292578.00 -528693.00
v 170499.00 -217995.00 -486330.00
v 264207.00 -179924.00 -422560.00
v 168397.00 -175165.00 -433030.00
v 63226.70 -188490.00 -455873.00
v 264022.00 -353142.00 -529771.00
v 266101.00 -300296.00 -490918.00
v 267005.00 -231320.00 -461583.00
v 267005.00 -155177.00 -461583.00
v 107655.00 -150418.00 -473005.00
v 109403.00 -223706.00 -473005.00
v 65488.30 -112576.00 -38913.70
v 66297.80 -111958.00 2506.09
v 92165.60 -120796.00 -17113.80
v 248162.00 -153988.00 -10573.80
v 279728.00 -157111.00 17766.00
v 299636.00 -158579.00 -6213.86
v 200915.00 -146650.00 -56112.90
v 180180.00 -143537.00 -58476.00
v 158333.00 -138103.00 -53595.30
v 144957.00 -132669.00 -41962.50
v 189866.00 -144616.00 38003.60
v 155308.00 -137169.00 41746.00
v 167741.00 -140892.00 33798.00
v 210467.00 -147333.00 33952.40
v 223204.00 -150051.00 17072.40
v 153952.00 -137169.00 25541.20
v 248784.00 -153877.00 37386.00
v 140998.00 -137169.00 6635.69
v 224942.00 -149763.00 -42271.30
v 136719.00 -137169.00 -21047.40
v 230221.00 -153988.00 -13949.80
v 190105.00 -144557.00 -27210.60
v 182471.00 -143406.00 -28085.00
v 174424.00 -141395.00 -26279.10
v 169482.00 -139385.00 -21975.00
v 166407.00 -141049.00 -14236.40
v 167941.00 -141049.00 -3993.63
v 172719.00 -141049.00 3001.42
v 177834.00 -142427.00 6056.42
v 186059.00 -143805.00 7612.48
v 193718.00 -144810.00 6113.55
v 198428.00 -145816.00 -132.03
v 200976.00 -147273.00 -11610.30
v 198976.00 -145709.00 -22089.20
v 182690.00 -141049.00 -10185.20
v 1906680.00 -378808.00 -4868150.00
v 1916610.00 -401044.00 -4883000.00
v 1942670.00 -402476.00 -4894660.00
v 1957420.00 -383867.00 -4891100.00
v 1956050.00 -313039.00 -4857910.00
v 1903140.00 -332456.00 -4846810.00
v 1938670.00 -227159.00 -4822830.00
v 1865630.00 -248340.00 -4807640.00
v 1874050.00 -71520.60 -4779490.00
v 1801790.00 -137988.00 -4772470.00
v 1803410.00 28598.30 -4766430.00
v 1712040.00 -30129.40 -4755080.00
v 1800110.00 -480027.00 -4879200.00
v 1818640.00 -514082.00 -4906920.00
v 1840040.00 -510621.00 -4914080.00
v 1865770.00 -490822.00 -4912840.00
v 1866050.00 -444898.00 -4885780.00
v 1781530.00 -407978.00 -4837840.00
v 1830290.00 -351340.00 -4830340.00
v 1736190.00 -328108.00 -4797190.00
v 1791280.00 -260378.00 -4792010.00
v 1663220.00 -226380.00 -4761400.00
v 1721890.00 -165096.00 -4762250.00
v 1589890.00 -121316.00 -4745430.00
v 1668820.00 -66591.90 -4750960.00
v 1098440.00 -302858.00 -4855160.00
v 1141040.00 -325478.00 -4874000.00
v 1171370.00 -306204.00 -4854260.00
v 1065570.00 -239296.00 -4809370.00
v 1181310.00 -274794.00 -4828070.00
v 1175040.00 -209623.00 -4786770.00
v 1058550.00 -149761.00 -4764180.00
v 1177890.00 -134715.00 -4754010.00
v 1729000.00 -606615.00 -4931180.00
v 1756000.00 -600327.00 -4938880.00
v 1774470.00 -563362.00 -4920420.00
v 1707250.00 -592987.00 -4912100.00
v 1748350.00 -515071.00 -4879410.00
v 1686410.00 -534247.00 -4868240.00
v 1711720.00 -434857.00 -4828370.00
v 1643220.00 -466943.00 -4823220.00
v 1648570.00 -328952.00 -4779110.00
v 1588780.00 -369611.00 -4778970.00
v 1509740.00 -255261.00 -4748170.00
v 1571290.00 -230816.00 -4750810.00
v 1542410.00 -164036.00 -4743660.00
v 1461480.00 -194985.00 -4741300.00
v 1534490.00 -581096.00 -4847700.00
v 1564980.00 -594480.00 -4863200.00
v 1592770.00 -579523.00 -4863220.00
v 1594790.00 -551987.00 -4849280.00
v 1503060.00 -519031.00 -4812540.00
v 1563410.00 -474517.00 -4807620.00
v 1462440.00 -441918.00 -4779710.00
v 1517300.00 -405934.00 -4777400.00
v 1456810.00 -323779.00 -4753280.00
v 1407090.00 -358576.00 -4755470.00
v 1348960.00 -274772.00 -4743720.00
v 1427560.00 -263129.00 -4744320.00
v 1306260.00 -200642.00 -4739100.00
v 1429330.00 -207061.00 -4740930.00
v 1046340.00 -123622.00 -4828530.00
v 1053590.00 18881.30 -4797930.00
v 1066630.00 18609.60 -4859940.00
v 1060870.00 -103148.00 -4884150.00
v 1067790.00 93694.60 -4793580.00
v 1079460.00 90993.90 -4856710.00
v 1097340.00 194035.00 -4788290.00
v 1107890.00 188504.00 -4889470.00
v 1138320.00 289439.00 -4784940.00
v 1140740.00 288814.00 -4880810.00
v 1176620.00 357172.00 -4784030.00
v 1181630.00 345371.00 -4864080.00
v 1256760.00 421068.00 -4786540.00
v 1258150.00 406708.00 -4853440.00
v 1355210.00 467028.00 -4793310.00
v 1352210.00 450423.00 -4859600.00
v 1458980.00 458893.00 -4802770.00
v 1447230.00 446665.00 -4883890.00
v 1586150.00 358563.00 -4814230.00
v 1575070.00 343625.00 -4875530.00
v 1680350.00 234356.00 -4821660.00
v 1666790.00 222670.00 -4879840.00
v 1783730.00 100536.00 -4830040.00
v 1767470.00 92362.00 -4884820.00
v 1827560.00 33415.00 -4833250.00
v 1810260.00 27059.40 -4886460.00
v 1879530.00 -63805.90 -4841840.00
v 1858210.00 -62220.20 -4891990.00
v 1941170.00 -214797.00 -4882020.00
v 1914660.00 -200697.00 -4924360.00
v 1956800.00 -298795.00 -4915490.00
v 1928890.00 -278911.00 -4952450.00
v 1956580.00 -368434.00 -4947460.00
v 1928370.00 -344474.00 -4979680.00
v 1928850.00 -398154.00 -4951400.00
v 1913360.00 -366028.00 -4984130.00
v 1893630.00 -406523.00 -4941010.00
v 1877120.00 -375663.00 -4974510.00
v 1877010.00 -377176.00 -4919820.00
v 1867560.00 -351164.00 -4959710.00
v 1870250.00 -324012.00 -4895070.00
v 1860610.00 -299369.00 -4937250.00
v 1846130.00 -247961.00 -4863860.00
v 1838640.00 -225961.00 -4910080.00
v 1778880.00 -137892.00 -4829980.00
v 1773200.00 -116480.00 -4881160.00
v 1713150.00 -55222.30 -4818000.00
v 1705850.00 -38758.50 -4872950.00
v 1692100.00 -54089.80 -4816080.00
v 1678720.00 -48093.20 -4870400.00
v 1680870.00 -73500.90 -4814850.00
v 1663920.00 -70893.20 -4868640.00
v 1723780.00 -159317.00 -4823440.00
v 1708810.00 -153628.00 -4874670.00
v 1791530.00 -250997.00 -4851130.00
v 1768590.00 -240303.00 -4897060.00
v 1828830.00 -339442.00 -4887680.00
v 1806050.00 -318875.00 -4927610.00
v 1862820.00 -430641.00 -4941440.00
v 1838500.00 -405281.00 -4974380.00
v 1861470.00 -475835.00 -4967800.00
v 1836570.00 -447251.00 -4996510.00
v 1832310.00 -502275.00 -4971860.00
v 1809990.00 -466936.00 -4997070.00
v 1793020.00 -504331.00 -4955930.00
v 1778610.00 -472643.00 -4987710.00
v 1771160.00 -475705.00 -4930410.00
v 1762570.00 -442940.00 -4965660.00
v 1750040.00 -392947.00 -4884630.00
v 1738020.00 -358559.00 -4922440.00
v 1711250.00 -317089.00 -4849750.00
v 1700140.00 -290530.00 -4894080.00
v 1643340.00 -222674.00 -4819430.00
v 1639210.00 -207655.00 -4870790.00
v 1586020.00 -149337.00 -4808030.00
v 1579000.00 -137416.00 -4862360.00
v 1561830.00 -149956.00 -4806770.00
v 1554320.00 -143314.00 -4861250.00
v 1554190.00 -174776.00 -4806670.00
v 1539850.00 -171585.00 -4860580.00
v 1578960.00 -217569.00 -4811710.00
v 1563090.00 -211639.00 -4863790.00
v 1650540.00 -305009.00 -4834900.00
v 1628720.00 -289926.00 -4881430.00
v 1712870.00 -409611.00 -4880700.00
v 1689120.00 -390844.00 -4921220.00
v 1752120.00 -495416.00 -4934310.00
v 1727650.00 -471416.00 -4968150.00
v 1772230.00 -544252.00 -4973360.00
v 1748220.00 -520318.00 -5004680.00
v 1747020.00 -590057.00 -4995500.00
v 1726070.00 -557158.00 -5020290.00
v 1715720.00 -598069.00 -4986960.00
v 1695860.00 -564936.00 -5012740.00
v 1683090.00 -582123.00 -4961460.00
v 1670980.00 -544773.00 -4989710.00
v 1662260.00 -533970.00 -4924130.00
v 1652040.00 -494676.00 -4955420.00
v 1617990.00 -457246.00 -4875040.00
v 1606950.00 -427381.00 -4914920.00
v 1569310.00 -367378.00 -4836250.00
v 1558490.00 -349203.00 -4883460.00
v 1494130.00 -257636.00 -4808920.00
v 1489430.00 -249187.00 -4861860.00
v 1460360.00 -219835.00 -4804550.00
v 1458850.00 -215993.00 -4859020.00
v 1436340.00 -228191.00 -4804410.00
v 1428370.00 -216771.00 -4858840.00
v 1434910.00 -258527.00 -4806180.00
v 1421650.00 -253451.00 -4859900.00
v 1466140.00 -311913.00 -4813510.00
v 1454370.00 -301051.00 -4864980.00
v 1526910.00 -391575.00 -4836030.00
v 1513840.00 -382279.00 -4885070.00
v 1566830.00 -457832.00 -4863750.00
v 1545660.00 -440246.00 -4906890.00
v 1600190.00 -536943.00 -4906410.00
v 1575900.00 -507672.00 -4940290.00
v 1583440.00 -569579.00 -4918790.00
v 1568990.00 -538565.00 -4953370.00
v 1551730.00 -588349.00 -4919790.00
v 1538440.00 -556643.00 -4954280.00
v 1512600.00 -576357.00 -4902760.00
v 1501200.00 -545678.00 -4939690.00
v 1483480.00 -515130.00 -4868960.00
v 1474380.00 -488440.00 -4910890.00
v 1442080.00 -439658.00 -4837580.00
v 1436410.00 -418647.00 -4884710.00
v 1391720.00 -358889.00 -4815920.00
v 1390380.00 -344750.00 -4867410.00
v 1338060.00 -276758.00 -4806370.00
v 1341540.00 -270244.00 -4860880.00
v 1289630.00 -197853.00 -4803440.00
v 1297230.00 -188509.00 -4859520.00
v 1252110.00 -124522.00 -4800610.00
v 1262670.00 -120420.00 -4858340.00
v 1235220.00 -61641.30 -4798000.00
v 1242210.00 -54800.00 -4856960.00
v 1210050.00 -67606.00 -4804640.00
v 1207740.00 -48125.90 -4861670.00
v 1190600.00 -113083.00 -4817340.00
v 1183300.00 -91163.60 -4872630.00
v 1185690.00 -174622.00 -4842530.00
v 1180080.00 -145053.00 -4892800.00
v 1195970.00 -234903.00 -4877880.00
v 1187790.00 -203517.00 -4924980.00
v 1179170.00 -277723.00 -4913550.00
v 1179730.00 -233338.00 -4947900.00
v 1141130.00 -294222.00 -4932480.00
v 1141300.00 -250552.00 -4966570.00
v 1092010.00 -275403.00 -4918110.00
v 1104070.00 -236809.00 -4957810.00
v 1053730.00 -206253.00 -4868630.00
v 1067870.00 -175000.00 -4916930.00
v 1420200.00 -117748.00 -4894120.00
v 1340470.00 -91611.10 -4893290.00
v 1224760.00 72671.60 -4890360.00
v 1259100.00 177652.00 -4886560.00
v 1334570.00 238385.00 -4888670.00
v 1427710.00 281572.00 -4894270.00
v 1529660.00 266853.00 -4904720.00
v 1312190.00 -33392.00 -4892110.00
v 1504640.00 -65264.40 -4896310.00
v 1596060.00 -611.23 -4902150.00
v 1627480.00 83450.40 -4906940.00
v 1599580.00 174501.00 -4907670.00
v 1427070.00 -61871.00 -4862050.00
v 1382640.00 60135.00 -4829690.00
v 1489880.00 -22862.70 -4864100.00
v 1439280.00 105464.00 -4831790.00
v 1557910.00 25156.00 -4868190.00
v 1499270.00 147009.00 -4835620.00
v 1581530.00 87333.60 -4870840.00
v 1561180.00 154484.00 -4870470.00
v 1509650.00 222452.00 -4867540.00
v 1434030.00 232971.00 -4859900.00
v 1364780.00 200790.00 -4855820.00
v 1308590.00 155714.00 -4853970.00
v 1346250.00 15890.20 -4859040.00
v 1766400.00 95212.50 -4762430.00
v 1069970.00 6532.73 -4739740.00
v 1198550.00 -66998.70 -4735210.00
v 1081290.00 80139.80 -4721980.00
v 1671210.00 218272.00 -4751520.00
v 1676640.00 -38436.80 -4751490.00
v 1132060.00 200503.00 -4714830.00
v 1237440.00 -50078.10 -4729700.00
v 1265130.00 -125199.00 -4734370.00
v 1165310.00 264743.00 -4711640.00
v 1201720.00 327741.00 -4710180.00
v 1277260.00 387563.00 -4712310.00
v 1369740.00 430953.00 -4718690.00
v 1466670.00 424312.00 -4728380.00
v 1584480.00 332493.00 -4741710.00
v 1552530.00 -127632.00 -4743170.00
v 1676470.00 52434.10 -4718610.00
v 1628580.00 -1993.03 -4714350.00
v 1643340.00 106794.00 -4701060.00
v 1581410.00 188307.00 -4706520.00
v 1511540.00 280007.00 -4672650.00
v 1434060.00 335686.00 -4689010.00
v 1363990.00 340125.00 -4682630.00
v 1297030.00 308639.00 -4678730.00
v 1242280.00 265404.00 -4677480.00
v 1215780.00 219999.00 -4678650.00
v 1605600.00 -49857.90 -4713310.00
v 1563920.00 -55296.40 -4710060.00
v 1517700.00 -90368.90 -4708050.00
v 1491240.00 -122949.00 -4707860.00
v 1455300.00 -133763.00 -4706610.00
v 1389040.00 -153216.00 -4705250.00
v 1342390.00 -145496.00 -4703670.00
v 1167380.00 141328.00 -4682610.00
v 1127010.00 -52963.80 -4709230.00
v 1152700.00 49245.60 -4688190.00
v 1224900.00 -3307.81 -4691410.00
v 1310080.00 -39950.30 -4679020.00
v 1204830.00 63720.00 -4656070.00
v 1274820.00 244179.00 -4411380.00
v 1269040.00 186487.00 -4408160.00
v 1301750.00 222727.00 -4407200.00
v 1285450.00 261225.00 -4411150.00
v 1334470.00 242595.00 -4407180.00
v 1306830.00 277782.00 -4411060.00
v 1332750.00 290151.00 -4411120.00
v 1358770.00 256750.00 -4407180.00
v 1359540.00 289342.00 -4411470.00
v 1387980.00 269374.00 -4408770.00
v 1551490.00 55532.70 -4683380.00
v 1490580.00 16196.00 -4679550.00
v 1401150.00 187258.00 -4411050.00
v 1414580.00 236871.00 -4413290.00
v 1377460.00 172063.00 -4411050.00
v 1404670.00 -32269.60 -4680120.00
v 1307900.00 149328.00 -4411420.00
v 1344130.00 153236.00 -4411530.00
v 1239750.00 231559.00 -4587140.00
v 1234310.00 115548.00 -4582250.00
v 1258380.00 264971.00 -4586790.00
v 1297570.00 296350.00 -4586650.00
v 1345860.00 318826.00 -4586740.00
v 1397050.00 314591.00 -4587280.00
v 1453280.00 271482.00 -4583190.00
v 1486390.00 104279.00 -4586650.00
v 1507190.00 203225.00 -4590040.00
v 1442630.00 75876.10 -4586650.00
v 1312100.00 36691.20 -4587200.00
v 1380860.00 41068.90 -4587370.00
v 1276210.00 328574.00 -4499960.00
v 1206740.00 318727.00 -4625200.00
v 1266460.00 278524.00 -4385410.00
v 1338210.00 314567.00 -4391850.00
v 1300520.00 369119.00 -4632220.00
v 1203470.00 260121.00 -4503710.00
v 1154980.00 218733.00 -4621530.00
v 1229460.00 207028.00 -4382790.00
v 1190230.00 163687.00 -4500010.00
v 1171580.00 107348.00 -4624600.00
v 1241320.00 127388.00 -4384980.00
v 1231320.00 76298.30 -4503880.00
v 1250190.00 27118.80 -4633220.00
v 1297530.00 70024.10 -4391150.00
v 1316140.00 31343.30 -4515110.00
v 1357040.00 8653.81 -4641050.00
v 1376610.00 56846.90 -4398940.00
v 1422960.00 45973.80 -4528890.00
v 1461140.00 59098.70 -4653110.00
v 1448360.00 92889.70 -4405370.00
v 1489010.00 114507.00 -4530660.00
v 1512900.00 159093.00 -4656780.00
v 1485370.00 164386.00 -4407990.00
v 1499700.00 210957.00 -4535340.00
v 1496300.00 270477.00 -4653720.00
v 1473500.00 244025.00 -4405800.00
v 1458720.00 298330.00 -4530250.00
v 1417690.00 350707.00 -4645090.00
v 1417290.00 301390.00 -4399640.00
v 1356460.00 343333.00 -4521040.00
v 1265160.00 296391.00 -4167890.00
v 1354280.00 341157.00 -4175880.00
v 1219200.00 207590.00 -4164630.00
v 1233940.00 108674.00 -4167350.00
v 1303750.00 37425.80 -4175010.00
v 1401970.00 21059.00 -4184680.00
v 1491090.00 65825.70 -4192670.00
v 1537050.00 154626.00 -4195930.00
v 1522310.00 253542.00 -4193210.00
v 1452500.00 324790.00 -4185550.00
v 1267900.00 314291.00 -3990050.00
v 1368240.00 364700.00 -3999050.00
v 1216140.00 214297.00 -3986390.00
v 1232730.00 102912.00 -3989450.00
v 1311350.00 22682.80 -3998070.00
v 1421950.00 4253.23 -4008970.00
v 1522300.00 54662.70 -4017960.00
v 1574060.00 154657.00 -4021630.00
v 1557460.00 266041.00 -4018570.00
v 1478840.00 346271.00 -4009950.00
v 1268950.00 345077.00 -3843780.00
v 1374460.00 398467.00 -3855700.00
v 1215640.00 240357.00 -3826110.00
v 1234900.00 124390.00 -3808790.00
v 1319400.00 41608.00 -3797410.00
v 1436880.00 23633.90 -3796290.00
v 1542450.00 77196.80 -3806890.00
v 1595760.00 181751.00 -3825830.00
v 1576440.00 297443.00 -3845240.00
v 1491900.00 380220.00 -3856650.00
v 1264900.00 362834.00 -3768620.00
v 1369760.00 418500.00 -3763110.00
v 1211690.00 256938.00 -3759930.00
v 1230360.00 141341.00 -3739740.00
v 1313630.00 60330.70 -3714710.00
v 1429710.00 44853.80 -3694400.00
v 1534410.00 100689.00 -3687580.00
v 1587820.00 206425.00 -3697520.00
v 1569440.00 321753.00 -3719790.00
v 1486140.00 402758.00 -3744850.00
v 816427.00 561152.00 -3158090.00
v 755782.00 487176.00 -3256700.00
v 823048.00 347381.00 -3097510.00
v 721787.00 359721.00 -3295010.00
v 726773.00 227525.00 -3258060.00
v 767756.00 141173.00 -3159400.00
v 829071.00 133650.00 -3036690.00
v 888375.00 207743.00 -2937340.00
v 923687.00 335093.00 -2899680.00
v 920856.00 467107.00 -2937770.00
v 879888.00 553452.00 -3036490.00
v 1338530.00 447118.00 -3641130.00
v 1239170.00 388498.00 -3669720.00
v 1188490.00 281066.00 -3672990.00
v 1205610.00 165932.00 -3649110.00
v 1283610.00 87197.90 -3606210.00
v 1392700.00 74939.00 -3560660.00
v 1491600.00 133716.00 -3530840.00
v 1542770.00 241001.00 -3528740.00
v 1526400.00 355887.00 -3554580.00
v 1448380.00 434615.00 -3597520.00
v 1263040.00 469345.00 -3503510.00
v 1154940.00 407504.00 -3602360.00
v 1110980.00 298385.00 -3619150.00
v 1125100.00 183729.00 -3591330.00
v 1213750.00 107433.00 -3484320.00
v 1306680.00 98642.00 -3410770.00
v 1391540.00 160614.00 -3355210.00
v 1436280.00 269612.00 -3339410.00
v 1423420.00 384063.00 -3368920.00
v 1357250.00 460352.00 -3431610.00
v 1172740.00 487971.00 -3408520.00
v 1081210.00 423975.00 -3525420.00
v 1045550.00 313714.00 -3551730.00
v 1056420.00 199351.00 -3521360.00
v 1131320.00 124648.00 -3400870.00
v 1205280.00 118140.00 -3308060.00
v 1273330.00 182238.00 -3234670.00
v 1309980.00 292408.00 -3209150.00
v 1300740.00 406613.00 -3240870.00
v 1248310.00 481311.00 -3317040.00
v 985469.00 541753.00 -3264700.00
v 905647.00 467776.00 -3348540.00
v 864430.00 340322.00 -3378950.00
v 876989.00 208126.00 -3343840.00
v 937590.00 121774.00 -3255850.00
v 1023080.00 114251.00 -3148570.00
v 1101740.00 188344.00 -3063730.00
v 1144110.00 315694.00 -3034230.00
v 1133420.00 447708.00 -3070900.00
v 1072830.00 534053.00 -3158940.00
v 1363960.00 233933.00 -2042260.00
v 1498790.00 169812.00 -2300490.00
v 1540160.00 90347.10 -2260490.00
v 1415260.00 130296.00 -1996260.00
v 1384120.00 359563.00 -2063780.00
v 1516440.00 266129.00 -2322640.00
v 1466460.00 448406.00 -2051110.00
v 1585000.00 334237.00 -2316870.00
v 1572450.00 458920.00 -2010000.00
v 1672390.00 342297.00 -2285760.00
v 1652320.00 386190.00 -1959300.00
v 1737580.00 286542.00 -2243490.00
v 1668670.00 264221.00 -1922730.00
v 1750020.00 193033.00 -2209840.00
v 1613980.00 150069.00 -1917840.00
v 1704000.00 105508.00 -2200950.00
v 1513950.00 97170.20 -1947030.00
v 1621160.00 64945.60 -2221080.00
v 1238510.00 285418.00 -1779100.00
v 1294840.00 168484.00 -1733620.00
v 1257900.00 427179.00 -1795310.00
v 1344080.00 527440.00 -1774970.00
v 1456700.00 539306.00 -1727460.00
v 1542910.00 457228.00 -1674630.00
v 1562350.00 319593.00 -1641240.00
v 1506060.00 190794.00 -1643280.00
v 1400460.00 131110.00 -1679900.00
v 1105890.00 330615.00 -1517890.00
v 1169200.00 226729.00 -1476290.00
v 1122140.00 456569.00 -1524280.00
v 1210450.00 545660.00 -1492660.00
v 1329470.00 556203.00 -1437750.00
v 1423420.00 483269.00 -1385050.00
v 1448320.00 360977.00 -1359200.00
v 1392610.00 246547.00 -1372500.00
v 1282410.00 193527.00 -1418820.00
v 933691.00 346545.00 -1248210.00
v 1005160.00 226280.00 -1201840.00
v 947909.00 492360.00 -1246420.00
v 1041100.00 596033.00 -1197030.00
v 1169930.00 609037.00 -1122780.00
v 1274280.00 524752.00 -1058580.00
v 1305100.00 382440.00 -1034910.00
v 1247740.00 249173.00 -1062790.00
v 1129170.00 187641.00 -1128760.00
v 923031.00 360486.00 -1163420.00
v 970560.00 266502.00 -1118130.00
v 931849.00 474044.00 -1158700.00
v 992638.00 555918.00 -1105110.00
v 1077970.00 567638.00 -1026690.00
v 1148540.00 501794.00 -960831.00
v 1170550.00 388688.00 -939691.00
v 1132750.00 282985.00 -972846.00
v 1053330.00 235263.00 -1043380.00
v 1644480.00 169431.00 -2318610.00
v 989246.00 404417.00 -999011.00
v 1668090.00 -106409.00 -3197910.00
v 1706650.00 -239125.00 -3525630.00
v 1727500.00 -308112.00 -3494640.00
v 1692190.00 -176600.00 -3169280.00
v 1685760.00 -30289.10 -3224750.00
v 1722760.00 -164438.00 -3556390.00
v 1736950.00 16133.70 -3237290.00
v 1768310.00 -119006.00 -3572560.00
v 1797690.00 11168.00 -3229570.00
v 1821980.00 -124048.00 -3566480.00
v 1839560.00 -42855.80 -3205150.00
v 1858650.00 -177192.00 -3540920.00
v 1842970.00 -120676.00 -3175520.00
v 1861170.00 -253603.00 -3507920.00
v 1806330.00 -185901.00 -3154610.00
v 1828350.00 -317550.00 -3483020.00
v 1746780.00 -207996.00 -3152180.00
v 1775560.00 -339090.00 -3477820.00
v 1580410.00 -19141.70 -2942150.00
v 1621570.00 -128233.00 -2900970.00
v 1609300.00 99352.60 -2978520.00
v 1694730.00 171796.00 -2993130.00
v 1796710.00 164330.00 -2978990.00
v 1867510.00 80471.30 -2942620.00
v 1874010.00 -40572.00 -2901130.00
v 1813190.00 -142198.00 -2874090.00
v 1713490.00 -176834.00 -2874090.00
v 1516170.00 49528.50 -2722750.00
v 1568280.00 -78384.40 -2677500.00
v 1551360.00 188706.00 -2760120.00
v 1657410.00 274012.00 -2772200.00
v 1784680.00 265569.00 -2753190.00
v 1873610.00 167348.00 -2711890.00
v 1882590.00 25286.50 -2667710.00
v 1807430.00 -94183.30 -2641460.00
v 1683310.00 -135140.00 -2645390.00
v 1499780.00 116631.00 -2496790.00
v 1548440.00 5791.11 -2460020.00
v 1531360.00 237476.00 -2524660.00
v 1628390.00 311772.00 -2530590.00
v 1745470.00 304771.00 -2511770.00
v 1827810.00 219759.00 -2476960.00
v 1836890.00 96505.70 -2442470.00
v 1768460.00 -7334.45 -2424510.00
v 1654550.00 -43168.00 -2431470.00
v 1515470.00 180009.00 -2263840.00
v 1550150.00 106514.00 -2240960.00
v 1537070.00 260318.00 -2279330.00
v 1604840.00 309858.00 -2280180.00
v 1687070.00 305454.00 -2266000.00
v 1745290.00 249168.00 -2243420.00
v 1752250.00 167332.00 -2223000.00
v 1704690.00 98240.10 -2214300.00
v 1624880.00 74220.30 -2221400.00
v 1785660.00 -226888.00 -3524990.00
v 1628830.00 206771.00 -2201440.00
v 1773870.00 -631199.00 -4583110.00
v 1760230.00 -645570.00 -4607180.00
v 1751200.00 -635759.00 -4630890.00
v 1756070.00 -614015.00 -4630780.00
v 1788520.00 -554877.00 -4580860.00
v 1794440.00 -593699.00 -4548180.00
v 1821240.00 -488644.00 -4507910.00
v 1829170.00 -537978.00 -4458830.00
v 1857190.00 -380067.00 -4350160.00
v 1857160.00 -469832.00 -4330810.00
v 1862670.00 -321479.00 -4225440.00
v 1864820.00 -414166.00 -4183820.00
v 1753070.00 -760258.00 -4561090.00
v 1727620.00 -780063.00 -4601480.00
v 1722590.00 -768133.00 -4617720.00
v 1726190.00 -741090.00 -4626090.00
v 1752780.00 -703329.00 -4593820.00
v 1791790.00 -708834.00 -4494530.00
v 1803700.00 -640628.00 -4497870.00
v 1827080.00 -661509.00 -4400480.00
v 1837330.00 -580210.00 -4402540.00
v 1854590.00 -606832.00 -4269170.00
v 1859350.00 -528257.00 -4279500.00
v 1862300.00 -548582.00 -4136960.00
v 1864640.00 -465534.00 -4169830.00
v 1703020.00 -922436.00 -3840050.00
v 1689070.00 -919827.00 -3894130.00
v 1711730.00 -890705.00 -3905960.00
v 1744380.00 -888181.00 -3764640.00
v 1738520.00 -861395.00 -3891380.00
v 1778300.00 -812206.00 -3838940.00
v 1787700.00 -819430.00 -3694880.00
v 1810530.00 -749556.00 -3789020.00
v 1695460.00 -892592.00 -4589900.00
v 1690420.00 -875994.00 -4609010.00
v 1710260.00 -838637.00 -4598300.00
v 1712140.00 -891170.00 -4560900.00
v 1748010.00 -810952.00 -4540810.00
v 1753110.00 -853135.00 -4500440.00
v 1794420.00 -761120.00 -4452540.00
v 1792930.00 -817161.00 -4415400.00
v 1836200.00 -700330.00 -4325180.00
v 1830580.00 -760579.00 -4301040.00
v 1852200.00 -699501.00 -4155630.00
v 1855740.00 -651252.00 -4192620.00
v 1859410.00 -606841.00 -4123730.00
v 1853570.00 -669863.00 -4074060.00
v 1758730.00 -956814.00 -4401530.00
v 1746540.00 -954115.00 -4437680.00
v 1749160.00 -930082.00 -4451170.00
v 1762940.00 -907169.00 -4433260.00
v 1789850.00 -920864.00 -4330180.00
v 1800450.00 -858202.00 -4351400.00
v 1817580.00 -876175.00 -4241200.00
v 1825160.00 -822241.00 -4263970.00
v 1842200.00 -780924.00 -4155720.00
v 1835190.00 -832256.00 -4136220.00
v 1840060.00 -788627.00 -4029560.00
v 1847580.00 -743116.00 -4089790.00
v 1839550.00 -745808.00 -3943210.00
v 1850690.00 -694745.00 -4054190.00
v 1722160.00 -799621.00 -3672500.00
v 1752190.00 -676988.00 -3582310.00
v 1691960.00 -667039.00 -3599580.00
v 1668250.00 -771914.00 -3676750.00
v 1757530.00 -605921.00 -3545660.00
v 1696060.00 -598654.00 -3563400.00
v 1765410.00 -504330.00 -3506390.00
v 1666000.00 -497833.00 -3528350.00
v 1772760.00 -400049.00 -3481250.00
v 1677700.00 -393680.00 -3492340.00
v 1791580.00 -290120.00 -3392400.00
v 1794820.00 -236895.00 -3386250.00
v 1741890.00 -239057.00 -3399050.00
v 1698600.00 -323836.00 -3491180.00
v 1798910.00 -171338.00 -3407090.00
v 1754470.00 -176879.00 -3417980.00
v 1801540.00 -110242.00 -3446690.00
v 1757190.00 -118726.00 -3455830.00
v 1802790.00 -80711.80 -3512080.00
v 1789490.00 -87499.60 -3659880.00
v 1707580.00 -99588.60 -3664360.00
v 1721430.00 -144238.00 -3575930.00
v 1791810.00 -117893.00 -3834900.00
v 1729700.00 -133090.00 -3840020.00
v 1794530.00 -187116.00 -3995040.00
v 1735290.00 -200416.00 -3995840.00
v 1797210.00 -261598.00 -4168830.00
v 1741090.00 -272827.00 -4164950.00
v 1798690.00 -302785.00 -4248910.00
v 1744030.00 -312775.00 -4242930.00
v 1795730.00 -367187.00 -4355430.00
v 1743710.00 -371766.00 -4340850.00
v 1762570.00 -473222.00 -4507340.00
v 1717780.00 -469089.00 -4479810.00
v 1731260.00 -538703.00 -4577420.00
v 1691650.00 -530333.00 -4544530.00
v 1699860.00 -597603.00 -4625090.00
v 1664900.00 -586111.00 -4588890.00
v 1693400.00 -634136.00 -4621600.00
v 1659130.00 -610568.00 -4590710.00
v 1700320.00 -656026.00 -4596720.00
v 1665180.00 -634043.00 -4565800.00
v 1719540.00 -638646.00 -4561820.00
v 1678780.00 -617610.00 -4540540.00
v 1743150.00 -596825.00 -4519430.00
v 1700100.00 -576841.00 -4499120.00
v 1771330.00 -542344.00 -4447180.00
v 1724500.00 -523464.00 -4430780.00
v 1797660.00 -476045.00 -4316440.00
v 1746090.00 -456568.00 -4302430.00
v 1802490.00 -432147.00 -4206410.00
v 1747030.00 -417510.00 -4194520.00
v 1802230.00 -440447.00 -4187520.00
v 1746820.00 -437789.00 -4177070.00
v 1802390.00 -462544.00 -4190250.00
v 1747160.00 -464480.00 -4178860.00
v 1798680.00 -518758.00 -4282830.00
v 1746190.00 -517170.00 -4270970.00
v 1778520.00 -568433.00 -4401940.00
v 1730480.00 -566011.00 -4379720.00
v 1746460.00 -627540.00 -4494000.00
v 1704350.00 -616751.00 -4465020.00
v 1697010.00 -689093.00 -4586750.00
v 1661670.00 -675180.00 -4552740.00
v 1671010.00 -726753.00 -4617550.00
v 1639790.00 -710613.00 -4580550.00
v 1664300.00 -760702.00 -4610910.00
v 1636750.00 -738115.00 -4571250.00
v 1676280.00 -779199.00 -4577980.00
v 1642990.00 -756260.00 -4547860.00
v 1699240.00 -765299.00 -4538530.00
v 1663070.00 -738859.00 -4512890.00
v 1742010.00 -706172.00 -4462340.00
v 1702940.00 -679463.00 -4433060.00
v 1772230.00 -659382.00 -4376870.00
v 1726850.00 -638579.00 -4354080.00
v 1794840.00 -608761.00 -4254980.00
v 1743260.00 -594502.00 -4246260.00
v 1799830.00 -570946.00 -4157350.00
v 1745020.00 -560466.00 -4148440.00
v 1798590.00 -582269.00 -4136880.00
v 1743600.00 -576612.00 -4130970.00
v 1798060.00 -607150.00 -4146440.00
v 1742950.00 -607558.00 -4136850.00
v 1795880.00 -632861.00 -4195970.00
v 1742430.00 -631633.00 -4183150.00
v 1780760.00 -675662.00 -4316160.00
v 1732160.00 -669320.00 -4291870.00
v 1742310.00 -736060.00 -4441570.00
v 1699480.00 -727584.00 -4412780.00
v 1693630.00 -789540.00 -4535880.00
v 1657340.00 -777244.00 -4502480.00
v 1657230.00 -820303.00 -4588480.00
v 1623500.00 -807992.00 -4555310.00
v 1633140.00 -867646.00 -4599710.00
v 1606100.00 -847084.00 -4562510.00
v 1638600.00 -887521.00 -4578050.00
v 1610670.00 -866390.00 -4541630.00
v 1660550.00 -889031.00 -4537770.00
v 1630890.00 -861106.00 -4505250.00
v 1695120.00 -859558.00 -4484890.00
v 1662620.00 -828966.00 -4452980.00
v 1738780.00 -816528.00 -4392250.00
v 1697750.00 -793649.00 -4366680.00
v 1771630.00 -763666.00 -4288080.00
v 1723440.00 -750121.00 -4271090.00
v 1790200.00 -704844.00 -4149190.00
v 1737010.00 -696571.00 -4144330.00
v 1790760.00 -687889.00 -4094990.00
v 1736420.00 -682047.00 -4096010.00
v 1788460.00 -705846.00 -4079750.00
v 1733430.00 -696468.00 -4070220.00
v 1786790.00 -732226.00 -4098600.00
v 1731970.00 -730686.00 -4088620.00
v 1783180.00 -763156.00 -4161270.00
v 1730700.00 -756125.00 -4148580.00
v 1767720.00 -802489.00 -4267880.00
v 1717550.00 -797417.00 -4254940.00
v 1744820.00 -839412.00 -4348230.00
v 1699620.00 -831147.00 -4322400.00
v 1706530.00 -888972.00 -4432880.00
v 1670110.00 -872757.00 -4395840.00
v 1692860.00 -922428.00 -4441590.00
v 1656710.00 -900669.00 -4411730.00
v 1688870.00 -951248.00 -4427410.00
v 1652900.00 -928560.00 -4397990.00
v 1701720.00 -958912.00 -4384680.00
v 1663520.00 -936208.00 -4357730.00
v 1731720.00 -922695.00 -4315930.00
v 1688830.00 -901963.00 -4294070.00
v 1757920.00 -879768.00 -4227430.00
v 1710280.00 -861910.00 -4212780.00
v 1773490.00 -835801.00 -4128580.00
v 1722030.00 -821471.00 -4122630.00
v 1776650.00 -791560.00 -4027010.00
v 1722760.00 -781232.00 -4030570.00
v 1773790.00 -747349.00 -3932640.00
v 1718760.00 -732549.00 -3938090.00
v 1772040.00 -702779.00 -3851440.00
v 1715740.00 -690857.00 -3863120.00
v 1772350.00 -657209.00 -3795220.00
v 1714430.00 -644497.00 -3802120.00
v 1763100.00 -673979.00 -3777650.00
v 1706010.00 -655020.00 -3767940.00
v 1748740.00 -721337.00 -3791560.00
v 1692810.00 -702904.00 -3775660.00
v 1723690.00 -774331.00 -3830070.00
v 1672850.00 -749017.00 -3810110.00
v 1690170.00 -818116.00 -3882100.00
v 1642190.00 -792798.00 -3858350.00
v 1653330.00 -859772.00 -3899070.00
v 1618810.00 -820322.00 -3873110.00
v 1630620.00 -890372.00 -3878520.00
v 1596310.00 -851876.00 -3852590.00
v 1639470.00 -899002.00 -3821650.00
v 1600900.00 -858729.00 -3810030.00
v 1683860.00 -862866.00 -3737470.00
v 1637060.00 -826978.00 -3733440.00
v 1696780.00 -613128.00 -4001580.00
v 1689020.00 -627554.00 -3915230.00
v 1678500.00 -540849.00 -3706820.00
v 1685420.00 -432534.00 -3669040.00
v 1691210.00 -341913.00 -3696890.00
v 1717380.00 -231033.00 -3519430.00
v 1695490.00 -258045.00 -3751840.00
v 1696010.00 -222326.00 -3851220.00
v 1686810.00 -590717.00 -3852530.00
v 1703110.00 -528996.00 -4040750.00
v 1706490.00 -430701.00 -4078490.00
v 1704650.00 -341733.00 -4052330.00
v 1700710.00 -272887.00 -3970540.00
v 1729020.00 -563544.00 -3968370.00
v 1755810.00 -479798.00 -3847970.00
v 1733350.00 -500614.00 -3997740.00
v 1759500.00 -413174.00 -3868450.00
v 1736170.00 -427201.00 -4026060.00
v 1761870.00 -348076.00 -3894510.00
v 1735740.00 -361224.00 -4006980.00
v 1733720.00 -310672.00 -3946630.00
v 1730500.00 -300643.00 -3785090.00
v 1727260.00 -362685.00 -3744500.00
v 1723260.00 -429732.00 -3723810.00
v 1723000.00 -533861.00 -3847360.00
v 1862660.00 -278006.00 -4151340.00
v 1811930.00 -682846.00 -3599760.00
v 1830900.00 -683113.00 -3760970.00
v 1830290.00 -615103.00 -3560110.00
v 1863350.00 -210018.00 -3991000.00
v 1864790.00 -437242.00 -4158520.00
v 1842210.00 -485583.00 -3526560.00
v 1840420.00 -650285.00 -3783540.00
v 1839280.00 -701139.00 -3857370.00
v 1848710.00 -412620.00 -3514560.00
v 1845930.00 -248928.00 -3409370.00
v 1853890.00 -338568.00 -3506580.00
v 1849920.00 -187645.00 -3429030.00
v 1852350.00 -130397.00 -3466000.00
v 1863470.00 -161656.00 -3591110.00
v 1864320.00 -119829.00 -3681590.00
v 1863780.00 -146779.00 -3843280.00
v 1860730.00 -570813.00 -4108760.00
v 1897090.00 -358644.00 -4097450.00
v 1896590.00 -428529.00 -4090650.00
v 1910910.00 -325975.00 -4032850.00
v 1898750.00 -280785.00 -3928160.00
v 1924790.00 -232767.00 -3806460.00
v 1900120.00 -218427.00 -3705000.00
v 1898910.00 -248777.00 -3639970.00
v 1859840.00 -247101.00 -3535930.00
v 1895620.00 -310087.00 -3600430.00
v 1891070.00 -375693.00 -3579400.00
v 1887240.00 -428898.00 -3585080.00
v 1895470.00 -481008.00 -4101510.00
v 1894410.00 -504605.00 -4068870.00
v 1891800.00 -556135.00 -4051510.00
v 1889430.00 -596360.00 -4049800.00
v 1887000.00 -622065.00 -4025690.00
v 1881540.00 -669144.00 -3980920.00
v 1878150.00 -684155.00 -3935250.00
v 1878440.00 -521591.00 -3593230.00
v 1848920.00 -707347.00 -3686500.00
v 1871870.00 -608365.00 -3640480.00
v 1876810.00 -618354.00 -3738600.00
v 1898490.00 -610039.00 -3836000.00
v 1891240.00 -571156.00 -3675840.00
v 1919100.00 -414259.00 -3984620.00
v 1916710.00 -477030.00 -3956770.00
v 1907370.00 -559012.00 -3913540.00
v 1924660.00 -514571.00 -3735070.00
v 1929410.00 -471266.00 -3746190.00
v 1934220.00 -410649.00 -3773470.00
v 1937150.00 -348743.00 -3808690.00
v 1936880.00 -305664.00 -3848520.00
f 1 2 3
f 4 1 3
f 5 4 3
f 5 3 6
f 7 5 6
f 7 6 8
f 9 7 8
f 9 8 10
f 11 9 10
f 11 10 12
f 13 14 15
f 16 13 15
f 17 16 15
f 17 15 18
f 19 17 18
f 19 18 20
f 21 19 20
f 21 20 22
f 23 21 22
f 23 22 24
f 25 23 24
f 26 27 28
f 26 28 29
f 30 26 29
f 31 30 29
f 31 29 32
f 33 31 32
f 34 35 36
f 34 36 37
f 38 34 37
f 38 37 39
f 40 38 39
f 40 39 41
f 42 40 41
f 42 41 43
f 42 43 44
f 45 42 44
f 46 45 44
f 46 44 47
f 48 49 50
f 51 48 50
f 51 50 52
f 53 51 52
f 53 52 54
f 55 53 54
f 56 55 54
f 56 54 57
f 56 57 58
f 59 56 58
f 59 58 60
f 61 59 60
f 62 63 64
f 65 62 64
f 66 67 63
f 62 66 63
f 68 69 67
f 66 68 67
f 70 71 69
f 68 70 69
f 72 73 71
f 70 72 71
f 74 75 73
f 72 74 73
f 76 77 75
f 74 76 75
f 78 79 77
f 76 78 77
f 80 81 79
f 78 80 79
f 82 83 81
f 80 82 81
f 84 85 83
f 82 84 83
f 86 87 85
f 84 86 85
f 88 89 87
f 86 88 87
f 90 91 89
f 88 90 89
f 92 93 91
f 90 92 91
f 94 95 93
f 92 94 93
f 96 97 95
f 94 96 95
f 98 99 97
f 96 98 97
f 100 101 99
f 98 100 99
f 102 103 101
f 100 102 101
f 104 105 103
f 102 104 103
f 106 107 105
f 104 106 105
f 108 109 107
f 106 108 107
f 110 111 109
f 108 110 109
f 112 113 111
f 110 112 111
f 114 115 113
f 112 114 113
f 116 117 115
f 114 116 115
f 118 119 117
f 116 118 117
f 120 121 119
f 118 120 119
f 122 123 121
f 120 122 121
f 124 125 123
f 122 124 123
f 126 127 125
f 124 126 125
f 128 129 127
f 126 128 127
f 130 131 129
f 128 130 129
f 132 133 131
f 130 132 131
f 134 135 133
f 132 134 133
f 136 137 135
f 134 136 135
f 138 139 137
f 136 138 137
f 140 141 139
f 138 140 139
f 142 143 141
f 140 142 141
f 144 145 143
f 142 144 143
f 146 147 145
f 144 146 145
f 148 149 147
f 146 148 147
f 150 151 149
f 148 150 149
f 152 153 151
f 150 152 151
f 154 155 153
f 152 154 153
f 156 157 155
f 154 156 155
f 158 159 157
f 156 158 157
f 160 161 159
f 158 160 159
f 162 163 161
f 160 162 161
f 164 165 163
f 162 164 163
f 166 167 165
f 164 166 165
f 168 169 167
f 166 168 167
f 170 171 169
f 168 170 169
f 172 173 171
f 170 172 171
f 174 175 173
f 172 174 173
f 176 177 175
f 174 176 175
f 178 179 177
f 176 178 177
f 180 181 179
f 178 180 179
f 182 183 181
f 180 182 181
f 184 185 183
f 182 184 183
f 186 187 185
f 184 186 185
f 188 189 187
f 186 188 187
f 190 191 189
f 188 190 189
f 192 193 191
f 190 192 191
f 194 195 193
f 192 194 193
f 196 197 195
f 194 196 195
f 198 199 197
f 196 198 197
f 200 201 199
f 198 200 199
f 202 203 201
f 200 202 201
f 204 205 203
f 202 204 203
f 206 207 205
f 204 206 205
f 208 209 207
f 206 208 207
f 210 211 209
f 208 210 209
f 212 213 211
f 210 212 211
f 214 215 213
f 212 214 213
f 65 64 215
f 214 65 215
f 100 98 96
f 100 96 94
f 100 94 92
f 102 100 92
f 102 92 90
f 104 102 90
f 104 90 88
f 106 104 88
f 106 88 86
f 108 106 86
f 108 86 84
f 128 126 124
f 128 124 122
f 128 122 120
f 130 128 120
f 130 120 118
f 132 130 118
f 132 118 116
f 134 132 116
f 134 116 114
f 136 134 114
f 136 114 112
f 212 210 208
f 214 212 208
f 214 208 206
f 214 206 204
f 65 214 204
f 65 204 202
f 62 65 202
f 62 202 200
f 66 62 200
f 108 84 82
f 154 152 150
f 156 154 150
f 156 150 148
f 158 156 148
f 158 148 146
f 160 158 146
f 160 146 144
f 162 160 144
f 164 162 144
f 164 144 142
f 164 142 140
f 166 164 140
f 184 182 180
f 184 180 178
f 186 184 178
f 186 178 176
f 188 186 176
f 188 176 174
f 188 174 172
f 190 188 172
f 192 190 172
f 192 172 170
f 194 192 170
f 194 170 168
f 216 168 166
f 166 140 216
f 217 194 168
f 196 194 217
f 217 198 196
f 218 200 198
f 66 200 218
f 218 68 66
f 219 68 218
f 70 68 219
f 219 72 70
f 220 72 219
f 74 72 220
f 220 221 74
f 76 74 221
f 221 78 76
f 222 78 221
f 80 78 222
f 222 82 80
f 216 217 168
f 223 217 216
f 198 217 223
f 223 218 198
f 219 218 223
f 224 140 138
f 138 136 224
f 224 216 140
f 136 112 224
f 110 225 112
f 108 225 110
f 226 225 108
f 108 82 226
f 82 227 226
f 222 227 82
f 225 224 112
f 228 229 230
f 231 229 228
f 228 232 231
f 233 231 232
f 232 234 233
f 235 233 234
f 236 233 235
f 237 233 236
f 238 233 237
f 231 233 238
f 238 239 231
f 239 229 231
f 240 229 239
f 230 229 240
f 216 224 228
f 228 230 216
f 224 225 232
f 232 228 224
f 225 226 234
f 234 232 225
f 226 227 235
f 235 234 226
f 227 222 236
f 236 235 227
f 222 221 237
f 237 236 222
f 221 220 238
f 238 237 221
f 220 219 239
f 239 238 220
f 219 223 240
f 240 239 219
f 223 216 230
f 230 240 223
f 99 101 3
f 3 2 99
f 97 99 2
f 2 1 97
f 95 97 1
f 1 4 95
f 93 95 4
f 4 5 93
f 101 103 6
f 6 3 101
f 91 93 5
f 5 7 91
f 103 105 8
f 8 6 103
f 89 91 7
f 7 9 89
f 105 107 10
f 10 8 105
f 87 89 9
f 9 11 87
f 107 109 12
f 12 10 107
f 85 87 11
f 11 241 85
f 127 129 15
f 15 14 127
f 125 127 14
f 14 13 125
f 123 125 13
f 13 16 123
f 121 123 16
f 16 17 121
f 129 131 18
f 18 15 129
f 119 121 17
f 17 19 119
f 131 133 20
f 20 18 131
f 117 119 19
f 19 21 117
f 133 135 22
f 22 20 133
f 115 117 21
f 21 23 115
f 135 137 24
f 24 22 135
f 113 115 23
f 23 25 113
f 211 213 28
f 28 27 211
f 209 211 27
f 27 26 209
f 213 215 29
f 29 28 213
f 207 209 26
f 26 30 207
f 205 207 30
f 30 31 205
f 215 64 32
f 32 29 215
f 203 205 31
f 31 33 203
f 64 63 242
f 242 32 64
f 201 203 33
f 33 243 201
f 63 67 244
f 244 242 63
f 83 85 241
f 241 245 83
f 109 111 246
f 246 12 109
f 153 155 36
f 36 35 153
f 151 153 35
f 35 34 151
f 155 157 37
f 37 36 155
f 149 151 34
f 34 38 149
f 157 159 39
f 39 37 157
f 147 149 38
f 38 40 147
f 159 161 41
f 41 39 159
f 145 147 40
f 40 42 145
f 161 163 43
f 43 41 161
f 163 165 44
f 44 43 163
f 143 145 42
f 42 45 143
f 141 143 45
f 45 46 141
f 165 167 47
f 47 44 165
f 67 69 247
f 247 244 67
f 199 201 243
f 243 248 199
f 183 185 50
f 50 49 183
f 181 183 49
f 49 48 181
f 179 181 48
f 48 51 179
f 185 187 52
f 52 50 185
f 177 179 51
f 51 53 177
f 187 189 54
f 54 52 187
f 175 177 53
f 53 55 175
f 173 175 55
f 55 56 173
f 189 191 57
f 57 54 189
f 191 193 58
f 58 57 191
f 171 173 56
f 56 59 171
f 193 195 60
f 60 58 193
f 169 171 59
f 59 61 169
f 195 197 249
f 249 60 195
f 69 71 250
f 250 247 69
f 71 73 251
f 251 250 71
f 73 75 252
f 252 251 73
f 75 77 253
f 253 252 75
f 77 79 254
f 254 253 77
f 79 81 255
f 255 254 79
f 81 83 245
f 245 255 81
f 111 113 25
f 25 246 111
f 137 139 256
f 256 24 137
f 197 199 248
f 248 249 197
f 167 169 61
f 61 47 167
f 139 141 46
f 46 256 139
f 246 257 12
f 258 257 246
f 246 25 258
f 241 11 12
f 12 257 241
f 259 241 257
f 245 241 259
f 259 260 245
f 255 245 260
f 260 261 255
f 254 255 261
f 261 262 254
f 253 254 262
f 262 263 253
f 252 253 263
f 263 264 252
f 251 252 264
f 264 265 251
f 250 251 265
f 265 266 250
f 267 258 25
f 25 24 267
f 268 267 24
f 24 256 268
f 269 268 256
f 256 270 269
f 270 256 46
f 46 47 270
f 271 270 47
f 47 61 271
f 272 271 61
f 61 60 272
f 273 272 60
f 60 249 273
f 248 273 249
f 250 266 247
f 247 274 244
f 275 242 244
f 244 276 275
f 274 276 244
f 247 266 274
f 275 32 242
f 33 32 275
f 275 243 33
f 277 243 275
f 275 276 277
f 277 278 248
f 278 273 248
f 274 279 276
f 266 279 274
f 280 281 282
f 282 283 280
f 284 280 283
f 283 285 284
f 286 284 285
f 287 284 286
f 286 288 287
f 289 287 288
f 276 279 277
f 277 279 278
f 267 290 258
f 268 290 267
f 291 290 268
f 268 269 291
f 290 257 258
f 259 257 290
f 290 260 259
f 287 292 293
f 289 292 287
f 287 293 284
f 293 294 284
f 295 291 269
f 269 270 295
f 271 295 270
f 272 295 271
f 273 295 272
f 278 295 273
f 280 296 297
f 297 281 280
f 280 284 296
f 284 294 296
f 277 248 243
f 279 266 298
f 298 299 279
f 266 265 300
f 300 298 266
f 265 264 301
f 301 300 265
f 264 263 302
f 302 301 264
f 263 262 303
f 303 302 263
f 262 261 304
f 304 303 262
f 260 290 305
f 305 306 260
f 306 304 261
f 290 291 307
f 307 305 290
f 295 278 308
f 308 309 295
f 278 279 299
f 299 308 278
f 291 295 309
f 309 307 291
f 299 298 282
f 282 281 299
f 298 300 283
f 283 282 298
f 300 301 285
f 285 283 300
f 301 302 286
f 286 285 301
f 302 303 288
f 288 286 302
f 303 304 289
f 289 288 303
f 306 305 293
f 293 292 306
f 304 306 292
f 292 289 304
f 305 307 294
f 294 293 305
f 309 308 297
f 297 296 309
f 308 299 281
f 281 297 308
f 307 309 296
f 296 294 307
f 310 311 312
f 310 312 313
f 311 314 315
f 311 315 312
f 314 316 317
f 314 317 315
f 316 318 319
f 316 319 317
f 318 320 321
f 318 321 319
f 320 322 323
f 320 323 321
f 322 324 325
f 322 325 323
f 324 326 327
f 324 327 325
f 326 328 329
f 326 329 327
f 328 330 331
f 328 331 329
f 330 332 333
f 330 333 331
f 332 334 335
f 332 335 333
f 334 336 337
f 334 337 335
f 336 338 339
f 336 339 337
f 338 310 313
f 338 313 339
f 313 312 340
f 313 340 341
f 312 315 342
f 312 342 340
f 315 317 343
f 315 343 342
f 317 319 344
f 317 344 343
f 319 321 345
f 319 345 344
f 321 323 346
f 321 346 345
f 323 325 347
f 323 347 346
f 325 327 348
f 325 348 347
f 327 329 349
f 327 349 348
f 329 331 350
f 329 350 349
f 331 333 351
f 331 351 350
f 333 335 352
f 333 352 351
f 335 337 353
f 335 353 352
f 337 339 354
f 337 354 353
f 339 313 341
f 339 341 354
f 343 344 345
f 343 345 346
f 342 343 346
f 340 342 346
f 340 346 347
f 340 347 348
f 340 348 349
f 340 349 350
f 340 350 351
f 341 340 351
f 341 351 352
f 354 341 352
f 354 352 353
f 355 320 318
f 318 356 355
f 356 318 316
f 316 357 356
f 358 322 320
f 320 355 358
f 357 316 314
f 314 359 357
f 359 314 311
f 311 360 359
f 361 324 322
f 322 358 361
f 362 326 324
f 324 361 362
f 363 328 326
f 326 362 363
f 364 330 328
f 328 363 364
f 365 332 330
f 330 364 365
f 360 311 310
f 310 366 360
f 367 334 332
f 332 365 367
f 366 310 338
f 338 368 366
f 369 336 334
f 334 367 369
f 368 338 336
f 336 369 368
f 370 355 356
f 356 371 370
f 371 356 357
f 357 372 371
f 373 358 355
f 355 370 373
f 372 357 359
f 359 374 372
f 374 359 360
f 360 375 374
f 376 361 358
f 358 373 376
f 377 362 361
f 361 376 377
f 378 363 362
f 362 377 378
f 379 364 363
f 363 378 379
f 380 365 364
f 364 379 380
f 375 360 366
f 366 381 375
f 382 367 365
f 365 380 382
f 381 366 368
f 368 383 381
f 384 369 367
f 367 382 384
f 383 368 369
f 369 384 383
f 374 385 386
f 374 375 387
f 387 385 374
f 388 387 375
f 375 381 388
f 388 381 383
f 383 389 388
f 389 383 390
f 390 383 384
f 384 391 390
f 391 384 382
f 392 393 394
f 394 395 392
f 394 396 395
f 394 397 396
f 396 397 398
f 398 397 399
f 399 400 398
f 399 401 400
f 400 401 402
f 402 401 403
f 403 401 404
f 404 405 403
f 405 404 406
f 406 407 405
f 407 406 408
f 408 409 407
f 409 408 410
f 410 411 409
f 412 376 373
f 373 370 412
f 412 370 371
f 371 413 412
f 413 371 372
f 372 386 413
f 386 372 374
f 377 414 378
f 378 414 415
f 415 416 378
f 378 416 417
f 417 418 378
f 378 418 419
f 419 420 378
f 378 420 379
f 379 420 380
f 392 382 380
f 380 393 392
f 393 380 420
f 420 394 393
f 395 391 382
f 382 392 395
f 396 390 391
f 391 395 396
f 394 420 419
f 419 397 394
f 398 389 390
f 390 396 398
f 397 419 418
f 418 399 397
f 400 388 389
f 389 398 400
f 399 418 417
f 417 401 399
f 402 387 388
f 388 400 402
f 403 385 387
f 387 402 403
f 401 417 416
f 416 404 401
f 405 386 385
f 385 403 405
f 404 416 415
f 415 406 404
f 407 413 386
f 386 405 407
f 406 415 414
f 414 408 406
f 409 412 413
f 413 407 409
f 408 414 377
f 377 410 408
f 410 377 376
f 376 411 410
f 411 376 412
f 412 409 411
f 421 422 423
f 423 424 425
f 426 427 428
f 428 422 421
f 429 430 431
f 431 427 426
f 432 433 434
f 434 430 429
f 435 436 437
f 437 433 432
f 438 439 440
f 440 436 435
f 441 442 443
f 443 439 438
f 444 445 446
f 446 442 441
f 447 448 449
f 449 445 444
f 425 424 450
f 450 448 447
f 451 421 425
f 452 451 425
f 453 426 421
f 451 453 421
f 454 429 426
f 453 454 426
f 455 432 429
f 454 455 429
f 456 435 432
f 455 456 432
f 457 438 435
f 456 457 435
f 458 441 438
f 457 458 438
f 459 444 441
f 458 459 441
f 460 447 444
f 459 460 444
f 452 425 447
f 460 452 447
f 461 451 452
f 462 461 452
f 463 453 451
f 461 463 451
f 464 454 453
f 463 464 453
f 465 455 454
f 464 465 454
f 466 456 455
f 465 466 455
f 467 457 456
f 466 467 456
f 468 458 457
f 467 468 457
f 469 459 458
f 468 469 458
f 470 460 459
f 469 470 459
f 462 452 460
f 470 462 460
f 471 461 462
f 472 471 462
f 473 463 461
f 471 473 461
f 474 464 463
f 473 474 463
f 475 465 464
f 474 475 464
f 476 466 465
f 475 476 465
f 477 467 466
f 476 477 466
f 478 468 467
f 477 478 467
f 479 469 468
f 478 479 468
f 480 470 469
f 479 480 469
f 472 462 470
f 480 472 470
f 481 471 472
f 482 481 472
f 483 473 471
f 481 483 471
f 484 474 473
f 483 484 473
f 485 475 474
f 484 485 474
f 486 476 475
f 485 486 475
f 487 477 476
f 486 487 476
f 488 478 477
f 487 488 477
f 489 479 478
f 488 489 478
f 490 480 479
f 489 490 479
f 482 472 480
f 490 482 480
f 491 492 493
f 491 494 492
f 491 495 494
f 491 496 495
f 491 497 496
f 491 498 497
f 491 499 498
f 491 500 499
f 491 501 500
f 491 493 501
f 441 444 446
f 438 441 443
f 444 447 449
f 435 438 440
f 429 432 434
f 426 429 431
f 421 426 428
f 425 421 423
f 432 435 437
f 447 425 450
f 481 482 502
f 502 503 481
f 483 481 503
f 503 504 483
f 484 483 504
f 504 505 484
f 485 484 505
f 505 506 485
f 486 485 506
f 506 507 486
f 487 486 507
f 507 508 487
f 488 487 508
f 508 509 488
f 489 488 509
f 509 510 489
f 490 489 510
f 510 511 490
f 482 490 511
f 511 502 482
f 503 502 512
f 512 513 503
f 504 503 513
f 513 514 504
f 505 504 514
f 514 515 505
f 506 505 515
f 515 516 506
f 507 506 516
f 516 517 507
f 508 507 517
f 517 518 508
f 509 508 518
f 518 519 509
f 510 509 519
f 519 520 510
f 511 510 520
f 520 521 511
f 502 511 521
f 521 512 502
f 513 512 522
f 522 523 513
f 514 513 523
f 523 524 514
f 515 514 524
f 524 525 515
f 516 515 525
f 525 526 516
f 517 516 526
f 526 527 517
f 518 517 527
f 527 528 518
f 519 518 528
f 528 529 519
f 520 519 529
f 529 530 520
f 521 520 530
f 530 531 521
f 512 521 531
f 531 522 512
f 523 522 532
f 532 533 523
f 524 523 533
f 533 534 524
f 525 524 534
f 534 535 525
f 526 525 535
f 535 536 526
f 527 526 536
f 536 537 527
f 528 527 537
f 537 538 528
f 529 528 538
f 538 539 529
f 530 529 539
f 539 540 530
f 531 530 540
f 540 541 531
f 522 531 541
f 541 532 522
f 533 532 493
f 493 492 533
f 534 533 492
f 492 494 534
f 535 534 494
f 494 495 535
f 536 535 495
f 495 496 536
f 537 536 496
f 496 497 537
f 538 537 497
f 497 498 538
f 539 538 498
f 498 499 539
f 540 539 499
f 499 500 540
f 541 540 500
f 500 501 541
f 532 541 501
f 501 493 532
f 542 543 544
f 542 544 545
f 542 545 546
f 542 546 547
f 542 547 548
f 542 548 549
f 542 549 550
f 542 550 551
f 543 552 553
f 543 553 544
f 544 553 554
f 544 554 545
f 545 554 555
f 545 555 546
f 546 555 556
f 546 556 547
f 547 556 557
f 547 557 548
f 548 557 558
f 548 558 549
f 549 558 559
f 549 559 550
f 550 559 560
f 550 560 551
f 552 561 562
f 552 562 553
f 553 562 563
f 553 563 554
f 554 563 564
f 554 564 555
f 555 564 565
f 555 565 556
f 556 565 566
f 556 566 557
f 557 566 567
f 557 567 558
f 558 567 568
f 558 568 559
f 559 568 569
f 559 569 560
f 561 570 571
f 561 571 562
f 562 571 572
f 562 572 563
f 563 572 573
f 563 573 564
f 564 573 574
f 564 574 565
f 565 574 575
f 565 575 566
f 566 575 576
f 566 576 567
f 567 576 577
f 567 577 568
f 568 577 578
f 568 578 569
f 579 573 580
f 580 573 572
f 579 574 573
f 572 581 580
f 580 581 582
f 572 571 581
f 583 580 582
f 582 584 583
f 583 584 585
f 585 584 586
f 583 579 580
f 587 579 583
f 583 585 587
f 588 576 589
f 589 576 575
f 575 574 589
f 589 574 590
f 590 574 579
f 579 587 590
f 591 588 589
f 589 592 591
f 592 589 590
f 590 593 592
f 593 590 587
f 587 594 593
f 594 587 585
f 595 591 596
f 596 591 592
f 592 593 596
f 596 593 597
f 597 593 594
f 594 598 597
f 570 599 571
f 571 599 600
f 600 581 571
f 581 600 601
f 601 602 581
f 581 602 582
f 582 602 584
f 584 602 603
f 603 586 584
f 586 603 604
f 600 599 605
f 605 606 600
f 600 606 601
f 601 606 602
f 602 606 607
f 607 603 602
f 603 607 608
f 603 608 604
f 599 609 610
f 610 605 599
f 605 610 611
f 611 606 605
f 606 611 612
f 612 607 606
f 607 612 613
f 613 608 607
f 608 613 614
f 614 604 608
f 615 604 614
f 614 616 615
f 615 586 604
f 609 617 618
f 618 610 609
f 610 618 619
f 619 611 610
f 611 619 612
f 612 619 620
f 620 613 612
f 613 620 621
f 621 614 613
f 614 621 622
f 622 616 614
f 616 622 623
f 624 594 585
f 585 586 625
f 625 624 585
f 625 586 615
f 615 626 625
f 626 615 616
f 627 628 629
f 628 627 630
f 630 631 628
f 632 628 631
f 631 633 632
f 632 634 629
f 629 628 632
f 635 625 626
f 635 636 625
f 625 636 624
f 624 598 594
f 598 624 636
f 637 578 577
f 577 638 637
f 637 638 639
f 639 640 637
f 640 639 641
f 641 642 640
f 641 639 591
f 591 639 588
f 588 639 638
f 638 576 588
f 576 638 577
f 641 591 595
f 643 596 597
f 597 644 643
f 644 597 598
f 598 645 644
f 645 598 636
f 636 646 645
f 646 636 635
f 635 647 646
f 634 632 648
f 649 647 635
f 648 632 633
f 633 650 648
f 643 651 596
f 596 651 595
f 595 651 652
f 652 641 595
f 652 653 641
f 641 653 642
f 654 653 652
f 652 651 654
f 654 651 655
f 655 651 643
f 643 656 655
f 656 643 644
f 644 657 656
f 657 644 645
f 645 658 657
f 658 645 646
f 646 659 658
f 659 646 647
f 647 660 659
f 660 647 649
f 649 661 660
f 661 649 662
f 662 663 661
f 664 654 665
f 665 654 655
f 655 656 665
f 665 656 666
f 666 656 657
f 657 667 666
f 667 657 658
f 658 668 667
f 668 658 659
f 659 669 668
f 669 659 660
f 660 670 669
f 670 660 661
f 661 671 670
f 671 661 663
f 663 672 671
f 664 653 654
f 620 673 621
f 621 673 674
f 622 621 674
f 674 675 622
f 622 675 623
f 630 676 677
f 677 631 630
f 631 677 633
f 633 677 678
f 650 633 679
f 679 633 678
f 663 680 681
f 681 672 663
f 663 662 680
f 680 662 682
f 617 683 684
f 684 618 617
f 618 684 685
f 685 619 618
f 619 685 620
f 620 685 673
f 683 686 687
f 687 684 683
f 684 687 685
f 685 687 688
f 688 673 685
f 673 688 689
f 689 674 673
f 674 689 690
f 690 675 674
f 677 676 691
f 678 692 679
f 682 693 694
f 694 680 682
f 680 694 695
f 695 681 680
f 677 696 678
f 678 696 692
f 696 677 691
f 686 697 698
f 698 687 686
f 687 698 699
f 699 688 687
f 688 699 700
f 700 689 688
f 690 689 700
f 690 700 701
f 702 703 704
f 704 705 702
f 702 706 703
f 703 706 707
f 707 706 708
f 708 709 710
f 708 710 707
f 711 704 703
f 703 712 711
f 713 711 712
f 712 714 713
f 713 714 715
f 715 716 713
f 715 714 717
f 717 714 718
f 718 709 717
f 709 718 710
f 710 718 707
f 707 718 719
f 719 718 714
f 714 712 719
f 719 712 703
f 703 707 719
f 705 695 694
f 694 702 705
f 702 694 693
f 693 706 702
f 706 693 701
f 701 708 706
f 708 701 700
f 700 709 708
f 715 698 697
f 697 716 715
f 717 699 698
f 698 715 717
f 709 700 699
f 699 717 709
f 629 626 616
f 616 627 629
f 627 616 623
f 623 630 627
f 634 635 626
f 626 629 634
f 648 649 635
f 635 634 648
f 650 662 649
f 649 648 650
f 630 623 675
f 675 676 630
f 679 682 662
f 662 650 679
f 676 675 690
f 690 691 676
f 692 693 682
f 682 679 692
f 696 701 693
f 693 692 696
f 691 690 701
f 701 696 691
f 720 543 542
f 721 720 542
f 722 721 542
f 723 722 542
f 724 723 542
f 725 724 542
f 726 725 542
f 551 726 542
f 727 552 543
f 720 727 543
f 728 727 720
f 721 728 720
f 729 728 721
f 722 729 721
f 730 729 722
f 723 730 722
f 731 730 723
f 724 731 723
f 732 731 724
f 725 732 724
f 733 732 725
f 726 733 725
f 560 733 726
f 551 560 726
f 734 561 552
f 727 734 552
f 735 734 727
f 728 735 727
f 736 735 728
f 729 736 728
f 737 736 729
f 730 737 729
f 738 737 730
f 731 738 730
f 739 738 731
f 732 739 731
f 740 739 732
f 733 740 732
f 569 740 733
f 560 569 733
f 741 570 561
f 734 741 561
f 742 741 734
f 735 742 734
f 743 742 735
f 736 743 735
f 744 743 736
f 737 744 736
f 745 744 737
f 738 745 737
f 746 745 738
f 739 746 738
f 747 746 739
f 740 747 739
f 578 747 740
f 569 578 740
f 748 743 749
f 742 743 748
f 743 744 749
f 748 750 742
f 751 750 748
f 750 741 742
f 751 748 752
f 752 753 751
f 754 753 752
f 755 753 754
f 748 749 752
f 752 749 756
f 756 754 752
f 757 746 758
f 745 746 757
f 757 744 745
f 759 744 757
f 749 744 759
f 759 756 749
f 757 758 760
f 760 761 757
f 759 757 761
f 761 762 759
f 756 759 762
f 762 763 756
f 754 756 763
f 764 760 765
f 761 760 764
f 764 762 761
f 766 762 764
f 763 762 766
f 766 767 763
f 741 599 570
f 768 599 741
f 741 750 768
f 769 768 750
f 750 770 769
f 751 770 750
f 753 770 751
f 771 770 753
f 753 755 771
f 772 771 755
f 773 599 768
f 768 774 773
f 769 774 768
f 770 774 769
f 775 774 770
f 770 771 775
f 776 775 771
f 772 776 771
f 777 609 599
f 599 773 777
f 778 777 773
f 773 774 778
f 779 778 774
f 774 775 779
f 780 779 775
f 775 776 780
f 781 780 776
f 776 772 781
f 781 772 782
f 782 783 781
f 772 755 782
f 784 617 609
f 609 777 784
f 785 784 777
f 777 778 785
f 779 785 778
f 786 785 779
f 779 780 786
f 787 786 780
f 780 781 787
f 788 787 781
f 781 783 788
f 789 788 783
f 754 763 790
f 791 755 754
f 754 790 791
f 782 755 791
f 791 792 782
f 783 782 792
f 793 794 795
f 796 795 794
f 794 797 796
f 797 794 798
f 798 799 797
f 793 800 798
f 798 794 793
f 792 791 801
f 791 802 801
f 790 802 791
f 763 767 790
f 802 790 767
f 747 578 637
f 637 803 747
f 804 803 637
f 637 640 804
f 805 804 640
f 640 642 805
f 760 804 805
f 758 804 760
f 803 804 758
f 758 746 803
f 747 803 746
f 765 760 805
f 766 764 806
f 806 807 766
f 767 766 807
f 807 808 767
f 802 767 808
f 808 809 802
f 801 802 809
f 809 810 801
f 811 798 800
f 801 810 812
f 799 798 811
f 811 813 799
f 764 814 806
f 765 814 764
f 815 814 765
f 765 805 815
f 805 653 815
f 642 653 805
f 815 653 816
f 816 814 815
f 817 814 816
f 806 814 817
f 817 818 806
f 807 806 818
f 818 819 807
f 808 807 819
f 819 820 808
f 809 808 820
f 820 821 809
f 810 809 821
f 821 822 810
f 812 810 822
f 822 823 812
f 824 812 823
f 823 825 824
f 665 816 664
f 817 816 665
f 665 818 817
f 666 818 665
f 819 818 666
f 666 667 819
f 820 819 667
f 667 668 820
f 821 820 668
f 668 669 821
f 822 821 669
f 669 670 822
f 823 822 670
f 670 671 823
f 825 823 671
f 671 672 825
f 816 653 664
f 787 826 786
f 827 826 787
f 827 787 788
f 788 828 827
f 789 828 788
f 829 830 796
f 796 797 829
f 799 829 797
f 831 829 799
f 832 799 813
f 831 799 832
f 681 833 825
f 825 672 681
f 833 824 825
f 834 824 833
f 835 683 617
f 617 784 835
f 836 835 784
f 784 785 836
f 786 836 785
f 826 836 786
f 837 686 683
f 683 835 837
f 836 837 835
f 838 837 836
f 836 826 838
f 839 838 826
f 826 827 839
f 840 839 827
f 827 828 840
f 841 830 829
f 832 842 831
f 843 844 834
f 834 833 843
f 695 843 833
f 833 681 695
f 831 845 829
f 842 845 831
f 841 829 845
f 846 697 686
f 686 837 846
f 847 846 837
f 837 838 847
f 848 847 838
f 838 839 848
f 848 839 840
f 849 848 840
f 704 850 851
f 851 705 704
f 850 852 851
f 853 852 850
f 854 852 853
f 855 856 854
f 853 855 854
f 850 704 711
f 711 857 850
f 857 711 713
f 713 858 857
f 859 858 713
f 713 716 859
f 860 858 859
f 861 858 860
f 860 856 861
f 855 861 856
f 853 861 855
f 862 861 853
f 858 861 862
f 862 857 858
f 850 857 862
f 862 853 850
f 843 695 705
f 705 851 843
f 844 843 851
f 851 852 844
f 849 844 852
f 852 854 849
f 848 849 854
f 854 856 848
f 697 846 859
f 859 716 697
f 846 847 860
f 860 859 846
f 847 848 856
f 856 860 847
f 783 792 793
f 793 795 783
f 789 783 795
f 795 796 789
f 792 801 800
f 800 793 792
f 801 812 811
f 811 800 801
f 812 824 813
f 813 811 812
f 828 789 796
f 796 830 828
f 824 834 832
f 832 813 824
f 840 828 830
f 830 841 840
f 834 844 842
f 842 832 834
f 844 849 845
f 845 842 844
f 849 840 841
f 841 845 849
f 863 864 865
f 863 865 866
f 864 867 868
f 864 868 865
f 867 869 870
f 867 870 868
f 869 871 872
f 869 872 870
f 871 873 874
f 871 874 872
f 873 875 876
f 873 876 874
f 875 877 878
f 875 878 876
f 877 879 880
f 877 880 878
f 879 863 866
f 879 866 880
f 866 865 881
f 866 881 882
f 865 868 883
f 865 883 881
f 868 870 884
f 868 884 883
f 870 872 885
f 870 885 884
f 872 874 886
f 872 886 885
f 874 876 887
f 874 887 886
f 876 878 888
f 876 888 887
f 878 880 889
f 878 889 888
f 880 866 882
f 880 882 889
f 882 881 890
f 882 890 891
f 881 883 892
f 881 892 890
f 883 884 893
f 883 893 892
f 884 885 894
f 884 894 893
f 885 886 895
f 885 895 894
f 886 887 896
f 886 896 895
f 887 888 897
f 887 897 896
f 888 889 898
f 888 898 897
f 889 882 891
f 889 891 898
f 891 890 899
f 891 899 900
f 890 892 901
f 890 901 899
f 892 893 902
f 892 902 901
f 893 894 903
f 893 903 902
f 894 895 904
f 894 904 903
f 895 896 905
f 895 905 904
f 896 897 906
f 896 906 905
f 897 898 907
f 897 907 906
f 898 891 900
f 898 900 907
f 900 899 908
f 900 908 909
f 899 901 910
f 899 910 908
f 901 902 911
f 901 911 910
f 902 903 912
f 902 912 911
f 903 904 913
f 903 913 912
f 904 905 914
f 904 914 913
f 905 906 915
f 905 915 914
f 906 907 916
f 906 916 915
f 907 900 909
f 907 909 916
f 864 863 917
f 867 864 917
f 869 867 917
f 871 869 917
f 873 871 917
f 875 873 917
f 877 875 917
f 879 877 917
f 863 879 917
f 909 908 918
f 908 910 918
f 910 911 918
f 911 912 918
f 912 913 918
f 913 914 918
f 914 915 918
f 915 916 918
f 916 909 918
f 919 920 921
f 919 921 922
f 920 923 924
f 920 924 921
f 923 925 926
f 923 926 924
f 925 927 928
f 925 928 926
f 927 929 930
f 927 930 928
f 929 931 932
f 929 932 930
f 931 933 934
f 931 934 932
f 933 935 936
f 933 936 934
f 935 919 922
f 935 922 936
f 922 921 937
f 922 937 938
f 921 924 939
f 921 939 937
f 924 926 940
f 924 940 939
f 926 928 941
f 926 941 940
f 928 930 942
f 928 942 941
f 930 932 943
f 930 943 942
f 932 934 944
f 932 944 943
f 934 936 945
f 934 945 944
f 936 922 938
f 936 938 945
f 938 937 946
f 938 946 947
f 937 939 948
f 937 948 946
f 939 940 949
f 939 949 948
f 940 941 950
f 940 950 949
f 941 942 951
f 941 951 950
f 942 943 952
f 942 952 951
f 943 944 953
f 943 953 952
f 944 945 954
f 944 954 953
f 945 938 947
f 945 947 954
f 947 946 955
f 947 955 956
f 946 948 957
f 946 957 955
f 948 949 958
f 948 958 957
f 949 950 959
f 949 959 958
f 950 951 960
f 950 960 959
f 951 952 961
f 951 961 960
f 952 953 962
f 952 962 961
f 953 954 963
f 953 963 962
f 954 947 956
f 954 956 963
f 956 955 964
f 956 964 965
f 955 957 966
f 955 966 964
f 957 958 967
f 957 967 966
f 958 959 968
f 958 968 967
f 959 960 969
f 959 969 968
f 960 961 970
f 960 970 969
f 961 962 971
f 961 971 970
f 962 963 972
f 962 972 971
f 963 956 965
f 963 965 972
f 920 919 973
f 923 920 973
f 925 923 973
f 927 925 973
f 929 927 973
f 931 929 973
f 933 931 973
f 935 933 973
f 919 935 973
f 965 964 974
f 964 966 974
f 966 967 974
f 967 968 974
f 968 969 974
f 969 970 974
f 970 971 974
f 971 972 974
f 972 965 974
f 975 976 977
f 978 975 977
f 979 978 977
f 979 977 980
f 981 979 980
f 981 980 982
f 983 981 982
f 983 982 984
f 985 983 984
f 985 984 986
f 987 988 989
f 990 987 989
f 991 990 989
f 991 989 992
f 993 991 992
f 993 992 994
f 995 993 994
f 995 994 996
f 997 995 996
f 997 996 998
f 999 997 998
f 1000 1001 1002
f 1000 1002 1003
f 1004 1000 1003
f 1005 1004 1003
f 1005 1003 1006
f 1007 1005 1006
f 1008 1009 1010
f 1008 1010 1011
f 1012 1008 1011
f 1012 1011 1013
f 1014 1012 1013
f 1014 1013 1015
f 1016 1014 1015
f 1016 1015 1017
f 1016 1017 1018
f 1019 1016 1018
f 1020 1019 1018
f 1020 1018 1021
f 1022 1023 1024
f 1025 1022 1024
f 1025 1024 1026
f 1027 1025 1026
f 1027 1026 1028
f 1029 1027 1028
f 1030 1029 1028
f 1030 1028 1031
f 1030 1031 1032
f 1033 1030 1032
f 1033 1032 1034
f 1035 1033 1034
f 1036 1037 1038
f 1039 1036 1038
f 1040 1041 1037
f 1036 1040 1037
f 1042 1043 1041
f 1040 1042 1041
f 1044 1045 1043
f 1042 1044 1043
f 1046 1047 1048
f 1044 1049 1045
f 1050 1051 1047
f 1046 1050 1047
f 1052 1053 1051
f 1050 1052 1051
f 1054 1053 1052
f 1055 1056 1057
f 1058 1059 1057
f 1056 1058 1057
f 1060 1061 1059
f 1058 1060 1059
f 1062 1063 1061
f 1060 1062 1061
f 1064 1065 1063
f 1062 1064 1063
f 1066 1067 1065
f 1064 1066 1065
f 1068 1069 1067
f 1066 1068 1067
f 1070 1071 1069
f 1068 1070 1069
f 1072 1073 1071
f 1070 1072 1071
f 1074 1075 1073
f 1072 1074 1073
f 1076 1077 1075
f 1074 1076 1075
f 1078 1079 1077
f 1076 1078 1077
f 1080 1081 1079
f 1078 1080 1079
f 1082 1083 1081
f 1080 1082 1081
f 1084 1085 1083
f 1082 1084 1083
f 1086 1087 1085
f 1084 1086 1085
f 1088 1089 1087
f 1086 1088 1087
f 1090 1091 1089
f 1088 1090 1089
f 1092 1093 1091
f 1090 1092 1091
f 1094 1095 1093
f 1092 1094 1093
f 1096 1097 1095
f 1094 1096 1095
f 1098 1099 1097
f 1096 1098 1097
f 1100 1101 1099
f 1098 1100 1099
f 1102 1103 1101
f 1100 1102 1101
f 1104 1105 1103
f 1102 1104 1103
f 1106 1107 1105
f 1104 1106 1105
f 1108 1109 1107
f 1106 1108 1107
f 1110 1111 1109
f 1108 1110 1109
f 1112 1113 1111
f 1110 1112 1111
f 1114 1115 1113
f 1112 1114 1113
f 1116 1117 1115
f 1114 1116 1115
f 1118 1119 1117
f 1116 1118 1117
f 1120 1121 1119
f 1118 1120 1119
f 1122 1123 1121
f 1120 1122 1121
f 1124 1125 1123
f 1122 1124 1123
f 1126 1127 1125
f 1124 1126 1125
f 1128 1129 1127
f 1126 1128 1127
f 1130 1131 1129
f 1128 1130 1129
f 1132 1133 1131
f 1130 1132 1131
f 1134 1135 1133
f 1132 1134 1133
f 1136 1137 1135
f 1134 1136 1135
f 1138 1139 1137
f 1136 1138 1137
f 1140 1141 1139
f 1138 1140 1139
f 1142 1143 1141
f 1140 1142 1141
f 1144 1145 1143
f 1142 1144 1143
f 1146 1147 1145
f 1144 1146 1145
f 1148 1149 1147
f 1146 1148 1147
f 1150 1151 1149
f 1148 1150 1149
f 1152 1153 1151
f 1150 1152 1151
f 1154 1155 1153
f 1152 1154 1153
f 1156 1157 1155
f 1154 1156 1155
f 1158 1159 1157
f 1156 1158 1157
f 1160 1161 1159
f 1158 1160 1159
f 1162 1163 1161
f 1160 1162 1161
f 1164 1165 1163
f 1162 1164 1163
f 1166 1167 1165
f 1164 1166 1165
f 1168 1169 1167
f 1166 1168 1167
f 1170 1171 1169
f 1168 1170 1169
f 1172 1173 1171
f 1170 1172 1171
f 1174 1175 1173
f 1172 1174 1173
f 1176 1177 1175
f 1174 1176 1175
f 1178 1179 1177
f 1176 1178 1177
f 1180 1181 1179
f 1178 1180 1179
f 1182 1183 1181
f 1180 1182 1181
f 1184 1185 1183
f 1182 1184 1183
f 1186 1187 1185
f 1184 1186 1185
f 1188 1189 1187
f 1186 1188 1187
f 1190 1191 1189
f 1188 1190 1189
f 1192 1193 1191
f 1190 1192 1191
f 1039 1038 1193
f 1192 1039 1193
f 1078 1076 1074
f 1078 1074 1072
f 1078 1072 1070
f 1080 1078 1070
f 1080 1070 1068
f 1082 1080 1068
f 1082 1068 1066
f 1084 1082 1066
f 1084 1066 1064
f 1086 1084 1064
f 1086 1064 1062
f 1106 1104 1102
f 1106 1102 1100
f 1106 1100 1098
f 1108 1106 1098
f 1108 1098 1096
f 1110 1108 1096
f 1110 1096 1094
f 1112 1110 1094
f 1112 1094 1092
f 1114 1112 1092
f 1114 1092 1090
f 1190 1188 1186
f 1192 1190 1186
f 1192 1186 1184
f 1192 1184 1182
f 1039 1192 1182
f 1039 1182 1180
f 1036 1039 1180
f 1036 1180 1178
f 1040 1036 1178
f 1086 1062 1060
f 1132 1130 1128
f 1134 1132 1128
f 1134 1128 1126
f 1136 1134 1126
f 1136 1126 1124
f 1138 1136 1124
f 1138 1124 1122
f 1140 1138 1122
f 1142 1140 1122
f 1142 1122 1120
f 1142 1120 1118
f 1144 1142 1118
f 1162 1160 1158
f 1162 1158 1156
f 1164 1162 1156
f 1164 1156 1154
f 1166 1164 1154
f 1166 1154 1152
f 1166 1152 1150
f 1168 1166 1150
f 1170 1168 1150
f 1170 1150 1148
f 1172 1170 1148
f 1172 1148 1146
f 1194 1146 1144
f 1144 1118 1194
f 1195 1172 1146
f 1174 1172 1195
f 1195 1176 1174
f 1196 1178 1176
f 1040 1178 1196
f 1196 1042 1040
f 1197 1042 1196
f 1044 1042 1197
f 1197 1049 1044
f 1198 1049 1197
f 1199 1049 1198
f 1198 1200 1199
f 1055 1199 1200
f 1200 1056 1055
f 1201 1056 1200
f 1058 1056 1201
f 1201 1060 1058
f 1194 1195 1146
f 1202 1195 1194
f 1176 1195 1202
f 1202 1196 1176
f 1197 1196 1202
f 1203 1118 1116
f 1116 1114 1203
f 1203 1194 1118
f 1114 1090 1203
f 1088 1204 1090
f 1086 1204 1088
f 1205 1204 1086
f 1086 1060 1205
f 1060 1206 1205
f 1201 1206 1060
f 1204 1203 1090
f 1207 1208 1209
f 1210 1208 1207
f 1207 1211 1210
f 1212 1210 1211
f 1211 1213 1212
f 1214 1212 1213
f 1215 1212 1216
f 1210 1212 1215
f 1215 1217 1210
f 1217 1208 1210
f 1218 1208 1217
f 1209 1208 1218
f 1194 1203 1207
f 1207 1209 1194
f 1203 1204 1211
f 1211 1207 1203
f 1204 1205 1213
f 1213 1211 1204
f 1205 1206 1214
f 1214 1213 1205
f 1201 1200 1216
f 1200 1198 1215
f 1215 1216 1200
f 1198 1197 1217
f 1217 1215 1198
f 1197 1202 1218
f 1218 1217 1197
f 1202 1194 1209
f 1209 1218 1202
f 1077 1079 977
f 977 976 1077
f 1075 1077 976
f 976 975 1075
f 1073 1075 975
f 975 978 1073
f 1071 1073 978
f 978 979 1071
f 1079 1081 980
f 980 977 1079
f 1069 1071 979
f 979 981 1069
f 1081 1083 982
f 982 980 1081
f 1067 1069 981
f 981 983 1067
f 1083 1085 984
f 984 982 1083
f 1065 1067 983
f 983 985 1065
f 1085 1087 986
f 986 984 1085
f 1063 1065 985
f 985 1219 1063
f 1105 1107 989
f 989 988 1105
f 1103 1105 988
f 988 987 1103
f 1101 1103 987
f 987 990 1101
f 1099 1101 990
f 990 991 1099
f 1107 1109 992
f 992 989 1107
f 1097 1099 991
f 991 993 1097
f 1109 1111 994
f 994 992 1109
f 1095 1097 993
f 993 995 1095
f 1111 1113 996
f 996 994 1111
f 1093 1095 995
f 995 997 1093
f 1113 1115 998
f 998 996 1113
f 1091 1093 997
f 997 999 1091
f 1189 1191 1002
f 1002 1001 1189
f 1187 1189 1001
f 1001 1000 1187
f 1191 1193 1003
f 1003 1002 1191
f 1185 1187 1000
f 1000 1004 1185
f 1183 1185 1004
f 1004 1005 1183
f 1193 1038 1006
f 1006 1003 1193
f 1181 1183 1005
f 1005 1007 1181
f 1038 1037 1220
f 1220 1006 1038
f 1179 1181 1007
f 1007 1221 1179
f 1037 1041 1222
f 1222 1220 1037
f 1061 1063 1219
f 1219 1223 1061
f 1087 1089 1224
f 1224 986 1087
f 1131 1133 1010
f 1010 1009 1131
f 1129 1131 1009
f 1009 1008 1129
f 1133 1135 1011
f 1011 1010 1133
f 1127 1129 1008
f 1008 1012 1127
f 1135 1137 1013
f 1013 1011 1135
f 1125 1127 1012
f 1012 1014 1125
f 1137 1139 1015
f 1015 1013 1137
f 1123 1125 1014
f 1014 1016 1123
f 1139 1141 1017
f 1017 1015 1139
f 1141 1143 1018
f 1018 1017 1141
f 1121 1123 1016
f 1016 1019 1121
f 1119 1121 1019
f 1019 1020 1119
f 1143 1145 1021
f 1021 1018 1143
f 1041 1043 1225
f 1225 1222 1041
f 1177 1179 1221
f 1221 1226 1177
f 1161 1163 1024
f 1024 1023 1161
f 1159 1161 1023
f 1023 1022 1159
f 1157 1159 1022
f 1022 1025 1157
f 1163 1165 1026
f 1026 1024 1163
f 1155 1157 1025
f 1025 1027 1155
f 1165 1167 1028
f 1028 1026 1165
f 1153 1155 1027
f 1027 1029 1153
f 1151 1153 1029
f 1029 1030 1151
f 1167 1169 1031
f 1031 1028 1167
f 1169 1171 1032
f 1032 1031 1169
f 1149 1151 1030
f 1030 1033 1149
f 1171 1173 1034
f 1034 1032 1171
f 1147 1149 1033
f 1033 1035 1147
f 1173 1175 1227
f 1227 1034 1173
f 1043 1045 1228
f 1228 1225 1043
f 1048 1047 1229
f 1230 1228 1045
f 1047 1051 1231
f 1231 1229 1047
f 1051 1053 1232
f 1232 1231 1051
f 1057 1233 1234
f 1232 1053 1054
f 1057 1059 1235
f 1235 1233 1057
f 1059 1061 1223
f 1223 1235 1059
f 1089 1091 999
f 999 1224 1089
f 1115 1117 1236
f 1236 998 1115
f 1175 1177 1226
f 1226 1227 1175
f 1145 1147 1035
f 1035 1021 1145
f 1117 1119 1020
f 1020 1236 1117
f 1224 1237 986
f 1238 1237 1224
f 1224 999 1238
f 1219 985 986
f 986 1237 1219
f 1239 1219 1237
f 1223 1219 1239
f 1239 1240 1223
f 1235 1223 1240
f 1240 1241 1235
f 1233 1235 1241
f 1241 1242 1233
f 1234 1233 1242
f 1242 1243 1234
f 1244 1234 1243
f 1243 1245 1244
f 1230 1244 1245
f 1245 1246 1230
f 1228 1230 1246
f 1246 1247 1228
f 1248 1238 999
f 999 998 1248
f 1249 1248 998
f 998 1236 1249
f 1250 1249 1236
f 1236 1251 1250
f 1251 1236 1020
f 1020 1021 1251
f 1252 1251 1021
f 1021 1035 1252
f 1253 1252 1035
f 1035 1034 1253
f 1254 1253 1034
f 1034 1227 1254
f 1226 1254 1227
f 1228 1247 1225
f 1225 1255 1222
f 1256 1220 1222
f 1222 1257 1256
f 1255 1257 1222
f 1225 1247 1255
f 1256 1006 1220
f 1007 1006 1256
f 1256 1221 1007
f 1258 1221 1256
f 1256 1257 1258
f 1258 1259 1226
f 1259 1254 1226
f 1255 1260 1257
f 1247 1260 1255
f 1257 1260 1258
f 1258 1260 1259
f 1248 1261 1238
f 1249 1261 1248
f 1262 1261 1249
f 1249 1250 1262
f 1261 1237 1238
f 1239 1237 1261
f 1261 1240 1239
f 1263 1262 1250
f 1250 1251 1263
f 1252 1263 1251
f 1253 1263 1252
f 1254 1263 1253
f 1259 1263 1254
f 1258 1226 1221
f 1264 1259 1260
f 1260 1247 1264
f 1264 1247 1265
f 1265 1247 1246
f 1246 1266 1265
f 1266 1246 1245
f 1245 1243 1266
f 1266 1243 1267
f 1267 1243 1242
f 1242 1268 1267
f 1268 1242 1241
f 1241 1240 1268
f 1268 1240 1261
f 1261 1267 1268
f 1261 1262 1267
f 1267 1262 1266
f 1266 1262 1263
f 1263 1265 1266
f 1265 1263 1264
f 1264 1263 1259
f 1048 1045 1049
f 1049 1046 1048
f 1046 1049 1199
f 1199 1050 1046
f 1050 1199 1055
f 1055 1052 1050
f 1052 1055 1057
f 1057 1054 1052
f 1229 1230 1045
f 1045 1048 1229
f 1231 1244 1230
f 1230 1229 1231
f 1232 1234 1244
f 1244 1231 1232
f 1054 1057 1234
f 1234 1232 1054
f 1214 1216 1212
f 1214 1206 1201
f 1201 1216 1214
f 1269 1270 1271
f 1271 1270 1272
f 1272 1273 1271
f 1273 1272 1274
f 1274 1275 1273
f 1275 1274 1276
f 1276 1277 1275
f 1277 1276 1278
f 1278 1279 1280
f 1280 1277 1278
f 1271 1281 1269
f 1269 1281 1282
f 1281 1271 1283
f 1283 1271 1273
f 1273 1284 1283
f 1284 1273 1275
f 1275 1285 1284
f 1285 1275 1277
f 1277 1286 1285
f 1286 1277 1280
f 1287 1282 1288
f 1288 1282 1281
f 1281 1283 1288
f 1288 1283 1289
f 1289 1283 1284
f 1284 1290 1289
f 1290 1284 1285
f 1285 1291 1290
f 1291 1285 1286
f 1292 1290 1291
f 1292 1289 1290
f 1292 1293 1289
f 1289 1293 1288
f 1288 1293 1294
f 1294 1287 1288
f 1270 1295 1272
f 1272 1295 1296
f 1296 1274 1272
f 1274 1296 1297
f 1297 1276 1274
f 1276 1297 1298
f 1298 1278 1276
f 1278 1298 1299
f 1299 1279 1278
f 1300 1301 1302
f 1302 1303 1300
f 1300 1304 1301
f 1300 1305 1304
f 1304 1305 1306
f 1306 1305 1307
f 1307 1308 1306
f 1307 1309 1308
f 1308 1309 1310
f 1310 1311 1308
f 1311 1310 1312
f 1312 1313 1311
f 1313 1312 1314
f 1314 1315 1313
f 1316 1315 1317
f 1317 1315 1314
f 1314 1318 1317
f 1318 1319 1320
f 1320 1321 1318
f 1319 1322 1320
f 1320 1322 1323
f 1324 1317 1318
f 1318 1321 1324
f 1324 1321 1325
f 1324 1326 1316
f 1316 1317 1324
f 1327 1326 1324
f 1324 1328 1327
f 1328 1324 1325
f 1325 1329 1328
f 1328 1329 1330
f 1330 1331 1328
f 1328 1331 1332
f 1332 1333 1328
f 1328 1333 1327
f 1334 1333 1335
f 1335 1333 1332
f 1332 1331 1336
f 1336 1331 1337
f 1337 1331 1330
f 1338 1334 1335
f 1335 1339 1338
f 1338 1340 1341
f 1341 1342 1343
f 1343 1344 1345
f 1345 1303 1302
f 1303 1345 1344
f 1344 1343 1342
f 1342 1341 1340
f 1340 1338 1339
f 1346 1332 1336
f 1346 1335 1332
f 1322 1347 1323
f 1323 1347 1348
f 1349 1320 1350
f 1350 1320 1323
f 1323 1351 1350
f 1323 1348 1351
f 1349 1352 1321
f 1321 1320 1349
f 1321 1352 1353
f 1353 1325 1321
f 1325 1353 1329
f 1329 1353 1354
f 1354 1330 1329
f 1330 1354 1355
f 1355 1337 1330
f 1337 1355 1356
f 1309 1357 1310
f 1310 1357 1358
f 1358 1312 1310
f 1312 1358 1359
f 1359 1319 1314
f 1314 1312 1359
f 1314 1319 1318
f 1360 1313 1315
f 1315 1361 1360
f 1360 1362 1313
f 1313 1362 1311
f 1311 1362 1363
f 1363 1308 1311
f 1363 1306 1308
f 1363 1364 1306
f 1306 1364 1304
f 1304 1364 1365
f 1365 1301 1304
f 1301 1365 1366
f 1366 1302 1301
f 1302 1366 1367
f 1367 1345 1302
f 1345 1367 1368
f 1368 1369 1345
f 1345 1369 1343
f 1343 1369 1370
f 1370 1341 1343
f 1341 1370 1371
f 1371 1338 1341
f 1338 1371 1334
f 1334 1371 1372
f 1372 1333 1334
f 1372 1373 1333
f 1333 1373 1327
f 1327 1373 1374
f 1374 1326 1327
f 1374 1375 1326
f 1326 1375 1316
f 1316 1375 1376
f 1376 1361 1316
f 1316 1361 1315
f 1359 1377 1319
f 1319 1377 1322
f 1322 1377 1378
f 1378 1347 1322
f 1377 1359 1358
f 1358 1378 1377
f 1357 1379 1358
f 1358 1379 1378
f 1380 1309 1307
f 1307 1381 1380
f 1381 1307 1305
f 1305 1382 1381
f 1382 1305 1300
f 1300 1383 1382
f 1383 1300 1303
f 1303 1384 1383
f 1384 1303 1344
f 1344 1385 1384
f 1385 1344 1342
f 1342 1386 1385
f 1386 1342 1387
f 1387 1342 1340
f 1387 1340 1388
f 1388 1340 1339
f 1381 1389 1380
f 1381 1390 1389
f 1381 1382 1390
f 1390 1382 1391
f 1391 1382 1383
f 1383 1392 1391
f 1392 1383 1384
f 1384 1393 1392
f 1393 1384 1394
f 1394 1384 1385
f 1385 1395 1394
f 1395 1385 1386
f 1386 1396 1395
f 1396 1386 1387
f 1387 1397 1396
f 1397 1387 1388
f 1398 1389 1390
f 1390 1399 1398
f 1399 1390 1391
f 1391 1400 1399
f 1400 1391 1392
f 1392 1401 1400
f 1401 1392 1393
f 1402 1393 1394
f 1394 1403 1402
f 1403 1394 1404
f 1404 1394 1395
f 1395 1405 1404
f 1405 1395 1396
f 1396 1406 1405
f 1406 1396 1397
f 1401 1402 1407
f 1407 1402 1403
f 1403 1408 1407
f 1408 1403 1409
f 1409 1403 1404
f 1404 1410 1409
f 1410 1404 1405
f 1405 1411 1410
f 1411 1405 1406
f 1412 1346 1336
f 1336 1413 1412
f 1414 1415 1413
f 1413 1336 1337
f 1337 1414 1413
f 1414 1337 1356
f 1356 1416 1414
f 1412 1417 1346
f 1346 1417 1335
f 1417 1412 1418
f 1417 1339 1335
f 1419 1339 1417
f 1417 1418 1419
f 1419 1388 1339
f 1420 1411 1421
f 1421 1411 1406
f 1406 1422 1421
f 1422 1406 1397
f 1397 1423 1422
f 1423 1397 1388
f 1423 1388 1419
f 1407 1408 1279
f 1279 1408 1409
f 1409 1424 1279
f 1424 1409 1425
f 1425 1409 1410
f 1410 1426 1425
f 1426 1410 1411
f 1411 1427 1426
f 1427 1411 1420
f 1424 1428 1279
f 1279 1428 1280
f 1428 1424 1429
f 1429 1424 1425
f 1425 1430 1429
f 1430 1425 1426
f 1426 1431 1430
f 1431 1426 1427
f 1432 1433 1434
f 1434 1433 1293
f 1293 1435 1434
f 1435 1293 1292
f 1292 1436 1435
f 1436 1292 1291
f 1291 1437 1436
f 1437 1291 1286
f 1428 1286 1280
f 1428 1437 1286
f 1438 1354 1439
f 1439 1354 1353
f 1354 1438 1355
f 1355 1438 1440
f 1440 1356 1355
f 1356 1440 1441
f 1441 1416 1356
f 1416 1441 1442
f 1442 1443 1416
f 1443 1442 1444
f 1353 1352 1439
f 1352 1445 1439
f 1439 1445 1446
f 1446 1438 1439
f 1438 1446 1447
f 1447 1448 1438
f 1438 1448 1440
f 1440 1448 1449
f 1449 1441 1440
f 1441 1449 1450
f 1450 1442 1441
f 1442 1450 1451
f 1451 1444 1442
f 1352 1349 1445
f 1349 1452 1445
f 1445 1452 1453
f 1453 1446 1445
f 1446 1453 1454
f 1454 1455 1446
f 1446 1455 1447
f 1456 1449 1448
f 1449 1456 1457
f 1457 1450 1449
f 1450 1457 1458
f 1458 1451 1450
f 1349 1350 1452
f 1452 1350 1351
f 1459 1460 1461
f 1461 1460 1462
f 1462 1463 1461
f 1463 1462 1464
f 1464 1465 1463
f 1465 1464 1466
f 1466 1467 1465
f 1467 1466 1468
f 1460 1469 1470
f 1462 1470 1471
f 1471 1472 1462
f 1462 1472 1464
f 1464 1472 1473
f 1473 1466 1464
f 1466 1473 1474
f 1474 1468 1466
f 1475 1472 1471
f 1472 1475 1476
f 1476 1473 1472
f 1473 1476 1477
f 1477 1474 1473
f 1279 1467 1468
f 1468 1407 1279
f 1407 1468 1474
f 1474 1401 1407
f 1401 1474 1477
f 1477 1400 1401
f 1478 1476 1475
f 1476 1479 1477
f 1477 1479 1400
f 1476 1478 1479
f 1479 1399 1400
f 1479 1478 1399
f 1399 1478 1480
f 1309 1481 1357
f 1357 1481 1482
f 1482 1379 1357
f 1379 1482 1483
f 1483 1482 1484
f 1484 1485 1483
f 1482 1486 1484
f 1482 1481 1486
f 1486 1487 1488
f 1487 1486 1481
f 1481 1380 1487
f 1380 1481 1309
f 1389 1487 1380
f 1487 1489 1488
f 1488 1489 1490
f 1489 1487 1389
f 1389 1491 1489
f 1491 1398 1492
f 1493 1494 1490
f 1490 1489 1493
f 1485 1495 1483
f 1483 1495 1496
f 1496 1379 1483
f 1379 1496 1378
f 1378 1496 1497
f 1497 1347 1378
f 1347 1497 1498
f 1498 1348 1347
f 1348 1498 1499
f 1499 1351 1348
f 1499 1498 1500
f 1500 1498 1501
f 1501 1498 1497
f 1497 1502 1501
f 1502 1497 1496
f 1496 1495 1502
f 1448 1447 1455
f 1455 1456 1448
f 1500 1503 1504
f 1504 1499 1500
f 1499 1504 1505
f 1505 1351 1499
f 1351 1505 1452
f 1452 1505 1506
f 1506 1453 1452
f 1453 1506 1507
f 1507 1508 1509
f 1508 1507 1506
f 1506 1510 1508
f 1506 1505 1510
f 1510 1505 1511
f 1511 1505 1504
f 1504 1512 1511
f 1504 1503 1512
f 1454 1453 1507
f 1507 1513 1454
f 1454 1513 1455
f 1455 1513 1514
f 1514 1456 1455
f 1456 1514 1515
f 1515 1457 1456
f 1457 1515 1516
f 1516 1458 1457
f 1513 1517 1514
f 1514 1517 1518
f 1518 1515 1514
f 1515 1518 1519
f 1519 1516 1515
f 1513 1507 1517
f 1517 1507 1509
f 1492 1520 1489
f 1480 1521 1398
f 1480 1398 1399
f 1398 1521 1492
f 1520 1493 1489
f 1522 1494 1523
f 1523 1494 1493
f 1524 1525 1523
f 1523 1525 1522
f 1524 1526 1525
f 1525 1526 1527
f 1527 1526 1528
f 1528 1529 1527
f 1530 1529 1531
f 1531 1529 1528
f 1528 1532 1531
f 1532 1528 1533
f 1533 1534 1532
f 1534 1533 1535
f 1535 1478 1475
f 1475 1534 1535
f 1471 1534 1475
f 1471 1532 1534
f 1470 1462 1460
f 1471 1470 1532
f 1532 1470 1531
f 1531 1470 1469
f 1469 1530 1531
f 1536 1524 1523
f 1523 1493 1537
f 1537 1536 1523
f 1537 1493 1520
f 1520 1538 1537
f 1538 1520 1492
f 1492 1539 1538
f 1539 1492 1521
f 1521 1540 1539
f 1521 1480 1541
f 1528 1542 1533
f 1533 1542 1543
f 1543 1535 1533
f 1535 1543 1544
f 1544 1478 1535
f 1528 1526 1542
f 1544 1545 1478
f 1478 1545 1480
f 1480 1545 1541
f 1541 1540 1521
f 1546 1537 1538
f 1538 1547 1546
f 1546 1548 1536
f 1536 1537 1546
f 1547 1538 1539
f 1549 1547 1539
f 1549 1539 1540
f 1540 1550 1549
f 1540 1541 1550
f 1550 1541 1551
f 1551 1541 1545
f 1545 1552 1551
f 1545 1544 1552
f 1552 1544 1543
f 1543 1553 1552
f 1543 1554 1553
f 1543 1542 1554
f 1554 1542 1555
f 1555 1542 1526
f 1526 1556 1555
f 1556 1526 1524
f 1524 1536 1556
f 1556 1536 1548
f 1389 1398 1491
f 1489 1491 1492
f 1557 1558 1430
f 1430 1431 1557
f 1557 1559 1560
f 1560 1558 1557
f 1558 1429 1430
f 1558 1561 1429
f 1558 1562 1561
f 1560 1562 1558
f 1561 1428 1429
f 1561 1437 1428
f 1437 1563 1436
f 1563 1437 1561
f 1561 1562 1563
f 1564 1427 1420
f 1564 1565 1427
f 1565 1431 1427
f 1565 1566 1431
f 1566 1557 1431
f 1566 1567 1557
f 1567 1559 1557
f 1564 1420 1421
f 1443 1414 1416
f 1443 1415 1414
f 1415 1412 1413
f 1415 1418 1412
f 1568 1443 1569
f 1569 1443 1444
f 1444 1570 1569
f 1570 1444 1451
f 1451 1571 1570
f 1571 1451 1458
f 1458 1572 1571
f 1572 1458 1516
f 1516 1519 1572
f 1573 1415 1443
f 1443 1568 1573
f 1573 1418 1415
f 1573 1574 1418
f 1418 1575 1419
f 1575 1418 1574
f 1575 1423 1419
f 1576 1422 1423
f 1576 1577 1421
f 1421 1422 1576
f 1421 1577 1564
f 1578 1579 1580
f 1580 1579 1581
f 1579 1582 1581
f 1581 1582 1583
f 1583 1582 1584
f 1584 1585 1583
f 1584 1582 1586
f 1586 1587 1588
f 1588 1589 1590
f 1590 1591 1592
f 1592 1593 1594
f 1594 1595 1596
f 1597 1598 1599
f 1600 1601 1602
f 1602 1603 1604
f 1605 1606 1598
f 1600 1578 1601
f 1601 1603 1602
f 1594 1593 1595
f 1588 1587 1589
f 1589 1591 1590
f 1591 1593 1592
f 1586 1582 1587
f 1600 1579 1578
f 1582 1579 1600
f 1600 1587 1582
f 1587 1600 1602
f 1602 1589 1587
f 1589 1602 1591
f 1591 1602 1604
f 1604 1593 1591
f 1593 1604 1605
f 1605 1595 1593
f 1595 1605 1598
f 1598 1597 1595
f 1595 1597 1596
f 1584 1511 1512
f 1584 1512 1585
f 1586 1510 1584
f 1584 1510 1511
f 1508 1510 1586
f 1586 1588 1508
f 1508 1588 1509
f 1509 1588 1590
f 1590 1517 1509
f 1517 1590 1592
f 1592 1518 1517
f 1518 1592 1594
f 1594 1519 1518
f 1519 1594 1596
f 1607 1572 1596
f 1596 1572 1519
f 1607 1596 1597
f 1597 1608 1607
f 1609 1608 1597
f 1597 1599 1609
f 1609 1599 1610
f 1610 1611 1609
f 1612 1571 1572
f 1572 1607 1612
f 1612 1607 1613
f 1613 1607 1608
f 1608 1614 1613
f 1614 1608 1609
f 1609 1615 1614
f 1615 1609 1611
f 1616 1617 1618
f 1618 1617 1619
f 1619 1617 1620
f 1620 1621 1619
f 1619 1621 1622
f 1622 1623 1619
f 1619 1623 1624
f 1624 1618 1619
f 1616 1568 1617
f 1617 1568 1569
f 1569 1620 1617
f 1620 1569 1570
f 1570 1571 1620
f 1620 1571 1612
f 1612 1621 1620
f 1621 1612 1613
f 1613 1622 1621
f 1622 1613 1614
f 1614 1625 1622
f 1623 1626 1624
f 1625 1614 1615
f 1575 1576 1423
f 1576 1575 1627
f 1575 1574 1627
f 1627 1574 1573
f 1573 1568 1616
f 1616 1627 1573
f 1627 1628 1576
f 1628 1627 1629
f 1629 1630 1631
f 1629 1627 1630
f 1630 1632 1631
f 1630 1627 1616
f 1616 1618 1630
f 1630 1618 1632
f 1632 1618 1624
f 1633 1632 1624
f 1624 1626 1633
f 1633 1634 1632
f 1632 1634 1631
f 1635 1577 1576
f 1576 1628 1635
f 1635 1628 1636
f 1636 1628 1629
f 1629 1637 1636
f 1637 1629 1631
f 1637 1638 1636
f 1636 1638 1639
f 1639 1635 1636
f 1635 1639 1640
f 1640 1564 1635
f 1635 1564 1577
f 1637 1641 1638
f 1638 1641 1642
f 1642 1643 1638
f 1638 1643 1639
f 1639 1643 1644
f 1644 1640 1639
f 1640 1644 1645
f 1645 1565 1640
f 1640 1565 1564
f 1646 1647 1648
f 1648 1647 1649
f 1649 1650 1648
f 1650 1649 1651
f 1651 1652 1650
f 1652 1651 1653
f 1653 1651 1643
f 1643 1642 1653
f 1651 1649 1643
f 1643 1649 1644
f 1644 1649 1647
f 1647 1645 1644
f 1647 1566 1645
f 1645 1566 1565
f 1647 1567 1566
f 1647 1646 1567
f 1567 1646 1654
f 1654 1646 1648
f 1648 1655 1654
f 1655 1648 1650
f 1650 1656 1655
f 1656 1650 1652
f 1652 1657 1656
f 1654 1559 1567
f 1634 1637 1631
f 1625 1623 1622
f 1625 1626 1623
f 1634 1641 1637
f 1610 1599 1598
f 1598 1606 1610
f 1606 1605 1604
f 1604 1603 1606
f 1658 1657 1659
f 1659 1657 1652
f 1652 1660 1659
f 1660 1652 1653
f 1653 1661 1660
f 1661 1653 1642
f 1642 1662 1661
f 1662 1642 1641
f 1641 1663 1662
f 1663 1641 1634
f 1634 1664 1663
f 1664 1634 1633
f 1633 1665 1664
f 1665 1633 1626
f 1626 1666 1665
f 1666 1626 1625
f 1625 1667 1666
f 1667 1625 1615
f 1615 1668 1667
f 1668 1615 1611
f 1611 1669 1668
f 1669 1611 1610
f 1610 1606 1670
f 1670 1669 1610
f 1606 1603 1670
f 1670 1603 1671
f 1671 1603 1601
f 1601 1672 1671
f 1672 1601 1578
f 1673 1674 1675
f 1675 1674 1676
f 1673 1677 1678
f 1678 1677 1679
f 1679 1680 1681
f 1681 1680 1682
f 1682 1683 1684
f 1684 1683 1685
f 1685 1686 1687
f 1685 1687 1684
f 1684 1688 1682
f 1682 1688 1681
f 1681 1689 1679
f 1679 1689 1678
f 1678 1674 1673
f 1686 1690 1687
f 1686 1672 1691
f 1691 1690 1686
f 1672 1578 1691
f 1691 1578 1580
f 1692 1671 1686
f 1686 1671 1672
f 1692 1686 1685
f 1685 1693 1692
f 1693 1685 1683
f 1683 1694 1693
f 1694 1683 1682
f 1682 1695 1694
f 1695 1682 1680
f 1680 1696 1695
f 1696 1680 1679
f 1679 1697 1696
f 1697 1679 1677
f 1677 1698 1697
f 1698 1677 1673
f 1673 1699 1698
f 1699 1673 1675
f 1675 1700 1699
f 1701 1671 1692
f 1692 1693 1702
f 1702 1701 1692
f 1701 1670 1671
f 1670 1701 1669
f 1669 1701 1702
f 1702 1693 1694
f 1694 1703 1702
f 1703 1694 1695
f 1695 1704 1703
f 1702 1668 1669
f 1702 1667 1668
f 1702 1703 1667
f 1703 1666 1667
f 1703 1704 1666
f 1666 1704 1665
f 1704 1664 1665
f 1664 1705 1663
f 1663 1706 1662
f 1662 1707 1661
f 1661 1707 1660
f 1660 1708 1659
f 1659 1709 1658
f 1709 1659 1708
f 1708 1660 1707
f 1707 1662 1706
f 1706 1663 1705
f 1705 1664 1704
f 1704 1696 1705
f 1704 1695 1696
f 1696 1697 1705
f 1705 1697 1706
f 1706 1697 1698
f 1698 1707 1706
f 1698 1699 1707
f 1707 1699 1708
f 1708 1699 1700
f 1700 1709 1708
f 1709 1710 1658
f 1658 1710 1657
f 1657 1710 1711
f 1711 1656 1657
f 1711 1712 1656
f 1656 1712 1655
f 1655 1712 1713
f 1713 1654 1655
f 1654 1713 1714
f 1714 1559 1654
f 1714 1715 1559
f 1559 1715 1716
f 1716 1560 1559
f 1716 1562 1560
f 1711 1717 1712
f 1712 1717 1718
f 1718 1713 1712
f 1718 1719 1713
f 1713 1719 1714
f 1714 1719 1720
f 1720 1715 1714
f 1720 1721 1715
f 1715 1721 1716
f 1722 1717 1711
f 1711 1710 1722
f 1722 1710 1723
f 1723 1709 1700
f 1709 1723 1710
f 1700 1724 1723
f 1716 1725 1562
f 1562 1725 1563
f 1725 1726 1563
f 1563 1726 1436
f 1436 1726 1727
f 1727 1435 1436
f 1727 1728 1435
f 1435 1728 1434
f 1434 1728 1729
f 1729 1432 1434
f 1729 1730 1432
f 1675 1731 1700
f 1700 1731 1724
f 1731 1675 1732
f 1732 1675 1676
f 1733 1734 1459
f 1459 1461 1733
f 1733 1461 1463
f 1463 1735 1733
f 1735 1463 1736
f 1736 1463 1465
f 1736 1465 1737
f 1737 1465 1467
f 1737 1467 1279
f 1721 1725 1716
f 1738 1548 1546
f 1546 1739 1738
f 1739 1546 1547
f 1547 1740 1739
f 1740 1547 1549
f 1549 1741 1740
f 1741 1549 1550
f 1550 1742 1741
f 1742 1550 1551
f 1551 1743 1742
f 1743 1551 1552
f 1552 1744 1743
f 1552 1553 1744
f 1744 1553 1745
f 1745 1553 1746
f 1746 1553 1554
f 1554 1747 1746
f 1747 1554 1555
f 1555 1748 1747
f 1748 1555 1556
f 1556 1548 1748
f 1748 1548 1738
f 1745 1749 1744
f 1744 1749 1743
f 1743 1749 1742
f 1742 1749 1741
f 1741 1749 1740
f 1740 1749 1739
f 1739 1749 1738
f 1738 1749 1748
f 1748 1749 1747
f 1747 1749 1746
f 1746 1749 1745
f 1750 1751 1752
f 1752 1753 1750
f 1751 1754 1752
f 1754 1755 1752
f 1756 1755 1754
f 1757 1755 1756
f 1756 1758 1757
f 1758 1759 1757
f 1760 1759 1758
f 1758 1761 1760
f 1762 1760 1761
f 1761 1763 1762
f 1764 1762 1763
f 1763 1765 1764
f 1766 1765 1767
f 1764 1765 1766
f 1766 1768 1764
f 1769 1770 1768
f 1768 1771 1769
f 1769 1772 1770
f 1773 1772 1769
f 1768 1766 1774
f 1774 1771 1768
f 1775 1771 1774
f 1767 1776 1774
f 1774 1766 1767
f 1774 1776 1777
f 1777 1778 1774
f 1775 1774 1778
f 1778 1779 1775
f 1780 1779 1778
f 1778 1781 1780
f 1782 1781 1778
f 1778 1783 1782
f 1777 1783 1778
f 1784 1783 1785
f 1782 1783 1784
f 1786 1781 1782
f 1787 1781 1786
f 1780 1781 1787
f 1784 1785 1788
f 1788 1789 1784
f 1790 1791 1788
f 1792 1793 1790
f 1794 1795 1792
f 1750 1753 1794
f 1795 1794 1753
f 1793 1792 1795
f 1791 1790 1793
f 1789 1788 1791
f 1786 1782 1796
f 1782 1784 1796
f 1773 1797 1772
f 1798 1797 1773
f 1799 1769 1800
f 1773 1769 1799
f 1799 1801 1773
f 1801 1798 1773
f 1771 1802 1800
f 1800 1769 1771
f 1803 1802 1771
f 1771 1775 1803
f 1779 1803 1775
f 1804 1803 1779
f 1779 1780 1804
f 1805 1804 1780
f 1780 1787 1805
f 1806 1805 1787
f 1760 1807 1759
f 1808 1807 1760
f 1760 1762 1808
f 1809 1808 1762
f 1764 1770 1809
f 1809 1762 1764
f 1768 1770 1764
f 1765 1763 1810
f 1810 1811 1765
f 1763 1812 1810
f 1761 1812 1763
f 1813 1812 1761
f 1761 1758 1813
f 1758 1756 1813
f 1756 1814 1813
f 1754 1814 1756
f 1815 1814 1754
f 1754 1751 1815
f 1816 1815 1751
f 1751 1750 1816
f 1817 1816 1750
f 1750 1794 1817
f 1818 1817 1794
f 1794 1819 1818
f 1792 1819 1794
f 1820 1819 1792
f 1792 1790 1820
f 1821 1820 1790
f 1790 1788 1821
f 1785 1821 1788
f 1822 1821 1785
f 1785 1783 1822
f 1783 1823 1822
f 1777 1823 1783
f 1824 1823 1777
f 1777 1776 1824
f 1776 1825 1824
f 1767 1825 1776
f 1826 1825 1767
f 1767 1811 1826
f 1765 1811 1767
f 1770 1827 1809
f 1772 1827 1770
f 1828 1827 1772
f 1772 1797 1828
f 1808 1809 1827
f 1827 1828 1808
f 1808 1829 1807
f 1828 1829 1808
f 1757 1759 1830
f 1830 1831 1757
f 1755 1757 1831
f 1831 1832 1755
f 1752 1755 1832
f 1832 1833 1752
f 1753 1752 1833
f 1833 1834 1753
f 1795 1753 1834
f 1834 1835 1795
f 1793 1795 1835
f 1835 1836 1793
f 1837 1793 1836
f 1791 1793 1837
f 1838 1791 1837
f 1789 1791 1838
f 1830 1839 1831
f 1839 1840 1831
f 1840 1832 1831
f 1841 1832 1840
f 1833 1832 1841
f 1841 1842 1833
f 1834 1833 1842
f 1842 1843 1834
f 1844 1834 1843
f 1835 1834 1844
f 1844 1845 1835
f 1836 1835 1845
f 1845 1846 1836
f 1837 1836 1846
f 1846 1847 1837
f 1838 1837 1847
f 1840 1839 1848
f 1848 1849 1840
f 1841 1840 1849
f 1849 1850 1841
f 1842 1841 1850
f 1850 1851 1842
f 1843 1842 1851
f 1851 1852 1843
f 1844 1843 1852
f 1852 1853 1844
f 1854 1844 1853
f 1845 1844 1854
f 1854 1855 1845
f 1846 1845 1855
f 1855 1856 1846
f 1847 1846 1856
f 1857 1852 1851
f 1853 1852 1857
f 1857 1858 1853
f 1859 1853 1858
f 1854 1853 1859
f 1859 1860 1854
f 1855 1854 1860
f 1860 1861 1855
f 1856 1855 1861
f 1786 1796 1862
f 1862 1863 1786
f 1863 1864 1865
f 1787 1786 1863
f 1863 1865 1787
f 1806 1787 1865
f 1865 1866 1806
f 1796 1867 1862
f 1784 1867 1796
f 1868 1862 1867
f 1784 1789 1867
f 1867 1789 1869
f 1869 1868 1867
f 1789 1838 1869
f 1870 1861 1871
f 1856 1861 1870
f 1870 1872 1856
f 1847 1856 1872
f 1872 1873 1847
f 1838 1847 1873
f 1869 1838 1873
f 1874 1858 1857
f 1859 1858 1874
f 1874 1875 1859
f 1876 1859 1875
f 1860 1859 1876
f 1876 1877 1860
f 1861 1860 1877
f 1877 1878 1861
f 1871 1861 1878
f 1874 1879 1875
f 1880 1879 1874
f 1881 1875 1879
f 1876 1875 1881
f 1881 1882 1876
f 1877 1876 1882
f 1882 1883 1877
f 1878 1877 1883
f 1884 1433 1432
f 1885 1433 1884
f 1884 1886 1885
f 1887 1885 1886
f 1886 1888 1887
f 1889 1887 1888
f 1888 1890 1889
f 1891 1889 1890
f 1880 1891 1879
f 1891 1890 1879
f 1892 1804 1893
f 1803 1804 1892
f 1805 1893 1804
f 1894 1893 1805
f 1805 1806 1894
f 1895 1894 1806
f 1806 1866 1895
f 1896 1895 1866
f 1866 1897 1896
f 1898 1896 1897
f 1892 1802 1803
f 1892 1899 1802
f 1900 1899 1892
f 1892 1893 1900
f 1901 1900 1893
f 1893 1902 1901
f 1894 1902 1893
f 1903 1902 1894
f 1894 1895 1903
f 1904 1903 1895
f 1895 1896 1904
f 1905 1904 1896
f 1896 1898 1905
f 1899 1800 1802
f 1899 1906 1800
f 1907 1906 1899
f 1899 1900 1907
f 1908 1907 1900
f 1900 1909 1908
f 1901 1909 1900
f 1902 1903 1910
f 1911 1910 1903
f 1903 1904 1911
f 1912 1911 1904
f 1904 1905 1912
f 1906 1799 1800
f 1801 1799 1906
f 1913 1460 1459
f 1914 1460 1913
f 1913 1915 1914
f 1916 1914 1915
f 1915 1917 1916
f 1918 1916 1917
f 1917 1919 1918
f 1920 1918 1919
f 1921 1469 1460
f 1922 1921 1914
f 1914 1923 1922
f 1916 1923 1914
f 1924 1923 1916
f 1916 1918 1924
f 1925 1924 1918
f 1918 1920 1925
f 1922 1923 1926
f 1927 1926 1923
f 1923 1924 1927
f 1928 1927 1924
f 1924 1925 1928
f 1920 1919 1874
f 1874 1857 1920
f 1925 1920 1857
f 1857 1851 1925
f 1928 1925 1851
f 1851 1850 1928
f 1926 1927 1929
f 1928 1930 1927
f 1850 1930 1928
f 1930 1929 1927
f 1850 1849 1930
f 1849 1929 1930
f 1931 1929 1849
f 1807 1932 1759
f 1933 1932 1807
f 1807 1829 1933
f 1934 1933 1829
f 1484 1933 1934
f 1934 1485 1484
f 1484 1486 1933
f 1486 1932 1933
f 1488 1935 1486
f 1932 1486 1935
f 1935 1830 1932
f 1759 1932 1830
f 1830 1935 1839
f 1488 1936 1935
f 1490 1936 1488
f 1839 1935 1936
f 1936 1937 1839
f 1938 1848 1937
f 1490 1494 1939
f 1939 1936 1490
f 1934 1495 1485
f 1940 1495 1934
f 1934 1829 1940
f 1828 1940 1829
f 1941 1940 1828
f 1828 1797 1941
f 1942 1941 1797
f 1797 1798 1942
f 1943 1942 1798
f 1798 1801 1943
f 1500 1942 1943
f 1501 1942 1500
f 1941 1942 1501
f 1501 1502 1941
f 1940 1941 1502
f 1502 1495 1940
f 1909 1901 1902
f 1902 1910 1909
f 1944 1503 1500
f 1500 1943 1944
f 1945 1944 1943
f 1943 1801 1945
f 1906 1945 1801
f 1946 1945 1906
f 1906 1907 1946
f 1947 1946 1907
f 1948 1949 1947
f 1946 1947 1949
f 1949 1950 1946
f 1950 1945 1946
f 1951 1945 1950
f 1944 1945 1951
f 1951 1512 1944
f 1512 1503 1944
f 1947 1907 1908
f 1908 1952 1947
f 1909 1952 1908
f 1953 1952 1909
f 1909 1910 1953
f 1954 1953 1910
f 1910 1911 1954
f 1955 1954 1911
f 1911 1912 1955
f 1953 1956 1952
f 1957 1956 1953
f 1953 1954 1957
f 1958 1957 1954
f 1954 1955 1958
f 1956 1947 1952
f 1948 1947 1956
f 1936 1959 1938
f 1848 1960 1931
f 1849 1848 1931
f 1938 1960 1848
f 1936 1939 1959
f 1961 1494 1962
f 1939 1494 1961
f 1961 1525 1963
f 1962 1525 1961
f 1525 1964 1963
f 1527 1964 1525
f 1965 1964 1527
f 1527 1529 1965
f 1966 1529 1530
f 1965 1529 1966
f 1966 1967 1965
f 1968 1965 1967
f 1967 1969 1968
f 1970 1968 1969
f 1926 1929 1970
f 1970 1969 1926
f 1926 1969 1922
f 1969 1967 1922
f 1460 1914 1921
f 1967 1921 1922
f 1966 1921 1967
f 1469 1921 1966
f 1966 1530 1469
f 1961 1963 1971
f 1972 1939 1961
f 1961 1971 1972
f 1959 1939 1972
f 1972 1973 1959
f 1938 1959 1973
f 1973 1974 1938
f 1960 1938 1974
f 1974 1975 1960
f 1976 1931 1960
f 1968 1977 1965
f 1978 1977 1968
f 1968 1970 1978
f 1979 1978 1970
f 1970 1929 1979
f 1977 1964 1965
f 1929 1980 1979
f 1931 1980 1929
f 1976 1980 1931
f 1960 1975 1976
f 1973 1972 1981
f 1981 1982 1973
f 1971 1983 1981
f 1981 1972 1971
f 1974 1973 1982
f 1974 1982 1984
f 1975 1974 1984
f 1984 1985 1975
f 1985 1976 1975
f 1986 1976 1985
f 1980 1976 1986
f 1986 1987 1980
f 1987 1979 1980
f 1978 1979 1987
f 1987 1988 1978
f 1988 1989 1978
f 1989 1977 1978
f 1990 1977 1989
f 1964 1977 1990
f 1990 1991 1964
f 1963 1964 1991
f 1991 1971 1963
f 1983 1971 1991
f 1937 1848 1839
f 1938 1937 1936
f 1882 1992 1993
f 1993 1883 1882
f 1994 1995 1993
f 1993 1992 1994
f 1882 1881 1992
f 1881 1996 1992
f 1996 1997 1992
f 1992 1997 1994
f 1881 1879 1996
f 1879 1890 1996
f 1888 1998 1890
f 1996 1890 1998
f 1998 1997 1996
f 1871 1878 1999
f 1878 2000 1999
f 1878 1883 2000
f 1883 2001 2000
f 1883 1993 2001
f 1993 2002 2001
f 1993 1995 2002
f 1870 1871 1999
f 1866 1865 1897
f 1865 1864 1897
f 1863 1862 1864
f 1862 1868 1864
f 2003 1897 2004
f 1898 1897 2003
f 2003 2005 1898
f 1905 1898 2005
f 2005 2006 1905
f 1912 1905 2006
f 2006 2007 1912
f 1955 1912 2007
f 2007 1958 1955
f 1897 1864 2008
f 2008 2004 1897
f 1864 1868 2008
f 1868 2009 2008
f 1869 2010 1868
f 2009 1868 2010
f 1869 1873 2010
f 1873 1872 2011
f 1870 2012 2011
f 2011 1872 1870
f 1999 2012 1870
f 1580 2013 2014
f 1581 2013 1580
f 1581 2015 2013
f 1583 2015 1581
f 2016 2015 1583
f 1583 1585 2016
f 2017 2015 2016
f 2018 2019 2017
f 2020 2021 2018
f 2022 2023 2020
f 2024 2025 2022
f 2026 2027 2024
f 2028 2029 2030
f 2031 2032 2033
f 2034 2035 2031
f 2029 2036 2037
f 2032 2014 2033
f 2031 2035 2032
f 2027 2025 2024
f 2021 2019 2018
f 2020 2023 2021
f 2022 2025 2023
f 2019 2015 2017
f 2014 2013 2033
f 2033 2013 2015
f 2015 2019 2033
f 2031 2033 2019
f 2019 2021 2031
f 2023 2031 2021
f 2034 2031 2023
f 2023 2025 2034
f 2037 2034 2025
f 2025 2027 2037
f 2029 2037 2027
f 2027 2030 2029
f 2026 2030 2027
f 1512 1951 2016
f 1585 1512 2016
f 2016 1950 2017
f 1951 1950 2016
f 2017 1950 1949
f 1949 2018 2017
f 1948 2018 1949
f 2020 2018 1948
f 1948 1956 2020
f 2022 2020 1956
f 1956 1957 2022
f 2024 2022 1957
f 1957 1958 2024
f 2026 2024 1958
f 2026 2007 2038
f 1958 2007 2026
f 2030 2026 2038
f 2038 2039 2030
f 2030 2039 2040
f 2040 2028 2030
f 2041 2028 2040
f 2040 2042 2041
f 2007 2006 2043
f 2043 2038 2007
f 2044 2038 2043
f 2039 2038 2044
f 2044 2045 2039
f 2040 2039 2045
f 2045 2046 2040
f 2042 2040 2046
f 2047 2048 2049
f 2050 2048 2047
f 2051 2048 2050
f 2050 2052 2051
f 2053 2052 2050
f 2050 2054 2053
f 2055 2054 2050
f 2050 2047 2055
f 2048 2004 2049
f 2003 2004 2048
f 2048 2051 2003
f 2005 2003 2051
f 2051 2006 2005
f 2043 2006 2051
f 2051 2052 2043
f 2044 2043 2052
f 2052 2053 2044
f 2045 2044 2053
f 2053 2056 2045
f 2055 2057 2054
f 2046 2045 2056
f 1873 2011 2010
f 2058 2010 2011
f 2058 2009 2010
f 2008 2009 2058
f 2049 2004 2008
f 2008 2058 2049
f 2011 2059 2058
f 2060 2058 2059
f 2061 2062 2060
f 2062 2058 2060
f 2061 2063 2062
f 2049 2058 2062
f 2062 2047 2049
f 2063 2047 2062
f 2055 2047 2063
f 2055 2063 2064
f 2064 2057 2055
f 2063 2065 2064
f 2061 2065 2063
f 2011 2012 2066
f 2066 2059 2011
f 2067 2059 2066
f 2060 2059 2067
f 2067 2068 2060
f 2061 2060 2068
f 2067 2069 2068
f 2070 2069 2067
f 2067 2066 2070
f 2071 2070 2066
f 2066 1999 2071
f 2012 1999 2066
f 2069 2072 2068
f 2073 2072 2069
f 2069 2074 2073
f 2070 2074 2069
f 2075 2074 2070
f 2070 2071 2075
f 2076 2075 2071
f 2071 2000 2076
f 1999 2000 2071
f 2077 2078 2079
f 2080 2078 2077
f 2077 2081 2080
f 2082 2080 2081
f 2081 2083 2082
f 2084 2082 2083
f 2074 2082 2084
f 2084 2073 2074
f 2074 2080 2082
f 2075 2080 2074
f 2078 2080 2075
f 2075 2076 2078
f 2076 2001 2078
f 2000 2001 2076
f 2001 2002 2078
f 2002 2079 2078
f 2085 2079 2002
f 2077 2079 2085
f 2085 2086 2077
f 2081 2077 2086
f 2086 2087 2081
f 2083 2081 2087
f 2087 2088 2083
f 2061 2068 2065
f 2053 2054 2056
f 2054 2057 2056
f 2068 2072 2065
f 2029 2028 2041
f 2041 2036 2029
f 2034 2037 2036
f 2036 2035 2034
f 2089 2088 2090
f 2083 2088 2089
f 2089 2091 2083
f 2084 2083 2091
f 2091 2092 2084
f 2073 2084 2092
f 2092 2093 2073
f 2072 2073 2093
f 2093 2094 2072
f 2065 2072 2094
f 2094 2095 2065
f 2064 2065 2095
f 2095 2096 2064
f 2057 2064 2096
f 2096 2097 2057
f 2056 2057 2097
f 2097 2098 2056
f 2046 2056 2098
f 2098 2099 2046
f 2042 2046 2099
f 2099 2100 2042
f 2041 2042 2100
f 2101 2036 2041
f 2041 2100 2101
f 2101 2035 2036
f 2102 2035 2101
f 2032 2035 2102
f 2102 2103 2032
f 2014 2032 2103
f 2104 1674 2105
f 1676 1674 2104
f 1678 2106 2105
f 2107 2106 1678
f 1681 2108 2107
f 2109 2108 1681
f 1684 2110 2109
f 2111 2110 1684
f 1687 2112 2111
f 1684 1687 2111
f 2109 1688 1684
f 1681 1688 2109
f 2107 1689 1681
f 1678 1689 2107
f 2105 1674 1678
f 1687 1690 2112
f 1691 2103 2112
f 2112 1690 1691
f 1691 2014 2103
f 1580 2014 1691
f 2112 2102 2113
f 2103 2102 2112
f 2111 2112 2113
f 2113 2114 2111
f 2110 2111 2114
f 2114 2115 2110
f 2109 2110 2115
f 2115 2116 2109
f 2108 2109 2116
f 2116 2117 2108
f 2107 2108 2117
f 2117 2118 2107
f 2106 2107 2118
f 2118 2119 2106
f 2105 2106 2119
f 2119 2120 2105
f 2104 2105 2120
f 2120 2121 2104
f 2113 2102 2122
f 2123 2114 2113
f 2113 2122 2123
f 2102 2101 2122
f 2100 2122 2101
f 2123 2122 2100
f 2115 2114 2123
f 2123 2124 2115
f 2116 2115 2124
f 2124 2125 2116
f 2100 2099 2123
f 2099 2098 2123
f 2098 2124 2123
f 2098 2097 2124
f 2097 2125 2124
f 2096 2125 2097
f 2096 2095 2125
f 2094 2126 2095
f 2093 2127 2094
f 2092 2128 2093
f 2091 2128 2092
f 2089 2129 2091
f 2090 2130 2089
f 2129 2089 2130
f 2128 2091 2129
f 2127 2093 2128
f 2126 2094 2127
f 2125 2095 2126
f 2126 2117 2125
f 2117 2116 2125
f 2126 2118 2117
f 2127 2118 2126
f 2119 2118 2127
f 2127 2128 2119
f 2128 2120 2119
f 2129 2120 2128
f 2121 2120 2129
f 2129 2130 2121
f 2090 2131 2130
f 2088 2131 2090
f 2132 2131 2088
f 2088 2087 2132
f 2087 2133 2132
f 2086 2133 2087
f 2134 2133 2086
f 2086 2085 2134
f 2135 2134 2085
f 2085 1995 2135
f 1995 2136 2135
f 2137 2136 1995
f 1995 1994 2137
f 1994 1997 2137
f 2133 2138 2132
f 2139 2138 2133
f 2133 2134 2139
f 2134 2140 2139
f 2135 2140 2134
f 2141 2140 2135
f 2135 2136 2141
f 2136 2142 2141
f 2137 2142 2136
f 2132 2138 2143
f 2143 2131 2132
f 2144 2131 2143
f 2121 2130 2144
f 2131 2144 2130
f 2144 2145 2121
f 1997 2146 2137
f 1998 2146 1997
f 1998 2147 2146
f 1888 2147 1998
f 2148 2147 1888
f 1888 1886 2148
f 1886 2149 2148
f 1884 2149 1886
f 2150 2149 1884
f 1884 1432 2150
f 1432 1730 2150
f 2121 2151 2104
f 2145 2151 2121
f 1732 2104 2151
f 1676 2104 1732
f 1459 1734 2152
f 2152 1913 1459
f 1915 1913 2152
f 2152 2153 1915
f 2154 1915 2153
f 1917 1915 2154
f 2155 1917 2154
f 1919 1917 2155
f 1874 1919 2155
f 2137 2146 2142
f 1981 1983 2156
f 2156 2157 1981
f 1982 1981 2157
f 2157 2158 1982
f 1984 1982 2158
f 2158 2159 1984
f 1985 1984 2159
f 2159 2160 1985
f 1986 1985 2160
f 2160 2161 1986
f 1987 1986 2161
f 2161 2162 1987
f 2162 1988 1987
f 2163 1988 2162
f 2164 1988 2163
f 1989 1988 2164
f 2164 2165 1989
f 1990 1989 2165
f 2165 2166 1990
f 1991 1990 2166
f 2166 1983 1991
f 2156 1983 2166
f 2162 2167 2163
f 2161 2167 2162
f 2160 2167 2161
f 2159 2167 2160
f 2158 2167 2159
f 2157 2167 2158
f 2156 2167 2157
f 2166 2167 2156
f 2165 2167 2166
f 2164 2167 2165
f 2163 2167 2164
f 2168 2169 2170
f 2171 2168 2170
f 2172 2173 2169
f 2168 2172 2169
f 2174 2175 2173
f 2172 2174 2173
f 2176 2177 2175
f 2174 2176 2175
f 2178 2179 2177
f 2176 2178 2177
f 2180 2181 2179
f 2178 2180 2179
f 2182 2183 2181
f 2180 2182 2181
f 2184 2185 2183
f 2182 2184 2183
f 2186 2187 2185
f 2184 2186 2185
f 2188 2189 2187
f 2186 2188 2187
f 2190 2191 2189
f 2188 2190 2189
f 2192 2193 2191
f 2190 2192 2191
f 2194 2195 2193
f 2192 2194 2193
f 2196 2197 2195
f 2194 2196 2195
f 2171 2170 2197
f 2196 2171 2197
f 2198 2168 2171
f 2199 2198 2171
f 2200 2172 2168
f 2198 2200 2168
f 2201 2174 2172
f 2200 2201 2172
f 2202 2176 2174
f 2201 2202 2174
f 2203 2178 2176
f 2202 2203 2176
f 2204 2180 2178
f 2203 2204 2178
f 2205 2182 2180
f 2204 2205 2180
f 2206 2184 2182
f 2205 2206 2182
f 2207 2186 2184
f 2206 2207 2184
f 2208 2188 2186
f 2207 2208 2186
f 2209 2190 2188
f 2208 2209 2188
f 2210 2192 2190
f 2209 2210 2190
f 2211 2194 2192
f 2210 2211 2192
f 2212 2196 2194
f 2211 2212 2194
f 2199 2171 2196
f 2212 2199 2196
f 2203 2202 2201
f 2204 2203 2201
f 2204 2201 2200
f 2204 2200 2198
f 2205 2204 2198
f 2206 2205 2198
f 2207 2206 2198
f 2208 2207 2198
f 2209 2208 2198
f 2209 2198 2199
f 2210 2209 2199
f 2210 2199 2212
f 2211 2210 2212
f 2177 2179 2213
f 2213 2214 2177
f 2175 2177 2214
f 2214 2215 2175
f 2179 2181 2216
f 2216 2213 2179
f 2173 2175 2215
f 2215 2217 2173
f 2169 2173 2217
f 2217 2218 2169
f 2181 2183 2219
f 2219 2216 2181
f 2183 2185 2220
f 2220 2219 2183
f 2185 2187 2221
f 2221 2220 2185
f 2187 2189 2222
f 2222 2221 2187
f 2189 2191 2223
f 2223 2222 2189
f 2170 2169 2218
f 2218 2224 2170
f 2191 2193 2225
f 2225 2223 2191
f 2197 2170 2224
f 2224 2226 2197
f 2193 2195 2227
f 2227 2225 2193
f 2195 2197 2226
f 2226 2227 2195
f 2214 2213 2228
f 2228 2229 2214
f 2215 2214 2229
f 2229 2230 2215
f 2213 2216 2231
f 2231 2228 2213
f 2217 2215 2230
f 2230 2232 2217
f 2218 2217 2232
f 2232 2233 2218
f 2216 2219 2234
f 2234 2231 2216
f 2219 2220 2235
f 2235 2234 2219
f 2220 2221 2236
f 2236 2235 2220
f 2221 2222 2237
f 2237 2236 2221
f 2222 2223 2238
f 2238 2237 2222
f 2224 2218 2233
f 2233 2239 2224
f 2223 2225 2240
f 2240 2238 2223
f 2226 2224 2239
f 2239 2241 2226
f 2225 2227 2242
f 2242 2240 2225
f 2227 2226 2241
f 2241 2242 2227
f 2243 2244 2232
f 2245 2233 2232
f 2232 2244 2245
f 2233 2245 2246
f 2246 2239 2233
f 2241 2239 2246
f 2246 2247 2241
f 2248 2241 2247
f 2242 2241 2248
f 2248 2249 2242
f 2240 2242 2249
f 2250 2251 2252
f 2252 2253 2250
f 2253 2254 2250
f 2254 2255 2250
f 2256 2255 2254
f 2257 2255 2256
f 2256 2258 2257
f 2258 2259 2257
f 2260 2259 2258
f 2261 2259 2260
f 2262 2259 2261
f 2261 2263 2262
f 2264 2262 2263
f 2263 2265 2264
f 2266 2264 2265
f 2265 2267 2266
f 2268 2266 2267
f 2267 2269 2268
f 2231 2234 2270
f 2270 2228 2231
f 2229 2228 2270
f 2270 2271 2229
f 2230 2229 2271
f 2271 2243 2230
f 2232 2230 2243
f 2236 2272 2235
f 2273 2272 2236
f 2236 2274 2273
f 2275 2274 2236
f 2236 2276 2275
f 2277 2276 2236
f 2236 2278 2277
f 2237 2278 2236
f 2238 2278 2237
f 2238 2240 2252
f 2252 2251 2238
f 2278 2238 2251
f 2251 2250 2278
f 2240 2249 2253
f 2253 2252 2240
f 2249 2248 2254
f 2254 2253 2249
f 2277 2278 2250
f 2250 2255 2277
f 2248 2247 2256
f 2256 2254 2248
f 2276 2277 2255
f 2255 2257 2276
f 2247 2246 2258
f 2258 2256 2247
f 2275 2276 2257
f 2257 2259 2275
f 2246 2245 2260
f 2260 2258 2246
f 2245 2244 2261
f 2261 2260 2245
f 2274 2275 2259
f 2259 2262 2274
f 2244 2243 2263
f 2263 2261 2244
f 2273 2274 2262
f 2262 2264 2273
f 2243 2271 2265
f 2265 2263 2243
f 2272 2273 2264
f 2264 2266 2272
f 2271 2270 2267
f 2267 2265 2271
f 2235 2272 2266
f 2266 2268 2235
f 2234 2235 2268
f 2268 2269 2234
f 2270 2234 2269
f 2269 2267 2270
f 2279 1270 1269
f 2280 1270 2279
f 2279 2281 2280
f 2282 2280 2281
f 2281 2283 2282
f 2284 2282 2283
f 2283 2285 2284
f 2286 2284 2285
f 1880 1874 2286
f 2286 2285 1880
f 1269 2287 2279
f 1282 2287 1269
f 2288 2279 2287
f 2281 2279 2288
f 2288 2289 2281
f 2283 2281 2289
f 2289 2290 2283
f 2285 2283 2290
f 2290 1891 2285
f 1880 2285 1891
f 2291 1282 1287
f 2287 1282 2291
f 2291 2288 2287
f 2292 2288 2291
f 2289 2288 2292
f 2292 2293 2289
f 2290 2289 2293
f 2293 1889 2290
f 1891 2290 1889
f 1889 2293 1887
f 2293 2292 1887
f 2292 1885 1887
f 2291 1885 2292
f 1294 1885 2291
f 2291 1287 1294
f 2280 1295 1270
f 2294 1295 2280
f 2280 2282 2294
f 2295 2294 2282
f 2282 2284 2295
f 2296 2295 2284
f 2284 2286 2296
f 2297 2296 2286
f 2286 1874 2297
f 2154 2153 2298
f 2298 2299 2154
f 2153 2152 2298
f 2300 2301 2152
f 2298 2152 2301
f 2301 2302 2298
f 2299 2298 2302
f 2302 2303 2299
f 2304 2299 2303
f 2303 2305 2304
f 2306 2304 2305
f 2305 2307 2306
f 2306 2308 2304
f 2309 2155 2154
f 2299 2304 2309
f 2309 2154 2299
f 2304 2308 2309
f 1874 2155 2309
f 2309 2308 1874
f 2310 2311 2312
f 2312 2313 2310
f 2314 2310 2313
f 2313 2315 2314
f 2315 2313 2316
f 2316 2317 2315
f 1874 2317 2316
f 2316 2297 1874
f 2296 2297 2316
f 2316 2313 2312
f 2312 2296 2316
f 2312 2295 2296
f 2294 2295 2312
f 2311 2318 2294
f 2294 2312 2311
f 2315 2319 2314
f 2320 2319 2315
f 2315 2317 2320
f 2321 2320 2317
f 2317 2322 2321
f 1874 2322 2317
f 1821 2323 1820
f 2323 2324 1820
f 2324 2325 1820
f 1812 1815 2326
f 1814 1815 1812
f 1812 1813 1814
f 2327 2328 1816
f 1816 1817 2327
f 1817 1818 2327
f 2329 2330 1818
f 1825 1826 2331
f 2331 2332 1825
f 1811 2333 2334
f 2331 1826 1811
f 2332 2335 1825
f 1811 2334 2331
f 1812 2326 1810
f 2325 1819 1820
f 1824 2336 2325
f 2325 2324 1824
f 2335 2336 1824
f 1824 1825 2335
f 1810 2326 2333
f 2333 1811 1810
f 2326 1815 2337
f 1815 1816 2337
f 1819 2329 1818
f 2325 2329 1819
f 2338 2329 2325
f 2325 2336 2338
f 2333 2326 2339
f 2339 2326 2337
f 2328 2337 1816
f 2330 2327 1818
f 2327 2340 2328
f 2341 2340 2327
f 2327 2342 2341
f 2330 2342 2327
f 2343 2342 2330
f 2330 2329 2343
f 2344 2343 2329
f 2329 2338 2344
f 2345 2344 2338
f 2338 2336 2345
f 2346 2345 2336
f 2336 2335 2346
f 2347 2346 2335
f 2335 2332 2347
f 2348 2347 2332
f 2332 2331 2348
f 2331 2349 2348
f 2334 2349 2331
f 2350 2349 2334
f 2334 2333 2350
f 2339 2351 2350
f 2350 2333 2339
f 2337 2352 2351
f 2351 2339 2337
f 2328 2340 2352
f 2352 2337 2328
f 2342 2353 2341
f 2343 2353 2342
f 2344 2353 2343
f 2345 2353 2344
f 2346 2353 2345
f 2347 2353 2346
f 2348 2353 2347
f 2349 2353 2348
f 2350 2353 2349
f 2351 2353 2350
f 2352 2353 2351
f 2340 2353 2352
f 2341 2353 2340
f 2354 2311 2310
f 2310 2355 2354
f 2355 2310 2314
f 2314 2356 2355
f 2357 2355 2356
f 2356 2358 2357
f 2357 2358 1279
f 1279 1299 2357
f 2357 1299 1298
f 2354 2355 2357
f 2357 1298 2354
f 1298 1297 2354
f 2354 1297 1296
f 1296 2318 2311
f 2311 2354 1296
f 2314 2319 2356
f 2356 2319 2359
f 2359 2358 2356
f 2358 2359 2360
f 2360 2361 2358
f 2358 2361 1279
f 2362 1735 1736
f 1736 2363 2362
f 2362 1733 1735
f 1733 2301 2300
f 2301 1733 2362
f 2362 2302 2301
f 2302 2362 2363
f 2363 2303 2302
f 2303 2363 2364
f 2364 2305 2303
f 2305 2364 2365
f 2365 2307 2305
f 2364 2366 2365
f 1736 1737 2367
f 2367 2364 2363
f 2363 1736 2367
f 2367 2366 2364
f 2367 1737 1279
f 1279 2366 2367
f 2368 2369 1371
f 2368 1373 2369
f 2368 2370 1373
f 2371 1365 2372
f 2372 1365 1364
f 1364 2373 2372
f 1366 2374 2375
f 2375 1367 1366
f 2375 1368 1367
f 1368 2376 2377
f 2378 1376 2379
f 2379 2380 2378
f 2381 2382 1361
f 1361 1376 2378
f 2379 2383 2380
f 2378 2381 1361
f 2384 2371 2372
f 2368 1369 2370
f 2370 2385 1374
f 1374 1373 2370
f 1374 2385 2383
f 2383 2379 1374
f 2382 2371 2384
f 2384 1361 2382
f 2386 1365 2371
f 2386 1366 1365
f 1368 2377 1369
f 1369 2377 2370
f 2370 2377 2387
f 2387 2385 2370
f 2388 2371 2382
f 2386 2371 2388
f 1366 2386 2374
f 1368 2375 2376
f 2374 2389 2375
f 2375 2389 2390
f 2390 2391 2375
f 2375 2391 2376
f 2376 2391 2392
f 2392 2377 2376
f 2377 2392 2393
f 2393 2387 2377
f 2387 2393 2394
f 2394 2385 2387
f 2385 2394 2395
f 2395 2383 2385
f 2383 2395 2396
f 2396 2380 2383
f 2380 2396 2397
f 2397 2378 2380
f 2397 2398 2378
f 2378 2398 2381
f 2381 2398 2399
f 2399 2382 2381
f 2399 2400 2388
f 2388 2382 2399
f 2400 2401 2386
f 2386 2388 2400
f 2401 2389 2374
f 2374 2386 2401
f 2390 2402 2391
f 2391 2402 2392
f 2392 2402 2393
f 2393 2402 2394
f 2394 2402 2395
f 2395 2402 2396
f 2396 2402 2397
f 2397 2402 2398
f 2398 2402 2399
f 2399 2402 2400
f 2400 2402 2401
f 2401 2402 2389
f 2389 2402 2390
f 2403 2404 2405
f 2403 2405 2406
f 2403 2406 2407
f 2408 2403 2407
f 2408 2407 2409
f 2410 2408 2409
f 2410 2409 2411
f 2412 2410 2411
f 2412 2411 2413
f 2414 2412 2413
f 2415 2416 2417
f 2415 2417 2418
f 2415 2418 2419
f 2420 2415 2419
f 2420 2419 2421
f 2422 2420 2421
f 2422 2421 2423
f 2424 2422 2423
f 2424 2423 2425
f 2426 2424 2425
f 2426 2425 2427
f 2428 2429 2430
f 2431 2428 2430
f 2431 2430 2432
f 2431 2432 2433
f 2434 2431 2433
f 2434 2433 2435
f 2436 2437 2438
f 2439 2436 2438
f 2439 2438 2440
f 2441 2439 2440
f 2441 2440 2442
f 2443 2441 2442
f 2443 2442 2444
f 2445 2443 2444
f 2446 2445 2444
f 2446 2444 2447
f 2446 2447 2448
f 2449 2446 2448
f 2450 2451 2452
f 2450 2452 2453
f 2454 2450 2453
f 2454 2453 2455
f 2456 2454 2455
f 2456 2455 2457
f 2456 2457 2458
f 2459 2456 2458
f 2460 2459 2458
f 2460 2458 2461
f 2462 2460 2461
f 2462 2461 2463
f 2464 2465 2466
f 2464 2466 2467
f 2465 2468 2469
f 2465 2469 2466
f 2468 2470 2471
f 2468 2471 2469
f 2470 2472 2473
f 2470 2473 2471
f 2472 2474 2475
f 2472 2475 2473
f 2474 2476 2477
f 2474 2477 2475
f 2476 2478 2479
f 2476 2479 2477
f 2478 2480 2481
f 2478 2481 2479
f 2480 2482 2483
f 2480 2483 2481
f 2482 2484 2485
f 2482 2485 2483
f 2484 2486 2487
f 2484 2487 2485
f 2486 2488 2489
f 2486 2489 2487
f 2488 2490 2491
f 2488 2491 2489
f 2490 2492 2493
f 2490 2493 2491
f 2492 2494 2495
f 2492 2495 2493
f 2494 2496 2497
f 2494 2497 2495
f 2496 2498 2499
f 2496 2499 2497
f 2498 2500 2501
f 2498 2501 2499
f 2500 2502 2503
f 2500 2503 2501
f 2502 2504 2505
f 2502 2505 2503
f 2504 2506 2507
f 2504 2507 2505
f 2506 2508 2509
f 2506 2509 2507
f 2508 2510 2511
f 2508 2511 2509
f 2510 2512 2513
f 2510 2513 2511
f 2512 2514 2515
f 2512 2515 2513
f 2514 2516 2517
f 2514 2517 2515
f 2516 2518 2519
f 2516 2519 2517
f 2518 2520 2521
f 2518 2521 2519
f 2520 2522 2523
f 2520 2523 2521
f 2522 2524 2525
f 2522 2525 2523
f 2524 2526 2527
f 2524 2527 2525
f 2526 2528 2529
f 2526 2529 2527
f 2528 2530 2531
f 2528 2531 2529
f 2530 2532 2533
f 2530 2533 2531
f 2532 2534 2535
f 2532 2535 2533
f 2534 2536 2537
f 2534 2537 2535
f 2536 2538 2539
f 2536 2539 2537
f 2538 2540 2541
f 2538 2541 2539
f 2540 2542 2543
f 2540 2543 2541
f 2542 2544 2545
f 2542 2545 2543
f 2544 2546 2547
f 2544 2547 2545
f 2546 2548 2549
f 2546 2549 2547
f 2548 2550 2551
f 2548 2551 2549
f 2550 2552 2553
f 2550 2553 2551
f 2552 2554 2555
f 2552 2555 2553
f 2554 2556 2557
f 2554 2557 2555
f 2556 2558 2559
f 2556 2559 2557
f 2558 2560 2561
f 2558 2561 2559
f 2560 2562 2563
f 2560 2563 2561
f 2562 2564 2565
f 2562 2565 2563
f 2564 2566 2567
f 2564 2567 2565
f 2566 2568 2569
f 2566 2569 2567
f 2568 2570 2571
f 2568 2571 2569
f 2570 2572 2573
f 2570 2573 2571
f 2572 2574 2575
f 2572 2575 2573
f 2574 2576 2577
f 2574 2577 2575
f 2576 2578 2579
f 2576 2579 2577
f 2578 2580 2581
f 2578 2581 2579
f 2580 2582 2583
f 2580 2583 2581
f 2582 2584 2585
f 2582 2585 2583
f 2584 2586 2587
f 2584 2587 2585
f 2586 2588 2589
f 2586 2589 2587
f 2588 2590 2591
f 2588 2591 2589
f 2590 2592 2593
f 2590 2593 2591
f 2592 2594 2595
f 2592 2595 2593
f 2594 2596 2597
f 2594 2597 2595
f 2596 2598 2599
f 2596 2599 2597
f 2598 2600 2601
f 2598 2601 2599
f 2600 2602 2603
f 2600 2603 2601
f 2602 2604 2605
f 2602 2605 2603
f 2604 2606 2607
f 2604 2607 2605
f 2606 2608 2609
f 2606 2609 2607
f 2608 2610 2611
f 2608 2611 2609
f 2610 2612 2613
f 2610 2613 2611
f 2612 2614 2615
f 2612 2615 2613
f 2614 2616 2617
f 2614 2617 2615
f 2616 2464 2467
f 2616 2467 2617
f 2499 2501 2503
f 2497 2499 2503
f 2495 2497 2503
f 2495 2503 2505
f 2493 2495 2505
f 2493 2505 2507
f 2491 2493 2507
f 2491 2507 2509
f 2489 2491 2509
f 2489 2509 2511
f 2487 2489 2511
f 2527 2529 2531
f 2525 2527 2531
f 2523 2525 2531
f 2523 2531 2533
f 2521 2523 2533
f 2521 2533 2535
f 2519 2521 2535
f 2519 2535 2537
f 2517 2519 2537
f 2517 2537 2539
f 2515 2517 2539
f 2611 2613 2615
f 2611 2615 2617
f 2609 2611 2617
f 2607 2609 2617
f 2607 2617 2467
f 2605 2607 2467
f 2605 2467 2466
f 2603 2605 2466
f 2603 2466 2469
f 2485 2487 2511
f 2553 2555 2557
f 2553 2557 2559
f 2551 2553 2559
f 2551 2559 2561
f 2549 2551 2561
f 2549 2561 2563
f 2547 2549 2563
f 2547 2563 2565
f 2547 2565 2567
f 2545 2547 2567
f 2543 2545 2567
f 2543 2567 2569
f 2583 2585 2587
f 2581 2583 2587
f 2581 2587 2589
f 2579 2581 2589
f 2579 2589 2591
f 2577 2579 2591
f 2575 2577 2591
f 2575 2591 2593
f 2575 2593 2595
f 2573 2575 2595
f 2573 2595 2597
f 2571 2573 2597
f 2569 2571 2618
f 2618 2543 2569
f 2571 2597 2619
f 2619 2597 2599
f 2599 2601 2619
f 2601 2603 2620
f 2620 2603 2469
f 2469 2471 2620
f 2620 2471 2621
f 2621 2471 2473
f 2473 2475 2621
f 2621 2475 2622
f 2622 2475 2477
f 2477 2623 2622
f 2623 2477 2479
f 2479 2481 2623
f 2623 2481 2624
f 2624 2481 2483
f 2483 2485 2624
f 2571 2619 2618
f 2618 2619 2625
f 2625 2619 2601
f 2601 2620 2625
f 2625 2620 2621
f 2541 2543 2626
f 2626 2539 2541
f 2543 2618 2626
f 2626 2515 2539
f 2515 2627 2513
f 2513 2627 2511
f 2511 2627 2628
f 2628 2485 2511
f 2628 2629 2485
f 2485 2629 2624
f 2515 2626 2627
f 2630 2631 2632
f 2632 2631 2633
f 2633 2634 2632
f 2634 2633 2635
f 2635 2636 2634
f 2636 2635 2637
f 2637 2635 2638
f 2638 2635 2639
f 2639 2635 2640
f 2640 2635 2633
f 2633 2641 2640
f 2633 2631 2641
f 2641 2631 2642
f 2642 2631 2630
f 2632 2626 2618
f 2618 2630 2632
f 2634 2627 2626
f 2626 2632 2634
f 2636 2628 2627
f 2627 2634 2636
f 2637 2629 2628
f 2628 2636 2637
f 2638 2624 2629
f 2629 2637 2638
f 2639 2623 2624
f 2624 2638 2639
f 2640 2622 2623
f 2623 2639 2640
f 2641 2621 2622
f 2622 2640 2641
f 2642 2625 2621
f 2621 2641 2642
f 2630 2618 2625
f 2625 2642 2630
f 2403 2502 2500
f 2500 2404 2403
f 2404 2500 2498
f 2498 2405 2404
f 2405 2498 2496
f 2496 2406 2405
f 2406 2496 2494
f 2494 2407 2406
f 2408 2504 2502
f 2502 2403 2408
f 2407 2494 2492
f 2492 2409 2407
f 2410 2506 2504
f 2504 2408 2410
f 2409 2492 2490
f 2490 2411 2409
f 2412 2508 2506
f 2506 2410 2412
f 2411 2490 2488
f 2488 2413 2411
f 2414 2510 2508
f 2508 2412 2414
f 2413 2488 2486
f 2486 2643 2413
f 2415 2530 2528
f 2528 2416 2415
f 2416 2528 2526
f 2526 2417 2416
f 2417 2526 2524
f 2524 2418 2417
f 2418 2524 2522
f 2522 2419 2418
f 2420 2532 2530
f 2530 2415 2420
f 2419 2522 2520
f 2520 2421 2419
f 2422 2534 2532
f 2532 2420 2422
f 2421 2520 2518
f 2518 2423 2421
f 2424 2536 2534
f 2534 2422 2424
f 2423 2518 2516
f 2516 2425 2423
f 2426 2538 2536
f 2536 2424 2426
f 2425 2516 2514
f 2514 2427 2425
f 2428 2614 2612
f 2612 2429 2428
f 2429 2612 2610
f 2610 2430 2429
f 2431 2616 2614
f 2614 2428 2431
f 2430 2610 2608
f 2608 2432 2430
f 2432 2608 2606
f 2606 2433 2432
f 2434 2464 2616
f 2616 2431 2434
f 2433 2606 2604
f 2604 2435 2433
f 2644 2465 2464
f 2464 2434 2644
f 2435 2604 2602
f 2602 2645 2435
f 2646 2468 2465
f 2465 2644 2646
f 2643 2486 2484
f 2484 2647 2643
f 2648 2512 2510
f 2510 2414 2648
f 2436 2556 2554
f 2554 2437 2436
f 2437 2554 2552
f 2552 2438 2437
f 2439 2558 2556
f 2556 2436 2439
f 2438 2552 2550
f 2550 2440 2438
f 2441 2560 2558
f 2558 2439 2441
f 2440 2550 2548
f 2548 2442 2440
f 2443 2562 2560
f 2560 2441 2443
f 2442 2548 2546
f 2546 2444 2442
f 2445 2564 2562
f 2562 2443 2445
f 2446 2566 2564
f 2564 2445 2446
f 2444 2546 2544
f 2544 2447 2444
f 2447 2544 2542
f 2542 2448 2447
f 2449 2568 2566
f 2566 2446 2449
f 2649 2470 2468
f 2468 2646 2649
f 2645 2602 2600
f 2600 2650 2645
f 2450 2586 2584
f 2584 2451 2450
f 2451 2584 2582
f 2582 2452 2451
f 2452 2582 2580
f 2580 2453 2452
f 2454 2588 2586
f 2586 2450 2454
f 2453 2580 2578
f 2578 2455 2453
f 2456 2590 2588
f 2588 2454 2456
f 2455 2578 2576
f 2576 2457 2455
f 2457 2576 2574
f 2574 2458 2457
f 2459 2592 2590
f 2590 2456 2459
f 2460 2594 2592
f 2592 2459 2460
f 2458 2574 2572
f 2572 2461 2458
f 2462 2596 2594
f 2594 2460 2462
f 2461 2572 2570
f 2570 2463 2461
f 2651 2598 2596
f 2596 2462 2651
f 2652 2472 2470
f 2470 2649 2652
f 2653 2474 2472
f 2472 2652 2653
f 2654 2476 2474
f 2474 2653 2654
f 2655 2478 2476
f 2476 2654 2655
f 2656 2480 2478
f 2478 2655 2656
f 2657 2482 2480
f 2480 2656 2657
f 2647 2484 2482
f 2482 2657 2647
f 2427 2514 2512
f 2512 2648 2427
f 2658 2540 2538
f 2538 2426 2658
f 2650 2600 2598
f 2598 2651 2650
f 2463 2570 2568
f 2568 2449 2463
f 2448 2542 2540
f 2540 2658 2448
f 2414 2659 2648
f 2648 2659 2660
f 2660 2427 2648
f 2414 2413 2643
f 2643 2659 2414
f 2659 2643 2661
f 2661 2643 2647
f 2647 2662 2661
f 2662 2647 2657
f 2657 2663 2662
f 2663 2657 2656
f 2656 2664 2663
f 2664 2656 2655
f 2655 2665 2664
f 2665 2655 2654
f 2654 2666 2665
f 2666 2654 2653
f 2653 2667 2666
f 2667 2653 2652
f 2652 2668 2667
f 2427 2660 2669
f 2669 2426 2427
f 2426 2669 2670
f 2670 2658 2426
f 2658 2670 2671
f 2671 2672 2658
f 2448 2658 2672
f 2672 2449 2448
f 2449 2672 2673
f 2673 2463 2449
f 2463 2673 2674
f 2674 2462 2463
f 2462 2674 2675
f 2675 2651 2462
f 2651 2675 2650
f 2649 2668 2652
f 2646 2676 2649
f 2646 2644 2677
f 2677 2678 2646
f 2646 2678 2676
f 2676 2668 2649
f 2644 2434 2677
f 2677 2434 2435
f 2435 2645 2677
f 2677 2645 2679
f 2679 2678 2677
f 2650 2680 2679
f 2650 2675 2680
f 2678 2681 2676
f 2676 2681 2668
f 2682 2683 2684
f 2684 2685 2682
f 2685 2684 2686
f 2686 2687 2685
f 2687 2686 2688
f 2688 2686 2689
f 2689 2690 2688
f 2690 2689 2691
f 2679 2681 2678
f 2680 2681 2679
f 2660 2692 2669
f 2669 2692 2670
f 2670 2692 2693
f 2693 2671 2670
f 2660 2659 2692
f 2692 2659 2661
f 2661 2662 2692
f 2694 2695 2689
f 2689 2695 2691
f 2686 2694 2689
f 2686 2696 2694
f 2671 2693 2697
f 2697 2672 2671
f 2672 2697 2673
f 2673 2697 2674
f 2674 2697 2675
f 2675 2697 2680
f 2698 2699 2684
f 2684 2683 2698
f 2699 2686 2684
f 2699 2696 2686
f 2645 2650 2679
f 2700 2668 2681
f 2681 2701 2700
f 2702 2667 2668
f 2668 2700 2702
f 2703 2666 2667
f 2667 2702 2703
f 2704 2665 2666
f 2666 2703 2704
f 2705 2664 2665
f 2665 2704 2705
f 2706 2663 2664
f 2664 2705 2706
f 2707 2692 2662
f 2662 2708 2707
f 2708 2662 2663
f 2663 2706 2708
f 2709 2693 2692
f 2692 2707 2709
f 2710 2680 2697
f 2697 2711 2710
f 2701 2681 2680
f 2680 2710 2701
f 2711 2697 2693
f 2693 2709 2711
f 2682 2700 2701
f 2701 2683 2682
f 2685 2702 2700
f 2700 2682 2685
f 2687 2703 2702
f 2702 2685 2687
f 2688 2704 2703
f 2703 2687 2688
f 2690 2705 2704
f 2704 2688 2690
f 2691 2706 2705
f 2705 2690 2691
f 2694 2707 2708
f 2708 2695 2694
f 2695 2708 2706
f 2706 2691 2695
f 2696 2709 2707
f 2707 2694 2696
f 2698 2710 2711
f 2711 2699 2698
f 2683 2701 2710
f 2710 2698 2683
f 2699 2711 2709
f 2709 2696 2699
f 2712 2713 2714
f 2715 2716 2712
f 2717 2718 2719
f 2714 2713 2717
f 2720 2721 2722
f 2719 2718 2720
f 2723 2724 2725
f 2722 2721 2723
f 2726 2727 2728
f 2725 2724 2726
f 2729 2730 2731
f 2728 2727 2729
f 2732 2733 2734
f 2731 2730 2732
f 2735 2736 2737
f 2734 2733 2735
f 2738 2739 2740
f 2737 2736 2738
f 2741 2716 2715
f 2740 2739 2741
f 2715 2714 2742
f 2715 2742 2743
f 2714 2719 2744
f 2714 2744 2742
f 2719 2722 2745
f 2719 2745 2744
f 2722 2725 2746
f 2722 2746 2745
f 2725 2728 2747
f 2725 2747 2746
f 2728 2731 2748
f 2728 2748 2747
f 2731 2734 2749
f 2731 2749 2748
f 2734 2737 2750
f 2734 2750 2749
f 2737 2740 2751
f 2737 2751 2750
f 2740 2715 2743
f 2740 2743 2751
f 2743 2742 2752
f 2743 2752 2753
f 2742 2744 2754
f 2742 2754 2752
f 2744 2745 2755
f 2744 2755 2754
f 2745 2746 2756
f 2745 2756 2755
f 2746 2747 2757
f 2746 2757 2756
f 2747 2748 2758
f 2747 2758 2757
f 2748 2749 2759
f 2748 2759 2758
f 2749 2750 2760
f 2749 2760 2759
f 2750 2751 2761
f 2750 2761 2760
f 2751 2743 2753
f 2751 2753 2761
f 2753 2752 2762
f 2753 2762 2763
f 2752 2754 2764
f 2752 2764 2762
f 2754 2755 2765
f 2754 2765 2764
f 2755 2756 2766
f 2755 2766 2765
f 2756 2757 2767
f 2756 2767 2766
f 2757 2758 2768
f 2757 2768 2767
f 2758 2759 2769
f 2758 2769 2768
f 2759 2760 2770
f 2759 2770 2769
f 2760 2761 2771
f 2760 2771 2770
f 2761 2753 2763
f 2761 2763 2771
f 2763 2762 2772
f 2763 2772 2773
f 2762 2764 2774
f 2762 2774 2772
f 2764 2765 2775
f 2764 2775 2774
f 2765 2766 2776
f 2765 2776 2775
f 2766 2767 2777
f 2766 2777 2776
f 2767 2768 2778
f 2767 2778 2777
f 2768 2769 2779
f 2768 2779 2778
f 2769 2770 2780
f 2769 2780 2779
f 2770 2771 2781
f 2770 2781 2780
f 2771 2763 2773
f 2771 2773 2781
f 2782 2783 2784
f 2783 2785 2784
f 2785 2786 2784
f 2786 2787 2784
f 2787 2788 2784
f 2788 2789 2784
f 2789 2790 2784
f 2790 2791 2784
f 2791 2792 2784
f 2792 2782 2784
f 2735 2737 2734
f 2732 2734 2731
f 2738 2740 2737
f 2729 2731 2728
f 2723 2725 2722
f 2720 2722 2719
f 2717 2719 2714
f 2712 2714 2715
f 2726 2728 2725
f 2741 2715 2740
f 2793 2773 2772
f 2772 2794 2793
f 2794 2772 2774
f 2774 2795 2794
f 2795 2774 2775
f 2775 2796 2795
f 2796 2775 2776
f 2776 2797 2796
f 2797 2776 2777
f 2777 2798 2797
f 2798 2777 2778
f 2778 2799 2798
f 2799 2778 2779
f 2779 2800 2799
f 2800 2779 2780
f 2780 2801 2800
f 2801 2780 2781
f 2781 2802 2801
f 2802 2781 2773
f 2773 2793 2802
f 2803 2793 2794
f 2794 2804 2803
f 2804 2794 2795
f 2795 2805 2804
f 2805 2795 2796
f 2796 2806 2805
f 2806 2796 2797
f 2797 2807 2806
f 2807 2797 2798
f 2798 2808 2807
f 2808 2798 2799
f 2799 2809 2808
f 2809 2799 2800
f 2800 2810 2809
f 2810 2800 2801
f 2801 2811 2810
f 2811 2801 2802
f 2802 2812 2811
f 2812 2802 2793
f 2793 2803 2812
f 2813 2803 2804
f 2804 2814 2813
f 2814 2804 2805
f 2805 2815 2814
f 2815 2805 2806
f 2806 2816 2815
f 2816 2806 2807
f 2807 2817 2816
f 2817 2807 2808
f 2808 2818 2817
f 2818 2808 2809
f 2809 2819 2818
f 2819 2809 2810
f 2810 2820 2819
f 2820 2810 2811
f 2811 2821 2820
f 2821 2811 2812
f 2812 2822 2821
f 2822 2812 2803
f 2803 2813 2822
f 2823 2813 2814
f 2814 2824 2823
f 2824 2814 2815
f 2815 2825 2824
f 2825 2815 2816
f 2816 2826 2825
f 2826 2816 2817
f 2817 2827 2826
f 2827 2817 2818
f 2818 2828 2827
f 2828 2818 2819
f 2819 2829 2828
f 2829 2819 2820
f 2820 2830 2829
f 2830 2820 2821
f 2821 2831 2830
f 2831 2821 2822
f 2822 2832 2831
f 2832 2822 2813
f 2813 2823 2832
f 2782 2823 2824
f 2824 2783 2782
f 2783 2824 2825
f 2825 2785 2783
f 2785 2825 2826
f 2826 2786 2785
f 2786 2826 2827
f 2827 2787 2786
f 2787 2827 2828
f 2828 2788 2787
f 2788 2828 2829
f 2829 2789 2788
f 2789 2829 2830
f 2830 2790 2789
f 2790 2830 2831
f 2831 2791 2790
f 2791 2831 2832
f 2832 2792 2791
f 2792 2832 2823
f 2823 2782 2792
f 2833 2834 2835
f 2836 2833 2835
f 2837 2838 2834
f 2833 2837 2834
f 2839 2840 2838
f 2837 2839 2838
f 2841 2842 2840
f 2839 2841 2840
f 2843 2844 2842
f 2841 2843 2842
f 2845 2846 2844
f 2843 2845 2844
f 2847 2848 2846
f 2845 2847 2846
f 2849 2850 2848
f 2847 2849 2848
f 2836 2835 2850
f 2849 2836 2850
f 2851 2833 2836
f 2852 2851 2836
f 2853 2837 2833
f 2851 2853 2833
f 2854 2839 2837
f 2853 2854 2837
f 2855 2841 2839
f 2854 2855 2839
f 2856 2843 2841
f 2855 2856 2841
f 2857 2845 2843
f 2856 2857 2843
f 2858 2847 2845
f 2857 2858 2845
f 2859 2849 2847
f 2858 2859 2847
f 2852 2836 2849
f 2859 2852 2849
f 2860 2851 2852
f 2861 2860 2852
f 2862 2853 2851
f 2860 2862 2851
f 2863 2854 2853
f 2862 2863 2853
f 2864 2855 2854
f 2863 2864 2854
f 2865 2856 2855
f 2864 2865 2855
f 2866 2857 2856
f 2865 2866 2856
f 2867 2858 2857
f 2866 2867 2857
f 2868 2859 2858
f 2867 2868 2858
f 2861 2852 2859
f 2868 2861 2859
f 2869 2860 2861
f 2870 2869 2861
f 2871 2862 2860
f 2869 2871 2860
f 2872 2863 2862
f 2871 2872 2862
f 2873 2864 2863
f 2872 2873 2863
f 2874 2865 2864
f 2873 2874 2864
f 2875 2866 2865
f 2874 2875 2865
f 2876 2867 2866
f 2875 2876 2866
f 2877 2868 2867
f 2876 2877 2867
f 2870 2861 2868
f 2877 2870 2868
f 2878 2869 2870
f 2879 2878 2870
f 2880 2871 2869
f 2878 2880 2869
f 2881 2872 2871
f 2880 2881 2871
f 2882 2873 2872
f 2881 2882 2872
f 2883 2874 2873
f 2882 2883 2873
f 2884 2875 2874
f 2883 2884 2874
f 2885 2876 2875
f 2884 2885 2875
f 2886 2877 2876
f 2885 2886 2876
f 2879 2870 2877
f 2886 2879 2877
f 2887 2835 2834
f 2887 2834 2838
f 2887 2838 2840
f 2887 2840 2842
f 2887 2842 2844
f 2887 2844 2846
f 2887 2846 2848
f 2887 2848 2850
f 2887 2850 2835
f 2888 2878 2879
f 2888 2880 2878
f 2888 2881 2880
f 2888 2882 2881
f 2888 2883 2882
f 2888 2884 2883
f 2888 2885 2884
f 2888 2886 2885
f 2888 2879 2886
f 2889 2890 2891
f 2892 2889 2891
f 2893 2894 2890
f 2889 2893 2890
f 2895 2896 2894
f 2893 2895 2894
f 2897 2898 2896
f 2895 2897 2896
f 2899 2900 2898
f 2897 2899 2898
f 2901 2902 2900
f 2899 2901 2900
f 2903 2904 2902
f 2901 2903 2902
f 2905 2906 2904
f 2903 2905 2904
f 2892 2891 2906
f 2905 2892 2906
f 2907 2889 2892
f 2908 2907 2892
f 2909 2893 2889
f 2907 2909 2889
f 2910 2895 2893
f 2909 2910 2893
f 2911 2897 2895
f 2910 2911 2895
f 2912 2899 2897
f 2911 2912 2897
f 2913 2901 2899
f 2912 2913 2899
f 2914 2903 2901
f 2913 2914 2901
f 2915 2905 2903
f 2914 2915 2903
f 2908 2892 2905
f 2915 2908 2905
f 2916 2907 2908
f 2917 2916 2908
f 2918 2909 2907
f 2916 2918 2907
f 2919 2910 2909
f 2918 2919 2909
f 2920 2911 2910
f 2919 2920 2910
f 2921 2912 2911
f 2920 2921 2911
f 2922 2913 2912
f 2921 2922 2912
f 2923 2914 2913
f 2922 2923 2913
f 2924 2915 2914
f 2923 2924 2914
f 2917 2908 2915
f 2924 2917 2915
f 2925 2916 2917
f 2926 2925 2917
f 2927 2918 2916
f 2925 2927 2916
f 2928 2919 2918
f 2927 2928 2918
f 2929 2920 2919
f 2928 2929 2919
f 2930 2921 2920
f 2929 2930 2920
f 2931 2922 2921
f 2930 2931 2921
f 2932 2923 2922
f 2931 2932 2922
f 2933 2924 2923
f 2932 2933 2923
f 2926 2917 2924
f 2933 2926 2924
f 2934 2925 2926
f 2935 2934 2926
f 2936 2927 2925
f 2934 2936 2925
f 2937 2928 2927
f 2936 2937 2927
f 2938 2929 2928
f 2937 2938 2928
f 2939 2930 2929
f 2938 2939 2929
f 2940 2931 2930
f 2939 2940 2930
f 2941 2932 2931
f 2940 2941 2931
f 2942 2933 2932
f 2941 2942 2932
f 2935 2926 2933
f 2942 2935 2933
f 2943 2891 2890
f 2943 2890 2894
f 2943 2894 2896
f 2943 2896 2898
f 2943 2898 2900
f 2943 2900 2902
f 2943 2902 2904
f 2943 2904 2906
f 2943 2906 2891
f 2944 2934 2935
f 2944 2936 2934
f 2944 2937 2936
f 2944 2938 2937
f 2944 2939 2938
f 2944 2940 2939
f 2944 2941 2940
f 2944 2942 2941
f 2944 2935 2942
f 2945 2946 2947
f 2945 2947 2948
f 2945 2948 2949
f 2950 2945 2949
f 2950 2949 2951
f 2952 2950 2951
f 2952 2951 2953
f 2954 2952 2953
f 2954 2953 2955
f 2956 2954 2955
f 2957 2958 2959
f 2957 2959 2960
f 2957 2960 2961
f 2962 2957 2961
f 2962 2961 2963
f 2964 2962 2963
f 2964 2963 2965
f 2966 2964 2965
f 2966 2965 2967
f 2968 2966 2967
f 2968 2967 2969
f 2970 2971 2972
f 2973 2970 2972
f 2973 2972 2974
f 2973 2974 2975
f 2976 2973 2975
f 2976 2975 2977
f 2978 2979 2980
f 2981 2978 2980
f 2981 2980 2982
f 2983 2981 2982
f 2983 2982 2984
f 2985 2983 2984
f 2985 2984 2986
f 2987 2985 2986
f 2988 2987 2986
f 2988 2986 2989
f 2988 2989 2990
f 2991 2988 2990
f 2992 2993 2994
f 2992 2994 2995
f 2996 2992 2995
f 2996 2995 2997
f 2998 2996 2997
f 2998 2997 2999
f 2998 2999 3000
f 3001 2998 3000
f 3002 3001 3000
f 3002 3000 3003
f 3004 3002 3003
f 3004 3003 3005
f 3006 3007 3008
f 3006 3008 3009
f 3007 3010 3011
f 3007 3011 3008
f 3010 3012 3013
f 3010 3013 3011
f 3012 3014 3015
f 3012 3015 3013
f 3016 3017 3018
f 3014 3019 3015
f 3017 3020 3021
f 3017 3021 3018
f 3020 3022 3023
f 3020 3023 3021
f 3023 3022 3024
f 3025 3026 3027
f 3025 3028 3029
f 3025 3029 3026
f 3028 3030 3031
f 3028 3031 3029
f 3030 3032 3033
f 3030 3033 3031
f 3032 3034 3035
f 3032 3035 3033
f 3034 3036 3037
f 3034 3037 3035
f 3036 3038 3039
f 3036 3039 3037
f 3038 3040 3041
f 3038 3041 3039
f 3040 3042 3043
f 3040 3043 3041
f 3042 3044 3045
f 3042 3045 3043
f 3044 3046 3047
f 3044 3047 3045
f 3046 3048 3049
f 3046 3049 3047
f 3048 3050 3051
f 3048 3051 3049
f 3050 3052 3053
f 3050 3053 3051
f 3052 3054 3055
f 3052 3055 3053
f 3054 3056 3057
f 3054 3057 3055
f 3056 3058 3059
f 3056 3059 3057
f 3058 3060 3061
f 3058 3061 3059
f 3060 3062 3063
f 3060 3063 3061
f 3062 3064 3065
f 3062 3065 3063
f 3064 3066 3067
f 3064 3067 3065
f 3066 3068 3069
f 3066 3069 3067
f 3068 3070 3071
f 3068 3071 3069
f 3070 3072 3073
f 3070 3073 3071
f 3072 3074 3075
f 3072 3075 3073
f 3074 3076 3077
f 3074 3077 3075
f 3076 3078 3079
f 3076 3079 3077
f 3078 3080 3081
f 3078 3081 3079
f 3080 3082 3083
f 3080 3083 3081
f 3082 3084 3085
f 3082 3085 3083
f 3084 3086 3087
f 3084 3087 3085
f 3086 3088 3089
f 3086 3089 3087
f 3088 3090 3091
f 3088 3091 3089
f 3090 3092 3093
f 3090 3093 3091
f 3092 3094 3095
f 3092 3095 3093
f 3094 3096 3097
f 3094 3097 3095
f 3096 3098 3099
f 3096 3099 3097
f 3098 3100 3101
f 3098 3101 3099
f 3100 3102 3103
f 3100 3103 3101
f 3102 3104 3105
f 3102 3105 3103
f 3104 3106 3107
f 3104 3107 3105
f 3106 3108 3109
f 3106 3109 3107
f 3108 3110 3111
f 3108 3111 3109
f 3110 3112 3113
f 3110 3113 3111
f 3112 3114 3115
f 3112 3115 3113
f 3114 3116 3117
f 3114 3117 3115
f 3116 3118 3119
f 3116 3119 3117
f 3118 3120 3121
f 3118 3121 3119
f 3120 3122 3123
f 3120 3123 3121
f 3122 3124 3125
f 3122 3125 3123
f 3124 3126 3127
f 3124 3127 3125
f 3126 3128 3129
f 3126 3129 3127
f 3128 3130 3131
f 3128 3131 3129
f 3130 3132 3133
f 3130 3133 3131
f 3132 3134 3135
f 3132 3135 3133
f 3134 3136 3137
f 3134 3137 3135
f 3136 3138 3139
f 3136 3139 3137
f 3138 3140 3141
f 3138 3141 3139
f 3140 3142 3143
f 3140 3143 3141
f 3142 3144 3145
f 3142 3145 3143
f 3144 3146 3147
f 3144 3147 3145
f 3146 3148 3149
f 3146 3149 3147
f 3148 3150 3151
f 3148 3151 3149
f 3150 3152 3153
f 3150 3153 3151
f 3152 3154 3155
f 3152 3155 3153
f 3154 3156 3157
f 3154 3157 3155
f 3156 3158 3159
f 3156 3159 3157
f 3158 3160 3161
f 3158 3161 3159
f 3160 3162 3163
f 3160 3163 3161
f 3162 3006 3009
f 3162 3009 3163
f 3045 3047 3049
f 3043 3045 3049
f 3041 3043 3049
f 3041 3049 3051
f 3039 3041 3051
f 3039 3051 3053
f 3037 3039 3053
f 3037 3053 3055
f 3035 3037 3055
f 3035 3055 3057
f 3033 3035 3057
f 3073 3075 3077
f 3071 3073 3077
f 3069 3071 3077
f 3069 3077 3079
f 3067 3069 3079
f 3067 3079 3081
f 3065 3067 3081
f 3065 3081 3083
f 3063 3065 3083
f 3063 3083 3085
f 3061 3063 3085
f 3157 3159 3161
f 3157 3161 3163
f 3155 3157 3163
f 3153 3155 3163
f 3153 3163 3009
f 3151 3153 3009
f 3151 3009 3008
f 3149 3151 3008
f 3149 3008 3011
f 3031 3033 3057
f 3099 3101 3103
f 3099 3103 3105
f 3097 3099 3105
f 3097 3105 3107
f 3095 3097 3107
f 3095 3107 3109
f 3093 3095 3109
f 3093 3109 3111
f 3093 3111 3113
f 3091 3093 3113
f 3089 3091 3113
f 3089 3113 3115
f 3129 3131 3133
f 3127 3129 3133
f 3127 3133 3135
f 3125 3127 3135
f 3125 3135 3137
f 3123 3125 3137
f 3121 3123 3137
f 3121 3137 3139
f 3121 3139 3141
f 3119 3121 3141
f 3119 3141 3143
f 3117 3119 3143
f 3115 3117 3164
f 3164 3089 3115
f 3117 3143 3165
f 3165 3143 3145
f 3145 3147 3165
f 3147 3149 3166
f 3166 3149 3011
f 3011 3013 3166
f 3166 3013 3167
f 3167 3013 3015
f 3015 3019 3167
f 3167 3019 3168
f 3168 3019 3169
f 3169 3170 3168
f 3170 3169 3027
f 3027 3026 3170
f 3170 3026 3171
f 3171 3026 3029
f 3029 3031 3171
f 3117 3165 3164
f 3164 3165 3172
f 3172 3165 3147
f 3147 3166 3172
f 3172 3166 3167
f 3087 3089 3173
f 3173 3085 3087
f 3089 3164 3173
f 3173 3061 3085
f 3061 3174 3059
f 3059 3174 3057
f 3057 3174 3175
f 3175 3031 3057
f 3175 3176 3031
f 3031 3176 3171
f 3061 3173 3174
f 3177 3178 3179
f 3179 3178 3180
f 3180 3181 3179
f 3181 3180 3182
f 3182 3183 3181
f 3183 3182 3184
f 3185 3182 3186
f 3186 3182 3180
f 3180 3187 3186
f 3180 3178 3187
f 3187 3178 3188
f 3188 3178 3177
f 3179 3173 3164
f 3164 3177 3179
f 3181 3174 3173
f 3173 3179 3181
f 3183 3175 3174
f 3174 3181 3183
f 3184 3176 3175
f 3175 3183 3184
f 3185 3170 3171
f 3186 3168 3170
f 3170 3185 3186
f 3187 3167 3168
f 3168 3186 3187
f 3188 3172 3167
f 3167 3187 3188
f 3177 3164 3172
f 3172 3188 3177
f 2945 3048 3046
f 3046 2946 2945
f 2946 3046 3044
f 3044 2947 2946
f 2947 3044 3042
f 3042 2948 2947
f 2948 3042 3040
f 3040 2949 2948
f 2950 3050 3048
f 3048 2945 2950
f 2949 3040 3038
f 3038 2951 2949
f 2952 3052 3050
f 3050 2950 2952
f 2951 3038 3036
f 3036 2953 2951
f 2954 3054 3052
f 3052 2952 2954
f 2953 3036 3034
f 3034 2955 2953
f 2956 3056 3054
f 3054 2954 2956
f 2955 3034 3032
f 3032 3189 2955
f 2957 3076 3074
f 3074 2958 2957
f 2958 3074 3072
f 3072 2959 2958
f 2959 3072 3070
f 3070 2960 2959
f 2960 3070 3068
f 3068 2961 2960
f 2962 3078 3076
f 3076 2957 2962
f 2961 3068 3066
f 3066 2963 2961
f 2964 3080 3078
f 3078 2962 2964
f 2963 3066 3064
f 3064 2965 2963
f 2966 3082 3080
f 3080 2964 2966
f 2965 3064 3062
f 3062 2967 2965
f 2968 3084 3082
f 3082 2966 2968
f 2967 3062 3060
f 3060 2969 2967
f 2970 3160 3158
f 3158 2971 2970
f 2971 3158 3156
f 3156 2972 2971
f 2973 3162 3160
f 3160 2970 2973
f 2972 3156 3154
f 3154 2974 2972
f 2974 3154 3152
f 3152 2975 2974
f 2976 3006 3162
f 3162 2973 2976
f 2975 3152 3150
f 3150 2977 2975
f 3190 3007 3006
f 3006 2976 3190
f 2977 3150 3148
f 3148 3191 2977
f 3192 3010 3007
f 3007 3190 3192
f 3189 3032 3030
f 3030 3193 3189
f 3194 3058 3056
f 3056 2956 3194
f 2978 3102 3100
f 3100 2979 2978
f 2979 3100 3098
f 3098 2980 2979
f 2981 3104 3102
f 3102 2978 2981
f 2980 3098 3096
f 3096 2982 2980
f 2983 3106 3104
f 3104 2981 2983
f 2982 3096 3094
f 3094 2984 2982
f 2985 3108 3106
f 3106 2983 2985
f 2984 3094 3092
f 3092 2986 2984
f 2987 3110 3108
f 3108 2985 2987
f 2988 3112 3110
f 3110 2987 2988
f 2986 3092 3090
f 3090 2989 2986
f 2989 3090 3088
f 3088 2990 2989
f 2991 3114 3112
f 3112 2988 2991
f 3195 3012 3010
f 3010 3192 3195
f 3191 3148 3146
f 3146 3196 3191
f 2992 3132 3130
f 3130 2993 2992
f 2993 3130 3128
f 3128 2994 2993
f 2994 3128 3126
f 3126 2995 2994
f 2996 3134 3132
f 3132 2992 2996
f 2995 3126 3124
f 3124 2997 2995
f 2998 3136 3134
f 3134 2996 2998
f 2997 3124 3122
f 3122 2999 2997
f 2999 3122 3120
f 3120 3000 2999
f 3001 3138 3136
f 3136 2998 3001
f 3002 3140 3138
f 3138 3001 3002
f 3000 3120 3118
f 3118 3003 3000
f 3004 3142 3140
f 3140 3002 3004
f 3003 3118 3116
f 3116 3005 3003
f 3197 3144 3142
f 3142 3004 3197
f 3198 3014 3012
f 3012 3195 3198
f 3199 3017 3016
f 3014 3198 3200
f 3201 3020 3017
f 3017 3199 3201
f 3202 3022 3020
f 3020 3201 3202
f 3203 3204 3025
f 3024 3022 3202
f 3205 3028 3025
f 3025 3204 3205
f 3193 3030 3028
f 3028 3205 3193
f 2969 3060 3058
f 3058 3194 2969
f 3206 3086 3084
f 3084 2968 3206
f 3196 3146 3144
f 3144 3197 3196
f 3005 3116 3114
f 3114 2991 3005
f 2990 3088 3086
f 3086 3206 2990
f 2956 3207 3194
f 3194 3207 3208
f 3208 2969 3194
f 2956 2955 3189
f 3189 3207 2956
f 3207 3189 3209
f 3209 3189 3193
f 3193 3210 3209
f 3210 3193 3205
f 3205 3211 3210
f 3211 3205 3204
f 3204 3212 3211
f 3212 3204 3203
f 3203 3213 3212
f 3213 3203 3214
f 3214 3215 3213
f 3215 3214 3200
f 3200 3216 3215
f 3216 3200 3198
f 3198 3217 3216
f 2969 3208 3218
f 3218 2968 2969
f 2968 3218 3219
f 3219 3206 2968
f 3206 3219 3220
f 3220 3221 3206
f 2990 3206 3221
f 3221 2991 2990
f 2991 3221 3222
f 3222 3005 2991
f 3005 3222 3223
f 3223 3004 3005
f 3004 3223 3224
f 3224 3197 3004
f 3197 3224 3196
f 3195 3217 3198
f 3192 3225 3195
f 3192 3190 3226
f 3226 3227 3192
f 3192 3227 3225
f 3225 3217 3195
f 3190 2976 3226
f 3226 2976 2977
f 2977 3191 3226
f 3226 3191 3228
f 3228 3227 3226
f 3196 3229 3228
f 3196 3224 3229
f 3227 3230 3225
f 3225 3230 3217
f 3228 3230 3227
f 3229 3230 3228
f 3208 3231 3218
f 3218 3231 3219
f 3219 3231 3232
f 3232 3220 3219
f 3208 3207 3231
f 3231 3207 3209
f 3209 3210 3231
f 3220 3232 3233
f 3233 3221 3220
f 3221 3233 3222
f 3222 3233 3223
f 3223 3233 3224
f 3224 3233 3229
f 3191 3196 3228
f 3230 3229 3234
f 3234 3217 3230
f 3235 3217 3234
f 3216 3217 3235
f 3235 3236 3216
f 3215 3216 3236
f 3236 3213 3215
f 3237 3213 3236
f 3212 3213 3237
f 3237 3238 3212
f 3211 3212 3238
f 3238 3210 3211
f 3231 3210 3238
f 3238 3237 3231
f 3237 3232 3231
f 3236 3232 3237
f 3233 3232 3236
f 3236 3235 3233
f 3234 3233 3235
f 3229 3233 3234
f 3019 3014 3016
f 3016 3018 3019
f 3169 3019 3018
f 3018 3021 3169
f 3027 3169 3021
f 3021 3023 3027
f 3025 3027 3023
f 3023 3024 3025
f 3014 3200 3199
f 3199 3016 3014
f 3200 3214 3201
f 3201 3199 3200
f 3214 3203 3202
f 3202 3201 3214
f 3203 3025 3024
f 3024 3202 3203
f 3182 3185 3184
f 3171 3176 3184
f 3184 3185 3171
