v 38.77 23.19 47.97
v 40.61 19.97 50.85
v 41.23 17.07 54.48
v 40.57 14.77 58.52
v 38.70 13.30 62.57
v 35.80 12.79 66.22
v 32.15 13.30 69.12
v 28.10 14.78 70.99
v 24.07 17.09 71.65
v 20.43 19.99 71.02
v 17.55 23.20 69.18
v 15.71 26.42 66.30
v 15.09 29.32 62.66
v 15.75 31.62 58.62
v 17.62 33.09 54.58
v 20.52 33.60 50.93
v 24.17 33.09 48.02
v 28.22 31.61 46.15
v 32.25 29.30 45.50
v 35.89 26.40 46.12
v 41.26 26.20 50.34
v 43.16 23.31 53.52
v 43.83 20.79 57.41
v 43.22 18.88 61.66
v 41.38 17.76 65.82
v 38.48 17.56 69.51
v 34.82 18.28 72.36
v 30.76 19.86 74.09
v 26.68 22.14 74.53
v 22.99 24.90 73.63
v 20.05 27.88 71.49
v 18.15 30.76 68.32
v 17.48 33.29 64.42
v 18.09 35.20 60.18
v 19.94 36.31 56.01
v 22.83 36.52 52.32
v 26.49 35.80 49.47
v 30.56 34.22 47.75
v 34.64 31.93 47.31
v 38.32 29.17 48.20
v 41.26 26.20 50.34
v 43.70 29.58 52.40
v 45.69 27.09 55.85
v 46.45 25.00 59.98
v 45.90 23.53 64.40
v 44.10 22.80 68.68
v 41.22 22.91 72.38
v 37.55 23.82 75.16
v 33.44 25.46 76.74
v 29.30 27.66 76.96
v 25.54 30.21 75.80
v 22.51 32.86 73.38
v 20.53 35.35 69.94
v 19.77 37.44 65.80
v 20.32 38.91 61.38
v 22.12 39.64 57.11
v 25.00 39.54 53.40
v 28.67 38.62 50.62
v 32.77 36.98 49.05
v 36.91 34.78 48.83
v 40.68 32.23 49.98
v 43.70 29.58 52.40
v 46.06 33.36 54.06
v 48.17 31.35 57.74
v 49.03 29.77 62.07
v 48.56 28.78 66.64
v 46.82 28.47 70.98
v 43.97 28.87 74.69
v 40.28 29.95 77.38
v 36.12 31.60 78.81
v 31.91 33.66 78.83
v 28.04 35.92 77.44
v 24.90 38.17 74.77
v 22.79 40.18 71.09
v 21.93 41.76 66.76
v 22.39 42.75 62.19
v 24.14 43.06 57.85
v 26.99 42.66 54.14
v 30.68 41.58 51.45
v 34.83 39.93 50.02
v 39.05 37.87 50.00
v 42.92 35.61 51.39
v 46.06 33.36 54.06
v 48.29 37.59 55.22
v 50.53 36.13 59.08
v 51.52 35.12 63.55
v 51.16 34.65 68.21
v 49.49 34.77 72.59
v 46.66 35.48 76.26
v 42.95 36.69 78.88
v 38.74 38.29 80.18
v 34.42 40.13 80.03
v 30.43 42.03 78.44
v 27.15 43.79 75.59
v 24.91 45.25 71.73
v 23.92 46.26 67.26
v 24.28 46.73 62.60
v 25.96 46.60 58.22
v 28.78 45.90 54.54
v 32.49 44.69 51.93
v 36.70 43.09 50.63
v 41.02 41.25 50.78
v 45.01 39.35 52.36
v 48.29 37.59 55.22
v 50.34 42.28 55.78
v 52.73 41.44 59.73
v 53.86 41.04 64.27
v 53.60 41.14 68.95
v 52.00 41.70 73.32
v 49.19 42.69 76.96
v 45.47 44.00 79.49
v 41.19 45.51 80.68
v 36.77 47.07 80.41
v 32.64 48.52 78.71
v 29.22 49.73 75.74
v 26.82 50.57 71.79
v 25.70 50.96 67.25
v 25.95 50.87 62.57
v 27.56 50.30 58.19
v 30.36 49.31 54.56
v 34.09 48.00 52.02
v 38.37 46.49 50.83
v 42.79 44.94 51.10
v 46.91 43.48 52.81
v 50.34 42.28 55.78
v 52.14 47.43 55.61
v 54.67 47.25 59.56
v 55.93 47.51 64.07
v 55.77 48.18 68.72
v 54.23 49.19 73.03
v 51.45 50.45 76.60
v 47.71 51.83 79.07
v 43.36 53.20 80.20
v 38.84 54.42 79.87
v 34.59 55.37 78.13
v 31.02 55.97 75.14
v 28.49 56.15 71.20
v 27.24 55.89 66.68
v 27.39 55.22 62.04
v 28.93 54.21 57.72
v 31.71 52.95 54.15
v 35.45 51.57 51.69
v 39.80 50.20 50.56
v 44.32 48.98 50.88
v 48.57 48.03 52.62
v 52.14 47.43 55.61
v 53.61 53.03 54.61
v 56.26 53.53 58.45
v 57.62 54.45 62.85
v 57.55 55.68 67.38
v 56.07 57.13 71.59
v 53.30 58.63 75.07
v 49.54 60.05 77.48
v 45.14 61.25 78.59
v 40.53 62.10 78.29
v 36.18 62.54 76.60
v 32.49 62.50 73.70
v 29.84 62.00 69.86
v 28.48 61.09 65.46
v 28.55 59.85 60.93
v 30.04 58.40 56.72
v 32.80 56.90 53.24
v 36.57 55.48 50.82
v 40.97 54.28 49.71
v 45.57 53.43 50.02
v 49.93 53.00 51.71
v 53.61 53.03 54.61
v 54.67 59.04 52.66
v 57.40 60.20 56.30
v 58.83 61.75 60.49
v 58.81 63.53 64.83
v 57.36 65.38 68.89
v 54.61 67.10 72.28
v 50.82 68.54 74.66
v 46.38 69.55 75.79
v 41.72 70.03 75.58
v 37.29 69.94 74.03
v 33.53 69.28 71.31
v 30.80 68.12 67.67
v 29.37 66.57 63.48
v 29.39 64.79 59.14
v 30.84 62.94 55.08
v 33.59 61.22 51.69
v 37.38 59.78 49.31
v 41.82 58.77 48.17
v 46.48 58.29 48.39
v 50.91 58.38 49.93
v 54.67 59.04 52.66
v 55.22 65.38 49.65
v 57.98 67.16 53.01
v 59.43 69.29 56.93
v 59.44 71.57 61.03
v 57.99 73.78 64.91
v 55.24 75.70 68.19
v 51.44 77.14 70.54
v 46.98 77.97 71.75
v 42.29 78.09 71.69
v 37.83 77.50 70.36
v 34.03 76.25 67.90
v 31.27 74.48 64.54
v 29.82 72.34 60.62
v 29.82 70.06 56.52
v 31.26 67.85 52.64
v 34.02 65.93 49.36
v 37.81 64.49 47.00
v 42.27 63.67 45.80
v 46.96 63.55 45.86
v 51.42 64.14 47.19
v 55.22 65.38 49.65
v 55.16 71.96 45.52
v 57.90 74.29 48.53
v 59.34 76.94 52.13
v 59.32 79.67 55.95
v 57.86 82.19 59.62
v 55.10 84.28 62.79
v 51.30 85.71 65.14
v 46.83 86.35 66.45
v 42.15 86.15 66.58
v 37.69 85.10 65.52
v 33.91 83.33 63.39
v 31.17 81.01 60.37
v 29.73 78.35 56.78
v 29.75 75.63 52.96
v 31.21 73.10 49.28
v 33.97 71.02 46.11
v 37.77 69.59 43.76
v 42.23 68.94 42.46
v 46.92 69.15 42.32
v 51.37 70.19 43.38
v 55.16 71.96 45.52
v 54.38 78.65 40.21
v 57.06 81.45 42.85
v 58.44 84.56 46.09
v 58.38 87.66 49.61
v 56.88 90.46 53.06
v 54.10 92.67 56.12
v 50.30 94.09 58.48
v 45.85 94.57 59.91
v 41.20 94.07 60.27
v 36.79 92.64 59.52
v 33.07 90.41 57.75
v 30.38 87.60 55.11
v 29.01 84.50 51.87
v 29.07 81.39 48.35
v 30.57 78.60 44.89
v 33.35 76.38 41.83
v 37.15 74.96 39.47
v 41.60 74.48 38.04
v 46.25 74.98 37.68
v 50.65 76.42 38.43
v 54.38 78.65 40.21
v 52.81 85.28 33.74
v 55.39 88.49 35.98
v 56.68 91.98 38.85
v 56.54 95.39 42.06
v 54.99 98.41 45.30
v 52.18 100.74 48.25
v 48.38 102.13 50.63
v 43.97 102.47 52.20
v 39.38 101.72 52.80
v 35.05 99.94 52.39
v 31.42 97.32 50.99
v 28.83 94.11 48.74
v 27.55 90.63 45.88
v 27.69 87.21 42.66
v 29.24 84.19 39.42
v 32.05 81.87 36.47
v 35.85 80.47 34.09
v 40.26 80.13 32.52
v 44.85 80.89 31.92
v 49.17 82.66 32.34
v 52.81 85.28 33.74
v 50.37 91.68 26.16
v 52.83 95.22 28.00
v 54.00 99.02 30.50
v 53.76 102.70 33.40
v 52.14 105.90 36.43
v 49.30 108.31 39.28
v 45.51 109.68 41.69
v 41.15 109.90 43.40
v 36.64 108.93 44.26
v 32.42 106.87 44.19
v 28.92 103.92 43.18
v 26.46 100.37 41.33
v 25.29 96.57 38.84
v 25.53 92.90 35.93
v 27.14 89.70 32.91
v 29.99 87.29 30.05
v 33.78 85.91 27.65
v 38.14 85.70 25.93
v 42.65 86.67 25.07
v 46.86 88.73 25.15
v 50.37 91.68 26.16
v 47.05 97.64 17.60
v 49.36 101.46 19.05
v 50.38 105.52 21.18
v 50.03 109.41 23.78
v 48.33 112.75 26.60
v 45.45 115.22 29.37
v 41.68 116.57 31.80
v 37.38 116.68 33.68
v 32.97 115.53 34.80
v 28.89 113.23 35.06
v 25.53 110.01 34.44
v 23.22 106.19 33.00
v 22.20 102.13 30.87
v 22.55 98.24 28.27
v 24.25 94.90 25.45
v 27.13 92.43 22.68
v 30.90 91.08 20.24
v 35.20 90.97 18.37
v 39.61 92.12 17.25
v 43.69 94.42 16.98
v 47.05 97.64 17.60
v 42.85 102.97 8.27
v 44.98 107.01 9.32
v 45.85 111.28 11.09
v 45.36 115.33 13.39
v 43.57 118.79 16.02
v 40.66 121.30 18.70
v 36.91 122.63 21.19
v 32.68 122.65 23.22
v 28.39 121.34 24.61
v 24.46 118.85 25.22
v 21.28 115.41 24.99
v 19.15 111.36 23.94
v 18.28 107.10 22.17
v 18.77 103.04 19.86
v 20.55 99.59 17.24
v 23.47 97.07 14.55
v 27.22 95.74 12.07
v 31.45 95.73 10.03
v 35.74 97.03 8.64
v 39.67 99.53 8.04
v 42.85 102.97 8.27
v 37.84 107.48 -1.60
v 39.77 111.70 -0.93
v 40.45 116.12 0.48
v 39.82 120.31 2.50
v 37.94 123.85 4.94
v 34.99 126.40 7.55
v 31.26 127.71 10.09
v 27.12 127.64 12.29
v 22.97 126.22 13.95
v 19.21 123.57 14.90
v 16.23 119.95 15.06
v 14.30 115.72 14.40
v 13.61 111.30 12.99
v 14.24 107.11 10.96
v 16.12 103.57 8.52
v 19.07 101.02 5.91
v 22.80 99.72 3.38
v 26.94 99.78 1.17
v 31.10 101.21 -0.49
v 34.85 103.86 -1.44
v 37.84 107.48 -1.60
v 32.11 111.02 -11.69
v 33.82 115.38 -11.42
v 34.30 119.92 -10.36
v 33.51 124.21 -8.61
v 31.53 127.81 -6.35
v 28.55 130.38 -3.80
v 24.85 131.67 -1.21
v 20.81 131.54 1.17
v 16.81 130.02 3.11
v 13.26 127.25 4.41
v 10.49 123.50 4.95
v 8.78 119.14 4.68
v 8.29 114.59 3.61
v 9.08 110.31 1.87
v 11.07 106.70 -0.39
v 14.05 104.13 -2.94
v 17.75 102.85 -5.53
v 21.79 102.97 -7.92
v 25.78 104.49 -9.85
v 29.34 107.27 -11.15
v 32.11 111.02 -11.69
v 25.80 113.49 -21.72
v 27.27 117.95 -21.83
v 27.54 122.58 -21.11
v 26.58 126.93 -19.64
v 24.49 130.57 -17.55
v 21.47 133.16 -15.05
v 17.82 134.43 -12.39
v 13.89 134.26 -9.83
v 10.08 132.66 -7.61
v 6.74 129.80 -5.95
v 4.22 125.96 -5.02
v 2.75 121.50 -4.91
v 2.48 116.87 -5.63
v 3.44 112.52 -7.10
v 5.53 108.87 -9.19
v 8.55 106.29 -11.69
v 12.20 105.02 -14.35
v 16.13 105.19 -16.92
v 19.95 106.78 -19.13
v 23.28 109.64 -20.79
v 25.80 113.49 -21.72
v 19.09 114.84 -31.36
v 20.29 119.35 -31.86
v 20.32 124.03 -31.49
v 19.18 128.42 -30.28
v 16.97 132.09 -28.36
v 13.92 134.68 -25.91
v 10.32 135.94 -23.17
v 6.53 135.74 -20.41
v 2.92 134.11 -17.90
v -0.16 131.20 -15.89
v -2.41 127.30 -14.57
v -3.61 122.79 -14.07
v -3.64 118.11 -14.44
v -2.50 113.73 -15.65
v -0.29 110.06 -17.57
v 2.76 107.47 -20.02
v 6.36 106.21 -22.76
v 10.15 106.40 -25.52
v 13.76 108.04 -28.03
v 16.84 110.94 -30.04
v 19.09 114.84 -31.36
v 12.16 115.09 -40.36
v 13.06 119.61 -41.25
v 12.83 124.30 -41.22
v 11.48 128.69 -40.28
v 9.15 132.37 -38.51
v 6.07 134.96 -36.10
v 2.54 136.22 -33.27
v -1.09 136.02 -30.31
v -4.47 134.38 -27.50
v -7.28 131.46 -25.12
v -9.22 127.55 -23.40
v -10.12 123.03 -22.52
v -9.88 118.34 -22.54
v -8.54 113.95 -23.49
v -6.21 110.27 -25.25
v -3.13 107.68 -27.67
v 0.40 106.42 -30.49
v 4.03 106.62 -33.45
v 7.41 108.26 -36.26
v 10.22 111.18 -38.64
v 12.16 115.09 -40.36
v 5.18 114.29 -48.50
v 5.74 118.77 -49.78
v 5.21 123.42 -50.09
v 3.65 127.79 -49.40
v 1.19 131.45 -47.79
v -1.91 134.04 -45.40
v -5.36 135.31 -42.48
v -8.81 135.13 -39.31
v -11.93 133.52 -36.19
v -14.42 130.64 -33.44
v -16.02 126.78 -31.32
v -16.58 122.29 -30.05
v -16.06 117.64 -29.74
v -14.49 113.27 -30.42
v -12.03 109.61 -32.03
v -8.93 107.02 -34.42
v -5.48 105.76 -37.34
v -2.03 105.93 -40.51
v 1.09 107.54 -43.63
v 3.58 110.42 -46.38
v 5.18 114.29 -48.50
v -1.70 112.55 -55.62
v -1.51 116.93 -57.28
v -2.36 121.50 -57.92
v -4.17 125.81 -57.49
v -6.77 129.43 -56.02
v -9.89 132.02 -53.66
v -13.24 133.31 -50.63
v -16.48 133.18 -47.24
v -19.30 131.65 -43.82
v -21.42 128.86 -40.69
v -22.64 125.09 -38.18
v -22.83 120.71 -36.52
v -21.98 116.14 -35.87
v -20.17 111.83 -36.31
v -17.57 108.21 -37.78
v -14.45 105.62 -40.14
v -11.10 104.33 -43.17
v -7.86 104.46 -46.56
v -5.04 105.99 -49.98
v -2.92 108.78 -53.10
v -1.70 112.55 -55.62
v -8.35 109.98 -61.63
v -8.57 114.21 -63.66
v -9.78 118.64 -64.63
v -11.85 122.84 -64.43
v -14.60 126.41 -63.08
v -17.73 128.99 -60.73
v -20.96 130.32 -57.60
v -23.96 130.29 -53.99
v -26.44 128.88 -50.26
v -28.16 126.25 -46.78
v -28.95 122.64 -43.88
v -28.73 118.42 -41.85
v -27.52 113.99 -40.89
v -25.44 109.78 -41.09
v -22.70 106.22 -42.43
v -19.56 103.64 -44.78
v -16.34 102.31 -47.92
v -13.34 102.34 -51.52
v -10.85 103.74 -55.25
v -9.14 106.38 -58.74
v -8.35 109.98 -61.63
v -14.67 106.74 -66.52
v -15.34 110.74 -68.89
v -16.94 114.97 -70.13
v -19.29 119.03 -70.14
v -22.19 122.51 -68.91
v -25.33 125.08 -66.55
v -28.42 126.48 -63.31
v -31.15 126.58 -59.49
v -33.25 125.36 -55.47
v -34.52 122.95 -51.65
v -34.84 119.58 -48.40
v -34.16 115.59 -46.03
v -32.57 111.35 -44.79
v -30.21 107.29 -44.78
v -27.32 103.81 -46.01
v -24.17 101.24 -48.37
v -21.08 99.84 -51.61
v -18.36 99.75 -55.43
v -16.25 100.96 -59.45
v -14.98 103.37 -63.27
v -14.67 106.74 -66.52
v -20.60 102.96 -70.29
v -21.75 106.66 -72.94
v -23.75 110.64 -74.43
v -26.41 114.50 -74.60
v -29.46 117.88 -73.45
v -32.60 120.44 -71.08
v -35.52 121.93 -67.72
v -37.95 122.20 -63.72
v -39.64 121.23 -59.44
v -40.42 119.11 -55.33
v -40.23 116.06 -51.77
v -39.07 112.36 -49.12
v -37.07 108.39 -47.64
v -34.41 104.52 -47.47
v -31.37 101.14 -48.62
v -28.23 98.58 -50.99
v -25.30 97.10 -54.34
v -22.87 96.82 -58.35
v -21.19 97.79 -62.62
v -20.40 99.91 -66.74
v -20.60 102.96 -70.29
v -26.10 98.78 -73.01
v -27.75 102.12 -75.87
v -30.17 105.78 -77.53
v -33.13 109.42 -77.81
v -36.32 112.67 -76.69
v -39.44 115.22 -74.29
v -42.19 116.82 -70.84
v -44.29 117.31 -66.67
v -45.53 116.65 -62.20
v -45.81 114.89 -57.85
v -45.08 112.22 -54.07
v -43.43 108.88 -51.21
v -41.01 105.22 -49.56
v -38.06 101.58 -49.27
v -34.86 98.33 -50.39
v -31.74 95.78 -52.79
v -28.99 94.18 -56.24
v -26.90 93.68 -60.41
v -25.65 94.35 -64.89
v -25.37 96.11 -69.23
v -26.10 98.78 -73.01
v -31.16 94.32 -74.76
v -33.31 97.24 -77.74
v -36.14 100.56 -79.47
v -39.38 103.94 -79.80
v -42.70 107.06 -78.68
v -45.79 109.62 -76.23
v -48.33 111.35 -72.69
v -50.09 112.09 -68.40
v -50.88 111.77 -63.79
v -50.64 110.43 -59.30
v -49.38 108.18 -55.37
v -47.23 105.25 -52.40
v -44.40 101.94 -50.66
v -41.17 98.55 -50.34
v -37.84 95.43 -51.46
v -34.76 92.88 -53.91
v -32.22 91.15 -57.45
v -30.46 90.40 -61.74
v -29.66 90.72 -66.35
v -29.91 92.07 -70.84
v -31.16 94.32 -74.76
v -35.81 89.67 -75.63
v -38.42 92.17 -78.62
v -41.63 95.12 -80.35
v -45.12 98.25 -80.64
v -48.54 101.24 -79.47
v -51.57 103.81 -76.96
v -53.90 105.69 -73.34
v -55.30 106.71 -68.98
v -55.64 106.76 -64.30
v -54.89 105.85 -59.76
v -53.12 104.05 -55.80
v -50.51 101.56 -52.82
v -47.30 98.60 -51.09
v -43.81 95.47 -50.80
v -40.39 92.48 -51.96
v -37.36 89.92 -54.48
v -35.03 88.04 -58.09
v -33.63 87.02 -62.45
v -33.29 86.96 -67.13
v -34.04 87.88 -71.67
v -35.81 89.67 -75.63
v -40.04 84.93 -75.72
v -43.09 87.01 -78.62
v -46.63 89.62 -80.25
v -50.32 92.51 -80.44
v -53.81 95.39 -79.18
v -56.75 97.97 -76.59
v -58.84 100.02 -72.93
v -59.90 101.32 -68.54
v -59.81 101.75 -63.87
v -58.58 101.27 -59.37
v -56.33 99.92 -55.48
v -53.29 97.84 -52.57
v -49.75 95.23 -50.94
v -46.05 92.34 -50.75
v -42.56 89.46 -52.01
v -39.63 86.88 -54.60
v -37.53 84.83 -58.26
v -36.48 83.53 -62.65
v -36.57 83.10 -67.32
v -37.80 83.58 -71.82
v -40.04 84.93 -75.72
v -43.91 80.16 -75.11
v -47.32 81.86 -77.85
v -51.14 84.17 -79.31
v -54.99 86.85 -79.34
v -58.50 89.64 -77.96
v -61.32 92.28 -75.29
v -63.17 94.49 -71.59
v -63.88 96.07 -67.23
v -63.38 96.86 -62.63
v -61.71 96.79 -58.25
v -59.03 95.85 -54.50
v -55.62 94.15 -51.77
v -51.80 91.84 -50.31
v -47.95 89.16 -50.27
v -44.44 86.37 -51.66
v -41.62 83.73 -54.33
v -39.77 81.52 -58.03
v -39.06 79.94 -62.39
v -39.56 79.15 -66.99
v -41.23 79.22 -71.37
v -43.91 80.16 -75.11
v -47.42 75.42 -73.91
v -51.14 76.80 -76.41
v -55.18 78.85 -77.64
v -59.13 81.38 -77.49
v -62.62 84.12 -75.96
v -65.30 86.82 -73.21
v -66.90 89.21 -69.50
v -67.28 91.05 -65.20
v -66.39 92.17 -60.73
v -64.32 92.45 -56.52
v -61.28 91.88 -53.00
v -57.55 90.50 -50.50
v -53.52 88.44 -49.26
v -49.56 85.92 -49.42
v -46.08 83.18 -50.95
v -43.40 80.48 -53.70
v -41.79 78.09 -57.41
v -41.42 76.25 -61.71
v -42.31 75.13 -66.18
v -44.37 74.84 -70.38
v -47.42 75.42 -73.91
v -50.61 70.76 -72.18
v -54.58 71.89 -74.41
v -58.78 73.75 -75.38
v -62.79 76.16 -75.01
v -66.22 78.89 -73.33
v -68.73 81.67 -70.51
v -70.08 84.23 -66.81
v -70.13 86.31 -62.60
v -68.89 87.72 -58.30
v -66.47 88.31 -54.33
v -63.10 88.03 -51.07
v -59.13 86.90 -48.84
v -54.93 85.04 -47.86
v -50.93 82.63 -48.23
v -47.50 79.90 -49.91
v -44.99 77.12 -52.74
v -43.64 74.56 -56.43
v -43.58 72.48 -60.64
v -44.83 71.07 -64.94
v -47.25 70.48 -68.91
v -50.61 70.76 -72.18
v -53.50 66.22 -69.99
v -57.67 67.15 -71.93
v -61.98 68.88 -72.64
v -66.00 71.23 -72.05
v -69.33 73.98 -70.22
v -71.66 76.85 -67.34
v -72.76 79.57 -63.67
v -72.51 81.87 -59.59
v -70.94 83.52 -55.48
v -68.20 84.36 -51.76
v -64.57 84.32 -48.79
v -60.40 83.38 -46.85
v -56.10 81.66 -46.14
v -52.08 79.30 -46.73
v -48.74 76.55 -48.56
v -46.41 73.68 -51.45
v -45.32 70.96 -55.11
v -45.57 68.66 -59.20
v -47.14 67.01 -63.30
v -49.87 66.17 -67.02
v -53.50 66.22 -69.99
v -56.11 61.81 -67.43
v -60.43 62.61 -69.07
v -64.81 64.26 -69.51
v -68.80 66.60 -68.71
v -72.02 69.39 -66.75
v -74.15 72.37 -63.82
v -74.99 75.24 -60.21
v -74.46 77.72 -56.26
v -72.60 79.58 -52.37
v -69.59 80.62 -48.92
v -65.74 80.74 -46.24
v -61.42 79.94 -44.60
v -57.05 78.29 -44.16
v -53.05 75.96 -44.96
v -49.83 73.17 -46.92
v -47.70 70.19 -49.85
v -46.86 67.32 -53.46
v -47.39 64.83 -57.41
v -49.26 62.98 -61.30
v -52.26 61.94 -64.75
v -56.11 61.81 -67.43
v -58.45 57.57 -64.54
v -62.88 58.29 -65.89
v -67.29 59.90 -66.08
v -71.23 62.25 -65.10
v -74.32 65.11 -63.02
v -76.26 68.19 -60.07
v -76.86 71.20 -56.52
v -76.05 73.85 -52.72
v -73.93 75.86 -49.05
v -70.69 77.05 -45.87
v -66.66 77.30 -43.49
v -62.23 76.59 -42.13
v -57.82 74.97 -41.94
v -53.88 72.62 -42.93
v -50.79 69.77 -45.00
v -48.85 66.68 -47.96
v -48.25 63.67 -51.51
v -49.06 61.02 -55.30
v -51.18 59.01 -58.97
v -54.42 57.82 -62.15
v -58.45 57.57 -64.54
v -60.53 53.50 -61.38
v -65.04 54.17 -62.47
v -69.45 55.78 -62.43
v -73.32 58.17 -61.27
v -76.28 61.10 -59.11
v -78.02 64.29 -56.15
v -78.39 67.43 -52.68
v -77.35 70.21 -49.04
v -75.00 72.36 -45.59
v -71.56 73.66 -42.67
v -67.38 73.99 -40.56
v -62.87 73.32 -39.47
v -58.46 71.71 -39.51
v -54.59 69.32 -40.67
v -51.64 66.39 -42.83
v -49.89 63.19 -45.79
v -49.52 60.05 -49.26
v -50.56 57.28 -52.90
v -52.91 55.13 -56.35
v -56.35 53.83 -59.27
v -60.53 53.50 -61.38
v -62.36 49.60 -58.00
v -66.93 50.26 -58.85
v -71.32 51.88 -58.61
v -75.12 54.32 -57.31
v -77.93 57.34 -55.08
v -79.50 60.64 -52.13
v -79.66 63.89 -48.75
v -78.41 66.78 -45.27
v -75.85 69.03 -42.04
v -72.25 70.41 -39.36
v -67.96 70.79 -37.51
v -63.39 70.14 -36.66
v -58.99 68.51 -36.90
v -55.20 66.07 -38.20
v -52.38 63.05 -40.43
v -50.82 59.76 -43.38
v -50.65 56.50 -46.76
v -51.91 53.61 -50.24
v -54.46 51.37 -53.47
v -58.06 49.98 -56.15
v -62.36 49.60 -58.00
v -63.96 45.88 -54.45
v -68.56 46.54 -55.09
v -72.93 48.19 -54.68
v -76.64 50.70 -53.27
v -79.33 53.79 -50.98
v -80.73 57.18 -48.06
v -80.71 60.53 -44.77
v -79.26 63.52 -41.45
v -76.54 65.85 -38.42
v -72.80 67.29 -35.97
v -68.42 67.70 -34.35
v -63.81 67.04 -33.72
v -59.44 65.38 -34.13
v -55.73 62.88 -35.54
v -53.04 59.79 -37.82
v -51.64 56.40 -40.75
v -51.67 53.04 -44.03
v -53.11 50.06 -47.36
v -55.83 47.73 -50.39
v -59.57 46.29 -52.83
v -63.96 45.88 -54.45
v -65.33 42.33 -50.78
v -69.95 42.99 -51.23
v -74.29 44.69 -50.68
v -77.93 47.25 -49.17
v -80.50 50.42 -46.86
v -81.75 53.90 -43.96
v -81.57 57.34 -40.78
v -79.96 60.40 -37.61
v -77.10 62.80 -34.76
v -73.25 64.28 -32.52
v -68.79 64.71 -31.10
v -64.17 64.04 -30.65
v -59.83 62.34 -31.21
v -56.20 59.78 -32.71
v -53.63 56.61 -35.03
v -52.38 53.13 -37.92
v -52.56 49.69 -41.11
v -54.16 46.63 -44.28
v -57.03 44.24 -47.12
v -60.88 42.75 -49.36
v -65.33 42.33 -50.78
v -66.50 38.93 -47.01
v -71.13 39.61 -47.31
v -75.44 41.34 -46.63
v -79.00 43.96 -45.05
v -81.47 47.21 -42.72
v -82.60 50.76 -39.87
v -82.28 54.27 -36.78
v -80.54 57.41 -33.75
v -77.56 59.85 -31.07
v -73.62 61.36 -29.01
v -69.11 61.80 -27.78
v -64.48 61.12 -27.48
v -60.17 59.39 -28.16
v -56.61 56.77 -29.74
v -54.15 53.52 -32.07
v -53.02 49.97 -34.92
v -53.34 46.46 -38.01
v -55.08 43.32 -41.04
v -58.06 40.88 -43.72
v -61.99 39.37 -45.77
v -66.50 38.93 -47.01
v -67.48 35.67 -43.18
v -72.12 36.37 -43.34
v -76.40 38.14 -42.57
v -79.90 40.81 -40.93
v -82.27 44.11 -38.60
v -83.30 47.74 -35.79
v -82.86 51.32 -32.79
v -81.02 54.51 -29.89
v -77.94 56.99 -27.36
v -73.93 58.54 -25.47
v -69.39 58.98 -24.38
v -64.75 58.28 -24.22
v -60.47 56.51 -25.00
v -56.98 53.85 -26.63
v -54.60 50.54 -28.96
v -53.58 46.92 -31.77
v -54.01 43.34 -34.77
v -55.86 40.15 -37.68
v -58.93 37.66 -40.20
v -62.94 36.12 -42.10
v -67.48 35.67 -43.18
v -68.30 32.55 -39.30
v -72.94 33.26 -39.36
v -77.19 35.06 -38.50
v -80.63 37.77 -36.83
v -82.94 41.13 -34.50
v -83.87 44.81 -31.74
v -83.35 48.44 -28.82
v -81.42 51.69 -26.03
v -78.27 54.21 -23.64
v -74.21 55.78 -21.88
v -69.63 56.23 -20.93
v -65.00 55.52 -20.88
v -60.74 53.72 -21.73
v -57.30 51.01 -23.40
v -55.00 47.65 -25.74
v -54.06 43.97 -28.50
v -54.58 40.34 -31.41
v -56.51 37.10 -34.20
v -59.66 34.57 -36.60
v -63.72 33.00 -38.35
v -68.30 32.55 -39.30
v -68.96 29.55 -35.41
v -73.60 30.26 -35.37
v -77.82 32.08 -34.45
v -81.23 34.83 -32.74
v -83.47 38.23 -30.42
v -84.34 41.96 -27.70
v -83.75 45.64 -24.86
v -81.75 48.93 -22.17
v -78.55 51.49 -19.90
v -74.45 53.08 -18.26
v -69.85 53.54 -17.42
v -65.21 52.83 -17.46
v -60.99 51.01 -18.38
v -57.58 48.26 -20.08
v -55.34 44.86 -22.41
v -54.47 41.13 -25.12
v -55.06 37.45 -27.96
v -57.06 34.16 -30.65
v -60.26 31.60 -32.93
v -64.36 30.01 -34.57
v -68.96 29.55 -35.41
v -69.49 26.65 -31.50
v -74.12 27.36 -31.38
v -78.33 29.20 -30.41
v -81.71 31.97 -28.69
v -83.91 35.40 -26.37
v -84.73 39.17 -23.70
v -84.08 42.90 -20.92
v -82.04 46.22 -18.32
v -78.79 48.82 -16.14
v -74.66 50.43 -14.60
v -70.05 50.91 -13.86
v -65.41 50.19 -13.98
v -61.20 48.36 -14.95
v -57.83 45.59 -16.67
v -55.63 42.15 -18.99
v -54.81 38.39 -21.67
v -55.45 34.66 -24.44
v -57.50 31.33 -27.04
v -60.75 28.73 -29.22
v -64.88 27.12 -30.76
v -69.49 26.65 -31.50
v -69.90 23.84 -27.60
v -74.53 24.55 -27.41
v -78.73 26.39 -26.40
v -82.08 29.17 -24.66
v -84.25 32.63 -22.35
v -85.04 36.43 -19.71
v -84.35 40.20 -16.99
v -82.27 43.56 -14.46
v -78.99 46.19 -12.37
v -74.84 47.83 -10.92
v -70.22 48.32 -10.26
v -65.59 47.61 -10.44
v -61.39 45.77 -11.45
v -58.04 42.98 -13.20
v -55.87 39.52 -15.50
v -55.09 35.72 -18.14
v -55.77 31.96 -20.86
v -57.85 28.60 -23.39
v -61.13 25.97 -25.48
v -65.28 24.33 -26.93
v -69.90 23.84 -27.60
v -70.21 21.11 -23.70
v -74.84 21.81 -23.46
v -79.03 23.64 -22.41
v -82.37 26.44 -20.65
v -84.52 29.92 -18.35
v -85.28 33.74 -15.74
v -84.57 37.53 -13.07
v -82.46 40.93 -10.61
v -79.17 43.59 -8.59
v -75.00 45.25 -7.21
v -70.37 45.76 -6.61
v -65.74 45.06 -6.85
v -61.55 43.23 -7.90
v -58.22 40.43 -9.66
v -56.06 36.95 -11.96
v -55.31 33.13 -14.57
v -56.01 29.34 -17.24
v -58.12 25.94 -19.71
v -61.42 23.28 -21.73
v -65.58 21.62 -23.10
v -70.21 21.11 -23.70
v -70.43 18.44 -19.82
v -75.06 19.12 -19.54
v -79.25 20.95 -18.45
v -82.57 23.75 -16.68
v -84.71 27.24 -14.38
v -85.46 31.08 -11.79
v -84.73 34.90 -9.16
v -82.61 38.32 -6.75
v -79.30 41.01 -4.79
v -75.13 42.70 -3.47
v -70.50 43.23 -2.93
v -65.86 42.55 -3.21
v -61.68 40.72 -4.30
v -58.36 37.93 -6.07
v -56.22 34.44 -8.37
v -55.47 30.60 -10.96
v -56.20 26.78 -13.59
v -58.32 23.36 -16.00
v -61.62 20.67 -17.97
v -65.80 18.97 -19.28
v -70.43 18.44 -19.82
v -70.58 15.83 -15.96
v -75.21 16.49 -15.64
v -79.39 18.30 -14.52
v -82.71 21.09 -12.73
v -84.85 24.58 -10.43
v -85.58 28.44 -7.85
v -84.85 32.27 -5.25
v -82.72 35.72 -2.88
v -79.41 38.44 -0.97
v -75.23 40.16 0.30
v -70.60 40.71 0.79
v -65.96 40.05 0.46
v -61.78 38.24 -0.65
v -58.46 35.45 -2.45
v -56.33 31.96 -4.75
v -55.59 28.10 -7.32
v -56.32 24.27 -9.92
v -58.45 20.82 -12.30
v -61.76 18.11 -14.21
v -65.94 16.39 -15.47
v -70.58 15.83 -15.96
v -70.66 13.26 -12.13
v -75.29 13.89 -11.76
v -79.47 15.69 -10.61
v -82.79 18.47 -8.80
v -84.92 21.95 -6.49
v -85.66 25.81 -3.92
v -84.92 29.66 -1.34
v -82.79 33.13 1.00
v -79.47 35.87 2.87
v -75.29 37.61 4.09
v -70.66 38.20 4.54
v -66.02 37.56 4.17
v -61.84 35.77 3.02
v -58.52 32.99 1.21
v -56.39 29.50 -1.10
v -55.66 25.64 -3.67
v -56.39 21.79 -6.25
v -58.52 18.33 -8.59
v -61.84 15.59 -10.46
v -66.02 13.84 -11.68
v -70.66 13.26 -12.13
v -70.68 10.72 -8.32
v -75.32 11.33 -7.91
v -79.50 13.10 -6.73
v -82.82 15.86 -4.89
v -84.95 19.34 -2.57
v -85.68 23.20 0.00
v -84.95 27.05 2.57
v -82.82 30.53 4.89
v -79.50 33.29 6.73
v -75.32 35.07 7.91
v -70.68 35.68 8.32
v -66.05 35.07 7.91
v -61.86 33.29 6.73
v -58.55 30.53 4.89
v -56.41 27.05 2.57
v -55.68 23.20 -0.00
v -56.41 19.34 -2.57
v -58.55 15.86 -4.89
v -61.86 13.10 -6.73
v -66.05 11.33 -7.91
v -70.68 10.72 -8.32
v -70.66 8.19 -4.54
v -75.29 8.78 -4.09
v -79.47 10.52 -2.87
v -82.79 13.26 -1.00
v -84.92 16.73 1.34
v -85.66 20.58 3.93
v -84.92 24.44 6.50
v -82.79 27.92 8.80
v -79.47 30.70 10.62
v -75.29 32.50 11.76
v -70.66 33.13 12.13
v -66.02 32.55 11.68
v -61.84 30.80 10.46
v -58.52 28.06 8.59
v -56.39 24.60 6.25
v -55.66 20.75 3.66
v -56.39 16.89 1.09
v -58.52 13.40 -1.21
v -61.84 10.63 -3.03
v -66.02 8.83 -4.17
v -70.66 8.19 -4.54
v -70.60 5.68 -0.79
v -75.23 6.24 -0.30
v -79.41 7.96 0.97
v -82.72 10.67 2.88
v -84.85 14.12 5.25
v -85.58 17.95 7.86
v -84.85 21.81 10.43
v -82.71 25.30 12.73
v -79.39 28.09 14.52
v -75.21 29.90 15.64
v -70.58 30.56 15.97
v -65.94 30.01 15.47
v -61.76 28.29 14.21
v -58.45 25.57 12.30
v -56.32 22.13 9.92
v -55.59 18.29 7.32
v -56.33 14.44 4.74
v -58.46 10.94 2.45
v -61.78 8.15 0.65
v -65.96 6.34 -0.46
v -70.60 5.68 -0.79
v -70.50 3.16 2.93
v -75.13 3.69 3.47
v -79.31 5.39 4.79
v -82.61 8.07 6.75
v -84.73 11.49 9.16
v -85.46 15.31 11.79
v -84.71 19.15 14.38
v -82.57 22.64 16.68
v -79.25 25.44 18.46
v -75.06 27.27 19.54
v -70.43 27.95 19.82
v -65.80 27.42 19.28
v -61.62 25.73 17.97
v -58.31 23.04 16.00
v -56.20 19.62 13.59
v -55.47 15.80 10.96
v -56.22 11.96 8.37
v -58.36 8.47 6.07
v -61.68 5.67 4.29
v -65.87 3.84 3.21
v -70.50 3.16 2.93
v -70.37 0.63 6.61
v -75.00 1.14 7.21
v -79.17 2.80 8.59
v -82.46 5.46 10.61
v -84.57 8.86 13.07
v -85.28 12.65 15.74
v -84.52 16.47 18.36
v -82.36 19.95 20.66
v -79.03 22.75 22.42
v -74.84 24.58 23.47
v -70.21 25.28 23.70
v -65.58 24.77 23.10
v -61.41 23.11 21.73
v -58.12 20.45 19.70
v -56.01 17.06 17.24
v -55.31 13.26 14.57
v -56.06 9.44 11.96
v -58.22 5.96 9.66
v -61.55 3.16 7.90
v -65.74 1.33 6.85
v -70.37 0.63 6.61
v -70.22 -1.92 10.25
v -74.84 -1.44 10.92
v -79.00 0.20 12.37
v -82.27 2.83 14.46
v -84.35 6.19 16.99
v -85.04 9.96 19.71
v -84.25 13.76 22.35
v -82.08 17.22 24.66
v -78.73 20.00 26.41
v -74.53 21.84 27.42
v -69.90 22.55 27.60
v -65.28 22.06 26.93
v -61.13 20.42 25.48
v -57.85 17.79 23.39
v -55.77 14.43 20.86
v -55.09 10.67 18.14
v -55.87 6.87 15.50
v -58.04 3.41 13.19
v -61.39 0.62 11.45
v -65.59 -1.21 10.43
v -70.22 -1.92 10.25
v -70.05 -4.51 13.86
v -74.66 -4.04 14.60
v -78.79 -2.43 16.14
v -82.04 0.17 18.32
v -84.08 3.49 20.92
v -84.73 7.22 23.70
v -83.91 10.99 26.38
v -81.70 14.43 28.69
v -78.33 17.19 30.42
v -74.12 19.03 31.39
v -69.48 19.74 31.50
v -64.87 19.27 30.76
v -60.74 17.66 29.22
v -57.50 15.06 27.04
v -55.45 11.73 24.44
v -54.81 8.01 21.66
v -55.63 4.24 18.98
v -57.83 0.80 16.67
v -61.20 -1.97 14.94
v -65.41 -3.80 13.97
v -70.05 -4.51 13.86
v -69.86 -7.15 17.42
v -74.45 -6.69 18.26
v -78.55 -5.10 19.90
v -81.76 -2.54 22.17
v -83.75 0.75 24.87
v -84.34 4.44 27.71
v -83.47 8.16 30.43
v -81.23 11.56 32.75
v -77.82 14.31 34.46
v -73.59 16.13 35.37
v -68.95 16.84 35.41
v -64.36 16.38 34.57
v -60.26 14.79 32.93
v -57.05 12.23 30.65
v -55.06 8.94 27.96
v -54.47 5.26 25.12
v -55.34 1.53 22.40
v -57.59 -1.87 20.07
v -60.99 -4.61 18.37
v -65.22 -6.43 17.45
v -69.86 -7.15 17.42
v -69.64 -9.83 20.92
v -74.21 -9.38 21.88
v -78.27 -7.82 23.64
v -81.42 -5.29 26.03
v -83.35 -2.05 28.83
v -83.87 1.59 31.75
v -82.93 5.26 34.51
v -80.63 8.62 36.84
v -77.18 11.33 38.51
v -72.93 13.13 39.36
v -68.29 13.84 39.31
v -63.72 13.38 38.36
v -59.66 11.82 36.60
v -56.51 9.29 34.20
v -54.58 6.05 31.41
v -54.06 2.42 28.49
v -55.00 -1.26 25.73
v -57.30 -4.62 23.40
v -60.75 -7.33 21.72
v -65.00 -9.13 20.87
v -69.64 -9.83 20.92
v -69.40 -12.58 24.38
v -73.94 -12.14 25.46
v -77.95 -10.60 27.36
v -81.02 -8.11 29.89
v -82.86 -4.92 32.80
v -83.29 -1.34 35.80
v -82.27 2.28 38.61
v -79.89 5.58 40.94
v -76.39 8.25 42.58
v -72.11 10.02 43.35
v -67.48 10.71 43.18
v -62.93 10.27 42.10
v -58.93 8.73 40.20
v -55.85 6.24 37.67
v -54.01 3.05 34.76
v -53.58 -0.53 31.76
v -54.60 -4.15 28.95
v -56.98 -7.45 26.62
v -60.48 -10.12 24.99
v -64.76 -11.89 24.21
v -69.40 -12.58 24.38
v -69.12 -15.41 27.77
v -73.63 -14.97 29.01
v -77.56 -13.45 31.07
v -80.54 -11.01 33.75
v -82.28 -7.88 36.79
v -82.59 -4.37 39.88
v -81.46 -0.81 42.74
v -79.00 2.43 45.06
v -75.43 5.04 46.64
v -71.13 6.78 47.31
v -66.49 7.46 47.02
v -61.99 7.02 45.78
v -58.05 5.51 43.72
v -55.07 3.06 41.04
v -53.34 -0.07 38.00
v -53.02 -3.58 34.91
v -54.15 -7.13 32.05
v -56.62 -10.37 29.73
v -60.18 -12.99 28.15
v -64.49 -14.72 27.48
v -69.12 -15.41 27.77
v -68.80 -18.31 31.10
v -73.26 -17.88 32.52
v -77.10 -16.40 34.76
v -79.97 -14.01 37.61
v -81.57 -10.95 40.79
v -81.75 -7.51 43.98
v -80.49 -4.03 46.87
v -77.92 -0.86 49.18
v -74.29 1.70 50.69
v -69.94 3.39 51.24
v -65.32 4.06 50.78
v -60.87 3.63 49.36
v -57.02 2.15 47.12
v -54.16 -0.24 44.27
v -52.56 -3.30 41.10
v -52.38 -6.74 37.91
v -53.64 -10.22 35.01
v -56.21 -13.39 32.70
v -59.84 -15.95 31.20
v -64.18 -17.64 30.64
v -68.80 -18.31 31.10
v -68.43 -21.30 34.35
v -72.81 -20.89 35.97
v -76.55 -19.45 38.43
v -79.27 -17.12 41.46
v -80.71 -14.14 44.78
v -80.73 -10.79 48.07
v -79.32 -7.40 51.00
v -76.63 -4.31 53.28
v -72.92 -1.81 54.69
v -68.55 -0.15 55.10
v -63.94 0.51 54.46
v -59.56 0.09 52.83
v -55.83 -1.35 50.38
v -53.11 -3.67 47.35
v -51.67 -6.66 44.02
v -51.65 -10.01 40.74
v -53.05 -13.39 37.81
v -55.74 -16.49 35.53
v -59.45 -18.99 34.11
v -63.83 -20.65 33.71
v -68.43 -21.30 34.35
v -67.97 -24.39 37.51
v -72.26 -24.01 39.37
v -75.86 -22.63 42.05
v -78.41 -20.38 45.28
v -79.66 -17.50 48.76
v -79.50 -14.25 52.14
v -77.92 -10.95 55.10
v -75.10 -7.94 57.33
v -71.31 -5.50 58.63
v -66.92 -3.87 58.86
v -62.35 -3.22 58.00
v -58.05 -3.60 56.15
v -54.46 -4.98 53.47
v -51.91 -7.22 50.23
v -50.65 -10.11 46.75
v -50.82 -13.36 43.37
v -52.39 -16.66 40.42
v -55.21 -19.67 38.18
v -59.00 -22.11 36.89
v -63.40 -23.74 36.65
v -67.97 -24.39 37.51
v -67.40 -27.59 40.56
v -71.57 -27.26 42.68
v -75.00 -25.96 45.60
v -77.35 -23.82 49.05
v -78.39 -21.04 52.69
v -78.02 -17.91 56.16
v -76.27 -14.71 59.12
v -73.31 -11.78 61.29
v -69.44 -9.39 62.44
v -65.03 -7.79 62.47
v -60.52 -7.11 61.38
v -56.34 -7.44 59.27
v -52.91 -8.74 56.34
v -50.56 -10.89 52.89
v -49.52 -13.66 49.25
v -49.89 -16.80 45.78
v -51.65 -19.99 42.82
v -54.60 -22.92 40.65
v -58.47 -25.31 39.50
v -62.88 -26.92 39.47
v -67.40 -27.59 40.56
v -66.67 -30.90 43.48
v -70.70 -30.66 45.88
v -73.94 -29.47 49.06
v -76.06 -27.46 52.74
v -76.85 -24.82 56.53
v -76.25 -21.81 60.08
v -74.31 -18.72 63.04
v -71.21 -15.87 65.11
v -67.27 -13.52 66.10
v -62.87 -11.90 65.90
v -58.44 -11.19 64.54
v -54.40 -11.43 62.15
v -51.17 -12.62 58.96
v -49.05 -14.63 55.29
v -48.26 -17.27 51.49
v -48.86 -20.28 47.94
v -50.80 -23.37 44.98
v -53.90 -26.22 42.91
v -57.84 -28.57 41.92
v -62.24 -30.19 42.12
v -66.67 -30.90 43.48
v -65.76 -34.34 46.24
v -69.60 -34.22 48.92
v -72.60 -33.18 52.38
v -74.46 -31.33 56.28
v -74.99 -28.85 60.22
v -74.14 -25.98 63.84
v -72.00 -23.01 66.77
v -68.78 -20.22 68.73
v -64.79 -17.88 69.52
v -60.42 -16.23 69.08
v -56.10 -15.43 67.43
v -52.25 -15.55 64.74
v -49.25 -16.59 61.29
v -47.39 -18.44 57.39
v -46.86 -20.92 53.44
v -47.71 -23.79 49.83
v -49.85 -26.76 46.90
v -53.07 -29.56 44.94
v -57.06 -31.89 44.15
v -61.43 -33.54 44.59
v -65.76 -34.34 46.24
v -64.59 -37.92 48.79
v -68.21 -37.97 51.77
v -70.94 -37.13 55.49
v -72.50 -35.48 59.60
v -72.75 -33.19 63.69
v -71.65 -30.47 67.36
v -69.32 -27.60 70.24
v -65.98 -24.85 72.07
v -61.96 -22.50 72.65
v -57.66 -20.77 71.94
v -53.49 -19.83 69.99
v -49.86 -19.78 67.01
v -47.14 -20.62 63.29
v -45.57 -22.27 59.18
v -45.33 -24.56 55.09
v -46.43 -27.28 51.43
v -48.76 -30.15 48.54
v -52.10 -32.90 46.72
v -56.12 -35.25 46.13
v -60.42 -36.98 46.85
v -64.59 -37.92 48.79
v -63.12 -41.63 51.07
v -66.48 -41.92 54.33
v -68.89 -41.33 58.32
v -70.13 -39.93 62.62
v -70.07 -37.85 66.83
v -68.71 -35.29 70.52
v -66.20 -32.52 73.35
v -62.77 -29.79 75.03
v -58.76 -27.37 75.39
v -54.57 -25.51 74.41
v -50.60 -24.38 72.18
v -47.24 -24.09 68.91
v -44.83 -24.68 64.93
v -43.59 -26.08 60.62
v -43.65 -28.16 56.42
v -45.00 -30.71 52.72
v -47.52 -33.49 49.89
v -50.95 -36.22 48.21
v -54.96 -38.64 47.85
v -59.15 -40.50 48.83
v -63.12 -41.63 51.07
v -61.29 -45.48 53.00
v -64.33 -46.06 56.53
v -66.39 -45.78 60.74
v -67.27 -44.67 65.21
v -66.89 -42.83 69.51
v -65.28 -40.45 73.22
v -62.60 -37.75 75.97
v -59.11 -35.01 77.50
v -55.15 -32.48 77.65
v -51.12 -30.42 76.41
v -47.41 -29.04 73.90
v -44.37 -28.45 70.37
v -42.31 -28.73 66.17
v -41.43 -29.84 61.69
v -41.81 -31.68 57.39
v -43.42 -34.07 53.69
v -46.10 -36.76 50.93
v -49.59 -39.51 49.41
v -53.54 -42.03 49.26
v -57.57 -44.09 50.50
v -61.29 -45.48 53.00
v -59.05 -49.45 54.51
v -61.71 -50.40 58.25
v -63.37 -50.48 62.64
v -63.87 -49.70 67.24
v -63.15 -48.12 71.60
v -61.29 -45.91 75.30
v -58.47 -43.28 77.97
v -54.96 -40.48 79.35
v -51.11 -37.80 79.31
v -47.30 -35.48 77.85
v -43.89 -33.77 75.11
v -41.23 -32.83 71.36
v -39.57 -32.75 66.98
v -39.07 -33.53 62.37
v -39.79 -35.10 58.01
v -41.65 -37.32 54.32
v -44.47 -39.95 51.65
v -47.98 -42.75 50.26
v -51.83 -45.43 50.31
v -55.64 -47.74 51.77
v -59.05 -49.45 54.51
v -56.34 -53.53 55.48
v -58.58 -54.88 59.38
v -59.80 -55.37 63.88
v -59.88 -54.95 68.55
v -58.82 -53.65 72.94
v -56.72 -51.61 76.60
v -53.78 -49.02 79.19
v -50.30 -46.14 80.45
v -46.60 -43.25 80.25
v -43.07 -40.63 78.62
v -40.03 -38.54 75.71
v -37.80 -37.18 71.82
v -36.58 -36.69 67.31
v -36.49 -37.12 62.64
v -37.55 -38.41 58.26
v -39.66 -40.46 54.59
v -42.59 -43.05 52.00
v -46.08 -45.93 50.75
v -49.77 -48.82 50.94
v -53.31 -51.44 52.57
v -56.34 -53.53 55.48
v -53.13 -57.66 55.81
v -54.89 -59.46 59.77
v -55.63 -60.38 64.31
v -55.28 -60.34 68.99
v -53.87 -59.32 73.35
v -51.54 -57.44 76.96
v -48.51 -54.88 79.47
v -45.09 -51.89 80.64
v -41.61 -48.75 80.34
v -38.40 -45.79 78.62
v -35.80 -43.28 75.63
v -34.04 -41.48 71.67
v -33.30 -40.56 67.13
v -33.65 -40.60 62.45
v -35.06 -41.62 58.09
v -37.39 -43.50 54.48
v -40.42 -46.06 51.96
v -43.84 -49.05 50.80
v -47.32 -52.19 51.09
v -50.52 -55.15 52.82
v -53.13 -57.66 55.81
v -49.39 -61.78 55.38
v -50.64 -64.04 59.30
v -50.87 -65.40 63.79
v -50.06 -65.72 68.40
v -48.30 -64.98 72.68
v -45.75 -63.25 76.23
v -42.67 -60.70 78.67
v -39.35 -57.58 79.79
v -36.12 -54.19 79.47
v -33.29 -50.86 77.73
v -31.16 -47.93 74.76
v -29.91 -45.67 70.84
v -29.68 -44.32 66.35
v -30.48 -43.99 61.74
v -32.24 -44.73 57.45
v -34.79 -46.46 53.91
v -37.88 -49.01 51.46
v -41.20 -52.13 50.35
v -44.43 -55.52 50.67
v -47.25 -58.85 52.40
v -49.39 -61.78 55.38
v -45.09 -65.82 54.07
v -45.81 -68.50 57.85
v -45.52 -70.27 62.19
v -44.26 -70.94 66.66
v -42.16 -70.45 70.83
v -39.41 -68.86 74.28
v -36.28 -66.31 76.68
v -33.09 -63.05 77.80
v -30.15 -59.41 77.52
v -27.73 -55.74 75.87
v -26.09 -52.39 73.01
v -25.38 -49.71 69.23
v -25.66 -47.95 64.89
v -26.92 -47.27 60.42
v -29.02 -47.76 56.25
v -31.77 -49.36 52.80
v -34.90 -51.91 50.40
v -38.09 -55.16 49.29
v -41.03 -58.81 49.57
v -43.45 -62.48 51.22
v -45.09 -65.82 54.07
v -40.24 -69.66 51.78
v -40.42 -72.73 55.33
v -39.62 -74.85 59.44
v -37.93 -75.82 63.70
v -35.49 -75.55 67.71
v -32.56 -74.07 71.06
v -29.42 -71.51 73.43
v -26.38 -68.13 74.58
v -23.73 -64.26 74.41
v -21.73 -60.28 72.93
v -20.59 -56.57 70.29
v -20.40 -53.51 66.74
v -21.20 -51.39 62.63
v -22.90 -50.41 58.36
v -25.33 -50.68 54.36
v -28.26 -52.17 51.01
v -31.40 -54.73 48.64
v -34.45 -58.11 47.48
v -37.09 -61.98 47.65
v -39.09 -65.96 49.13
v -40.24 -69.66 51.78
v -34.84 -73.19 48.40
v -34.52 -76.56 51.65
v -33.24 -78.98 55.46
v -31.13 -80.20 59.47
v -28.39 -80.10 63.29
v -25.30 -78.70 66.53
v -22.16 -76.14 68.88
v -19.27 -72.65 70.12
v -16.91 -68.59 70.12
v -15.33 -64.35 68.88
v -14.66 -60.35 66.52
v -14.99 -56.98 63.27
v -16.27 -54.56 59.45
v -18.38 -53.34 55.44
v -21.11 -53.44 51.63
v -24.20 -54.84 48.39
v -27.35 -57.40 46.03
v -30.24 -60.89 44.80
v -32.59 -64.95 44.80
v -34.18 -69.19 46.04
v -34.84 -73.19 48.40
v -28.95 -76.25 43.88
v -28.16 -79.86 46.77
v -26.43 -82.50 50.25
v -23.94 -83.90 53.97
v -20.93 -83.94 57.57
v -17.70 -82.61 60.71
v -14.57 -80.03 63.06
v -11.83 -76.46 64.40
v -9.76 -72.26 64.61
v -8.56 -67.82 63.65
v -8.35 -63.59 61.63
v -9.14 -59.98 58.74
v -10.87 -57.34 55.26
v -13.36 -55.94 51.54
v -16.36 -55.90 47.94
v -19.59 -57.24 44.81
v -22.73 -59.81 42.45
v -25.47 -63.38 41.11
v -27.54 -67.59 40.90
v -28.74 -72.02 41.86
v -28.95 -76.25 43.88
v -22.64 -78.70 38.18
v -21.42 -82.47 40.69
v -19.29 -85.26 43.80
v -16.46 -86.80 47.22
v -13.21 -86.92 50.61
v -9.86 -85.63 53.63
v -6.74 -83.05 55.99
v -4.15 -79.42 57.47
v -2.34 -75.11 57.91
v -1.50 -70.54 57.27
v -1.70 -66.16 55.61
v -2.92 -62.38 53.11
v -5.05 -59.59 49.99
v -7.88 -58.06 46.58
v -11.13 -57.93 43.19
v -14.48 -59.22 40.17
v -17.60 -61.81 37.80
v -20.19 -65.43 36.33
v -22.00 -69.74 35.89
v -22.84 -74.31 36.53
v -22.64 -78.70 38.18
v -16.02 -80.38 31.33
v -14.41 -84.25 33.44
v -11.92 -87.13 36.18
v -8.80 -88.74 39.29
v -5.34 -88.92 42.46
v -1.89 -87.66 45.38
v 1.21 -85.07 47.76
v 3.67 -81.41 49.38
v 5.23 -77.04 50.07
v 5.75 -72.38 49.76
v 5.18 -67.90 48.49
v 3.57 -64.03 46.38
v 1.08 -61.15 43.64
v -2.04 -59.54 40.53
v -5.50 -59.36 37.36
v -8.95 -60.63 34.44
v -12.05 -63.22 32.06
v -14.51 -66.88 30.44
v -16.07 -71.25 29.75
v -16.59 -75.90 30.06
v -16.02 -80.38 31.33
v -9.22 -81.16 23.41
v -7.27 -85.07 25.12
v -4.46 -87.99 27.49
v -1.08 -89.63 30.29
v 2.56 -89.83 33.25
v 6.09 -88.57 36.07
v 9.17 -85.98 38.49
v 11.50 -82.30 40.26
v 12.84 -77.91 41.20
v 13.07 -73.22 41.24
v 12.16 -68.70 40.36
v 10.21 -64.79 38.65
v 7.40 -61.87 36.28
v 4.02 -60.23 33.47
v 0.38 -60.03 30.52
v -3.15 -61.29 27.69
v -6.23 -63.88 25.28
v -8.56 -67.55 23.51
v -9.90 -71.95 22.56
v -10.13 -76.64 22.53
v -9.22 -81.16 23.41
v -2.42 -80.91 14.57
v -0.16 -84.81 15.88
v 2.93 -87.72 17.89
v 6.55 -89.35 20.39
v 10.34 -89.55 23.15
v 13.94 -88.29 25.88
v 16.99 -85.70 28.33
v 19.19 -82.03 30.26
v 20.33 -77.64 31.47
v 20.30 -72.96 31.85
v 19.10 -68.45 31.36
v 16.84 -64.55 30.05
v 13.75 -61.64 28.04
v 10.13 -60.01 25.54
v 6.34 -59.82 22.78
v 2.74 -61.08 20.04
v -0.31 -63.67 17.59
v -2.51 -67.34 15.67
v -3.65 -71.72 14.46
v -3.62 -76.40 14.08
v -2.42 -80.91 14.57
v 4.22 -79.57 5.03
v 6.75 -83.41 5.95
v 10.08 -86.27 7.59
v 13.91 -87.86 9.81
v 17.83 -88.03 12.37
v 21.49 -86.76 15.03
v 24.50 -84.18 17.53
v 26.59 -80.53 19.62
v 27.55 -76.18 21.10
v 27.28 -71.55 21.82
v 25.80 -67.10 21.72
v 23.27 -63.25 20.79
v 19.94 -60.40 19.15
v 16.12 -58.80 16.93
v 12.19 -58.63 14.37
v 8.53 -59.90 11.71
v 5.52 -62.49 9.22
v 3.43 -66.13 7.12
v 2.47 -70.48 5.65
v 2.74 -75.11 4.92
v 4.22 -79.57 5.03
v 10.49 -77.11 -4.95
v 13.26 -80.85 -4.42
v 16.82 -83.62 -3.12
v 20.82 -85.15 -1.19
v 24.87 -85.27 1.18
v 28.56 -83.98 3.78
v 31.55 -81.41 6.33
v 33.53 -77.81 8.59
v 34.31 -73.53 10.34
v 33.82 -68.98 11.41
v 32.11 -64.63 11.69
v 29.33 -60.88 11.16
v 25.77 -58.11 9.87
v 21.78 -56.58 7.94
v 17.73 -56.46 5.56
v 14.04 -57.75 2.97
v 11.05 -60.32 0.42
v 9.07 -63.92 -1.85
v 8.29 -68.20 -3.60
v 8.77 -72.75 -4.67
v 10.49 -77.11 -4.95
v 16.23 -73.56 -15.06
v 19.22 -77.17 -14.91
v 22.98 -79.82 -13.97
v 27.13 -81.24 -12.31
v 31.27 -81.31 -10.11
v 35.00 -80.00 -7.58
v 37.95 -77.45 -4.96
v 39.83 -73.91 -2.52
v 40.46 -69.73 -0.49
v 39.77 -65.31 0.93
v 37.84 -61.08 1.59
v 34.85 -57.47 1.45
v 31.09 -54.82 0.50
v 26.93 -53.40 -1.15
v 22.79 -53.34 -3.35
v 19.06 -54.64 -5.89
v 16.11 -57.19 -8.50
v 14.23 -60.73 -10.94
v 13.60 -64.92 -12.97
v 14.29 -69.34 -14.39
v 16.23 -73.56 -15.06
v 21.27 -69.02 -24.99
v 24.46 -72.45 -25.23
v 28.40 -74.94 -24.63
v 32.69 -76.25 -23.24
v 36.92 -76.23 -21.21
v 40.67 -74.90 -18.73
v 43.59 -72.38 -16.04
v 45.37 -68.93 -13.42
v 45.85 -64.88 -11.10
v 44.99 -60.62 -9.33
v 42.85 -56.57 -8.27
v 39.67 -53.14 -8.03
v 35.73 -50.65 -8.63
v 31.44 -49.35 -10.01
v 27.21 -49.36 -12.05
v 23.46 -50.69 -14.53
v 20.54 -53.21 -17.21
v 18.76 -56.66 -19.84
v 18.28 -60.72 -22.15
v 19.14 -64.97 -23.93
v 21.28 -69.02 -24.99
v 25.53 -63.62 -34.44
v 28.89 -66.83 -35.07
v 32.97 -69.13 -34.81
v 37.39 -70.27 -33.70
v 41.69 -70.17 -31.83
v 45.46 -68.81 -29.39
v 48.34 -66.34 -26.62
v 50.04 -63.00 -23.80
v 50.39 -59.12 -21.19
v 49.36 -55.07 -19.06
v 47.05 -51.25 -17.60
v 43.69 -48.03 -16.98
v 39.60 -45.74 -17.23
v 35.19 -44.59 -18.35
v 30.89 -44.70 -20.22
v 27.12 -46.05 -22.66
v 24.24 -48.52 -25.42
v 22.54 -51.86 -28.25
v 22.19 -55.75 -30.86
v 23.22 -59.80 -32.99
v 25.53 -63.62 -34.44
v 28.92 -57.53 -43.18
v 32.43 -60.47 -44.19
v 36.65 -62.52 -44.28
v 41.16 -63.49 -43.42
v 45.52 -63.27 -41.71
v 49.31 -61.90 -39.31
v 52.15 -59.49 -36.45
v 53.77 -56.30 -33.42
v 54.01 -52.62 -30.51
v 52.84 -48.83 -28.01
v 50.37 -45.29 -26.16
v 46.86 -42.34 -25.14
v 42.64 -40.29 -25.05
v 38.13 -39.32 -25.91
v 33.77 -39.54 -27.62
v 29.98 -40.92 -30.03
v 27.14 -43.32 -32.88
v 25.52 -46.52 -35.91
v 25.28 -50.19 -38.82
v 26.45 -53.99 -41.33
v 28.92 -57.53 -43.18
v 31.42 -50.93 -50.99
v 35.06 -53.55 -52.39
v 39.38 -55.31 -52.82
v 43.98 -56.06 -52.22
v 48.39 -55.72 -50.65
v 52.19 -54.32 -48.28
v 55.00 -52.00 -45.32
v 56.55 -48.98 -42.08
v 56.68 -45.57 -38.86
v 55.40 -42.09 -35.99
v 52.81 -38.89 -33.74
v 49.17 -36.28 -32.33
v 44.84 -34.51 -31.91
v 40.25 -33.76 -32.50
v 35.84 -34.10 -34.07
v 32.04 -35.50 -36.45
v 29.23 -37.82 -39.40
v 27.68 -40.84 -42.65
v 27.54 -44.25 -45.86
v 28.83 -47.73 -48.74
v 31.42 -50.93 -50.99
v 33.07 -44.01 -57.75
v 36.80 -46.23 -59.53
v 41.20 -47.66 -60.29
v 45.86 -48.16 -59.93
v 50.30 -47.67 -58.51
v 54.10 -46.25 -56.15
v 56.89 -44.04 -53.09
v 58.38 -41.25 -49.62
v 58.44 -38.15 -46.10
v 57.07 -35.05 -42.85
v 54.38 -32.26 -40.21
v 50.65 -30.04 -38.42
v 46.25 -28.61 -37.67
v 41.59 -28.11 -38.02
v 37.15 -28.60 -39.45
v 33.35 -30.02 -41.81
v 30.56 -32.23 -44.87
v 29.06 -35.02 -48.33
v 29.00 -38.12 -51.86
v 30.38 -41.22 -55.10
v 33.07 -44.01 -57.75
v 33.91 -36.94 -63.39
v 37.70 -38.70 -65.53
v 42.15 -39.73 -66.59
v 46.84 -39.94 -66.47
v 51.30 -39.29 -65.16
v 55.10 -37.85 -62.81
v 57.86 -35.77 -59.64
v 59.32 -33.25 -55.96
v 59.34 -30.53 -52.14
v 57.90 -27.89 -48.54
v 55.16 -25.57 -45.52
v 51.37 -23.81 -43.37
v 46.92 -22.78 -42.31
v 42.23 -22.58 -42.44
v 37.77 -23.22 -43.74
v 33.97 -24.66 -46.09
v 31.21 -26.74 -49.26
v 29.74 -29.26 -52.94
v 29.73 -31.98 -56.77
v 31.17 -34.62 -60.37
v 33.91 -36.94 -63.39
v 34.03 -29.86 -67.90
v 37.83 -31.09 -70.37
v 42.29 -31.67 -71.70
v 46.98 -31.54 -71.77
v 51.44 -30.72 -70.56
v 55.24 -29.28 -68.20
v 57.99 -27.36 -64.92
v 59.44 -25.16 -61.04
v 59.43 -22.88 -56.94
v 57.98 -20.76 -53.01
v 55.22 -18.99 -49.65
v 51.42 -17.76 -47.18
v 46.96 -17.18 -45.85
v 42.27 -17.31 -45.78
v 37.81 -18.13 -46.99
v 34.02 -19.57 -49.34
v 31.26 -21.49 -52.63
v 29.82 -23.69 -56.51
v 29.82 -25.97 -60.61
v 31.27 -28.09 -64.54
v 34.03 -29.86 -67.90
v 33.53 -22.88 -71.31
v 37.29 -23.53 -74.04
v 41.72 -23.62 -75.59
v 46.38 -23.13 -75.81
v 50.82 -22.11 -74.67
v 54.60 -20.67 -72.29
v 57.35 -18.95 -68.91
v 58.81 -17.11 -64.84
v 58.83 -15.34 -60.50
v 57.40 -13.80 -56.30
v 54.67 -12.65 -52.66
v 50.91 -12.00 -49.93
v 46.48 -11.92 -48.38
v 41.82 -12.41 -48.16
v 37.38 -13.42 -49.30
v 33.60 -14.86 -51.68
v 30.84 -16.58 -55.06
v 29.39 -18.42 -59.13
v 29.37 -20.20 -63.47
v 30.80 -21.74 -67.67
v 33.53 -22.88 -71.31
v 32.49 -16.10 -73.70
v 36.17 -16.13 -76.61
v 40.53 -15.68 -78.30
v 45.13 -14.82 -78.60
v 49.53 -13.62 -77.49
v 53.30 -12.20 -75.08
v 56.06 -10.70 -71.59
v 57.55 -9.26 -67.38
v 57.62 -8.04 -62.85
v 56.26 -7.13 -58.45
v 53.61 -6.65 -54.61
v 49.93 -6.62 -51.70
v 45.57 -7.06 -50.01
v 40.97 -7.93 -49.71
v 36.57 -9.13 -50.81
v 32.81 -10.55 -53.23
v 30.04 -12.05 -56.71
v 28.56 -13.48 -60.93
v 28.49 -14.71 -65.46
v 29.84 -15.61 -69.86
v 32.49 -16.10 -73.70
v 31.02 -9.57 -75.14
v 34.59 -8.96 -78.14
v 38.84 -8.00 -79.88
v 43.36 -6.77 -80.20
v 47.70 -5.40 -79.07
v 51.45 -4.02 -76.60
v 54.23 -2.76 -73.04
v 55.77 -1.76 -68.72
v 55.92 -1.10 -64.07
v 54.67 -0.86 -59.56
v 52.14 -1.05 -55.61
v 48.57 -1.66 -52.62
v 44.32 -2.62 -50.88
v 39.81 -3.85 -50.55
v 35.46 -5.22 -51.68
v 31.72 -6.60 -54.15
v 28.94 -7.85 -57.72
v 27.40 -8.86 -62.04
v 27.24 -9.51 -66.68
v 28.49 -9.76 -71.20
v 31.02 -9.57 -75.14
v 29.22 -3.32 -75.74
v 32.64 -2.11 -78.71
v 36.76 -0.65 -80.42
v 41.18 0.92 -80.68
v 45.46 2.43 -79.49
v 49.18 3.74 -76.95
v 51.99 4.72 -73.32
v 53.59 5.28 -68.95
v 53.85 5.36 -64.26
v 52.73 4.96 -59.72
v 50.34 4.10 -55.77
v 46.91 2.89 -52.80
v 42.79 1.43 -51.10
v 38.37 -0.14 -50.83
v 34.09 -1.65 -52.03
v 30.37 -2.96 -54.56
v 27.57 -3.94 -58.20
v 25.96 -4.50 -62.57
v 25.70 -4.58 -67.26
v 26.83 -4.18 -71.79
v 29.22 -3.32 -75.74
v 27.15 2.62 -75.59
v 30.43 4.39 -78.44
v 34.42 6.29 -80.02
v 38.73 8.13 -80.17
v 42.94 9.74 -78.87
v 46.65 10.95 -76.26
v 49.48 11.65 -72.58
v 51.16 11.76 -68.20
v 51.52 11.28 -63.54
v 50.53 10.26 -59.07
v 48.29 8.79 -55.22
v 45.01 7.02 -52.36
v 41.02 5.12 -50.78
v 36.71 3.27 -50.64
v 32.50 1.67 -51.93
v 28.79 0.46 -54.55
v 25.96 -0.24 -58.23
v 24.29 -0.36 -62.61
v 23.92 0.12 -67.26
v 24.91 1.15 -71.74
v 27.15 2.62 -75.59
v 24.90 8.24 -74.77
v 28.03 10.49 -77.44
v 31.90 12.76 -78.82
v 36.12 14.82 -78.80
v 40.27 16.47 -77.37
v 43.96 17.55 -74.67
v 46.81 17.95 -70.97
v 48.56 17.63 -66.62
v 49.02 16.63 -62.06
v 48.16 15.04 -57.73
v 46.06 13.01 -54.06
v 42.92 10.76 -51.39
v 39.06 8.49 -50.01
v 34.84 6.43 -50.03
v 30.68 4.78 -51.46
v 27.00 3.71 -54.16
v 24.14 3.31 -57.86
v 22.40 3.62 -62.21
v 21.93 4.63 -66.77
v 22.79 6.22 -71.10
v 24.90 8.24 -74.77
v 22.51 13.54 -73.38
v 25.54 16.20 -75.80
v 29.30 18.76 -76.95
v 33.44 20.96 -76.72
v 37.54 22.60 -75.15
v 41.21 23.51 -72.37
v 44.09 23.61 -68.66
v 45.89 22.88 -64.39
v 46.44 21.39 -59.97
v 45.69 19.30 -55.84
v 43.70 16.80 -52.40
v 40.68 14.14 -49.98
v 36.92 11.59 -48.83
v 32.78 9.38 -49.06
v 28.68 7.74 -50.64
v 25.00 6.83 -53.42
v 22.13 6.74 -57.12
v 20.32 7.47 -61.39
v 19.77 8.95 -65.81
v 20.53 11.05 -69.94
v 22.51 13.54 -73.38
v 20.05 18.53 -71.50
v 22.99 21.51 -73.63
v 26.68 24.27 -74.52
v 30.75 26.56 -74.07
v 34.82 28.14 -72.34
v 38.48 28.85 -69.50
v 41.37 28.64 -65.81
v 43.22 27.52 -61.64
v 43.83 25.60 -57.40
v 43.16 23.07 -53.51
v 41.26 20.17 -50.34
v 38.32 17.20 -48.21
v 34.64 14.43 -47.32
v 30.56 12.15 -47.76
v 26.50 10.57 -49.49
v 22.84 9.85 -52.34
v 19.94 10.06 -56.03
v 18.10 11.18 -60.20
v 17.48 13.11 -64.43
v 18.16 15.64 -68.33
v 20.05 18.53 -71.50
v 17.55 23.20 -69.18
v 20.43 26.42 -71.02
v 24.07 29.33 -71.64
v 28.10 31.63 -70.98
v 32.14 33.11 -69.10
v 35.79 33.62 -66.20
v 38.70 33.10 -62.55
v 40.57 31.62 -58.51
v 41.23 29.31 -54.47
v 40.61 26.41 -50.84
v 38.77 23.19 -47.97
v 35.89 19.97 -46.13
v 32.25 17.06 -45.51
v 28.22 14.76 -46.17
v 24.18 13.28 -48.04
v 20.53 12.78 -50.95
v 17.62 13.29 -54.60
v 15.75 14.77 -58.64
v 15.09 17.08 -62.67
v 15.71 19.98 -66.30
v 17.55 23.20 -69.18
v 15.04 27.56 -66.50
v 17.89 30.96 -68.04
v 21.50 33.94 -68.40
v 25.51 36.21 -67.53
v 29.53 37.56 -65.53
v 33.18 37.85 -62.59
v 36.09 37.04 -59.00
v 37.97 35.23 -55.10
v 38.65 32.58 -51.28
v 38.06 29.36 -47.92
v 36.25 25.89 -45.34
v 33.40 22.49 -43.80
v 29.80 19.51 -43.44
v 25.78 17.23 -44.31
v 21.76 15.89 -46.31
v 18.11 15.60 -49.25
v 15.20 16.40 -52.84
v 13.32 18.22 -56.74
v 12.64 20.86 -60.56
v 13.23 24.08 -63.92
v 15.04 27.56 -66.50
v 12.54 31.60 -63.51
v 15.38 35.12 -64.77
v 18.98 38.14 -64.89
v 22.98 40.35 -63.84
v 27.00 41.54 -61.73
v 30.64 41.61 -58.77
v 33.55 40.53 -55.25
v 35.43 38.42 -51.51
v 36.12 35.48 -47.91
v 35.53 32.00 -44.82
v 33.73 28.32 -42.53
v 30.89 24.80 -41.26
v 27.30 21.79 -41.15
v 23.29 19.57 -42.20
v 19.27 18.38 -44.31
v 15.63 18.32 -47.27
v 12.73 19.39 -50.79
v 10.84 21.51 -54.53
v 10.16 24.45 -58.12
v 10.74 27.93 -61.22
v 12.54 31.60 -63.51
v 10.06 35.34 -60.27
v 12.91 38.94 -61.28
v 16.51 41.94 -61.17
v 20.51 44.07 -59.97
v 24.53 45.11 -57.77
v 28.17 44.95 -54.81
v 31.07 43.62 -51.37
v 32.95 41.25 -47.79
v 33.63 38.06 -44.42
v 33.04 34.36 -41.58
v 31.23 30.53 -39.56
v 28.39 26.94 -38.55
v 24.79 23.93 -38.66
v 20.78 21.80 -39.87
v 16.76 20.76 -42.06
v 13.13 20.92 -45.02
v 10.22 22.25 -48.46
v 8.34 24.63 -52.04
v 7.66 27.82 -55.42
v 8.26 31.51 -58.25
v 10.06 35.34 -60.27
v 7.62 38.77 -56.83
v 10.47 42.42 -57.61
v 14.09 45.40 -57.31
v 18.10 47.43 -55.97
v 22.12 48.31 -53.72
v 25.76 47.95 -50.77
v 28.65 46.39 -47.43
v 30.53 43.78 -44.00
v 31.19 40.38 -40.84
v 30.58 36.52 -38.24
v 28.76 32.57 -36.47
v 25.90 28.93 -35.70
v 22.29 25.95 -35.99
v 18.28 23.92 -37.33
v 14.25 23.04 -39.59
v 10.62 23.40 -42.53
v 7.72 24.96 -45.88
v 5.85 27.57 -49.30
v 5.19 30.97 -52.47
v 5.80 34.83 -55.06
v 7.62 38.77 -56.83
v 5.20 41.92 -53.24
v 8.08 45.59 -53.81
v 11.71 48.53 -53.35
v 15.73 50.46 -51.90
v 19.76 51.19 -49.61
v 23.40 50.65 -46.69
v 26.29 48.89 -43.44
v 28.15 46.08 -40.17
v 28.79 42.50 -37.20
v 28.17 38.50 -34.83
v 26.32 34.47 -33.28
v 23.45 30.81 -32.71
v 19.82 27.87 -33.17
v 15.80 25.94 -34.62
v 11.77 25.21 -36.91
v 8.13 25.75 -39.83
v 5.24 27.51 -43.08
v 3.38 30.32 -46.35
v 2.73 33.90 -49.32
v 3.36 37.90 -51.69
v 5.20 41.92 -53.24
v 2.82 44.81 -49.53
v 5.72 48.48 -49.93
v 9.36 51.37 -49.33
v 13.40 53.21 -47.80
v 17.44 53.80 -45.48
v 21.08 53.09 -42.60
v 23.96 51.16 -39.44
v 25.81 48.18 -36.32
v 26.45 44.46 -33.53
v 25.80 40.35 -31.36
v 23.94 36.26 -30.01
v 21.04 32.59 -29.61
v 17.40 29.70 -30.21
v 13.36 27.86 -31.74
v 9.32 27.27 -34.06
v 5.68 27.98 -36.94
v 2.80 29.91 -40.09
v 0.95 32.88 -43.22
v 0.31 36.61 -46.00
v 0.96 40.72 -48.18
v 2.82 44.81 -49.53
v 0.48 47.44 -45.74
v 3.39 51.11 -45.99
v 7.05 53.96 -45.28
v 11.10 55.70 -43.68
v 15.15 56.18 -41.35
v 18.79 55.33 -38.51
v 21.68 53.25 -35.45
v 23.52 50.14 -32.46
v 24.14 46.29 -29.84
v 23.48 42.10 -27.84
v 21.60 37.97 -26.66
v 18.69 34.29 -26.41
v 15.02 31.45 -27.12
v 10.97 29.70 -28.72
v 6.93 29.23 -31.05
v 3.28 30.07 -33.88
v 0.40 32.15 -36.94
v -1.44 35.27 -39.93
v -2.06 39.11 -42.56
v -1.40 43.30 -44.56
v 0.48 47.44 -45.74
v -1.84 49.84 -41.89
v 1.09 53.51 -42.01
v 4.76 56.31 -41.21
v 8.83 57.98 -39.56
v 12.88 58.36 -37.23
v 16.53 57.39 -34.44
v 19.42 55.19 -31.47
v 21.26 51.96 -28.60
v 21.87 48.02 -26.12
v 21.20 43.76 -24.28
v 19.31 39.59 -23.24
v 16.38 35.93 -23.12
v 12.71 33.12 -23.92
v 8.64 31.45 -25.57
v 4.59 31.08 -27.90
v 0.94 32.04 -30.69
v -1.95 34.24 -33.66
v -3.79 37.47 -36.53
v -4.40 41.41 -39.01
v -3.73 45.67 -40.85
v -1.84 49.84 -41.89
v -4.13 52.04 -38.01
v -1.19 55.70 -38.02
v 2.49 58.47 -37.15
v 6.57 60.08 -35.46
v 10.63 60.37 -33.13
v 14.29 59.31 -30.39
v 17.18 57.01 -27.50
v 19.02 53.69 -24.74
v 19.64 49.67 -22.39
v 18.96 45.36 -20.68
v 17.06 41.16 -19.77
v 14.13 37.50 -19.75
v 10.44 34.73 -20.62
v 6.37 33.12 -22.31
v 2.30 32.83 -24.64
v -1.35 33.89 -27.38
v -4.24 36.19 -30.27
v -6.09 39.51 -33.03
v -6.70 43.53 -35.38
v -6.03 47.85 -37.09
v -4.13 52.04 -38.01
v -6.39 54.06 -34.10
v -3.45 57.72 -34.03
v 0.24 60.46 -33.10
v 4.32 62.02 -31.39
v 8.39 62.24 -29.07
v 12.06 61.11 -26.36
v 14.96 58.73 -23.55
v 16.81 55.33 -20.89
v 17.43 51.25 -18.65
v 16.75 46.89 -17.05
v 14.86 42.68 -16.24
v 11.92 39.02 -16.31
v 8.23 36.28 -17.24
v 4.15 34.72 -18.96
v 0.07 34.49 -21.28
v -3.59 35.63 -23.98
v -6.49 38.01 -26.80
v -8.34 41.40 -29.46
v -8.96 45.48 -31.70
v -8.29 49.84 -33.30
v -6.39 54.06 -34.10
v -8.63 55.91 -30.20
v -5.69 59.57 -30.05
v -2.00 62.30 -29.07
v 2.08 63.82 -27.34
v 6.17 63.99 -25.03
v 9.84 62.80 -22.36
v 12.75 60.36 -19.61
v 14.61 56.91 -17.03
v 15.24 52.78 -14.89
v 14.58 48.38 -13.38
v 12.68 44.15 -12.67
v 9.75 40.49 -12.81
v 6.05 37.77 -13.79
v 1.97 36.24 -15.53
v -2.11 36.07 -17.84
v -5.79 37.26 -20.50
v -8.70 39.70 -23.25
v -10.56 43.16 -25.83
v -11.19 47.28 -27.97
v -10.52 51.68 -29.48
v -8.63 55.91 -30.20
v -10.85 57.63 -26.29
v -7.92 61.29 -26.09
v -4.23 64.00 -25.07
v -0.15 65.50 -23.32
v 3.94 65.64 -21.01
v 7.63 64.41 -18.38
v 10.55 61.92 -15.68
v 12.43 58.42 -13.18
v 13.07 54.26 -11.11
v 12.42 49.83 -9.69
v 10.54 45.58 -9.05
v 7.61 41.92 -9.25
v 3.92 39.21 -10.28
v -0.17 37.71 -12.03
v -4.26 37.57 -14.33
v -7.94 38.80 -16.96
v -10.87 41.29 -19.66
v -12.74 44.79 -22.16
v -13.39 48.96 -24.23
v -12.73 53.38 -25.65
v -10.85 57.63 -26.29
v -13.06 59.23 -22.40
v -10.14 62.89 -22.15
v -6.46 65.60 -21.09
v -2.37 67.09 -19.32
v 1.72 67.20 -17.03
v 5.41 65.94 -14.42
v 8.35 63.42 -11.77
v 10.24 59.89 -9.32
v 10.90 55.69 -7.32
v 10.27 51.25 -5.97
v 8.40 46.98 -5.39
v 5.48 43.31 -5.64
v 1.80 40.60 -6.71
v -2.28 39.12 -8.47
v -6.37 39.00 -10.77
v -10.07 40.27 -13.37
v -13.01 42.79 -16.03
v -14.90 46.32 -18.47
v -15.56 50.51 -20.47
v -14.93 54.96 -21.83
v -13.06 59.23 -22.40
v -15.25 60.72 -18.53
v -12.35 64.39 -18.23
v -8.68 67.10 -17.14
v -4.60 68.58 -15.36
v -0.51 68.69 -13.06
v 3.20 67.41 -10.48
v 6.15 64.87 -7.86
v 8.05 61.31 -5.46
v 8.74 57.09 -3.52
v 8.12 52.63 -2.22
v 6.27 48.34 -1.70
v 3.37 44.67 -2.00
v -0.30 41.96 -3.09
v -4.38 40.48 -4.87
v -8.47 40.37 -7.17
v -12.18 41.65 -9.75
v -15.13 44.20 -12.37
v -17.03 47.75 -14.77
v -17.72 51.97 -16.71
v -17.10 56.44 -18.01
v -15.25 60.72 -18.53
v -17.44 62.12 -14.68
v -14.56 65.81 -14.34
v -10.90 68.53 -13.21
v -6.83 70.01 -11.41
v -2.74 70.11 -9.11
v 0.97 68.82 -6.54
v 3.93 66.26 -3.95
v 5.86 62.69 -1.59
v 6.56 58.46 0.31
v 5.96 53.97 1.56
v 4.14 49.68 2.03
v 1.26 45.99 1.69
v -2.40 43.27 0.57
v -6.47 41.79 -1.23
v -10.56 41.69 -3.53
v -14.27 42.98 -6.10
v -17.23 45.54 -8.70
v -19.16 49.11 -11.06
v -19.86 53.34 -12.96
v -19.27 57.83 -14.20
v -17.44 62.12 -14.68
v -19.63 63.46 -10.85
v -16.77 67.16 -10.47
v -13.13 69.88 -9.31
v -9.07 71.37 -7.49
v -4.98 71.47 -5.18
v -1.27 70.18 -2.61
v 1.70 67.62 -0.04
v 3.64 64.04 2.29
v 4.36 59.79 4.15
v 3.79 55.29 5.36
v 1.98 50.98 5.79
v -0.88 47.28 5.41
v -4.52 44.55 4.25
v -8.58 43.06 2.43
v -12.66 42.96 0.12
v -16.37 44.25 -2.44
v -19.34 46.82 -5.02
v -21.28 50.40 -7.35
v -22.00 54.65 -9.21
v -21.43 59.14 -10.42
v -19.63 63.46 -10.85
v -21.82 64.73 -7.05
v -18.98 68.44 -6.63
v -15.36 71.18 -5.44
v -11.32 72.68 -3.59
v -7.24 72.79 -1.26
v -3.54 71.49 1.31
v -0.56 68.93 3.88
v 1.39 65.34 6.19
v 2.13 61.08 8.02
v 1.58 56.57 9.19
v -0.20 52.25 9.59
v -3.04 48.53 9.16
v -6.66 45.80 7.97
v -10.70 44.30 6.12
v -14.78 44.19 3.79
v -18.48 45.48 1.22
v -21.46 48.05 -1.35
v -23.41 51.64 -3.66
v -24.15 55.89 -5.49
v -23.60 60.41 -6.66
v -21.82 64.73 -7.05
v -24.02 65.96 -3.28
v -21.20 69.68 -2.82
v -17.61 72.43 -1.59
v -13.58 73.94 0.30
v -9.52 74.06 2.65
v -5.82 72.77 5.24
v -2.85 70.20 7.81
v -0.89 66.61 10.11
v -0.14 62.35 11.91
v -0.67 57.82 13.05
v -2.43 53.49 13.40
v -5.25 49.76 12.94
v -8.84 47.01 11.71
v -12.87 45.50 9.82
v -16.93 45.39 7.47
v -20.62 46.68 4.88
v -23.60 49.24 2.31
v -25.56 52.83 0.01
v -26.31 57.10 -1.79
v -25.78 61.62 -2.93
v -24.02 65.96 -3.28
v -26.23 67.15 0.45
v -23.44 70.89 0.96
v -19.87 73.65 2.24
v -15.87 75.17 4.17
v -11.83 75.29 6.56
v -8.15 74.00 9.17
v -5.18 71.44 11.75
v -3.22 67.84 14.04
v -2.47 63.57 15.83
v -2.98 59.04 16.93
v -4.72 54.69 17.25
v -7.51 50.95 16.74
v -11.08 48.19 15.46
v -15.08 46.67 13.53
v -19.12 46.55 11.14
v -22.81 47.84 8.53
v -25.77 50.40 5.96
v -27.73 54.00 3.66
v -28.49 58.27 1.87
v -27.97 62.80 0.77
v -26.23 67.15 0.45
v -28.47 68.32 4.16
v -25.70 72.06 4.72
v -22.16 74.84 6.06
v -18.18 76.36 8.04
v -14.17 76.49 10.47
v -10.51 75.20 13.11
v -7.56 72.64 15.71
v -5.61 69.04 18.00
v -4.85 64.76 19.77
v -5.36 60.22 20.84
v -7.08 55.86 21.11
v -9.85 52.11 20.55
v -13.39 49.34 19.22
v -17.37 47.82 17.24
v -21.38 47.69 14.81
v -25.04 48.97 12.17
v -27.99 51.54 9.57
v -29.94 55.14 7.27
v -30.70 59.42 5.50
v -30.19 63.96 4.43
v -28.47 68.32 4.16
v -30.73 69.47 7.83
v -27.99 73.22 8.45
v -24.47 76.00 9.85
v -20.53 77.53 11.89
v -16.55 77.65 14.38
v -12.92 76.37 17.06
v -10.00 73.79 19.69
v -8.07 70.19 21.99
v -7.32 65.90 23.74
v -7.83 61.35 24.78
v -9.53 56.99 25.00
v -12.28 53.23 24.38
v -15.80 50.46 22.98
v -19.74 48.93 20.93
v -23.71 48.80 18.45
v -27.34 50.09 15.76
v -30.27 52.66 13.14
v -32.20 56.27 10.84
v -32.95 60.56 9.09
v -32.44 65.10 8.05
v -30.73 69.47 7.83
v -33.03 70.61 11.46
v -30.31 74.37 12.15
v -26.82 77.15 13.63
v -22.92 78.67 15.75
v -18.99 78.79 18.30
v -15.40 77.49 21.04
v -12.51 74.91 23.69
v -10.61 71.29 26.00
v -9.88 67.00 27.74
v -10.39 62.44 28.74
v -12.09 58.07 28.90
v -14.82 54.31 28.21
v -18.30 51.54 26.73
v -22.20 50.01 24.61
v -26.14 49.90 22.06
v -29.73 51.19 19.32
v -32.61 53.77 16.67
v -34.51 57.39 14.36
v -35.25 61.69 12.62
v -34.74 66.24 11.62
v -33.03 70.61 11.46
v -35.38 71.76 15.05
v -32.67 75.51 15.83
v -29.22 78.28 17.40
v -25.36 79.79 19.60
v -21.48 79.89 22.24
v -17.95 78.58 25.03
v -15.11 75.98 27.72
v -13.25 72.35 30.04
v -12.55 68.04 31.76
v -13.08 63.47 32.71
v -14.78 59.10 32.80
v -17.48 55.34 32.03
v -20.93 52.58 30.46
v -24.79 51.07 28.25
v -28.67 50.97 25.62
v -32.21 52.28 22.82
v -35.04 54.88 20.13
v -36.90 58.51 17.81
v -37.60 62.82 16.10
v -37.08 67.39 15.14
v -35.38 71.76 15.05
v -37.77 72.91 18.59
v -35.09 76.66 19.47
v -31.67 79.41 21.15
v -27.87 80.89 23.46
v -24.05 80.97 26.18
v -20.58 79.63 29.05
v -17.82 77.00 31.78
v -16.01 73.34 34.11
v -15.35 69.02 35.80
v -15.90 64.44 36.70
v -17.60 60.07 36.71
v -20.29 56.32 35.83
v -23.71 53.57 34.16
v -27.51 52.09 31.84
v -31.33 52.01 29.12
v -34.79 53.35 26.25
v -37.56 55.98 23.52
v -39.36 59.64 21.19
v -40.02 63.96 19.50
v -39.48 68.54 18.60
v -37.77 72.91 18.59
v -40.23 74.07 22.08
v -37.56 77.80 23.08
v -34.19 80.52 24.88
v -30.45 81.97 27.32
v -26.71 82.01 30.15
v -23.33 80.63 33.09
v -20.64 77.96 35.87
v -18.91 74.27 38.20
v -18.30 69.93 39.86
v -18.88 65.34 40.69
v -20.59 60.97 40.60
v -23.26 57.25 39.61
v -26.63 54.52 37.80
v -30.37 53.07 35.37
v -34.12 53.04 32.54
v -37.50 54.42 29.59
v -40.19 57.08 26.82
v -41.92 60.77 24.48
v -42.52 65.12 22.82
v -41.94 69.70 22.00
v -40.23 74.07 22.08
v -42.76 75.24 25.52
v -40.11 78.94 26.65
v -36.79 81.63 28.60
v -33.13 83.03 31.18
v -29.48 83.01 34.13
v -26.20 81.57 37.16
v -23.61 78.86 39.98
v -21.96 75.13 42.31
v -21.43 70.76 43.93
v -22.05 66.17 44.67
v -23.77 61.80 44.47
v -26.42 58.10 43.33
v -29.74 55.42 41.38
v -33.40 54.01 38.81
v -37.05 54.03 35.86
v -40.33 55.47 32.82
v -42.92 58.18 30.00
v -44.56 61.91 27.67
v -45.10 66.28 26.05
v -44.48 70.87 25.31
v -42.76 75.24 25.52
v -45.37 76.41 28.89
v -42.75 80.08 30.19
v -39.49 82.71 32.31
v -35.92 84.05 35.04
v -32.38 83.96 38.12
v -29.22 82.46 41.25
v -26.75 79.68 44.11
v -25.21 75.90 46.44
v -24.75 71.50 47.99
v -25.42 66.90 48.63
v -27.15 62.55 48.28
v -29.77 58.88 46.98
v -33.03 56.25 44.86
v -36.60 54.91 42.13
v -40.14 55.00 39.05
v -43.30 56.51 35.93
v -45.77 59.28 33.06
v -47.31 63.06 30.74
v -47.77 67.46 29.18
v -47.10 72.06 28.54
v -45.37 76.41 28.89
v -48.08 77.59 32.19
v -45.49 81.21 33.68
v -42.32 83.78 35.99
v -38.85 85.04 38.90
v -35.45 84.86 42.12
v -32.43 83.27 45.34
v -30.09 80.42 48.25
v -28.67 76.58 50.55
v -28.30 72.14 52.03
v -29.02 67.53 52.53
v -30.75 63.20 52.02
v -33.34 59.58 50.54
v -36.52 57.01 48.23
v -39.98 55.75 45.32
v -43.38 55.93 42.09
v -46.40 57.52 38.87
v -48.74 60.37 35.97
v -50.16 64.21 33.66
v -50.53 68.65 32.19
v -49.81 73.26 31.68
v -48.08 77.59 32.19
v -50.90 78.75 35.41
v -48.37 82.32 37.11
v -45.29 84.81 39.64
v -41.97 85.97 42.74
v -38.72 85.69 46.11
v -35.86 83.99 49.43
v -33.68 81.05 52.37
v -32.39 77.15 54.64
v -32.11 72.68 56.01
v -32.88 68.06 56.36
v -34.61 63.75 55.66
v -37.13 60.18 53.96
v -40.21 57.70 51.43
v -43.54 56.54 48.33
v -46.79 56.82 44.96
v -49.64 58.51 41.64
v -51.82 61.45 38.70
v -53.11 65.35 36.43
v -53.39 69.83 35.06
v -52.63 74.45 34.71
v -50.90 78.75 35.41
v -53.85 79.89 38.54
v -51.40 83.39 40.48
v -48.45 85.78 43.24
v -45.29 86.83 46.55
v -42.23 86.43 50.08
v -39.56 84.62 53.49
v -37.55 81.58 56.45
v -36.40 77.61 58.66
v -36.21 73.09 59.91
v -37.01 68.47 60.08
v -38.72 64.19 59.15
v -41.16 60.69 57.21
v -44.11 58.30 54.45
v -47.27 57.25 51.14
v -50.34 57.65 47.61
v -53.00 59.46 44.20
v -55.01 62.50 41.24
v -56.17 66.47 39.03
v -56.35 70.99 37.78
v -55.56 75.62 37.61
v -53.85 79.89 38.54
v -56.96 80.97 41.55
v -54.63 84.40 43.76
v -51.85 86.68 46.77
v -48.89 87.60 50.29
v -46.04 87.07 53.98
v -43.58 85.13 57.48
v -41.76 81.98 60.44
v -40.74 77.93 62.58
v -40.63 73.37 63.68
v -41.45 68.74 63.64
v -43.10 64.51 62.46
v -45.43 61.09 60.25
v -48.21 58.80 57.24
v -51.17 57.88 53.72
v -54.02 58.42 50.03
v -56.48 60.35 46.53
v -58.30 63.50 43.57
v -59.32 67.56 41.43
v -59.42 72.12 40.33
v -58.61 76.74 40.37
v -56.96 80.97 41.55
v -60.25 81.97 44.42
v -58.09 85.31 46.91
v -55.52 87.47 50.19
v -52.80 88.25 53.93
v -50.20 87.57 57.78
v -47.98 85.50 61.36
v -46.34 82.24 64.31
v -45.46 78.10 66.34
v -45.41 73.50 67.27
v -46.20 68.88 66.99
v -47.76 64.70 65.53
v -49.93 61.37 63.05
v -52.50 59.20 59.77
v -55.21 58.42 56.02
v -57.81 59.10 52.17
v -60.04 61.17 48.60
v -61.67 64.44 45.65
v -62.56 68.57 43.61
v -62.61 73.17 42.69
v -61.81 77.79 42.97
v -60.25 81.97 44.42
v -63.77 82.85 47.12
v -61.82 86.09 49.90
v -59.52 88.12 53.45
v -57.09 88.75 57.41
v -54.77 87.92 61.41
v -52.80 85.71 65.04
v -51.35 82.33 67.96
v -50.58 78.11 69.88
v -50.56 73.48 70.60
v -51.29 68.87 70.07
v -52.70 64.75 68.32
v -54.65 61.51 65.54
v -56.95 59.48 61.99
v -59.38 58.85 58.03
v -61.69 59.68 54.03
v -63.67 61.89 50.39
v -65.11 65.27 47.48
v -65.89 69.49 45.56
v -65.91 74.12 44.84
v -65.18 78.73 45.37
v -63.77 82.85 47.12
v -67.53 83.57 49.58
v -65.87 86.70 52.66
v -63.90 88.59 56.47
v -61.81 89.07 60.65
v -59.81 88.08 64.78
v -58.10 85.72 68.46
v -56.83 82.23 71.32
v -56.15 77.94 73.10
v -56.11 73.28 73.61
v -56.71 68.69 72.81
v -57.90 64.64 70.77
v -59.57 61.51 67.69
v -61.54 59.61 63.88
v -63.63 59.14 59.70
v -65.63 60.13 55.57
v -67.34 62.48 51.89
v -68.60 65.98 49.02
v -69.29 70.27 47.25
v -69.33 74.93 46.74
v -68.73 79.51 47.54
v -67.53 83.57 49.58
v -71.58 84.08 51.75
v -70.28 87.08 55.11
v -68.70 88.83 59.17
v -67.01 89.15 63.54
v -65.36 88.00 67.78
v -63.92 85.51 71.48
v -62.82 81.90 74.29
v -62.18 77.55 75.91
v -62.06 72.87 76.20
v -62.47 68.32 75.13
v -63.37 64.34 72.80
v -64.67 61.33 69.45
v -66.25 59.59 65.39
v -67.94 59.27 61.02
v -69.59 60.42 56.78
v -71.03 62.91 53.08
v -72.13 66.51 50.27
v -72.77 70.87 48.65
v -72.89 75.55 48.35
v -72.48 80.10 49.43
v -71.58 84.08 51.75
v -75.93 84.32 53.56
v -75.08 87.20 57.17
v -73.97 88.79 61.44
v -72.72 88.94 65.96
v -71.45 87.64 70.29
v -70.28 85.01 73.99
v -69.33 81.31 76.72
v -68.69 76.90 78.19
v -68.43 72.21 78.28
v -68.56 67.71 76.96
v -69.08 63.83 74.37
v -69.94 60.96 70.76
v -71.04 59.36 66.49
v -72.29 59.21 61.96
v -73.57 60.52 57.64
v -74.73 63.15 53.93
v -75.68 66.85 51.21
v -76.32 71.26 49.73
v -76.59 75.94 49.65
v -76.45 80.45 50.97
v -75.93 84.32 53.56
v -80.60 84.26 54.90
v -80.27 86.99 58.70
v -79.70 88.41 63.14
v -78.94 88.39 67.77
v -78.07 86.93 72.14
v -77.18 84.17 75.83
v -76.34 80.38 78.47
v -75.65 75.93 79.81
v -75.17 71.27 79.71
v -74.95 66.83 78.18
v -75.01 63.07 75.38
v -75.34 60.34 71.58
v -75.91 58.92 67.14
v -76.67 58.94 62.51
v -77.54 60.40 58.14
v -78.43 63.16 54.45
v -79.27 66.95 51.81
v -79.96 71.40 50.47
v -80.44 76.06 50.57
v -80.66 80.50 52.09
v -80.60 84.26 54.90
v -85.58 83.82 55.67
v -85.85 86.38 59.59
v -85.86 87.62 64.12
v -85.63 87.41 68.80
v -85.18 85.79 73.19
v -84.55 82.91 76.84
v -83.81 79.05 79.40
v -83.01 74.59 80.62
v -82.26 69.96 80.38
v -81.61 65.63 78.71
v -81.13 62.00 75.77
v -80.87 59.45 71.84
v -80.85 58.21 67.31
v -81.08 58.41 62.63
v -81.53 60.03 58.25
v -82.16 62.92 54.60
v -82.91 66.78 52.04
v -83.70 71.24 50.81
v -84.46 75.86 51.05
v -85.11 80.20 52.72
v -85.58 83.82 55.67
v -90.86 82.96 55.76
v -91.76 85.32 59.71
v -92.40 86.35 64.25
v -92.72 85.95 68.91
v -92.69 84.17 73.25
v -92.31 81.17 76.84
v -91.62 77.25 79.33
v -90.68 72.80 80.48
v -89.60 68.24 80.16
v -88.47 64.03 78.42
v -87.40 60.58 75.43
v -86.50 58.22 71.47
v -85.86 57.19 66.94
v -85.54 57.59 62.27
v -85.57 59.37 57.93
v -85.95 62.37 54.34
v -86.64 66.29 51.85
v -87.58 70.75 50.71
v -88.66 75.30 51.02
v -89.79 79.51 52.76
v -90.86 82.96 55.76
v -96.38 81.61 55.05
v -97.93 83.74 58.93
v -99.19 84.54 63.38
v -100.06 83.94 67.95
v -100.43 81.98 72.20
v -100.29 78.87 75.72
v -99.63 74.91 78.15
v -98.52 70.49 79.26
v -97.08 66.03 78.94
v -95.44 61.98 77.22
v -93.77 58.74 74.28
v -92.22 56.61 70.39
v -90.96 55.81 65.94
v -90.09 56.42 61.37
v -89.72 58.37 57.12
v -89.86 61.48 53.61
v -90.52 65.44 51.18
v -91.63 69.86 50.07
v -93.07 74.32 50.39
v -94.70 78.37 52.10
v -96.38 81.61 55.05
v -102.07 79.72 53.42
v -104.25 81.60 57.14
v -106.11 82.14 61.41
v -107.49 81.31 65.82
v -108.25 79.19 69.93
v -108.30 75.97 73.35
v -107.66 71.99 75.74
v -106.37 67.61 76.86
v -104.57 63.29 76.61
v -102.44 59.43 75.01
v -100.17 56.41 72.21
v -98.00 54.54 68.50
v -96.13 53.99 64.23
v -94.75 54.82 59.82
v -94.00 56.95 55.71
v -93.94 60.16 52.29
v -94.59 64.15 49.90
v -95.87 68.52 48.78
v -97.67 72.85 49.03
v -99.81 76.71 50.63
v -102.07 79.72 53.42
v -107.84 77.24 50.78
v -110.59 78.83 54.23
v -113.00 79.11 58.25
v -114.84 78.05 62.44
v -115.93 75.75 66.38
v -116.16 72.44 69.69
v -115.52 68.43 72.06
v -114.05 64.13 73.23
v -111.92 59.96 73.11
v -109.32 56.31 71.71
v -106.51 53.56 69.15
v -103.76 51.96 65.69
v -101.35 51.68 61.68
v -99.51 52.74 57.49
v -98.42 55.04 53.55
v -98.19 58.35 50.24
v -98.83 62.36 47.87
v -100.30 66.66 46.69
v -102.43 70.84 46.81
v -105.03 74.48 48.22
v -107.84 77.24 50.78
v -113.56 74.11 47.03
v -116.80 75.42 50.16
v -119.68 75.43 53.86
v -121.92 74.13 57.78
v -123.29 71.66 61.52
v -123.67 68.25 64.73
v -123.02 64.24 67.08
v -121.39 60.02 68.35
v -118.96 56.01 68.41
v -115.95 52.60 67.26
v -112.67 50.11 65.01
v -109.43 48.80 61.88
v -106.55 48.80 58.17
v -104.31 50.09 54.26
v -102.93 52.57 50.51
v -102.56 55.98 47.31
v -103.21 59.98 44.96
v -104.83 64.20 43.69
v -107.27 68.21 43.62
v -110.27 71.63 44.78
v -113.56 74.11 47.03
v -119.07 70.32 42.11
v -122.72 71.34 44.88
v -125.99 71.07 48.24
v -128.55 69.54 51.86
v -130.16 66.90 55.39
v -130.65 63.40 58.48
v -129.99 59.40 60.84
v -128.22 55.28 62.22
v -125.54 51.44 62.50
v -122.19 48.26 61.65
v -118.51 46.06 59.75
v -114.86 45.04 56.98
v -111.59 45.31 53.63
v -109.03 46.84 50.01
v -107.42 49.48 46.47
v -106.92 52.97 43.38
v -107.59 56.97 41.03
v -109.35 61.10 39.64
v -112.04 64.94 39.36
v -115.39 68.11 40.21
v -119.07 70.32 42.11
v -124.20 65.86 36.02
v -128.18 66.59 38.40
v -131.75 66.05 41.39
v -134.57 64.29 44.70
v -136.36 61.49 48.02
v -136.95 57.92 51.00
v -136.26 53.92 53.37
v -134.39 49.90 54.89
v -131.49 46.24 55.41
v -127.87 43.30 54.88
v -123.88 41.37 53.36
v -119.89 40.64 50.98
v -116.32 41.18 47.99
v -113.50 42.94 44.68
v -111.71 45.74 41.37
v -111.13 49.32 38.38
v -111.81 53.31 36.01
v -113.69 57.33 34.49
v -116.58 60.99 33.97
v -120.20 63.93 34.50
v -124.20 65.86 36.02
v -128.75 60.75 28.80
v -132.99 61.20 30.78
v -136.80 60.40 33.40
v -139.81 58.42 36.40
v -141.74 55.47 39.50
v -142.38 51.83 42.39
v -141.69 47.85 44.78
v -139.72 43.93 46.44
v -136.67 40.45 47.22
v -132.83 37.75 47.03
v -128.59 36.09 45.89
v -124.36 35.65 43.91
v -120.55 36.45 41.29
v -117.53 38.42 38.29
v -115.61 41.38 35.19
v -114.96 45.02 32.30
v -115.66 49.00 29.91
v -117.63 52.92 28.24
v -120.68 56.40 27.47
v -124.51 59.10 27.66
v -128.75 60.75 28.80
v -132.55 55.07 20.55
v -136.96 55.24 22.13
v -140.95 54.19 24.38
v -144.10 52.00 27.08
v -146.12 48.91 29.97
v -146.81 45.20 32.76
v -146.10 41.24 35.19
v -144.06 37.43 37.01
v -140.89 34.13 38.04
v -136.90 31.66 38.19
v -132.48 30.28 37.44
v -128.06 30.10 35.87
v -124.08 31.16 33.62
v -120.93 33.34 30.92
v -118.91 36.44 28.03
v -118.22 40.15 25.23
v -118.93 44.10 22.81
v -120.97 47.92 20.99
v -124.14 51.22 19.95
v -128.13 53.68 19.80
v -132.55 55.07 20.55
v -135.41 48.90 11.45
v -139.95 48.81 12.64
v -144.04 47.51 14.52
v -147.29 45.12 16.93
v -149.38 41.89 19.62
v -150.09 38.13 22.33
v -149.37 34.20 24.79
v -147.28 30.49 26.77
v -144.03 27.37 28.07
v -139.93 25.14 28.56
v -135.39 24.01 28.20
v -130.85 24.11 27.02
v -126.75 25.41 25.14
v -123.50 27.79 22.73
v -121.42 31.03 20.04
v -120.70 34.79 17.33
v -121.42 38.72 14.87
v -123.51 42.42 12.89
v -126.77 45.55 11.59
v -130.87 47.78 11.09
v -135.41 48.90 11.45
v -137.19 42.39 1.74
v -141.80 42.03 2.53
v -145.96 40.49 4.06
v -149.26 37.91 6.17
v -151.38 34.55 8.67
v -152.11 30.74 11.31
v -151.38 26.84 13.82
v -149.26 23.25 15.97
v -145.96 20.31 17.54
v -141.80 18.31 18.37
v -137.19 17.44 18.40
v -132.57 17.80 17.61
v -128.41 19.34 16.08
v -125.11 21.91 13.96
v -122.99 25.27 11.46
v -122.26 29.09 8.83
v -122.99 32.98 6.32
v -125.11 36.58 4.17
v -128.42 39.52 2.60
v -132.58 41.52 1.76
v -137.19 42.39 1.74
v -137.79 35.68 -8.32
v -142.43 35.06 -7.91
v -146.61 33.29 -6.74
v -149.93 30.53 -4.90
v -152.06 27.04 -2.58
v -152.79 23.19 -0.01
v -152.06 19.33 2.56
v -149.93 15.85 4.88
v -146.61 13.09 6.72
v -142.43 11.32 7.91
v -137.79 10.71 8.32
v -133.16 11.33 7.91
v -128.98 13.10 6.74
v -125.66 15.87 4.90
v -123.53 19.35 2.58
v -122.79 23.20 0.01
v -123.53 27.06 -2.56
v -125.66 30.54 -4.88
v -128.98 33.30 -6.72
v -133.16 35.07 -7.91
v -137.79 35.68 -8.32
v -137.19 28.95 -18.40
v -141.80 28.08 -18.38
v -145.96 26.07 -17.55
v -149.26 23.13 -15.99
v -151.38 19.53 -13.85
v -152.11 15.63 -11.33
v -151.38 11.82 -8.70
v -149.26 8.46 -6.19
v -145.96 5.89 -4.07
v -141.80 4.35 -2.54
v -137.19 4.00 -1.74
v -132.58 4.88 -1.75
v -128.42 6.88 -2.58
v -125.12 9.83 -4.15
v -123.00 13.43 -6.29
v -122.27 17.32 -8.80
v -123.00 21.13 -11.44
v -125.11 24.49 -13.94
v -128.42 27.06 -16.07
v -132.58 28.60 -17.60
v -137.19 28.95 -18.40
v -135.39 22.38 -28.20
v -139.93 21.25 -28.57
v -144.03 19.01 -28.09
v -147.28 15.88 -26.79
v -149.37 12.17 -24.82
v -150.09 8.25 -22.35
v -149.37 4.48 -19.64
v -147.29 1.25 -16.95
v -144.04 -1.13 -14.54
v -139.95 -2.42 -12.64
v -135.41 -2.51 -11.45
v -130.87 -1.38 -11.08
v -126.77 0.86 -11.57
v -123.52 3.98 -12.87
v -121.43 7.69 -14.84
v -120.71 11.62 -17.31
v -121.42 15.38 -20.02
v -123.51 18.61 -22.71
v -126.76 20.99 -25.12
v -130.85 22.29 -27.01
v -135.39 22.38 -28.20
v -132.48 16.11 -37.45
v -136.90 14.72 -38.20
v -140.89 12.25 -38.06
v -144.05 8.95 -37.03
v -146.09 5.13 -35.21
v -146.80 1.18 -32.79
v -146.11 -2.53 -29.99
v -144.09 -5.63 -27.10
v -140.94 -7.81 -24.39
v -136.96 -8.86 -22.14
v -132.55 -8.68 -20.55
v -128.13 -7.28 -19.80
v -124.14 -4.82 -19.94
v -120.97 -1.51 -20.97
v -118.94 2.31 -22.78
v -118.23 6.26 -25.21
v -118.91 9.97 -28.00
v -120.93 13.06 -30.90
v -124.09 15.24 -33.60
v -128.07 16.29 -35.86
v -132.48 16.11 -37.45
v -128.59 10.30 -45.89
v -132.83 8.63 -47.04
v -136.66 5.93 -47.24
v -139.70 2.45 -46.47
v -141.67 -1.48 -44.80
v -142.37 -5.45 -42.41
v -141.72 -9.10 -39.52
v -139.80 -12.05 -36.42
v -136.79 -14.02 -33.41
v -132.98 -14.81 -30.78
v -128.75 -14.36 -28.80
v -124.52 -12.70 -27.65
v -120.69 -10.00 -27.45
v -117.64 -6.51 -28.22
v -115.67 -2.59 -29.89
v -114.97 1.39 -32.28
v -115.62 5.03 -35.17
v -117.54 7.98 -38.27
v -120.55 9.95 -41.28
v -124.36 10.75 -43.91
v -128.59 10.30 -45.89
v -123.87 5.02 -53.36
v -127.87 3.08 -54.90
v -131.48 0.14 -55.43
v -134.37 -3.52 -54.91
v -136.25 -7.55 -53.40
v -136.93 -11.54 -51.03
v -136.35 -15.11 -48.04
v -134.56 -17.91 -44.72
v -131.74 -19.66 -41.40
v -128.17 -20.20 -38.40
v -124.20 -19.46 -36.02
v -120.21 -17.53 -34.49
v -116.59 -14.59 -33.95
v -113.70 -10.92 -34.47
v -111.82 -6.90 -35.99
v -111.14 -2.91 -38.35
v -111.72 0.67 -41.34
v -113.51 3.46 -44.66
v -116.33 5.22 -47.98
v -119.90 5.75 -50.98
v -123.87 5.02 -53.36
v -118.51 0.33 -59.75
v -122.18 -1.88 -61.66
v -125.52 -5.06 -62.52
v -128.20 -8.90 -62.24
v -129.96 -13.03 -60.86
v -130.63 -17.03 -58.51
v -130.14 -20.52 -55.41
v -128.53 -23.16 -51.87
v -125.98 -24.68 -48.25
v -122.72 -24.95 -44.88
v -119.07 -23.92 -42.11
v -115.40 -21.71 -40.20
v -112.06 -18.53 -39.34
v -109.37 -14.69 -39.62
v -107.61 -10.57 -41.00
v -106.95 -6.56 -43.36
v -107.44 -3.07 -46.45
v -109.04 -0.43 -49.99
v -111.60 1.09 -53.62
v -114.86 1.36 -56.98
v -118.51 0.33 -59.75
v -112.66 -3.73 -65.01
v -115.94 -6.21 -67.27
v -118.94 -9.63 -68.43
v -121.37 -13.65 -68.37
v -122.99 -17.87 -67.10
v -123.64 -21.87 -64.75
v -123.27 -25.28 -61.54
v -121.89 -27.75 -57.80
v -119.66 -29.04 -53.87
v -116.79 -29.03 -50.16
v -113.56 -27.72 -47.02
v -110.29 -25.23 -44.77
v -107.29 -21.81 -43.61
v -104.86 -17.79 -43.67
v -103.24 -13.57 -44.93
v -102.58 -9.57 -47.29
v -102.96 -6.16 -50.49
v -104.33 -3.69 -54.24
v -106.56 -2.40 -58.16
v -109.43 -2.41 -61.88
v -112.66 -3.73 -65.01
v -106.50 -7.17 -69.15
v -109.30 -9.93 -71.72
v -111.89 -13.58 -73.13
v -114.02 -17.76 -73.25
v -115.48 -22.06 -72.07
v -116.13 -26.06 -69.71
v -115.90 -29.38 -66.40
v -114.81 -31.67 -62.45
v -112.98 -32.73 -58.26
v -110.58 -32.44 -54.24
v -107.85 -30.84 -50.78
v -105.05 -28.08 -48.21
v -102.46 -24.43 -46.80
v -100.33 -20.25 -46.68
v -98.87 -15.95 -47.86
v -98.22 -11.95 -50.22
v -98.45 -8.63 -53.53
v -99.54 -6.34 -57.48
v -101.37 -5.28 -61.67
v -103.77 -5.57 -65.69
v -106.50 -7.17 -69.15
v -100.16 -10.03 -72.22
v -102.42 -13.05 -75.02
v -104.55 -16.91 -76.62
v -106.34 -21.24 -76.88
v -107.62 -25.61 -75.75
v -108.26 -29.60 -73.36
v -108.21 -32.81 -69.94
v -107.46 -34.93 -65.83
v -106.09 -35.76 -61.41
v -104.24 -35.21 -57.14
v -102.08 -33.33 -53.42
v -99.82 -30.31 -50.62
v -97.70 -26.45 -49.02
v -95.91 -22.12 -48.76
v -94.62 -17.74 -49.88
v -93.98 -13.76 -52.27
v -94.03 -10.54 -55.69
v -94.78 -8.42 -59.81
v -96.15 -7.60 -64.22
v -98.00 -8.15 -68.50
v -100.16 -10.03 -72.22
v -93.76 -12.35 -74.28
v -95.42 -15.60 -77.23
v -97.05 -19.65 -78.95
v -98.49 -24.11 -79.27
v -99.59 -28.54 -78.15
v -100.24 -32.50 -75.72
v -100.40 -35.60 -72.21
v -100.03 -37.55 -67.96
v -99.17 -38.16 -63.38
v -97.92 -37.35 -58.93
v -96.39 -35.22 -55.04
v -94.72 -31.97 -52.10
v -93.10 -27.91 -50.38
v -91.66 -23.46 -50.06
v -90.56 -19.03 -51.17
v -89.90 -15.07 -53.60
v -89.75 -11.96 -57.11
v -90.12 -10.01 -61.37
v -90.97 -9.41 -65.94
v -92.23 -10.22 -70.39
v -93.76 -12.35 -74.28
v -87.39 -14.19 -75.43
v -88.44 -17.65 -78.43
v -89.57 -21.86 -80.17
v -90.64 -26.42 -80.48
v -91.58 -30.87 -79.33
v -92.27 -34.79 -76.84
v -92.65 -37.79 -73.25
v -92.69 -39.57 -68.91
v -92.38 -39.96 -64.24
v -91.75 -38.93 -59.71
v -90.87 -36.57 -55.75
v -89.81 -33.11 -52.76
v -88.69 -28.90 -51.02
v -87.61 -24.34 -50.71
v -86.68 -19.89 -51.85
v -85.99 -15.97 -54.34
v -85.61 -12.97 -57.93
v -85.57 -11.19 -62.27
v -85.88 -10.80 -66.94
v -86.51 -11.83 -71.47
v -87.39 -14.19 -75.43
v -81.12 -15.62 -75.77
v -81.59 -19.24 -78.71
v -82.23 -23.58 -80.38
v -82.98 -28.21 -80.62
v -83.77 -32.67 -79.39
v -84.51 -36.53 -76.83
v -85.15 -39.41 -73.18
v -85.61 -41.03 -68.80
v -85.85 -41.23 -64.12
v -85.84 -39.99 -59.59
v -85.59 -37.43 -55.66
v -85.13 -33.80 -52.72
v -84.49 -29.46 -51.05
v -83.73 -24.84 -50.82
v -82.95 -20.37 -52.04
v -82.20 -16.51 -54.60
v -81.56 -13.63 -58.25
v -81.10 -12.02 -62.63
v -80.86 -11.82 -67.32
v -80.87 -13.06 -71.84
v -81.12 -15.62 -75.77
v -75.00 -16.68 -75.39
v -74.93 -20.45 -78.18
v -75.14 -24.88 -79.71
v -75.62 -29.55 -79.80
v -76.31 -34.00 -78.46
v -77.14 -37.78 -75.82
v -78.04 -40.54 -72.13
v -78.92 -42.00 -67.76
v -79.69 -42.02 -63.13
v -80.27 -40.59 -58.69
v -80.61 -37.86 -54.89
v -80.68 -34.09 -52.09
v -80.47 -29.66 -50.57
v -79.99 -24.99 -50.48
v -79.30 -20.55 -51.82
v -78.47 -16.76 -54.46
v -77.57 -14.00 -58.15
v -76.69 -12.54 -62.52
v -75.92 -12.53 -67.15
v -75.34 -13.95 -71.58
v -75.00 -16.68 -75.39
v -69.07 -17.45 -74.37
v -68.54 -21.33 -76.96
v -68.40 -25.83 -78.27
v -68.66 -30.52 -78.18
v -69.30 -34.92 -76.70
v -70.25 -38.62 -73.98
v -71.42 -41.25 -70.27
v -72.70 -42.55 -65.95
v -73.96 -42.40 -61.43
v -75.08 -40.80 -57.16
v -75.94 -37.93 -53.55
v -76.47 -34.04 -50.97
v -76.61 -29.54 -49.66
v -76.35 -24.86 -49.74
v -75.71 -20.45 -51.22
v -74.76 -16.75 -53.95
v -73.59 -14.12 -57.65
v -72.31 -12.82 -61.98
v -71.05 -12.97 -66.50
v -69.93 -14.57 -70.77
v -69.07 -17.45 -74.37
v -63.36 -17.96 -72.81
v -62.45 -21.93 -75.13
v -62.04 -26.49 -76.20
v -62.16 -31.17 -75.90
v -62.79 -35.52 -74.27
v -63.89 -39.12 -71.46
v -65.34 -41.62 -67.76
v -67.00 -42.76 -63.52
v -68.70 -42.44 -59.16
v -70.29 -40.69 -55.11
v -71.59 -37.68 -51.75
v -72.50 -33.70 -49.43
v -72.91 -29.15 -48.36
v -72.80 -24.47 -48.66
v -72.16 -20.11 -50.29
v -71.06 -16.51 -53.09
v -69.61 -14.02 -56.80
v -67.95 -12.88 -61.04
v -66.25 -13.20 -65.40
v -64.67 -14.95 -69.45
v -63.36 -17.96 -72.81
v -57.89 -18.25 -70.77
v -56.69 -22.31 -72.80
v -56.08 -26.89 -73.60
v -56.13 -31.56 -73.09
v -56.81 -35.85 -71.31
v -58.08 -39.34 -68.44
v -59.80 -41.69 -64.76
v -61.80 -42.68 -60.63
v -63.90 -42.20 -56.46
v -65.88 -40.30 -52.65
v -67.55 -37.17 -49.58
v -68.75 -33.11 -47.54
v -69.35 -28.53 -46.75
v -69.31 -23.86 -47.26
v -68.63 -19.58 -49.04
v -67.36 -16.09 -51.91
v -65.64 -13.73 -55.59
v -63.64 -12.75 -59.72
v -61.54 -13.23 -63.89
v -59.56 -15.12 -67.70
v -57.89 -18.25 -70.77
v -52.68 -18.37 -68.32
v -51.27 -22.49 -70.06
v -50.54 -27.10 -70.59
v -50.56 -31.73 -69.86
v -51.33 -35.94 -67.94
v -52.78 -39.32 -65.02
v -54.76 -41.53 -61.39
v -57.09 -42.36 -57.40
v -59.52 -41.73 -53.44
v -61.83 -39.69 -49.89
v -63.78 -36.45 -47.12
v -65.20 -32.33 -45.38
v -65.93 -27.72 -44.85
v -65.90 -23.09 -45.58
v -65.13 -18.87 -47.49
v -63.68 -15.50 -50.41
v -61.70 -13.28 -54.05
v -59.38 -12.46 -58.04
v -56.95 -13.09 -62.00
v -54.64 -15.13 -65.55
v -52.68 -18.37 -68.32
v -47.74 -18.32 -65.53
v -46.18 -22.50 -66.98
v -45.39 -27.12 -67.25
v -45.44 -31.72 -66.33
v -46.33 -35.85 -64.29
v -47.97 -39.11 -61.34
v -50.20 -41.18 -57.77
v -52.80 -41.86 -53.92
v -55.52 -41.08 -50.18
v -58.10 -38.91 -46.91
v -60.27 -35.57 -44.42
v -61.83 -31.39 -42.98
v -62.62 -26.77 -42.70
v -62.58 -22.17 -43.63
v -61.69 -18.04 -45.67
v -60.05 -14.78 -48.62
v -57.82 -12.71 -52.19
v -55.21 -12.03 -56.04
v -52.49 -12.82 -59.78
v -49.92 -14.98 -63.05
v -47.74 -18.32 -65.53
v -43.09 -18.13 -62.46
v -41.43 -22.36 -63.63
v -40.62 -26.98 -63.67
v -40.73 -31.54 -62.56
v -41.75 -35.60 -60.43
v -43.58 -38.74 -57.46
v -46.04 -40.68 -53.97
v -48.89 -41.21 -50.28
v -51.85 -40.28 -46.76
v -54.64 -38.00 -43.75
v -56.97 -34.57 -41.55
v -58.63 -30.34 -40.38
v -59.44 -25.72 -40.34
v -59.33 -21.16 -41.45
v -58.31 -17.11 -43.58
v -56.48 -13.96 -46.55
v -54.02 -12.02 -50.04
v -51.17 -11.49 -53.73
v -48.20 -12.42 -57.25
v -45.42 -14.70 -60.26
v -43.09 -18.13 -62.46
v -38.70 -17.81 -59.15
v -37.00 -22.08 -60.07
v -36.20 -26.70 -59.90
v -36.39 -31.22 -58.64
v -37.55 -35.19 -56.43
v -39.56 -38.23 -53.47
v -42.23 -40.04 -50.06
v -45.30 -40.44 -46.53
v -48.46 -39.39 -43.23
v -51.41 -36.99 -40.48
v -53.86 -33.49 -38.54
v -55.57 -29.22 -37.62
v -56.37 -24.59 -37.79
v -56.18 -20.08 -39.04
v -55.02 -16.10 -41.26
v -53.01 -13.06 -44.22
v -50.34 -11.26 -47.63
v -47.27 -10.86 -51.15
v -44.10 -11.91 -54.46
v -41.15 -14.30 -57.21
v -38.70 -17.81 -59.15
v -34.59 -17.37 -55.65
v -32.86 -21.67 -56.36
v -32.10 -26.29 -56.00
v -32.38 -30.77 -54.62
v -33.68 -34.67 -52.35
v -35.86 -37.61 -49.42
v -38.72 -39.30 -46.10
v -41.97 -39.58 -42.73
v -45.30 -38.41 -39.63
v -48.38 -35.92 -37.11
v -50.91 -32.35 -35.42
v -52.64 -28.05 -34.71
v -53.40 -23.43 -35.07
v -53.12 -18.95 -36.45
v -51.83 -15.05 -38.72
v -49.64 -12.12 -41.65
v -46.79 -10.42 -44.97
v -43.53 -10.15 -48.34
v -40.20 -11.31 -51.44
v -37.12 -13.80 -53.96
v -34.59 -17.37 -55.65
v -30.75 -16.82 -52.02
v -29.01 -21.15 -52.53
v -28.29 -25.76 -52.02
v -28.67 -30.20 -50.54
v -30.09 -34.03 -48.23
v -32.43 -36.88 -45.33
v -35.45 -38.47 -42.11
v -38.86 -38.64 -38.89
v -42.32 -37.38 -35.98
v -45.50 -34.82 -33.68
v -48.09 -31.19 -32.20
v -49.82 -26.86 -31.69
v -50.54 -22.25 -32.20
v -50.17 -17.81 -33.68
v -48.74 -13.98 -35.98
v -46.40 -11.13 -38.89
v -43.38 -9.54 -42.10
v -39.97 -9.36 -45.32
v -36.51 -10.62 -48.23
v -33.33 -13.19 -50.53
v -30.75 -16.82 -52.02
v -27.14 -16.16 -48.27
v -25.41 -20.51 -48.62
v -24.74 -25.11 -47.98
v -25.20 -29.52 -46.42
v -26.75 -33.29 -44.10
v -29.22 -36.07 -41.23
v -32.38 -37.57 -38.11
v -35.92 -37.66 -35.03
v -39.50 -36.32 -32.30
v -42.76 -33.69 -30.19
v -45.38 -30.01 -28.90
v -47.11 -25.66 -28.55
v -47.78 -21.06 -29.19
v -47.32 -16.66 -30.75
v -45.77 -12.89 -33.07
v -43.30 -10.11 -35.94
v -40.14 -8.61 -39.06
v -36.60 -8.52 -42.14
v -33.02 -9.86 -44.87
v -29.76 -12.49 -46.98
v -27.14 -16.16 -48.27
v -23.76 -15.42 -44.46
v -22.04 -19.78 -44.66
v -21.42 -24.37 -43.92
v -21.96 -28.74 -42.30
v -23.60 -32.47 -39.97
v -26.20 -35.18 -37.15
v -29.48 -36.62 -34.12
v -33.13 -36.63 -31.17
v -36.80 -35.23 -28.60
v -40.12 -32.55 -26.65
v -42.77 -28.84 -25.52
v -44.49 -24.48 -25.32
v -45.11 -19.89 -26.06
v -44.57 -15.51 -27.68
v -42.92 -11.79 -30.01
v -40.33 -9.08 -32.83
v -37.05 -7.64 -35.86
v -33.40 -7.62 -38.81
v -29.73 -9.03 -41.38
v -26.41 -11.71 -43.33
v -23.76 -15.42 -44.46
v -20.59 -14.59 -40.60
v -18.88 -18.96 -40.68
v -18.30 -23.54 -39.85
v -18.90 -27.89 -38.19
v -20.64 -31.57 -35.86
v -23.33 -34.23 -33.09
v -26.71 -35.62 -30.14
v -30.45 -35.58 -27.31
v -34.20 -34.13 -24.88
v -37.57 -31.40 -23.08
v -40.24 -27.67 -22.09
v -41.95 -23.30 -22.00
v -42.53 -18.72 -22.83
v -41.92 -14.37 -24.49
v -40.19 -10.69 -26.83
v -37.50 -8.02 -29.60
v -34.12 -6.64 -32.54
v -30.37 -6.68 -35.37
v -26.63 -8.13 -37.80
v -23.26 -10.86 -39.61
v -20.59 -14.59 -40.60
v -17.60 -13.68 -36.71
v -15.90 -18.05 -36.69
v -15.35 -22.63 -35.79
v -16.01 -26.95 -34.10
v -17.81 -30.61 -31.77
v -20.58 -33.23 -29.04
v -24.05 -34.58 -26.18
v -27.87 -34.50 -23.46
v -31.68 -33.01 -21.14
v -35.09 -30.26 -19.47
v -37.78 -26.52 -18.60
v -39.48 -22.14 -18.61
v -40.03 -17.57 -19.51
v -39.37 -13.24 -21.20
v -37.56 -9.59 -23.53
v -34.79 -6.96 -26.26
v -31.33 -5.62 -29.12
v -27.50 -5.70 -31.85
v -23.70 -7.18 -34.16
v -20.29 -9.93 -35.83
v -17.60 -13.68 -36.71
v -14.77 -12.71 -32.80
v -13.07 -17.08 -32.71
v -12.55 -21.65 -31.75
v -13.25 -25.96 -30.03
v -15.11 -29.59 -27.72
v -17.95 -32.19 -25.03
v -21.48 -33.50 -22.23
v -25.37 -33.40 -19.60
v -29.22 -31.89 -17.40
v -32.68 -29.12 -15.83
v -35.38 -25.37 -15.05
v -37.08 -20.99 -15.15
v -37.60 -16.43 -16.10
v -36.90 -12.12 -17.82
v -35.04 -8.49 -20.14
v -32.21 -5.89 -22.83
v -28.67 -4.57 -25.62
v -24.79 -4.68 -28.25
v -20.93 -6.19 -30.46
v -17.48 -8.95 -32.03
v -14.77 -12.71 -32.80
v -12.09 -11.68 -28.89
v -10.39 -16.05 -28.73
v -9.88 -20.61 -27.73
v -10.61 -24.90 -25.99
v -12.51 -28.52 -23.68
v -15.40 -31.10 -21.03
v -18.99 -32.40 -18.30
v -22.92 -32.28 -15.75
v -26.83 -30.75 -13.63
v -30.31 -27.98 -12.16
v -33.04 -24.22 -11.46
v -34.74 -19.85 -11.63
v -35.25 -15.29 -12.63
v -34.52 -11.00 -14.37
v -32.61 -7.38 -16.67
v -29.73 -4.80 -19.33
v -26.14 -3.50 -22.06
v -22.20 -3.62 -24.61
v -18.30 -5.15 -26.73
v -14.82 -7.92 -28.20
v -12.09 -11.68 -28.89
v -9.53 -10.60 -25.00
v -7.82 -14.96 -24.78
v -7.32 -19.51 -23.74
v -8.07 -23.80 -21.98
v -10.00 -27.40 -19.68
v -12.92 -29.97 -17.06
v -16.55 -31.26 -14.38
v -20.53 -31.13 -11.89
v -24.47 -29.61 -9.85
v -27.99 -26.83 -8.45
v -30.74 -23.08 -7.83
v -32.45 -18.71 -8.05
v -32.95 -14.16 -9.09
v -32.20 -9.88 -10.85
v -30.27 -6.27 -13.15
v -27.34 -3.70 -15.77
v -23.71 -2.41 -18.45
v -19.73 -2.54 -20.94
v -15.79 -4.07 -22.98
v -12.28 -6.84 -24.38
v -9.53 -10.60 -25.00
v -7.08 -9.47 -21.11
v -5.36 -13.83 -20.84
v -4.85 -18.37 -19.77
v -5.61 -22.65 -18.00
v -7.56 -26.24 -15.70
v -10.51 -28.81 -13.11
v -14.17 -30.09 -10.46
v -18.18 -29.97 -8.03
v -22.16 -28.44 -6.06
v -25.70 -25.67 -4.72
v -28.47 -21.93 -4.16
v -30.19 -17.57 -4.43
v -30.70 -13.03 -5.51
v -29.94 -8.75 -7.28
v -27.99 -5.15 -9.57
v -25.04 -2.58 -12.17
v -21.38 -1.30 -14.81
v -17.37 -1.43 -17.24
v -13.39 -2.95 -19.22
v -9.85 -5.72 -20.55
v -7.08 -9.47 -21.11
v -4.72 -8.30 -17.24
v -2.98 -12.65 -16.93
v -2.46 -17.18 -15.83
v -3.22 -21.45 -14.04
v -5.18 -25.05 -11.74
v -8.15 -27.61 -9.16
v -11.83 -28.90 -6.55
v -15.87 -28.77 -4.17
v -19.87 -27.26 -2.24
v -23.44 -24.50 -0.96
v -26.23 -20.76 -0.46
v -27.97 -16.41 -0.77
v -28.49 -11.88 -1.88
v -27.73 -7.61 -3.66
v -25.77 -4.01 -5.96
v -22.81 -1.45 -8.54
v -19.12 -0.16 -11.15
v -15.08 -0.28 -13.53
v -11.08 -1.80 -15.46
v -7.51 -4.56 -16.74
v -4.72 -8.30 -17.24
v -2.43 -7.09 -13.40
v -0.67 -11.43 -13.05
v -0.14 -15.95 -11.91
v -0.89 -20.22 -10.10
v -2.85 -23.81 -7.80
v -5.82 -26.38 -5.23
v -9.52 -27.66 -2.65
v -13.58 -27.55 -0.30
v -17.61 -26.04 1.59
v -21.20 -23.29 2.82
v -24.02 -19.57 3.28
v -25.78 -15.23 2.93
v -26.31 -10.71 1.79
v -25.56 -6.44 -0.02
v -23.60 -2.85 -2.32
v -20.63 -0.28 -4.89
v -16.93 1.00 -7.47
v -12.87 0.89 -9.82
v -8.84 -0.62 -11.71
v -5.25 -3.37 -12.94
v -2.43 -7.09 -13.40
v -0.20 -5.86 -9.58
v 1.58 -10.18 -9.19
v 2.13 -14.69 -8.02
v 1.39 -18.95 -6.19
v -0.56 -22.54 -3.88
v -3.53 -25.10 -1.31
v -7.24 -26.39 1.27
v -11.32 -26.29 3.59
v -15.36 -24.79 5.44
v -18.98 -22.05 6.63
v -21.82 -18.34 7.05
v -23.60 -14.01 6.66
v -24.15 -9.50 5.49
v -23.41 -5.24 3.66
v -21.46 -1.66 1.35
v -18.49 0.91 -1.22
v -14.78 2.20 -3.80
v -10.70 2.09 -6.12
v -6.66 0.60 -7.97
v -3.04 -2.14 -9.16
v -0.20 -5.86 -9.58
v 1.98 -4.59 -5.79
v 3.79 -8.90 -5.36
v 4.36 -13.40 -4.15
v 3.64 -17.64 -2.29
v 1.70 -21.22 0.04
v -1.27 -23.79 2.62
v -4.98 -25.08 5.19
v -9.07 -24.98 7.49
v -13.13 -23.49 9.32
v -16.77 -20.76 10.47
v -19.63 -17.06 10.85
v -21.43 -12.75 10.42
v -22.00 -8.25 9.21
v -21.28 -4.01 7.35
v -19.34 -0.43 5.02
v -16.37 2.14 2.44
v -12.66 3.43 -0.13
v -8.58 3.33 -2.43
v -4.52 1.84 -4.26
v -0.88 -0.89 -5.41
v 1.98 -4.59 -5.79
v 4.14 -3.28 -2.03
v 5.97 -7.58 -1.56
v 6.56 -12.07 -0.31
v 5.86 -16.30 1.59
v 3.93 -19.87 3.95
v 0.97 -22.43 6.54
v -2.74 -23.72 9.12
v -6.83 -23.62 11.41
v -10.90 -22.14 13.22
v -14.56 -19.42 14.34
v -17.44 -15.73 14.68
v -19.27 -11.43 14.20
v -19.86 -6.95 12.96
v -19.16 -2.72 11.06
v -17.23 0.85 8.70
v -14.27 3.41 6.10
v -10.57 4.70 3.53
v -6.48 4.60 1.23
v -2.40 3.12 -0.57
v 1.26 0.40 -1.69
v 4.14 -3.28 -2.03
v 6.27 -1.95 1.69
v 8.12 -6.23 2.22
v 8.74 -10.70 3.52
v 8.06 -14.92 5.46
v 6.15 -18.47 7.86
v 3.20 -21.01 10.48
v -0.50 -22.30 13.06
v -4.60 -22.19 15.36
v -8.68 -20.71 17.14
v -12.35 -18.00 18.23
v -15.25 -14.33 18.53
v -17.10 -10.04 18.01
v -17.72 -5.58 16.71
v -17.03 -1.36 14.77
v -15.13 2.19 12.37
v -12.18 4.74 9.75
v -8.47 6.02 7.16
v -4.38 5.91 4.87
v -0.30 4.43 3.09
v 3.37 1.72 1.99
v 6.27 -1.95 1.69
v 8.40 -0.59 5.39
v 10.27 -4.86 5.97
v 10.90 -9.30 7.32
v 10.24 -13.50 9.32
v 8.35 -17.03 11.77
v 5.42 -19.55 14.43
v 1.72 -20.81 17.03
v -2.37 -20.69 19.33
v -6.46 -19.21 21.09
v -10.14 -16.50 22.15
v -13.06 -12.83 22.41
v -14.92 -8.57 21.83
v -15.56 -4.12 20.47
v -14.90 0.08 18.47
v -13.01 3.61 16.02
v -10.07 6.13 13.37
v -6.38 7.39 10.77
v -2.29 7.27 8.47
v 1.80 5.79 6.70
v 5.48 3.08 5.64
v 8.40 -0.59 5.39
v 10.53 0.81 9.05
v 12.42 -3.44 9.69
v 13.07 -7.87 11.11
v 12.43 -12.03 13.18
v 10.55 -15.53 15.69
v 7.63 -18.02 18.39
v 3.94 -19.25 21.02
v -0.14 -19.11 23.32
v -4.23 -17.61 25.07
v -7.92 -14.90 26.10
v -10.85 -11.24 26.30
v -12.73 -6.99 25.65
v -13.39 -2.56 24.23
v -12.74 1.60 22.16
v -10.87 5.10 19.66
v -7.94 7.59 16.96
v -4.26 8.82 14.33
v -0.17 8.68 12.02
v 3.92 7.18 10.27
v 7.61 4.47 9.25
v 10.53 0.81 9.05
v 12.68 2.24 12.66
v 14.58 -1.99 13.38
v 15.24 -6.39 14.89
v 14.61 -10.51 17.03
v 12.75 -13.97 19.61
v 9.84 -16.41 22.37
v 6.17 -17.60 25.03
v 2.09 -17.43 27.34
v -2.00 -15.90 29.08
v -5.69 -13.18 30.06
v -8.63 -9.52 30.20
v -10.52 -5.29 29.48
v -11.19 -0.89 27.97
v -10.56 3.24 25.83
v -8.70 6.69 23.25
v -5.79 9.13 20.50
v -2.11 10.32 17.83
v 1.97 10.15 15.52
v 6.05 8.62 13.79
v 9.75 5.90 12.80
v 12.68 2.24 12.66
v 14.86 3.71 16.24
v 16.75 -0.50 17.04
v 17.43 -4.86 18.65
v 16.81 -8.94 20.89
v 14.96 -12.33 23.55
v 12.06 -14.72 26.37
v 8.39 -15.85 29.07
v 4.32 -15.62 31.39
v 0.24 -14.06 33.10
v -3.45 -11.32 34.04
v -6.39 -7.66 34.11
v -8.29 -3.45 33.30
v -8.96 0.91 31.70
v -8.34 4.99 29.45
v -6.49 8.38 26.79
v -3.59 10.76 23.97
v 0.07 11.90 21.27
v 4.14 11.67 18.95
v 8.23 10.11 17.24
v 11.92 7.37 16.30
v 14.86 3.71 16.24
v 17.06 5.23 19.76
v 18.96 1.03 20.68
v 19.64 -3.28 22.39
v 19.02 -7.30 24.75
v 17.18 -10.62 27.50
v 14.29 -12.92 30.40
v 10.63 -13.98 33.14
v 6.57 -13.69 35.47
v 2.49 -12.08 37.15
v -1.19 -9.30 38.03
v -4.13 -5.64 38.01
v -6.02 -1.45 37.10
v -6.70 2.87 35.38
v -6.09 6.88 33.03
v -4.24 10.20 30.27
v -1.35 12.50 27.38
v 2.30 13.56 24.63
v 6.37 13.27 22.30
v 10.44 11.66 20.62
v 14.13 8.89 19.74
v 17.06 5.23 19.76
v 19.31 6.79 23.24
v 21.20 2.62 24.27
v 21.87 -1.64 26.12
v 21.26 -5.57 28.60
v 19.42 -8.80 31.47
v 16.53 -11.00 34.45
v 12.88 -11.96 37.24
v 8.83 -11.59 39.57
v 4.76 -9.92 41.22
v 1.09 -7.11 42.02
v -1.84 -3.44 41.89
v -3.73 0.73 40.86
v -4.40 4.99 39.01
v -3.79 8.92 36.53
v -1.95 12.15 33.66
v 0.94 14.35 30.68
v 4.59 15.31 27.89
v 8.64 14.94 25.56
v 12.71 13.27 23.91
v 16.38 10.46 23.11
v 19.31 6.79 23.24
v 21.60 8.42 26.65
v 23.48 4.29 27.84
v 24.14 0.09 29.84
v 23.52 -3.75 32.47
v 21.68 -6.86 35.46
v 18.79 -8.94 38.52
v 15.15 -9.78 41.36
v 11.10 -9.30 43.69
v 7.05 -7.56 45.29
v 3.39 -4.71 45.99
v 0.48 -1.04 45.74
v -1.40 3.10 44.56
v -2.06 7.29 42.55
v -1.44 11.13 39.93
v 0.40 14.24 36.94
v 3.28 16.32 33.87
v 6.93 17.16 31.04
v 10.97 16.69 28.71
v 15.02 14.94 27.11
v 18.69 12.09 26.40
v 21.60 8.42 26.65
v 23.94 10.12 30.00
v 25.80 6.03 31.36
v 26.45 1.92 33.54
v 25.81 -1.80 36.33
v 23.96 -4.77 39.45
v 21.08 -6.70 42.61
v 17.44 -7.40 45.49
v 13.40 -6.81 47.81
v 9.36 -4.97 49.34
v 5.72 -2.08 49.94
v 2.82 1.60 49.54
v 0.96 5.68 48.18
v 0.32 9.79 46.00
v 0.95 13.51 43.21
v 2.80 16.48 40.08
v 5.68 18.41 36.93
v 9.32 19.12 34.05
v 13.36 18.52 31.73
v 17.40 16.69 30.20
v 21.04 13.79 29.60
v 23.94 10.12 30.00
v 26.32 11.91 33.28
v 28.17 7.88 34.83
v 28.79 3.88 37.21
v 28.15 0.31 40.18
v 26.29 -2.50 43.45
v 23.40 -4.25 46.71
v 19.76 -4.79 49.62
v 15.73 -4.06 51.92
v 11.71 -2.13 53.36
v 8.08 0.81 53.82
v 5.20 4.48 53.25
v 3.36 8.51 51.69
v 2.73 12.50 49.31
v 3.38 16.08 46.34
v 5.24 18.88 43.07
v 8.13 20.64 39.82
v 11.77 21.18 36.90
v 15.80 20.44 34.61
v 19.82 18.51 33.16
v 23.45 15.57 32.70
v 26.32 11.91 33.28
v 28.76 13.81 36.47
v 30.58 9.86 38.24
v 31.19 6.00 40.84
v 30.52 2.60 44.01
v 28.65 0.00 47.44
v 25.76 -1.55 50.79
v 22.12 -1.91 53.73
v 18.10 -1.02 55.99
v 14.09 1.01 57.32
v 10.47 3.99 57.62
v 7.62 7.63 56.84
v 5.80 11.57 55.06
v 5.19 15.43 52.46
v 5.85 18.83 49.29
v 7.72 21.43 45.87
v 10.62 22.99 42.52
v 14.25 23.34 39.57
v 18.28 22.46 37.32
v 22.29 20.43 35.98
v 25.90 17.45 35.69
v 28.76 13.81 36.47
v 31.23 15.84 39.56
v 33.04 12.02 41.58
v 33.63 8.33 44.42
v 32.95 5.14 47.80
v 31.07 2.77 51.39
v 28.17 1.44 54.83
v 24.53 1.29 57.79
v 20.51 2.33 59.98
v 16.51 4.46 61.19
v 12.91 7.47 61.29
v 10.06 11.07 60.28
v 8.26 14.90 58.25
v 7.67 18.58 55.41
v 8.34 21.77 52.03
v 10.22 24.14 48.44
v 13.13 25.47 45.00
v 16.76 25.62 42.04
v 20.78 24.58 39.85
v 24.79 22.45 38.65
v 28.39 19.44 38.55
v 31.23 15.84 39.56
v 33.73 18.06 42.53
v 35.53 14.38 44.82
v 36.12 10.91 47.92
v 35.43 7.97 51.52
v 33.55 5.87 55.27
v 30.64 4.80 58.79
v 27.00 4.86 61.75
v 22.98 6.06 63.86
v 18.98 8.27 64.90
v 15.38 11.29 64.78
v 12.54 14.80 63.51
v 10.74 18.48 61.22
v 10.16 21.95 58.12
v 10.84 24.89 54.52
v 12.73 26.99 50.77
v 15.63 28.07 47.25
v 19.28 28.00 44.29
v 23.29 26.80 42.18
v 27.30 24.59 41.14
v 30.89 21.58 41.26
v 33.73 18.06 42.53
v 36.25 20.49 45.34
v 38.06 17.02 47.93
v 38.65 13.80 51.30
v 37.98 11.16 55.12
v 36.09 9.36 59.01
v 33.18 8.56 62.61
v 29.54 8.85 65.55
v 25.51 10.20 67.55
v 21.50 12.47 68.41
v 17.89 15.45 68.05
v 15.04 18.85 66.50
v 13.23 22.32 63.91
v 12.64 25.54 60.55
v 13.32 28.18 56.73
v 15.20 29.98 52.83
v 18.11 30.78 49.23
v 21.76 30.49 46.29
v 25.78 29.14 44.29
v 29.80 26.86 43.43
v 33.40 23.88 43.79
v 36.25 20.49 45.34
v 40.61 19.97 50.85
v 41.23 17.07 54.48
v 40.57 14.77 58.52
v 38.70 13.30 62.57
v 35.80 12.79 66.22
v 32.15 13.30 69.12
v 28.10 14.78 70.99
v 24.07 17.09 71.65
v 20.43 19.99 71.02
v 17.55 23.20 69.18
v 15.71 26.42 66.30
v 15.09 29.32 62.66
v 15.75 31.62 58.62
v 17.62 33.09 54.58
v 20.52 33.60 50.93
v 24.17 33.09 48.02
v 28.22 31.61 46.15
v 32.25 29.30 45.50
v 35.89 26.40 46.12
f 1 22 23
f 1 23 2
f 2 23 24
f 2 24 3
f 3 24 25
f 3 25 4
f 4 25 26
f 4 26 5
f 5 26 27
f 5 27 6
f 6 27 28
f 6 28 7
f 7 28 29
f 7 29 8
f 8 29 30
f 8 30 9
f 9 30 31
f 9 31 10
f 10 31 32
f 10 32 11
f 11 32 33
f 11 33 12
f 12 33 34
f 12 34 13
f 13 34 35
f 13 35 14
f 14 35 36
f 14 36 15
f 15 36 37
f 15 37 16
f 16 37 38
f 16 38 17
f 17 38 39
f 17 39 18
f 18 39 40
f 18 40 19
f 19 40 41
f 19 41 20
f 20 41 22
f 20 22 1
f 22 43 44
f 22 44 23
f 23 44 45
f 23 45 24
f 24 45 46
f 24 46 25
f 25 46 47
f 25 47 26
f 26 47 48
f 26 48 27
f 27 48 49
f 27 49 28
f 28 49 50
f 28 50 29
f 29 50 51
f 29 51 30
f 30 51 52
f 30 52 31
f 31 52 53
f 31 53 32
f 32 53 54
f 32 54 33
f 33 54 55
f 33 55 34
f 34 55 56
f 34 56 35
f 35 56 57
f 35 57 36
f 36 57 58
f 36 58 37
f 37 58 59
f 37 59 38
f 38 59 60
f 38 60 39
f 39 60 61
f 39 61 40
f 40 61 62
f 40 62 41
f 41 62 43
f 41 43 22
f 43 64 65
f 43 65 44
f 44 65 66
f 44 66 45
f 45 66 67
f 45 67 46
f 46 67 68
f 46 68 47
f 47 68 69
f 47 69 48
f 48 69 70
f 48 70 49
f 49 70 71
f 49 71 50
f 50 71 72
f 50 72 51
f 51 72 73
f 51 73 52
f 52 73 74
f 52 74 53
f 53 74 75
f 53 75 54
f 54 75 76
f 54 76 55
f 55 76 77
f 55 77 56
f 56 77 78
f 56 78 57
f 57 78 79
f 57 79 58
f 58 79 80
f 58 80 59
f 59 80 81
f 59 81 60
f 60 81 82
f 60 82 61
f 61 82 83
f 61 83 62
f 62 83 64
f 62 64 43
f 64 85 86
f 64 86 65
f 65 86 87
f 65 87 66
f 66 87 88
f 66 88 67
f 67 88 89
f 67 89 68
f 68 89 90
f 68 90 69
f 69 90 91
f 69 91 70
f 70 91 92
f 70 92 71
f 71 92 93
f 71 93 72
f 72 93 94
f 72 94 73
f 73 94 95
f 73 95 74
f 74 95 96
f 74 96 75
f 75 96 97
f 75 97 76
f 76 97 98
f 76 98 77
f 77 98 99
f 77 99 78
f 78 99 100
f 78 100 79
f 79 100 101
f 79 101 80
f 80 101 102
f 80 102 81
f 81 102 103
f 81 103 82
f 82 103 104
f 82 104 83
f 83 104 85
f 83 85 64
f 85 106 107
f 85 107 86
f 86 107 108
f 86 108 87
f 87 108 109
f 87 109 88
f 88 109 110
f 88 110 89
f 89 110 111
f 89 111 90
f 90 111 112
f 90 112 91
f 91 112 113
f 91 113 92
f 92 113 114
f 92 114 93
f 93 114 115
f 93 115 94
f 94 115 116
f 94 116 95
f 95 116 117
f 95 117 96
f 96 117 118
f 96 118 97
f 97 118 119
f 97 119 98
f 98 119 120
f 98 120 99
f 99 120 121
f 99 121 100
f 100 121 122
f 100 122 101
f 101 122 123
f 101 123 102
f 102 123 124
f 102 124 103
f 103 124 125
f 103 125 104
f 104 125 106
f 104 106 85
f 106 127 128
f 106 128 107
f 107 128 129
f 107 129 108
f 108 129 130
f 108 130 109
f 109 130 131
f 109 131 110
f 110 131 132
f 110 132 111
f 111 132 133
f 111 133 112
f 112 133 134
f 112 134 113
f 113 134 135
f 113 135 114
f 114 135 136
f 114 136 115
f 115 136 137
f 115 137 116
f 116 137 138
f 116 138 117
f 117 138 139
f 117 139 118
f 118 139 140
f 118 140 119
f 119 140 141
f 119 141 120
f 120 141 142
f 120 142 121
f 121 142 143
f 121 143 122
f 122 143 144
f 122 144 123
f 123 144 145
f 123 145 124
f 124 145 146
f 124 146 125
f 125 146 127
f 125 127 106
f 127 148 149
f 127 149 128
f 128 149 150
f 128 150 129
f 129 150 151
f 129 151 130
f 130 151 152
f 130 152 131
f 131 152 153
f 131 153 132
f 132 153 154
f 132 154 133
f 133 154 155
f 133 155 134
f 134 155 156
f 134 156 135
f 135 156 157
f 135 157 136
f 136 157 158
f 136 158 137
f 137 158 159
f 137 159 138
f 138 159 160
f 138 160 139
f 139 160 161
f 139 161 140
f 140 161 162
f 140 162 141
f 141 162 163
f 141 163 142
f 142 163 164
f 142 164 143
f 143 164 165
f 143 165 144
f 144 165 166
f 144 166 145
f 145 166 167
f 145 167 146
f 146 167 148
f 146 148 127
f 148 169 170
f 148 170 149
f 149 170 171
f 149 171 150
f 150 171 172
f 150 172 151
f 151 172 173
f 151 173 152
f 152 173 174
f 152 174 153
f 153 174 175
f 153 175 154
f 154 175 176
f 154 176 155
f 155 176 177
f 155 177 156
f 156 177 178
f 156 178 157
f 157 178 179
f 157 179 158
f 158 179 180
f 158 180 159
f 159 180 181
f 159 181 160
f 160 181 182
f 160 182 161
f 161 182 183
f 161 183 162
f 162 183 184
f 162 184 163
f 163 184 185
f 163 185 164
f 164 185 186
f 164 186 165
f 165 186 187
f 165 187 166
f 166 187 188
f 166 188 167
f 167 188 169
f 167 169 148
f 169 190 191
f 169 191 170
f 170 191 192
f 170 192 171
f 171 192 193
f 171 193 172
f 172 193 194
f 172 194 173
f 173 194 195
f 173 195 174
f 174 195 196
f 174 196 175
f 175 196 197
f 175 197 176
f 176 197 198
f 176 198 177
f 177 198 199
f 177 199 178
f 178 199 200
f 178 200 179
f 179 200 201
f 179 201 180
f 180 201 202
f 180 202 181
f 181 202 203
f 181 203 182
f 182 203 204
f 182 204 183
f 183 204 205
f 183 205 184
f 184 205 206
f 184 206 185
f 185 206 207
f 185 207 186
f 186 207 208
f 186 208 187
f 187 208 209
f 187 209 188
f 188 209 190
f 188 190 169
f 190 211 212
f 190 212 191
f 191 212 213
f 191 213 192
f 192 213 214
f 192 214 193
f 193 214 215
f 193 215 194
f 194 215 216
f 194 216 195
f 195 216 217
f 195 217 196
f 196 217 218
f 196 218 197
f 197 218 219
f 197 219 198
f 198 219 220
f 198 220 199
f 199 220 221
f 199 221 200
f 200 221 222
f 200 222 201
f 201 222 223
f 201 223 202
f 202 223 224
f 202 224 203
f 203 224 225
f 203 225 204
f 204 225 226
f 204 226 205
f 205 226 227
f 205 227 206
f 206 227 228
f 206 228 207
f 207 228 229
f 207 229 208
f 208 229 230
f 208 230 209
f 209 230 211
f 209 211 190
f 211 232 233
f 211 233 212
f 212 233 234
f 212 234 213
f 213 234 235
f 213 235 214
f 214 235 236
f 214 236 215
f 215 236 237
f 215 237 216
f 216 237 238
f 216 238 217
f 217 238 239
f 217 239 218
f 218 239 240
f 218 240 219
f 219 240 241
f 219 241 220
f 220 241 242
f 220 242 221
f 221 242 243
f 221 243 222
f 222 243 244
f 222 244 223
f 223 244 245
f 223 245 224
f 224 245 246
f 224 246 225
f 225 246 247
f 225 247 226
f 226 247 248
f 226 248 227
f 227 248 249
f 227 249 228
f 228 249 250
f 228 250 229
f 229 250 251
f 229 251 230
f 230 251 232
f 230 232 211
f 232 253 254
f 232 254 233
f 233 254 255
f 233 255 234
f 234 255 256
f 234 256 235
f 235 256 257
f 235 257 236
f 236 257 258
f 236 258 237
f 237 258 259
f 237 259 238
f 238 259 260
f 238 260 239
f 239 260 261
f 239 261 240
f 240 261 262
f 240 262 241
f 241 262 263
f 241 263 242
f 242 263 264
f 242 264 243
f 243 264 265
f 243 265 244
f 244 265 266
f 244 266 245
f 245 266 267
f 245 267 246
f 246 267 268
f 246 268 247
f 247 268 269
f 247 269 248
f 248 269 270
f 248 270 249
f 249 270 271
f 249 271 250
f 250 271 272
f 250 272 251
f 251 272 253
f 251 253 232
f 253 274 275
f 253 275 254
f 254 275 276
f 254 276 255
f 255 276 277
f 255 277 256
f 256 277 278
f 256 278 257
f 257 278 279
f 257 279 258
f 258 279 280
f 258 280 259
f 259 280 281
f 259 281 260
f 260 281 282
f 260 282 261
f 261 282 283
f 261 283 262
f 262 283 284
f 262 284 263
f 263 284 285
f 263 285 264
f 264 285 286
f 264 286 265
f 265 286 287
f 265 287 266
f 266 287 288
f 266 288 267
f 267 288 289
f 267 289 268
f 268 289 290
f 268 290 269
f 269 290 291
f 269 291 270
f 270 291 292
f 270 292 271
f 271 292 293
f 271 293 272
f 272 293 274
f 272 274 253
f 274 295 296
f 274 296 275
f 275 296 297
f 275 297 276
f 276 297 298
f 276 298 277
f 277 298 299
f 277 299 278
f 278 299 300
f 278 300 279
f 279 300 301
f 279 301 280
f 280 301 302
f 280 302 281
f 281 302 303
f 281 303 282
f 282 303 304
f 282 304 283
f 283 304 305
f 283 305 284
f 284 305 306
f 284 306 285
f 285 306 307
f 285 307 286
f 286 307 308
f 286 308 287
f 287 308 309
f 287 309 288
f 288 309 310
f 288 310 289
f 289 310 311
f 289 311 290
f 290 311 312
f 290 312 291
f 291 312 313
f 291 313 292
f 292 313 314
f 292 314 293
f 293 314 295
f 293 295 274
f 295 316 317
f 295 317 296
f 296 317 318
f 296 318 297
f 297 318 319
f 297 319 298
f 298 319 320
f 298 320 299
f 299 320 321
f 299 321 300
f 300 321 322
f 300 322 301
f 301 322 323
f 301 323 302
f 302 323 324
f 302 324 303
f 303 324 325
f 303 325 304
f 304 325 326
f 304 326 305
f 305 326 327
f 305 327 306
f 306 327 328
f 306 328 307
f 307 328 329
f 307 329 308
f 308 329 330
f 308 330 309
f 309 330 331
f 309 331 310
f 310 331 332
f 310 332 311
f 311 332 333
f 311 333 312
f 312 333 334
f 312 334 313
f 313 334 335
f 313 335 314
f 314 335 316
f 314 316 295
f 316 337 338
f 316 338 317
f 317 338 339
f 317 339 318
f 318 339 340
f 318 340 319
f 319 340 341
f 319 341 320
f 320 341 342
f 320 342 321
f 321 342 343
f 321 343 322
f 322 343 344
f 322 344 323
f 323 344 345
f 323 345 324
f 324 345 346
f 324 346 325
f 325 346 347
f 325 347 326
f 326 347 348
f 326 348 327
f 327 348 349
f 327 349 328
f 328 349 350
f 328 350 329
f 329 350 351
f 329 351 330
f 330 351 352
f 330 352 331
f 331 352 353
f 331 353 332
f 332 353 354
f 332 354 333
f 333 354 355
f 333 355 334
f 334 355 356
f 334 356 335
f 335 356 337
f 335 337 316
f 337 358 359
f 337 359 338
f 338 359 360
f 338 360 339
f 339 360 361
f 339 361 340
f 340 361 362
f 340 362 341
f 341 362 363
f 341 363 342
f 342 363 364
f 342 364 343
f 343 364 365
f 343 365 344
f 344 365 366
f 344 366 345
f 345 366 367
f 345 367 346
f 346 367 368
f 346 368 347
f 347 368 369
f 347 369 348
f 348 369 370
f 348 370 349
f 349 370 371
f 349 371 350
f 350 371 372
f 350 372 351
f 351 372 373
f 351 373 352
f 352 373 374
f 352 374 353
f 353 374 375
f 353 375 354
f 354 375 376
f 354 376 355
f 355 376 377
f 355 377 356
f 356 377 358
f 356 358 337
f 358 379 380
f 358 380 359
f 359 380 381
f 359 381 360
f 360 381 382
f 360 382 361
f 361 382 383
f 361 383 362
f 362 383 384
f 362 384 363
f 363 384 385
f 363 385 364
f 364 385 386
f 364 386 365
f 365 386 387
f 365 387 366
f 366 387 388
f 366 388 367
f 367 388 389
f 367 389 368
f 368 389 390
f 368 390 369
f 369 390 391
f 369 391 370
f 370 391 392
f 370 392 371
f 371 392 393
f 371 393 372
f 372 393 394
f 372 394 373
f 373 394 395
f 373 395 374
f 374 395 396
f 374 396 375
f 375 396 397
f 375 397 376
f 376 397 398
f 376 398 377
f 377 398 379
f 377 379 358
f 379 400 401
f 379 401 380
f 380 401 402
f 380 402 381
f 381 402 403
f 381 403 382
f 382 403 404
f 382 404 383
f 383 404 405
f 383 405 384
f 384 405 406
f 384 406 385
f 385 406 407
f 385 407 386
f 386 407 408
f 386 408 387
f 387 408 409
f 387 409 388
f 388 409 410
f 388 410 389
f 389 410 411
f 389 411 390
f 390 411 412
f 390 412 391
f 391 412 413
f 391 413 392
f 392 413 414
f 392 414 393
f 393 414 415
f 393 415 394
f 394 415 416
f 394 416 395
f 395 416 417
f 395 417 396
f 396 417 418
f 396 418 397
f 397 418 419
f 397 419 398
f 398 419 400
f 398 400 379
f 400 421 422
f 400 422 401
f 401 422 423
f 401 423 402
f 402 423 424
f 402 424 403
f 403 424 425
f 403 425 404
f 404 425 426
f 404 426 405
f 405 426 427
f 405 427 406
f 406 427 428
f 406 428 407
f 407 428 429
f 407 429 408
f 408 429 430
f 408 430 409
f 409 430 431
f 409 431 410
f 410 431 432
f 410 432 411
f 411 432 433
f 411 433 412
f 412 433 434
f 412 434 413
f 413 434 435
f 413 435 414
f 414 435 436
f 414 436 415
f 415 436 437
f 415 437 416
f 416 437 438
f 416 438 417
f 417 438 439
f 417 439 418
f 418 439 440
f 418 440 419
f 419 440 421
f 419 421 400
f 421 442 443
f 421 443 422
f 422 443 444
f 422 444 423
f 423 444 445
f 423 445 424
f 424 445 446
f 424 446 425
f 425 446 447
f 425 447 426
f 426 447 448
f 426 448 427
f 427 448 449
f 427 449 428
f 428 449 450
f 428 450 429
f 429 450 451
f 429 451 430
f 430 451 452
f 430 452 431
f 431 452 453
f 431 453 432
f 432 453 454
f 432 454 433
f 433 454 455
f 433 455 434
f 434 455 456
f 434 456 435
f 435 456 457
f 435 457 436
f 436 457 458
f 436 458 437
f 437 458 459
f 437 459 438
f 438 459 460
f 438 460 439
f 439 460 461
f 439 461 440
f 440 461 442
f 440 442 421
f 442 463 464
f 442 464 443
f 443 464 465
f 443 465 444
f 444 465 466
f 444 466 445
f 445 466 467
f 445 467 446
f 446 467 468
f 446 468 447
f 447 468 469
f 447 469 448
f 448 469 470
f 448 470 449
f 449 470 471
f 449 471 450
f 450 471 472
f 450 472 451
f 451 472 473
f 451 473 452
f 452 473 474
f 452 474 453
f 453 474 475
f 453 475 454
f 454 475 476
f 454 476 455
f 455 476 477
f 455 477 456
f 456 477 478
f 456 478 457
f 457 478 479
f 457 479 458
f 458 479 480
f 458 480 459
f 459 480 481
f 459 481 460
f 460 481 482
f 460 482 461
f 461 482 463
f 461 463 442
f 463 484 485
f 463 485 464
f 464 485 486
f 464 486 465
f 465 486 487
f 465 487 466
f 466 487 488
f 466 488 467
f 467 488 489
f 467 489 468
f 468 489 490
f 468 490 469
f 469 490 491
f 469 491 470
f 470 491 492
f 470 492 471
f 471 492 493
f 471 493 472
f 472 493 494
f 472 494 473
f 473 494 495
f 473 495 474
f 474 495 496
f 474 496 475
f 475 496 497
f 475 497 476
f 476 497 498
f 476 498 477
f 477 498 499
f 477 499 478
f 478 499 500
f 478 500 479
f 479 500 501
f 479 501 480
f 480 501 502
f 480 502 481
f 481 502 503
f 481 503 482
f 482 503 484
f 482 484 463
f 484 505 506
f 484 506 485
f 485 506 507
f 485 507 486
f 486 507 508
f 486 508 487
f 487 508 509
f 487 509 488
f 488 509 510
f 488 510 489
f 489 510 511
f 489 511 490
f 490 511 512
f 490 512 491
f 491 512 513
f 491 513 492
f 492 513 514
f 492 514 493
f 493 514 515
f 493 515 494
f 494 515 516
f 494 516 495
f 495 516 517
f 495 517 496
f 496 517 518
f 496 518 497
f 497 518 519
f 497 519 498
f 498 519 520
f 498 520 499
f 499 520 521
f 499 521 500
f 500 521 522
f 500 522 501
f 501 522 523
f 501 523 502
f 502 523 524
f 502 524 503
f 503 524 505
f 503 505 484
f 505 526 527
f 505 527 506
f 506 527 528
f 506 528 507
f 507 528 529
f 507 529 508
f 508 529 530
f 508 530 509
f 509 530 531
f 509 531 510
f 510 531 532
f 510 532 511
f 511 532 533
f 511 533 512
f 512 533 534
f 512 534 513
f 513 534 535
f 513 535 514
f 514 535 536
f 514 536 515
f 515 536 537
f 515 537 516
f 516 537 538
f 516 538 517
f 517 538 539
f 517 539 518
f 518 539 540
f 518 540 519
f 519 540 541
f 519 541 520
f 520 541 542
f 520 542 521
f 521 542 543
f 521 543 522
f 522 543 544
f 522 544 523
f 523 544 545
f 523 545 524
f 524 545 526
f 524 526 505
f 526 547 548
f 526 548 527
f 527 548 549
f 527 549 528
f 528 549 550
f 528 550 529
f 529 550 551
f 529 551 530
f 530 551 552
f 530 552 531
f 531 552 553
f 531 553 532
f 532 553 554
f 532 554 533
f 533 554 555
f 533 555 534
f 534 555 556
f 534 556 535
f 535 556 557
f 535 557 536
f 536 557 558
f 536 558 537
f 537 558 559
f 537 559 538
f 538 559 560
f 538 560 539
f 539 560 561
f 539 561 540
f 540 561 562
f 540 562 541
f 541 562 563
f 541 563 542
f 542 563 564
f 542 564 543
f 543 564 565
f 543 565 544
f 544 565 566
f 544 566 545
f 545 566 547
f 545 547 526
f 547 568 569
f 547 569 548
f 548 569 570
f 548 570 549
f 549 570 571
f 549 571 550
f 550 571 572
f 550 572 551
f 551 572 573
f 551 573 552
f 552 573 574
f 552 574 553
f 553 574 575
f 553 575 554
f 554 575 576
f 554 576 555
f 555 576 577
f 555 577 556
f 556 577 578
f 556 578 557
f 557 578 579
f 557 579 558
f 558 579 580
f 558 580 559
f 559 580 581
f 559 581 560
f 560 581 582
f 560 582 561
f 561 582 583
f 561 583 562
f 562 583 584
f 562 584 563
f 563 584 585
f 563 585 564
f 564 585 586
f 564 586 565
f 565 586 587
f 565 587 566
f 566 587 568
f 566 568 547
f 568 589 590
f 568 590 569
f 569 590 591
f 569 591 570
f 570 591 592
f 570 592 571
f 571 592 593
f 571 593 572
f 572 593 594
f 572 594 573
f 573 594 595
f 573 595 574
f 574 595 596
f 574 596 575
f 575 596 597
f 575 597 576
f 576 597 598
f 576 598 577
f 577 598 599
f 577 599 578
f 578 599 600
f 578 600 579
f 579 600 601
f 579 601 580
f 580 601 602
f 580 602 581
f 581 602 603
f 581 603 582
f 582 603 604
f 582 604 583
f 583 604 605
f 583 605 584
f 584 605 606
f 584 606 585
f 585 606 607
f 585 607 586
f 586 607 608
f 586 608 587
f 587 608 589
f 587 589 568
f 589 610 611
f 589 611 590
f 590 611 612
f 590 612 591
f 591 612 613
f 591 613 592
f 592 613 614
f 592 614 593
f 593 614 615
f 593 615 594
f 594 615 616
f 594 616 595
f 595 616 617
f 595 617 596
f 596 617 618
f 596 618 597
f 597 618 619
f 597 619 598
f 598 619 620
f 598 620 599
f 599 620 621
f 599 621 600
f 600 621 622
f 600 622 601
f 601 622 623
f 601 623 602
f 602 623 624
f 602 624 603
f 603 624 625
f 603 625 604
f 604 625 626
f 604 626 605
f 605 626 627
f 605 627 606
f 606 627 628
f 606 628 607
f 607 628 629
f 607 629 608
f 608 629 610
f 608 610 589
f 610 631 632
f 610 632 611
f 611 632 633
f 611 633 612
f 612 633 634
f 612 634 613
f 613 634 635
f 613 635 614
f 614 635 636
f 614 636 615
f 615 636 637
f 615 637 616
f 616 637 638
f 616 638 617
f 617 638 639
f 617 639 618
f 618 639 640
f 618 640 619
f 619 640 641
f 619 641 620
f 620 641 642
f 620 642 621
f 621 642 643
f 621 643 622
f 622 643 644
f 622 644 623
f 623 644 645
f 623 645 624
f 624 645 646
f 624 646 625
f 625 646 647
f 625 647 626
f 626 647 648
f 626 648 627
f 627 648 649
f 627 649 628
f 628 649 650
f 628 650 629
f 629 650 631
f 629 631 610
f 631 652 653
f 631 653 632
f 632 653 654
f 632 654 633
f 633 654 655
f 633 655 634
f 634 655 656
f 634 656 635
f 635 656 657
f 635 657 636
f 636 657 658
f 636 658 637
f 637 658 659
f 637 659 638
f 638 659 660
f 638 660 639
f 639 660 661
f 639 661 640
f 640 661 662
f 640 662 641
f 641 662 663
f 641 663 642
f 642 663 664
f 642 664 643
f 643 664 665
f 643 665 644
f 644 665 666
f 644 666 645
f 645 666 667
f 645 667 646
f 646 667 668
f 646 668 647
f 647 668 669
f 647 669 648
f 648 669 670
f 648 670 649
f 649 670 671
f 649 671 650
f 650 671 652
f 650 652 631
f 652 673 674
f 652 674 653
f 653 674 675
f 653 675 654
f 654 675 676
f 654 676 655
f 655 676 677
f 655 677 656
f 656 677 678
f 656 678 657
f 657 678 679
f 657 679 658
f 658 679 680
f 658 680 659
f 659 680 681
f 659 681 660
f 660 681 682
f 660 682 661
f 661 682 683
f 661 683 662
f 662 683 684
f 662 684 663
f 663 684 685
f 663 685 664
f 664 685 686
f 664 686 665
f 665 686 687
f 665 687 666
f 666 687 688
f 666 688 667
f 667 688 689
f 667 689 668
f 668 689 690
f 668 690 669
f 669 690 691
f 669 691 670
f 670 691 692
f 670 692 671
f 671 692 673
f 671 673 652
f 673 694 695
f 673 695 674
f 674 695 696
f 674 696 675
f 675 696 697
f 675 697 676
f 676 697 698
f 676 698 677
f 677 698 699
f 677 699 678
f 678 699 700
f 678 700 679
f 679 700 701
f 679 701 680
f 680 701 702
f 680 702 681
f 681 702 703
f 681 703 682
f 682 703 704
f 682 704 683
f 683 704 705
f 683 705 684
f 684 705 706
f 684 706 685
f 685 706 707
f 685 707 686
f 686 707 708
f 686 708 687
f 687 708 709
f 687 709 688
f 688 709 710
f 688 710 689
f 689 710 711
f 689 711 690
f 690 711 712
f 690 712 691
f 691 712 713
f 691 713 692
f 692 713 694
f 692 694 673
f 694 715 716
f 694 716 695
f 695 716 717
f 695 717 696
f 696 717 718
f 696 718 697
f 697 718 719
f 697 719 698
f 698 719 720
f 698 720 699
f 699 720 721
f 699 721 700
f 700 721 722
f 700 722 701
f 701 722 723
f 701 723 702
f 702 723 724
f 702 724 703
f 703 724 725
f 703 725 704
f 704 725 726
f 704 726 705
f 705 726 727
f 705 727 706
f 706 727 728
f 706 728 707
f 707 728 729
f 707 729 708
f 708 729 730
f 708 730 709
f 709 730 731
f 709 731 710
f 710 731 732
f 710 732 711
f 711 732 733
f 711 733 712
f 712 733 734
f 712 734 713
f 713 734 715
f 713 715 694
f 715 736 737
f 715 737 716
f 716 737 738
f 716 738 717
f 717 738 739
f 717 739 718
f 718 739 740
f 718 740 719
f 719 740 741
f 719 741 720
f 720 741 742
f 720 742 721
f 721 742 743
f 721 743 722
f 722 743 744
f 722 744 723
f 723 744 745
f 723 745 724
f 724 745 746
f 724 746 725
f 725 746 747
f 725 747 726
f 726 747 748
f 726 748 727
f 727 748 749
f 727 749 728
f 728 749 750
f 728 750 729
f 729 750 751
f 729 751 730
f 730 751 752
f 730 752 731
f 731 752 753
f 731 753 732
f 732 753 754
f 732 754 733
f 733 754 755
f 733 755 734
f 734 755 736
f 734 736 715
f 736 757 758
f 736 758 737
f 737 758 759
f 737 759 738
f 738 759 760
f 738 760 739
f 739 760 761
f 739 761 740
f 740 761 762
f 740 762 741
f 741 762 763
f 741 763 742
f 742 763 764
f 742 764 743
f 743 764 765
f 743 765 744
f 744 765 766
f 744 766 745
f 745 766 767
f 745 767 746
f 746 767 768
f 746 768 747
f 747 768 769
f 747 769 748
f 748 769 770
f 748 770 749
f 749 770 771
f 749 771 750
f 750 771 772
f 750 772 751
f 751 772 773
f 751 773 752
f 752 773 774
f 752 774 753
f 753 774 775
f 753 775 754
f 754 775 776
f 754 776 755
f 755 776 757
f 755 757 736
f 757 778 779
f 757 779 758
f 758 779 780
f 758 780 759
f 759 780 781
f 759 781 760
f 760 781 782
f 760 782 761
f 761 782 783
f 761 783 762
f 762 783 784
f 762 784 763
f 763 784 785
f 763 785 764
f 764 785 786
f 764 786 765
f 765 786 787
f 765 787 766
f 766 787 788
f 766 788 767
f 767 788 789
f 767 789 768
f 768 789 790
f 768 790 769
f 769 790 791
f 769 791 770
f 770 791 792
f 770 792 771
f 771 792 793
f 771 793 772
f 772 793 794
f 772 794 773
f 773 794 795
f 773 795 774
f 774 795 796
f 774 796 775
f 775 796 797
f 775 797 776
f 776 797 778
f 776 778 757
f 778 799 800
f 778 800 779
f 779 800 801
f 779 801 780
f 780 801 802
f 780 802 781
f 781 802 803
f 781 803 782
f 782 803 804
f 782 804 783
f 783 804 805
f 783 805 784
f 784 805 806
f 784 806 785
f 785 806 807
f 785 807 786
f 786 807 808
f 786 808 787
f 787 808 809
f 787 809 788
f 788 809 810
f 788 810 789
f 789 810 811
f 789 811 790
f 790 811 812
f 790 812 791
f 791 812 813
f 791 813 792
f 792 813 814
f 792 814 793
f 793 814 815
f 793 815 794
f 794 815 816
f 794 816 795
f 795 816 817
f 795 817 796
f 796 817 818
f 796 818 797
f 797 818 799
f 797 799 778
f 799 820 821
f 799 821 800
f 800 821 822
f 800 822 801
f 801 822 823
f 801 823 802
f 802 823 824
f 802 824 803
f 803 824 825
f 803 825 804
f 804 825 826
f 804 826 805
f 805 826 827
f 805 827 806
f 806 827 828
f 806 828 807
f 807 828 829
f 807 829 808
f 808 829 830
f 808 830 809
f 809 830 831
f 809 831 810
f 810 831 832
f 810 832 811
f 811 832 833
f 811 833 812
f 812 833 834
f 812 834 813
f 813 834 835
f 813 835 814
f 814 835 836
f 814 836 815
f 815 836 837
f 815 837 816
f 816 837 838
f 816 838 817
f 817 838 839
f 817 839 818
f 818 839 820
f 818 820 799
f 820 841 842
f 820 842 821
f 821 842 843
f 821 843 822
f 822 843 844
f 822 844 823
f 823 844 845
f 823 845 824
f 824 845 846
f 824 846 825
f 825 846 847
f 825 847 826
f 826 847 848
f 826 848 827
f 827 848 849
f 827 849 828
f 828 849 850
f 828 850 829
f 829 850 851
f 829 851 830
f 830 851 852
f 830 852 831
f 831 852 853
f 831 853 832
f 832 853 854
f 832 854 833
f 833 854 855
f 833 855 834
f 834 855 856
f 834 856 835
f 835 856 857
f 835 857 836
f 836 857 858
f 836 858 837
f 837 858 859
f 837 859 838
f 838 859 860
f 838 860 839
f 839 860 841
f 839 841 820
f 841 862 863
f 841 863 842
f 842 863 864
f 842 864 843
f 843 864 865
f 843 865 844
f 844 865 866
f 844 866 845
f 845 866 867
f 845 867 846
f 846 867 868
f 846 868 847
f 847 868 869
f 847 869 848
f 848 869 870
f 848 870 849
f 849 870 871
f 849 871 850
f 850 871 872
f 850 872 851
f 851 872 873
f 851 873 852
f 852 873 874
f 852 874 853
f 853 874 875
f 853 875 854
f 854 875 876
f 854 876 855
f 855 876 877
f 855 877 856
f 856 877 878
f 856 878 857
f 857 878 879
f 857 879 858
f 858 879 880
f 858 880 859
f 859 880 881
f 859 881 860
f 860 881 862
f 860 862 841
f 862 883 884
f 862 884 863
f 863 884 885
f 863 885 864
f 864 885 886
f 864 886 865
f 865 886 887
f 865 887 866
f 866 887 888
f 866 888 867
f 867 888 889
f 867 889 868
f 868 889 890
f 868 890 869
f 869 890 891
f 869 891 870
f 870 891 892
f 870 892 871
f 871 892 893
f 871 893 872
f 872 893 894
f 872 894 873
f 873 894 895
f 873 895 874
f 874 895 896
f 874 896 875
f 875 896 897
f 875 897 876
f 876 897 898
f 876 898 877
f 877 898 899
f 877 899 878
f 878 899 900
f 878 900 879
f 879 900 901
f 879 901 880
f 880 901 902
f 880 902 881
f 881 902 883
f 881 883 862
f 883 904 905
f 883 905 884
f 884 905 906
f 884 906 885
f 885 906 907
f 885 907 886
f 886 907 908
f 886 908 887
f 887 908 909
f 887 909 888
f 888 909 910
f 888 910 889
f 889 910 911
f 889 911 890
f 890 911 912
f 890 912 891
f 891 912 913
f 891 913 892
f 892 913 914
f 892 914 893
f 893 914 915
f 893 915 894
f 894 915 916
f 894 916 895
f 895 916 917
f 895 917 896
f 896 917 918
f 896 918 897
f 897 918 919
f 897 919 898
f 898 919 920
f 898 920 899
f 899 920 921
f 899 921 900
f 900 921 922
f 900 922 901
f 901 922 923
f 901 923 902
f 902 923 904
f 902 904 883
f 904 925 926
f 904 926 905
f 905 926 927
f 905 927 906
f 906 927 928
f 906 928 907
f 907 928 929
f 907 929 908
f 908 929 930
f 908 930 909
f 909 930 931
f 909 931 910
f 910 931 932
f 910 932 911
f 911 932 933
f 911 933 912
f 912 933 934
f 912 934 913
f 913 934 935
f 913 935 914
f 914 935 936
f 914 936 915
f 915 936 937
f 915 937 916
f 916 937 938
f 916 938 917
f 917 938 939
f 917 939 918
f 918 939 940
f 918 940 919
f 919 940 941
f 919 941 920
f 920 941 942
f 920 942 921
f 921 942 943
f 921 943 922
f 922 943 944
f 922 944 923
f 923 944 925
f 923 925 904
f 925 946 947
f 925 947 926
f 926 947 948
f 926 948 927
f 927 948 949
f 927 949 928
f 928 949 950
f 928 950 929
f 929 950 951
f 929 951 930
f 930 951 952
f 930 952 931
f 931 952 953
f 931 953 932
f 932 953 954
f 932 954 933
f 933 954 955
f 933 955 934
f 934 955 956
f 934 956 935
f 935 956 957
f 935 957 936
f 936 957 958
f 936 958 937
f 937 958 959
f 937 959 938
f 938 959 960
f 938 960 939
f 939 960 961
f 939 961 940
f 940 961 962
f 940 962 941
f 941 962 963
f 941 963 942
f 942 963 964
f 942 964 943
f 943 964 965
f 943 965 944
f 944 965 946
f 944 946 925
f 946 967 968
f 946 968 947
f 947 968 969
f 947 969 948
f 948 969 970
f 948 970 949
f 949 970 971
f 949 971 950
f 950 971 972
f 950 972 951
f 951 972 973
f 951 973 952
f 952 973 974
f 952 974 953
f 953 974 975
f 953 975 954
f 954 975 976
f 954 976 955
f 955 976 977
f 955 977 956
f 956 977 978
f 956 978 957
f 957 978 979
f 957 979 958
f 958 979 980
f 958 980 959
f 959 980 981
f 959 981 960
f 960 981 982
f 960 982 961
f 961 982 983
f 961 983 962
f 962 983 984
f 962 984 963
f 963 984 985
f 963 985 964
f 964 985 986
f 964 986 965
f 965 986 967
f 965 967 946
f 967 988 989
f 967 989 968
f 968 989 990
f 968 990 969
f 969 990 991
f 969 991 970
f 970 991 992
f 970 992 971
f 971 992 993
f 971 993 972
f 972 993 994
f 972 994 973
f 973 994 995
f 973 995 974
f 974 995 996
f 974 996 975
f 975 996 997
f 975 997 976
f 976 997 998
f 976 998 977
f 977 998 999
f 977 999 978
f 978 999 1000
f 978 1000 979
f 979 1000 1001
f 979 1001 980
f 980 1001 1002
f 980 1002 981
f 981 1002 1003
f 981 1003 982
f 982 1003 1004
f 982 1004 983
f 983 1004 1005
f 983 1005 984
f 984 1005 1006
f 984 1006 985
f 985 1006 1007
f 985 1007 986
f 986 1007 988
f 986 988 967
f 988 1009 1010
f 988 1010 989
f 989 1010 1011
f 989 1011 990
f 990 1011 1012
f 990 1012 991
f 991 1012 1013
f 991 1013 992
f 992 1013 1014
f 992 1014 993
f 993 1014 1015
f 993 1015 994
f 994 1015 1016
f 994 1016 995
f 995 1016 1017
f 995 1017 996
f 996 1017 1018
f 996 1018 997
f 997 1018 1019
f 997 1019 998
f 998 1019 1020
f 998 1020 999
f 999 1020 1021
f 999 1021 1000
f 1000 1021 1022
f 1000 1022 1001
f 1001 1022 1023
f 1001 1023 1002
f 1002 1023 1024
f 1002 1024 1003
f 1003 1024 1025
f 1003 1025 1004
f 1004 1025 1026
f 1004 1026 1005
f 1005 1026 1027
f 1005 1027 1006
f 1006 1027 1028
f 1006 1028 1007
f 1007 1028 1009
f 1007 1009 988
f 1009 1030 1031
f 1009 1031 1010
f 1010 1031 1032
f 1010 1032 1011
f 1011 1032 1033
f 1011 1033 1012
f 1012 1033 1034
f 1012 1034 1013
f 1013 1034 1035
f 1013 1035 1014
f 1014 1035 1036
f 1014 1036 1015
f 1015 1036 1037
f 1015 1037 1016
f 1016 1037 1038
f 1016 1038 1017
f 1017 1038 1039
f 1017 1039 1018
f 1018 1039 1040
f 1018 1040 1019
f 1019 1040 1041
f 1019 1041 1020
f 1020 1041 1042
f 1020 1042 1021
f 1021 1042 1043
f 1021 1043 1022
f 1022 1043 1044
f 1022 1044 1023
f 1023 1044 1045
f 1023 1045 1024
f 1024 1045 1046
f 1024 1046 1025
f 1025 1046 1047
f 1025 1047 1026
f 1026 1047 1048
f 1026 1048 1027
f 1027 1048 1049
f 1027 1049 1028
f 1028 1049 1030
f 1028 1030 1009
f 1030 1051 1052
f 1030 1052 1031
f 1031 1052 1053
f 1031 1053 1032
f 1032 1053 1054
f 1032 1054 1033
f 1033 1054 1055
f 1033 1055 1034
f 1034 1055 1056
f 1034 1056 1035
f 1035 1056 1057
f 1035 1057 1036
f 1036 1057 1058
f 1036 1058 1037
f 1037 1058 1059
f 1037 1059 1038
f 1038 1059 1060
f 1038 1060 1039
f 1039 1060 1061
f 1039 1061 1040
f 1040 1061 1062
f 1040 1062 1041
f 1041 1062 1063
f 1041 1063 1042
f 1042 1063 1064
f 1042 1064 1043
f 1043 1064 1065
f 1043 1065 1044
f 1044 1065 1066
f 1044 1066 1045
f 1045 1066 1067
f 1045 1067 1046
f 1046 1067 1068
f 1046 1068 1047
f 1047 1068 1069
f 1047 1069 1048
f 1048 1069 1070
f 1048 1070 1049
f 1049 1070 1051
f 1049 1051 1030
f 1051 1072 1073
f 1051 1073 1052
f 1052 1073 1074
f 1052 1074 1053
f 1053 1074 1075
f 1053 1075 1054
f 1054 1075 1076
f 1054 1076 1055
f 1055 1076 1077
f 1055 1077 1056
f 1056 1077 1078
f 1056 1078 1057
f 1057 1078 1079
f 1057 1079 1058
f 1058 1079 1080
f 1058 1080 1059
f 1059 1080 1081
f 1059 1081 1060
f 1060 1081 1082
f 1060 1082 1061
f 1061 1082 1083
f 1061 1083 1062
f 1062 1083 1084
f 1062 1084 1063
f 1063 1084 1085
f 1063 1085 1064
f 1064 1085 1086
f 1064 1086 1065
f 1065 1086 1087
f 1065 1087 1066
f 1066 1087 1088
f 1066 1088 1067
f 1067 1088 1089
f 1067 1089 1068
f 1068 1089 1090
f 1068 1090 1069
f 1069 1090 1091
f 1069 1091 1070
f 1070 1091 1072
f 1070 1072 1051
f 1072 1093 1094
f 1072 1094 1073
f 1073 1094 1095
f 1073 1095 1074
f 1074 1095 1096
f 1074 1096 1075
f 1075 1096 1097
f 1075 1097 1076
f 1076 1097 1098
f 1076 1098 1077
f 1077 1098 1099
f 1077 1099 1078
f 1078 1099 1100
f 1078 1100 1079
f 1079 1100 1101
f 1079 1101 1080
f 1080 1101 1102
f 1080 1102 1081
f 1081 1102 1103
f 1081 1103 1082
f 1082 1103 1104
f 1082 1104 1083
f 1083 1104 1105
f 1083 1105 1084
f 1084 1105 1106
f 1084 1106 1085
f 1085 1106 1107
f 1085 1107 1086
f 1086 1107 1108
f 1086 1108 1087
f 1087 1108 1109
f 1087 1109 1088
f 1088 1109 1110
f 1088 1110 1089
f 1089 1110 1111
f 1089 1111 1090
f 1090 1111 1112
f 1090 1112 1091
f 1091 1112 1093
f 1091 1093 1072
f 1093 1114 1115
f 1093 1115 1094
f 1094 1115 1116
f 1094 1116 1095
f 1095 1116 1117
f 1095 1117 1096
f 1096 1117 1118
f 1096 1118 1097
f 1097 1118 1119
f 1097 1119 1098
f 1098 1119 1120
f 1098 1120 1099
f 1099 1120 1121
f 1099 1121 1100
f 1100 1121 1122
f 1100 1122 1101
f 1101 1122 1123
f 1101 1123 1102
f 1102 1123 1124
f 1102 1124 1103
f 1103 1124 1125
f 1103 1125 1104
f 1104 1125 1126
f 1104 1126 1105
f 1105 1126 1127
f 1105 1127 1106
f 1106 1127 1128
f 1106 1128 1107
f 1107 1128 1129
f 1107 1129 1108
f 1108 1129 1130
f 1108 1130 1109
f 1109 1130 1131
f 1109 1131 1110
f 1110 1131 1132
f 1110 1132 1111
f 1111 1132 1133
f 1111 1133 1112
f 1112 1133 1114
f 1112 1114 1093
f 1114 1135 1136
f 1114 1136 1115
f 1115 1136 1137
f 1115 1137 1116
f 1116 1137 1138
f 1116 1138 1117
f 1117 1138 1139
f 1117 1139 1118
f 1118 1139 1140
f 1118 1140 1119
f 1119 1140 1141
f 1119 1141 1120
f 1120 1141 1142
f 1120 1142 1121
f 1121 1142 1143
f 1121 1143 1122
f 1122 1143 1144
f 1122 1144 1123
f 1123 1144 1145
f 1123 1145 1124
f 1124 1145 1146
f 1124 1146 1125
f 1125 1146 1147
f 1125 1147 1126
f 1126 1147 1148
f 1126 1148 1127
f 1127 1148 1149
f 1127 1149 1128
f 1128 1149 1150
f 1128 1150 1129
f 1129 1150 1151
f 1129 1151 1130
f 1130 1151 1152
f 1130 1152 1131
f 1131 1152 1153
f 1131 1153 1132
f 1132 1153 1154
f 1132 1154 1133
f 1133 1154 1135
f 1133 1135 1114
f 1135 1156 1157
f 1135 1157 1136
f 1136 1157 1158
f 1136 1158 1137
f 1137 1158 1159
f 1137 1159 1138
f 1138 1159 1160
f 1138 1160 1139
f 1139 1160 1161
f 1139 1161 1140
f 1140 1161 1162
f 1140 1162 1141
f 1141 1162 1163
f 1141 1163 1142
f 1142 1163 1164
f 1142 1164 1143
f 1143 1164 1165
f 1143 1165 1144
f 1144 1165 1166
f 1144 1166 1145
f 1145 1166 1167
f 1145 1167 1146
f 1146 1167 1168
f 1146 1168 1147
f 1147 1168 1169
f 1147 1169 1148
f 1148 1169 1170
f 1148 1170 1149
f 1149 1170 1171
f 1149 1171 1150
f 1150 1171 1172
f 1150 1172 1151
f 1151 1172 1173
f 1151 1173 1152
f 1152 1173 1174
f 1152 1174 1153
f 1153 1174 1175
f 1153 1175 1154
f 1154 1175 1156
f 1154 1156 1135
f 1156 1177 1178
f 1156 1178 1157
f 1157 1178 1179
f 1157 1179 1158
f 1158 1179 1180
f 1158 1180 1159
f 1159 1180 1181
f 1159 1181 1160
f 1160 1181 1182
f 1160 1182 1161
f 1161 1182 1183
f 1161 1183 1162
f 1162 1183 1184
f 1162 1184 1163
f 1163 1184 1185
f 1163 1185 1164
f 1164 1185 1186
f 1164 1186 1165
f 1165 1186 1187
f 1165 1187 1166
f 1166 1187 1188
f 1166 1188 1167
f 1167 1188 1189
f 1167 1189 1168
f 1168 1189 1190
f 1168 1190 1169
f 1169 1190 1191
f 1169 1191 1170
f 1170 1191 1192
f 1170 1192 1171
f 1171 1192 1193
f 1171 1193 1172
f 1172 1193 1194
f 1172 1194 1173
f 1173 1194 1195
f 1173 1195 1174
f 1174 1195 1196
f 1174 1196 1175
f 1175 1196 1177
f 1175 1177 1156
f 1177 1198 1199
f 1177 1199 1178
f 1178 1199 1200
f 1178 1200 1179
f 1179 1200 1201
f 1179 1201 1180
f 1180 1201 1202
f 1180 1202 1181
f 1181 1202 1203
f 1181 1203 1182
f 1182 1203 1204
f 1182 1204 1183
f 1183 1204 1205
f 1183 1205 1184
f 1184 1205 1206
f 1184 1206 1185
f 1185 1206 1207
f 1185 1207 1186
f 1186 1207 1208
f 1186 1208 1187
f 1187 1208 1209
f 1187 1209 1188
f 1188 1209 1210
f 1188 1210 1189
f 1189 1210 1211
f 1189 1211 1190
f 1190 1211 1212
f 1190 1212 1191
f 1191 1212 1213
f 1191 1213 1192
f 1192 1213 1214
f 1192 1214 1193
f 1193 1214 1215
f 1193 1215 1194
f 1194 1215 1216
f 1194 1216 1195
f 1195 1216 1217
f 1195 1217 1196
f 1196 1217 1198
f 1196 1198 1177
f 1198 1219 1220
f 1198 1220 1199
f 1199 1220 1221
f 1199 1221 1200
f 1200 1221 1222
f 1200 1222 1201
f 1201 1222 1223
f 1201 1223 1202
f 1202 1223 1224
f 1202 1224 1203
f 1203 1224 1225
f 1203 1225 1204
f 1204 1225 1226
f 1204 1226 1205
f 1205 1226 1227
f 1205 1227 1206
f 1206 1227 1228
f 1206 1228 1207
f 1207 1228 1229
f 1207 1229 1208
f 1208 1229 1230
f 1208 1230 1209
f 1209 1230 1231
f 1209 1231 1210
f 1210 1231 1232
f 1210 1232 1211
f 1211 1232 1233
f 1211 1233 1212
f 1212 1233 1234
f 1212 1234 1213
f 1213 1234 1235
f 1213 1235 1214
f 1214 1235 1236
f 1214 1236 1215
f 1215 1236 1237
f 1215 1237 1216
f 1216 1237 1238
f 1216 1238 1217
f 1217 1238 1219
f 1217 1219 1198
f 1219 1240 1241
f 1219 1241 1220
f 1220 1241 1242
f 1220 1242 1221
f 1221 1242 1243
f 1221 1243 1222
f 1222 1243 1244
f 1222 1244 1223
f 1223 1244 1245
f 1223 1245 1224
f 1224 1245 1246
f 1224 1246 1225
f 1225 1246 1247
f 1225 1247 1226
f 1226 1247 1248
f 1226 1248 1227
f 1227 1248 1249
f 1227 1249 1228
f 1228 1249 1250
f 1228 1250 1229
f 1229 1250 1251
f 1229 1251 1230
f 1230 1251 1252
f 1230 1252 1231
f 1231 1252 1253
f 1231 1253 1232
f 1232 1253 1254
f 1232 1254 1233
f 1233 1254 1255
f 1233 1255 1234
f 1234 1255 1256
f 1234 1256 1235
f 1235 1256 1257
f 1235 1257 1236
f 1236 1257 1258
f 1236 1258 1237
f 1237 1258 1259
f 1237 1259 1238
f 1238 1259 1240
f 1238 1240 1219
f 1240 1261 1262
f 1240 1262 1241
f 1241 1262 1263
f 1241 1263 1242
f 1242 1263 1264
f 1242 1264 1243
f 1243 1264 1265
f 1243 1265 1244
f 1244 1265 1266
f 1244 1266 1245
f 1245 1266 1267
f 1245 1267 1246
f 1246 1267 1268
f 1246 1268 1247
f 1247 1268 1269
f 1247 1269 1248
f 1248 1269 1270
f 1248 1270 1249
f 1249 1270 1271
f 1249 1271 1250
f 1250 1271 1272
f 1250 1272 1251
f 1251 1272 1273
f 1251 1273 1252
f 1252 1273 1274
f 1252 1274 1253
f 1253 1274 1275
f 1253 1275 1254
f 1254 1275 1276
f 1254 1276 1255
f 1255 1276 1277
f 1255 1277 1256
f 1256 1277 1278
f 1256 1278 1257
f 1257 1278 1279
f 1257 1279 1258
f 1258 1279 1280
f 1258 1280 1259
f 1259 1280 1261
f 1259 1261 1240
f 1261 1282 1283
f 1261 1283 1262
f 1262 1283 1284
f 1262 1284 1263
f 1263 1284 1285
f 1263 1285 1264
f 1264 1285 1286
f 1264 1286 1265
f 1265 1286 1287
f 1265 1287 1266
f 1266 1287 1288
f 1266 1288 1267
f 1267 1288 1289
f 1267 1289 1268
f 1268 1289 1290
f 1268 1290 1269
f 1269 1290 1291
f 1269 1291 1270
f 1270 1291 1292
f 1270 1292 1271
f 1271 1292 1293
f 1271 1293 1272
f 1272 1293 1294
f 1272 1294 1273
f 1273 1294 1295
f 1273 1295 1274
f 1274 1295 1296
f 1274 1296 1275
f 1275 1296 1297
f 1275 1297 1276
f 1276 1297 1298
f 1276 1298 1277
f 1277 1298 1299
f 1277 1299 1278
f 1278 1299 1300
f 1278 1300 1279
f 1279 1300 1301
f 1279 1301 1280
f 1280 1301 1282
f 1280 1282 1261
f 1282 1303 1304
f 1282 1304 1283
f 1283 1304 1305
f 1283 1305 1284
f 1284 1305 1306
f 1284 1306 1285
f 1285 1306 1307
f 1285 1307 1286
f 1286 1307 1308
f 1286 1308 1287
f 1287 1308 1309
f 1287 1309 1288
f 1288 1309 1310
f 1288 1310 1289
f 1289 1310 1311
f 1289 1311 1290
f 1290 1311 1312
f 1290 1312 1291
f 1291 1312 1313
f 1291 1313 1292
f 1292 1313 1314
f 1292 1314 1293
f 1293 1314 1315
f 1293 1315 1294
f 1294 1315 1316
f 1294 1316 1295
f 1295 1316 1317
f 1295 1317 1296
f 1296 1317 1318
f 1296 1318 1297
f 1297 1318 1319
f 1297 1319 1298
f 1298 1319 1320
f 1298 1320 1299
f 1299 1320 1321
f 1299 1321 1300
f 1300 1321 1322
f 1300 1322 1301
f 1301 1322 1303
f 1301 1303 1282
f 1303 1324 1325
f 1303 1325 1304
f 1304 1325 1326
f 1304 1326 1305
f 1305 1326 1327
f 1305 1327 1306
f 1306 1327 1328
f 1306 1328 1307
f 1307 1328 1329
f 1307 1329 1308
f 1308 1329 1330
f 1308 1330 1309
f 1309 1330 1331
f 1309 1331 1310
f 1310 1331 1332
f 1310 1332 1311
f 1311 1332 1333
f 1311 1333 1312
f 1312 1333 1334
f 1312 1334 1313
f 1313 1334 1335
f 1313 1335 1314
f 1314 1335 1336
f 1314 1336 1315
f 1315 1336 1337
f 1315 1337 1316
f 1316 1337 1338
f 1316 1338 1317
f 1317 1338 1339
f 1317 1339 1318
f 1318 1339 1340
f 1318 1340 1319
f 1319 1340 1341
f 1319 1341 1320
f 1320 1341 1342
f 1320 1342 1321
f 1321 1342 1343
f 1321 1343 1322
f 1322 1343 1324
f 1322 1324 1303
f 1324 1345 1346
f 1324 1346 1325
f 1325 1346 1347
f 1325 1347 1326
f 1326 1347 1348
f 1326 1348 1327
f 1327 1348 1349
f 1327 1349 1328
f 1328 1349 1350
f 1328 1350 1329
f 1329 1350 1351
f 1329 1351 1330
f 1330 1351 1352
f 1330 1352 1331
f 1331 1352 1353
f 1331 1353 1332
f 1332 1353 1354
f 1332 1354 1333
f 1333 1354 1355
f 1333 1355 1334
f 1334 1355 1356
f 1334 1356 1335
f 1335 1356 1357
f 1335 1357 1336
f 1336 1357 1358
f 1336 1358 1337
f 1337 1358 1359
f 1337 1359 1338
f 1338 1359 1360
f 1338 1360 1339
f 1339 1360 1361
f 1339 1361 1340
f 1340 1361 1362
f 1340 1362 1341
f 1341 1362 1363
f 1341 1363 1342
f 1342 1363 1364
f 1342 1364 1343
f 1343 1364 1345
f 1343 1345 1324
f 1345 1366 1367
f 1345 1367 1346
f 1346 1367 1368
f 1346 1368 1347
f 1347 1368 1369
f 1347 1369 1348
f 1348 1369 1370
f 1348 1370 1349
f 1349 1370 1371
f 1349 1371 1350
f 1350 1371 1372
f 1350 1372 1351
f 1351 1372 1373
f 1351 1373 1352
f 1352 1373 1374
f 1352 1374 1353
f 1353 1374 1375
f 1353 1375 1354
f 1354 1375 1376
f 1354 1376 1355
f 1355 1376 1377
f 1355 1377 1356
f 1356 1377 1378
f 1356 1378 1357
f 1357 1378 1379
f 1357 1379 1358
f 1358 1379 1380
f 1358 1380 1359
f 1359 1380 1381
f 1359 1381 1360
f 1360 1381 1382
f 1360 1382 1361
f 1361 1382 1383
f 1361 1383 1362
f 1362 1383 1384
f 1362 1384 1363
f 1363 1384 1385
f 1363 1385 1364
f 1364 1385 1366
f 1364 1366 1345
f 1366 1387 1388
f 1366 1388 1367
f 1367 1388 1389
f 1367 1389 1368
f 1368 1389 1390
f 1368 1390 1369
f 1369 1390 1391
f 1369 1391 1370
f 1370 1391 1392
f 1370 1392 1371
f 1371 1392 1393
f 1371 1393 1372
f 1372 1393 1394
f 1372 1394 1373
f 1373 1394 1395
f 1373 1395 1374
f 1374 1395 1396
f 1374 1396 1375
f 1375 1396 1397
f 1375 1397 1376
f 1376 1397 1398
f 1376 1398 1377
f 1377 1398 1399
f 1377 1399 1378
f 1378 1399 1400
f 1378 1400 1379
f 1379 1400 1401
f 1379 1401 1380
f 1380 1401 1402
f 1380 1402 1381
f 1381 1402 1403
f 1381 1403 1382
f 1382 1403 1404
f 1382 1404 1383
f 1383 1404 1405
f 1383 1405 1384
f 1384 1405 1406
f 1384 1406 1385
f 1385 1406 1387
f 1385 1387 1366
f 1387 1408 1409
f 1387 1409 1388
f 1388 1409 1410
f 1388 1410 1389
f 1389 1410 1411
f 1389 1411 1390
f 1390 1411 1412
f 1390 1412 1391
f 1391 1412 1413
f 1391 1413 1392
f 1392 1413 1414
f 1392 1414 1393
f 1393 1414 1415
f 1393 1415 1394
f 1394 1415 1416
f 1394 1416 1395
f 1395 1416 1417
f 1395 1417 1396
f 1396 1417 1418
f 1396 1418 1397
f 1397 1418 1419
f 1397 1419 1398
f 1398 1419 1420
f 1398 1420 1399
f 1399 1420 1421
f 1399 1421 1400
f 1400 1421 1422
f 1400 1422 1401
f 1401 1422 1423
f 1401 1423 1402
f 1402 1423 1424
f 1402 1424 1403
f 1403 1424 1425
f 1403 1425 1404
f 1404 1425 1426
f 1404 1426 1405
f 1405 1426 1427
f 1405 1427 1406
f 1406 1427 1408
f 1406 1408 1387
f 1408 1429 1430
f 1408 1430 1409
f 1409 1430 1431
f 1409 1431 1410
f 1410 1431 1432
f 1410 1432 1411
f 1411 1432 1433
f 1411 1433 1412
f 1412 1433 1434
f 1412 1434 1413
f 1413 1434 1435
f 1413 1435 1414
f 1414 1435 1436
f 1414 1436 1415
f 1415 1436 1437
f 1415 1437 1416
f 1416 1437 1438
f 1416 1438 1417
f 1417 1438 1439
f 1417 1439 1418
f 1418 1439 1440
f 1418 1440 1419
f 1419 1440 1441
f 1419 1441 1420
f 1420 1441 1442
f 1420 1442 1421
f 1421 1442 1443
f 1421 1443 1422
f 1422 1443 1444
f 1422 1444 1423
f 1423 1444 1445
f 1423 1445 1424
f 1424 1445 1446
f 1424 1446 1425
f 1425 1446 1447
f 1425 1447 1426
f 1426 1447 1448
f 1426 1448 1427
f 1427 1448 1429
f 1427 1429 1408
f 1429 1450 1451
f 1429 1451 1430
f 1430 1451 1452
f 1430 1452 1431
f 1431 1452 1453
f 1431 1453 1432
f 1432 1453 1454
f 1432 1454 1433
f 1433 1454 1455
f 1433 1455 1434
f 1434 1455 1456
f 1434 1456 1435
f 1435 1456 1457
f 1435 1457 1436
f 1436 1457 1458
f 1436 1458 1437
f 1437 1458 1459
f 1437 1459 1438
f 1438 1459 1460
f 1438 1460 1439
f 1439 1460 1461
f 1439 1461 1440
f 1440 1461 1462
f 1440 1462 1441
f 1441 1462 1463
f 1441 1463 1442
f 1442 1463 1464
f 1442 1464 1443
f 1443 1464 1465
f 1443 1465 1444
f 1444 1465 1466
f 1444 1466 1445
f 1445 1466 1467
f 1445 1467 1446
f 1446 1467 1468
f 1446 1468 1447
f 1447 1468 1469
f 1447 1469 1448
f 1448 1469 1450
f 1448 1450 1429
f 1450 1471 1472
f 1450 1472 1451
f 1451 1472 1473
f 1451 1473 1452
f 1452 1473 1474
f 1452 1474 1453
f 1453 1474 1475
f 1453 1475 1454
f 1454 1475 1476
f 1454 1476 1455
f 1455 1476 1477
f 1455 1477 1456
f 1456 1477 1478
f 1456 1478 1457
f 1457 1478 1479
f 1457 1479 1458
f 1458 1479 1480
f 1458 1480 1459
f 1459 1480 1481
f 1459 1481 1460
f 1460 1481 1482
f 1460 1482 1461
f 1461 1482 1483
f 1461 1483 1462
f 1462 1483 1484
f 1462 1484 1463
f 1463 1484 1485
f 1463 1485 1464
f 1464 1485 1486
f 1464 1486 1465
f 1465 1486 1487
f 1465 1487 1466
f 1466 1487 1488
f 1466 1488 1467
f 1467 1488 1489
f 1467 1489 1468
f 1468 1489 1490
f 1468 1490 1469
f 1469 1490 1471
f 1469 1471 1450
f 1471 1492 1493
f 1471 1493 1472
f 1472 1493 1494
f 1472 1494 1473
f 1473 1494 1495
f 1473 1495 1474
f 1474 1495 1496
f 1474 1496 1475
f 1475 1496 1497
f 1475 1497 1476
f 1476 1497 1498
f 1476 1498 1477
f 1477 1498 1499
f 1477 1499 1478
f 1478 1499 1500
f 1478 1500 1479
f 1479 1500 1501
f 1479 1501 1480
f 1480 1501 1502
f 1480 1502 1481
f 1481 1502 1503
f 1481 1503 1482
f 1482 1503 1504
f 1482 1504 1483
f 1483 1504 1505
f 1483 1505 1484
f 1484 1505 1506
f 1484 1506 1485
f 1485 1506 1507
f 1485 1507 1486
f 1486 1507 1508
f 1486 1508 1487
f 1487 1508 1509
f 1487 1509 1488
f 1488 1509 1510
f 1488 1510 1489
f 1489 1510 1511
f 1489 1511 1490
f 1490 1511 1492
f 1490 1492 1471
f 1492 1513 1514
f 1492 1514 1493
f 1493 1514 1515
f 1493 1515 1494
f 1494 1515 1516
f 1494 1516 1495
f 1495 1516 1517
f 1495 1517 1496
f 1496 1517 1518
f 1496 1518 1497
f 1497 1518 1519
f 1497 1519 1498
f 1498 1519 1520
f 1498 1520 1499
f 1499 1520 1521
f 1499 1521 1500
f 1500 1521 1522
f 1500 1522 1501
f 1501 1522 1523
f 1501 1523 1502
f 1502 1523 1524
f 1502 1524 1503
f 1503 1524 1525
f 1503 1525 1504
f 1504 1525 1526
f 1504 1526 1505
f 1505 1526 1527
f 1505 1527 1506
f 1506 1527 1528
f 1506 1528 1507
f 1507 1528 1529
f 1507 1529 1508
f 1508 1529 1530
f 1508 1530 1509
f 1509 1530 1531
f 1509 1531 1510
f 1510 1531 1532
f 1510 1532 1511
f 1511 1532 1513
f 1511 1513 1492
f 1513 1534 1535
f 1513 1535 1514
f 1514 1535 1536
f 1514 1536 1515
f 1515 1536 1537
f 1515 1537 1516
f 1516 1537 1538
f 1516 1538 1517
f 1517 1538 1539
f 1517 1539 1518
f 1518 1539 1540
f 1518 1540 1519
f 1519 1540 1541
f 1519 1541 1520
f 1520 1541 1542
f 1520 1542 1521
f 1521 1542 1543
f 1521 1543 1522
f 1522 1543 1544
f 1522 1544 1523
f 1523 1544 1545
f 1523 1545 1524
f 1524 1545 1546
f 1524 1546 1525
f 1525 1546 1547
f 1525 1547 1526
f 1526 1547 1548
f 1526 1548 1527
f 1527 1548 1549
f 1527 1549 1528
f 1528 1549 1550
f 1528 1550 1529
f 1529 1550 1551
f 1529 1551 1530
f 1530 1551 1552
f 1530 1552 1531
f 1531 1552 1553
f 1531 1553 1532
f 1532 1553 1534
f 1532 1534 1513
f 1534 1555 1556
f 1534 1556 1535
f 1535 1556 1557
f 1535 1557 1536
f 1536 1557 1558
f 1536 1558 1537
f 1537 1558 1559
f 1537 1559 1538
f 1538 1559 1560
f 1538 1560 1539
f 1539 1560 1561
f 1539 1561 1540
f 1540 1561 1562
f 1540 1562 1541
f 1541 1562 1563
f 1541 1563 1542
f 1542 1563 1564
f 1542 1564 1543
f 1543 1564 1565
f 1543 1565 1544
f 1544 1565 1566
f 1544 1566 1545
f 1545 1566 1567
f 1545 1567 1546
f 1546 1567 1568
f 1546 1568 1547
f 1547 1568 1569
f 1547 1569 1548
f 1548 1569 1570
f 1548 1570 1549
f 1549 1570 1571
f 1549 1571 1550
f 1550 1571 1572
f 1550 1572 1551
f 1551 1572 1573
f 1551 1573 1552
f 1552 1573 1574
f 1552 1574 1553
f 1553 1574 1555
f 1553 1555 1534
f 1555 1576 1577
f 1555 1577 1556
f 1556 1577 1578
f 1556 1578 1557
f 1557 1578 1579
f 1557 1579 1558
f 1558 1579 1580
f 1558 1580 1559
f 1559 1580 1581
f 1559 1581 1560
f 1560 1581 1582
f 1560 1582 1561
f 1561 1582 1583
f 1561 1583 1562
f 1562 1583 1584
f 1562 1584 1563
f 1563 1584 1585
f 1563 1585 1564
f 1564 1585 1586
f 1564 1586 1565
f 1565 1586 1587
f 1565 1587 1566
f 1566 1587 1588
f 1566 1588 1567
f 1567 1588 1589
f 1567 1589 1568
f 1568 1589 1590
f 1568 1590 1569
f 1569 1590 1591
f 1569 1591 1570
f 1570 1591 1592
f 1570 1592 1571
f 1571 1592 1593
f 1571 1593 1572
f 1572 1593 1594
f 1572 1594 1573
f 1573 1594 1595
f 1573 1595 1574
f 1574 1595 1576
f 1574 1576 1555
f 1576 1597 1598
f 1576 1598 1577
f 1577 1598 1599
f 1577 1599 1578
f 1578 1599 1600
f 1578 1600 1579
f 1579 1600 1601
f 1579 1601 1580
f 1580 1601 1602
f 1580 1602 1581
f 1581 1602 1603
f 1581 1603 1582
f 1582 1603 1604
f 1582 1604 1583
f 1583 1604 1605
f 1583 1605 1584
f 1584 1605 1606
f 1584 1606 1585
f 1585 1606 1607
f 1585 1607 1586
f 1586 1607 1608
f 1586 1608 1587
f 1587 1608 1609
f 1587 1609 1588
f 1588 1609 1610
f 1588 1610 1589
f 1589 1610 1611
f 1589 1611 1590
f 1590 1611 1612
f 1590 1612 1591
f 1591 1612 1613
f 1591 1613 1592
f 1592 1613 1614
f 1592 1614 1593
f 1593 1614 1615
f 1593 1615 1594
f 1594 1615 1616
f 1594 1616 1595
f 1595 1616 1597
f 1595 1597 1576
f 1597 1618 1619
f 1597 1619 1598
f 1598 1619 1620
f 1598 1620 1599
f 1599 1620 1621
f 1599 1621 1600
f 1600 1621 1622
f 1600 1622 1601
f 1601 1622 1623
f 1601 1623 1602
f 1602 1623 1624
f 1602 1624 1603
f 1603 1624 1625
f 1603 1625 1604
f 1604 1625 1626
f 1604 1626 1605
f 1605 1626 1627
f 1605 1627 1606
f 1606 1627 1628
f 1606 1628 1607
f 1607 1628 1629
f 1607 1629 1608
f 1608 1629 1630
f 1608 1630 1609
f 1609 1630 1631
f 1609 1631 1610
f 1610 1631 1632
f 1610 1632 1611
f 1611 1632 1633
f 1611 1633 1612
f 1612 1633 1634
f 1612 1634 1613
f 1613 1634 1635
f 1613 1635 1614
f 1614 1635 1636
f 1614 1636 1615
f 1615 1636 1637
f 1615 1637 1616
f 1616 1637 1618
f 1616 1618 1597
f 1618 1639 1640
f 1618 1640 1619
f 1619 1640 1641
f 1619 1641 1620
f 1620 1641 1642
f 1620 1642 1621
f 1621 1642 1643
f 1621 1643 1622
f 1622 1643 1644
f 1622 1644 1623
f 1623 1644 1645
f 1623 1645 1624
f 1624 1645 1646
f 1624 1646 1625
f 1625 1646 1647
f 1625 1647 1626
f 1626 1647 1648
f 1626 1648 1627
f 1627 1648 1649
f 1627 1649 1628
f 1628 1649 1650
f 1628 1650 1629
f 1629 1650 1651
f 1629 1651 1630
f 1630 1651 1652
f 1630 1652 1631
f 1631 1652 1653
f 1631 1653 1632
f 1632 1653 1654
f 1632 1654 1633
f 1633 1654 1655
f 1633 1655 1634
f 1634 1655 1656
f 1634 1656 1635
f 1635 1656 1657
f 1635 1657 1636
f 1636 1657 1658
f 1636 1658 1637
f 1637 1658 1639
f 1637 1639 1618
f 1639 1660 1661
f 1639 1661 1640
f 1640 1661 1662
f 1640 1662 1641
f 1641 1662 1663
f 1641 1663 1642
f 1642 1663 1664
f 1642 1664 1643
f 1643 1664 1665
f 1643 1665 1644
f 1644 1665 1666
f 1644 1666 1645
f 1645 1666 1667
f 1645 1667 1646
f 1646 1667 1668
f 1646 1668 1647
f 1647 1668 1669
f 1647 1669 1648
f 1648 1669 1670
f 1648 1670 1649
f 1649 1670 1671
f 1649 1671 1650
f 1650 1671 1672
f 1650 1672 1651
f 1651 1672 1673
f 1651 1673 1652
f 1652 1673 1674
f 1652 1674 1653
f 1653 1674 1675
f 1653 1675 1654
f 1654 1675 1676
f 1654 1676 1655
f 1655 1676 1677
f 1655 1677 1656
f 1656 1677 1678
f 1656 1678 1657
f 1657 1678 1679
f 1657 1679 1658
f 1658 1679 1660
f 1658 1660 1639
f 1660 1681 1682
f 1660 1682 1661
f 1661 1682 1683
f 1661 1683 1662
f 1662 1683 1684
f 1662 1684 1663
f 1663 1684 1685
f 1663 1685 1664
f 1664 1685 1686
f 1664 1686 1665
f 1665 1686 1687
f 1665 1687 1666
f 1666 1687 1688
f 1666 1688 1667
f 1667 1688 1689
f 1667 1689 1668
f 1668 1689 1690
f 1668 1690 1669
f 1669 1690 1691
f 1669 1691 1670
f 1670 1691 1692
f 1670 1692 1671
f 1671 1692 1693
f 1671 1693 1672
f 1672 1693 1694
f 1672 1694 1673
f 1673 1694 1695
f 1673 1695 1674
f 1674 1695 1696
f 1674 1696 1675
f 1675 1696 1697
f 1675 1697 1676
f 1676 1697 1698
f 1676 1698 1677
f 1677 1698 1699
f 1677 1699 1678
f 1678 1699 1700
f 1678 1700 1679
f 1679 1700 1681
f 1679 1681 1660
f 1681 1702 1703
f 1681 1703 1682
f 1682 1703 1704
f 1682 1704 1683
f 1683 1704 1705
f 1683 1705 1684
f 1684 1705 1706
f 1684 1706 1685
f 1685 1706 1707
f 1685 1707 1686
f 1686 1707 1708
f 1686 1708 1687
f 1687 1708 1709
f 1687 1709 1688
f 1688 1709 1710
f 1688 1710 1689
f 1689 1710 1711
f 1689 1711 1690
f 1690 1711 1712
f 1690 1712 1691
f 1691 1712 1713
f 1691 1713 1692
f 1692 1713 1714
f 1692 1714 1693
f 1693 1714 1715
f 1693 1715 1694
f 1694 1715 1716
f 1694 1716 1695
f 1695 1716 1717
f 1695 1717 1696
f 1696 1717 1718
f 1696 1718 1697
f 1697 1718 1719
f 1697 1719 1698
f 1698 1719 1720
f 1698 1720 1699
f 1699 1720 1721
f 1699 1721 1700
f 1700 1721 1702
f 1700 1702 1681
f 1702 1723 1724
f 1702 1724 1703
f 1703 1724 1725
f 1703 1725 1704
f 1704 1725 1726
f 1704 1726 1705
f 1705 1726 1727
f 1705 1727 1706
f 1706 1727 1728
f 1706 1728 1707
f 1707 1728 1729
f 1707 1729 1708
f 1708 1729 1730
f 1708 1730 1709
f 1709 1730 1731
f 1709 1731 1710
f 1710 1731 1732
f 1710 1732 1711
f 1711 1732 1733
f 1711 1733 1712
f 1712 1733 1734
f 1712 1734 1713
f 1713 1734 1735
f 1713 1735 1714
f 1714 1735 1736
f 1714 1736 1715
f 1715 1736 1737
f 1715 1737 1716
f 1716 1737 1738
f 1716 1738 1717
f 1717 1738 1739
f 1717 1739 1718
f 1718 1739 1740
f 1718 1740 1719
f 1719 1740 1741
f 1719 1741 1720
f 1720 1741 1742
f 1720 1742 1721
f 1721 1742 1723
f 1721 1723 1702
f 1723 1744 1745
f 1723 1745 1724
f 1724 1745 1746
f 1724 1746 1725
f 1725 1746 1747
f 1725 1747 1726
f 1726 1747 1748
f 1726 1748 1727
f 1727 1748 1749
f 1727 1749 1728
f 1728 1749 1750
f 1728 1750 1729
f 1729 1750 1751
f 1729 1751 1730
f 1730 1751 1752
f 1730 1752 1731
f 1731 1752 1753
f 1731 1753 1732
f 1732 1753 1754
f 1732 1754 1733
f 1733 1754 1755
f 1733 1755 1734
f 1734 1755 1756
f 1734 1756 1735
f 1735 1756 1757
f 1735 1757 1736
f 1736 1757 1758
f 1736 1758 1737
f 1737 1758 1759
f 1737 1759 1738
f 1738 1759 1760
f 1738 1760 1739
f 1739 1760 1761
f 1739 1761 1740
f 1740 1761 1762
f 1740 1762 1741
f 1741 1762 1763
f 1741 1763 1742
f 1742 1763 1744
f 1742 1744 1723
f 1744 1765 1766
f 1744 1766 1745
f 1745 1766 1767
f 1745 1767 1746
f 1746 1767 1768
f 1746 1768 1747
f 1747 1768 1769
f 1747 1769 1748
f 1748 1769 1770
f 1748 1770 1749
f 1749 1770 1771
f 1749 1771 1750
f 1750 1771 1772
f 1750 1772 1751
f 1751 1772 1773
f 1751 1773 1752
f 1752 1773 1774
f 1752 1774 1753
f 1753 1774 1775
f 1753 1775 1754
f 1754 1775 1776
f 1754 1776 1755
f 1755 1776 1777
f 1755 1777 1756
f 1756 1777 1778
f 1756 1778 1757
f 1757 1778 1779
f 1757 1779 1758
f 1758 1779 1780
f 1758 1780 1759
f 1759 1780 1781
f 1759 1781 1760
f 1760 1781 1782
f 1760 1782 1761
f 1761 1782 1783
f 1761 1783 1762
f 1762 1783 1784
f 1762 1784 1763
f 1763 1784 1765
f 1763 1765 1744
f 1765 1786 1787
f 1765 1787 1766
f 1766 1787 1788
f 1766 1788 1767
f 1767 1788 1789
f 1767 1789 1768
f 1768 1789 1790
f 1768 1790 1769
f 1769 1790 1791
f 1769 1791 1770
f 1770 1791 1792
f 1770 1792 1771
f 1771 1792 1793
f 1771 1793 1772
f 1772 1793 1794
f 1772 1794 1773
f 1773 1794 1795
f 1773 1795 1774
f 1774 1795 1796
f 1774 1796 1775
f 1775 1796 1797
f 1775 1797 1776
f 1776 1797 1798
f 1776 1798 1777
f 1777 1798 1799
f 1777 1799 1778
f 1778 1799 1800
f 1778 1800 1779
f 1779 1800 1801
f 1779 1801 1780
f 1780 1801 1802
f 1780 1802 1781
f 1781 1802 1803
f 1781 1803 1782
f 1782 1803 1804
f 1782 1804 1783
f 1783 1804 1805
f 1783 1805 1784
f 1784 1805 1786
f 1784 1786 1765
f 1786 1807 1808
f 1786 1808 1787
f 1787 1808 1809
f 1787 1809 1788
f 1788 1809 1810
f 1788 1810 1789
f 1789 1810 1811
f 1789 1811 1790
f 1790 1811 1812
f 1790 1812 1791
f 1791 1812 1813
f 1791 1813 1792
f 1792 1813 1814
f 1792 1814 1793
f 1793 1814 1815
f 1793 1815 1794
f 1794 1815 1816
f 1794 1816 1795
f 1795 1816 1817
f 1795 1817 1796
f 1796 1817 1818
f 1796 1818 1797
f 1797 1818 1819
f 1797 1819 1798
f 1798 1819 1820
f 1798 1820 1799
f 1799 1820 1821
f 1799 1821 1800
f 1800 1821 1822
f 1800 1822 1801
f 1801 1822 1823
f 1801 1823 1802
f 1802 1823 1824
f 1802 1824 1803
f 1803 1824 1825
f 1803 1825 1804
f 1804 1825 1826
f 1804 1826 1805
f 1805 1826 1807
f 1805 1807 1786
f 1807 1828 1829
f 1807 1829 1808
f 1808 1829 1830
f 1808 1830 1809
f 1809 1830 1831
f 1809 1831 1810
f 1810 1831 1832
f 1810 1832 1811
f 1811 1832 1833
f 1811 1833 1812
f 1812 1833 1834
f 1812 1834 1813
f 1813 1834 1835
f 1813 1835 1814
f 1814 1835 1836
f 1814 1836 1815
f 1815 1836 1837
f 1815 1837 1816
f 1816 1837 1838
f 1816 1838 1817
f 1817 1838 1839
f 1817 1839 1818
f 1818 1839 1840
f 1818 1840 1819
f 1819 1840 1841
f 1819 1841 1820
f 1820 1841 1842
f 1820 1842 1821
f 1821 1842 1843
f 1821 1843 1822
f 1822 1843 1844
f 1822 1844 1823
f 1823 1844 1845
f 1823 1845 1824
f 1824 1845 1846
f 1824 1846 1825
f 1825 1846 1847
f 1825 1847 1826
f 1826 1847 1828
f 1826 1828 1807
f 1828 1849 1850
f 1828 1850 1829
f 1829 1850 1851
f 1829 1851 1830
f 1830 1851 1852
f 1830 1852 1831
f 1831 1852 1853
f 1831 1853 1832
f 1832 1853 1854
f 1832 1854 1833
f 1833 1854 1855
f 1833 1855 1834
f 1834 1855 1856
f 1834 1856 1835
f 1835 1856 1857
f 1835 1857 1836
f 1836 1857 1858
f 1836 1858 1837
f 1837 1858 1859
f 1837 1859 1838
f 1838 1859 1860
f 1838 1860 1839
f 1839 1860 1861
f 1839 1861 1840
f 1840 1861 1862
f 1840 1862 1841
f 1841 1862 1863
f 1841 1863 1842
f 1842 1863 1864
f 1842 1864 1843
f 1843 1864 1865
f 1843 1865 1844
f 1844 1865 1866
f 1844 1866 1845
f 1845 1866 1867
f 1845 1867 1846
f 1846 1867 1868
f 1846 1868 1847
f 1847 1868 1849
f 1847 1849 1828
f 1849 1870 1871
f 1849 1871 1850
f 1850 1871 1872
f 1850 1872 1851
f 1851 1872 1873
f 1851 1873 1852
f 1852 1873 1874
f 1852 1874 1853
f 1853 1874 1875
f 1853 1875 1854
f 1854 1875 1876
f 1854 1876 1855
f 1855 1876 1877
f 1855 1877 1856
f 1856 1877 1878
f 1856 1878 1857
f 1857 1878 1879
f 1857 1879 1858
f 1858 1879 1880
f 1858 1880 1859
f 1859 1880 1881
f 1859 1881 1860
f 1860 1881 1882
f 1860 1882 1861
f 1861 1882 1883
f 1861 1883 1862
f 1862 1883 1884
f 1862 1884 1863
f 1863 1884 1885
f 1863 1885 1864
f 1864 1885 1886
f 1864 1886 1865
f 1865 1886 1887
f 1865 1887 1866
f 1866 1887 1888
f 1866 1888 1867
f 1867 1888 1889
f 1867 1889 1868
f 1868 1889 1870
f 1868 1870 1849
f 1870 1891 1892
f 1870 1892 1871
f 1871 1892 1893
f 1871 1893 1872
f 1872 1893 1894
f 1872 1894 1873
f 1873 1894 1895
f 1873 1895 1874
f 1874 1895 1896
f 1874 1896 1875
f 1875 1896 1897
f 1875 1897 1876
f 1876 1897 1898
f 1876 1898 1877
f 1877 1898 1899
f 1877 1899 1878
f 1878 1899 1900
f 1878 1900 1879
f 1879 1900 1901
f 1879 1901 1880
f 1880 1901 1902
f 1880 1902 1881
f 1881 1902 1903
f 1881 1903 1882
f 1882 1903 1904
f 1882 1904 1883
f 1883 1904 1905
f 1883 1905 1884
f 1884 1905 1906
f 1884 1906 1885
f 1885 1906 1907
f 1885 1907 1886
f 1886 1907 1908
f 1886 1908 1887
f 1887 1908 1909
f 1887 1909 1888
f 1888 1909 1910
f 1888 1910 1889
f 1889 1910 1891
f 1889 1891 1870
f 1891 1912 1913
f 1891 1913 1892
f 1892 1913 1914
f 1892 1914 1893
f 1893 1914 1915
f 1893 1915 1894
f 1894 1915 1916
f 1894 1916 1895
f 1895 1916 1917
f 1895 1917 1896
f 1896 1917 1918
f 1896 1918 1897
f 1897 1918 1919
f 1897 1919 1898
f 1898 1919 1920
f 1898 1920 1899
f 1899 1920 1921
f 1899 1921 1900
f 1900 1921 1922
f 1900 1922 1901
f 1901 1922 1923
f 1901 1923 1902
f 1902 1923 1924
f 1902 1924 1903
f 1903 1924 1925
f 1903 1925 1904
f 1904 1925 1926
f 1904 1926 1905
f 1905 1926 1927
f 1905 1927 1906
f 1906 1927 1928
f 1906 1928 1907
f 1907 1928 1929
f 1907 1929 1908
f 1908 1929 1930
f 1908 1930 1909
f 1909 1930 1931
f 1909 1931 1910
f 1910 1931 1912
f 1910 1912 1891
f 1912 1933 1934
f 1912 1934 1913
f 1913 1934 1935
f 1913 1935 1914
f 1914 1935 1936
f 1914 1936 1915
f 1915 1936 1937
f 1915 1937 1916
f 1916 1937 1938
f 1916 1938 1917
f 1917 1938 1939
f 1917 1939 1918
f 1918 1939 1940
f 1918 1940 1919
f 1919 1940 1941
f 1919 1941 1920
f 1920 1941 1942
f 1920 1942 1921
f 1921 1942 1943
f 1921 1943 1922
f 1922 1943 1944
f 1922 1944 1923
f 1923 1944 1945
f 1923 1945 1924
f 1924 1945 1946
f 1924 1946 1925
f 1925 1946 1947
f 1925 1947 1926
f 1926 1947 1948
f 1926 1948 1927
f 1927 1948 1949
f 1927 1949 1928
f 1928 1949 1950
f 1928 1950 1929
f 1929 1950 1951
f 1929 1951 1930
f 1930 1951 1952
f 1930 1952 1931
f 1931 1952 1933
f 1931 1933 1912
f 1933 1954 1955
f 1933 1955 1934
f 1934 1955 1956
f 1934 1956 1935
f 1935 1956 1957
f 1935 1957 1936
f 1936 1957 1958
f 1936 1958 1937
f 1937 1958 1959
f 1937 1959 1938
f 1938 1959 1960
f 1938 1960 1939
f 1939 1960 1961
f 1939 1961 1940
f 1940 1961 1962
f 1940 1962 1941
f 1941 1962 1963
f 1941 1963 1942
f 1942 1963 1964
f 1942 1964 1943
f 1943 1964 1965
f 1943 1965 1944
f 1944 1965 1966
f 1944 1966 1945
f 1945 1966 1967
f 1945 1967 1946
f 1946 1967 1968
f 1946 1968 1947
f 1947 1968 1969
f 1947 1969 1948
f 1948 1969 1970
f 1948 1970 1949
f 1949 1970 1971
f 1949 1971 1950
f 1950 1971 1972
f 1950 1972 1951
f 1951 1972 1973
f 1951 1973 1952
f 1952 1973 1954
f 1952 1954 1933
f 1954 1975 1976
f 1954 1976 1955
f 1955 1976 1977
f 1955 1977 1956
f 1956 1977 1978
f 1956 1978 1957
f 1957 1978 1979
f 1957 1979 1958
f 1958 1979 1980
f 1958 1980 1959
f 1959 1980 1981
f 1959 1981 1960
f 1960 1981 1982
f 1960 1982 1961
f 1961 1982 1983
f 1961 1983 1962
f 1962 1983 1984
f 1962 1984 1963
f 1963 1984 1985
f 1963 1985 1964
f 1964 1985 1986
f 1964 1986 1965
f 1965 1986 1987
f 1965 1987 1966
f 1966 1987 1988
f 1966 1988 1967
f 1967 1988 1989
f 1967 1989 1968
f 1968 1989 1990
f 1968 1990 1969
f 1969 1990 1991
f 1969 1991 1970
f 1970 1991 1992
f 1970 1992 1971
f 1971 1992 1993
f 1971 1993 1972
f 1972 1993 1994
f 1972 1994 1973
f 1973 1994 1975
f 1973 1975 1954
f 1975 1996 1997
f 1975 1997 1976
f 1976 1997 1998
f 1976 1998 1977
f 1977 1998 1999
f 1977 1999 1978
f 1978 1999 2000
f 1978 2000 1979
f 1979 2000 2001
f 1979 2001 1980
f 1980 2001 2002
f 1980 2002 1981
f 1981 2002 2003
f 1981 2003 1982
f 1982 2003 2004
f 1982 2004 1983
f 1983 2004 2005
f 1983 2005 1984
f 1984 2005 2006
f 1984 2006 1985
f 1985 2006 2007
f 1985 2007 1986
f 1986 2007 2008
f 1986 2008 1987
f 1987 2008 2009
f 1987 2009 1988
f 1988 2009 2010
f 1988 2010 1989
f 1989 2010 2011
f 1989 2011 1990
f 1990 2011 2012
f 1990 2012 1991
f 1991 2012 2013
f 1991 2013 1992
f 1992 2013 2014
f 1992 2014 1993
f 1993 2014 2015
f 1993 2015 1994
f 1994 2015 1996
f 1994 1996 1975
f 1996 2017 2018
f 1996 2018 1997
f 1997 2018 2019
f 1997 2019 1998
f 1998 2019 2020
f 1998 2020 1999
f 1999 2020 2021
f 1999 2021 2000
f 2000 2021 2022
f 2000 2022 2001
f 2001 2022 2023
f 2001 2023 2002
f 2002 2023 2024
f 2002 2024 2003
f 2003 2024 2025
f 2003 2025 2004
f 2004 2025 2026
f 2004 2026 2005
f 2005 2026 2027
f 2005 2027 2006
f 2006 2027 2028
f 2006 2028 2007
f 2007 2028 2029
f 2007 2029 2008
f 2008 2029 2030
f 2008 2030 2009
f 2009 2030 2031
f 2009 2031 2010
f 2010 2031 2032
f 2010 2032 2011
f 2011 2032 2033
f 2011 2033 2012
f 2012 2033 2034
f 2012 2034 2013
f 2013 2034 2035
f 2013 2035 2014
f 2014 2035 2036
f 2014 2036 2015
f 2015 2036 2017
f 2015 2017 1996
f 2017 2038 2039
f 2017 2039 2018
f 2018 2039 2040
f 2018 2040 2019
f 2019 2040 2041
f 2019 2041 2020
f 2020 2041 2042
f 2020 2042 2021
f 2021 2042 2043
f 2021 2043 2022
f 2022 2043 2044
f 2022 2044 2023
f 2023 2044 2045
f 2023 2045 2024
f 2024 2045 2046
f 2024 2046 2025
f 2025 2046 2047
f 2025 2047 2026
f 2026 2047 2048
f 2026 2048 2027
f 2027 2048 2049
f 2027 2049 2028
f 2028 2049 2050
f 2028 2050 2029
f 2029 2050 2051
f 2029 2051 2030
f 2030 2051 2052
f 2030 2052 2031
f 2031 2052 2053
f 2031 2053 2032
f 2032 2053 2054
f 2032 2054 2033
f 2033 2054 2055
f 2033 2055 2034
f 2034 2055 2056
f 2034 2056 2035
f 2035 2056 2057
f 2035 2057 2036
f 2036 2057 2038
f 2036 2038 2017
f 2038 2059 2060
f 2038 2060 2039
f 2039 2060 2061
f 2039 2061 2040
f 2040 2061 2062
f 2040 2062 2041
f 2041 2062 2063
f 2041 2063 2042
f 2042 2063 2064
f 2042 2064 2043
f 2043 2064 2065
f 2043 2065 2044
f 2044 2065 2066
f 2044 2066 2045
f 2045 2066 2067
f 2045 2067 2046
f 2046 2067 2068
f 2046 2068 2047
f 2047 2068 2069
f 2047 2069 2048
f 2048 2069 2070
f 2048 2070 2049
f 2049 2070 2071
f 2049 2071 2050
f 2050 2071 2072
f 2050 2072 2051
f 2051 2072 2073
f 2051 2073 2052
f 2052 2073 2074
f 2052 2074 2053
f 2053 2074 2075
f 2053 2075 2054
f 2054 2075 2076
f 2054 2076 2055
f 2055 2076 2077
f 2055 2077 2056
f 2056 2077 2078
f 2056 2078 2057
f 2057 2078 2059
f 2057 2059 2038
f 2059 2080 2081
f 2059 2081 2060
f 2060 2081 2082
f 2060 2082 2061
f 2061 2082 2083
f 2061 2083 2062
f 2062 2083 2084
f 2062 2084 2063
f 2063 2084 2085
f 2063 2085 2064
f 2064 2085 2086
f 2064 2086 2065
f 2065 2086 2087
f 2065 2087 2066
f 2066 2087 2088
f 2066 2088 2067
f 2067 2088 2089
f 2067 2089 2068
f 2068 2089 2090
f 2068 2090 2069
f 2069 2090 2091
f 2069 2091 2070
f 2070 2091 2092
f 2070 2092 2071
f 2071 2092 2093
f 2071 2093 2072
f 2072 2093 2094
f 2072 2094 2073
f 2073 2094 2095
f 2073 2095 2074
f 2074 2095 2096
f 2074 2096 2075
f 2075 2096 2097
f 2075 2097 2076
f 2076 2097 2098
f 2076 2098 2077
f 2077 2098 2099
f 2077 2099 2078
f 2078 2099 2080
f 2078 2080 2059
f 2080 2101 2102
f 2080 2102 2081
f 2081 2102 2103
f 2081 2103 2082
f 2082 2103 2104
f 2082 2104 2083
f 2083 2104 2105
f 2083 2105 2084
f 2084 2105 2106
f 2084 2106 2085
f 2085 2106 2107
f 2085 2107 2086
f 2086 2107 2108
f 2086 2108 2087
f 2087 2108 2109
f 2087 2109 2088
f 2088 2109 2110
f 2088 2110 2089
f 2089 2110 2111
f 2089 2111 2090
f 2090 2111 2112
f 2090 2112 2091
f 2091 2112 2113
f 2091 2113 2092
f 2092 2113 2114
f 2092 2114 2093
f 2093 2114 2115
f 2093 2115 2094
f 2094 2115 2116
f 2094 2116 2095
f 2095 2116 2117
f 2095 2117 2096
f 2096 2117 2118
f 2096 2118 2097
f 2097 2118 2119
f 2097 2119 2098
f 2098 2119 2120
f 2098 2120 2099
f 2099 2120 2101
f 2099 2101 2080
f 2101 2122 2123
f 2101 2123 2102
f 2102 2123 2124
f 2102 2124 2103
f 2103 2124 2125
f 2103 2125 2104
f 2104 2125 2126
f 2104 2126 2105
f 2105 2126 2127
f 2105 2127 2106
f 2106 2127 2128
f 2106 2128 2107
f 2107 2128 2129
f 2107 2129 2108
f 2108 2129 2130
f 2108 2130 2109
f 2109 2130 2131
f 2109 2131 2110
f 2110 2131 2132
f 2110 2132 2111
f 2111 2132 2133
f 2111 2133 2112
f 2112 2133 2134
f 2112 2134 2113
f 2113 2134 2135
f 2113 2135 2114
f 2114 2135 2136
f 2114 2136 2115
f 2115 2136 2137
f 2115 2137 2116
f 2116 2137 2138
f 2116 2138 2117
f 2117 2138 2139
f 2117 2139 2118
f 2118 2139 2140
f 2118 2140 2119
f 2119 2140 2141
f 2119 2141 2120
f 2120 2141 2122
f 2120 2122 2101
f 2122 2143 2144
f 2122 2144 2123
f 2123 2144 2145
f 2123 2145 2124
f 2124 2145 2146
f 2124 2146 2125
f 2125 2146 2147
f 2125 2147 2126
f 2126 2147 2148
f 2126 2148 2127
f 2127 2148 2149
f 2127 2149 2128
f 2128 2149 2150
f 2128 2150 2129
f 2129 2150 2151
f 2129 2151 2130
f 2130 2151 2152
f 2130 2152 2131
f 2131 2152 2153
f 2131 2153 2132
f 2132 2153 2154
f 2132 2154 2133
f 2133 2154 2155
f 2133 2155 2134
f 2134 2155 2156
f 2134 2156 2135
f 2135 2156 2157
f 2135 2157 2136
f 2136 2157 2158
f 2136 2158 2137
f 2137 2158 2159
f 2137 2159 2138
f 2138 2159 2160
f 2138 2160 2139
f 2139 2160 2161
f 2139 2161 2140
f 2140 2161 2162
f 2140 2162 2141
f 2141 2162 2143
f 2141 2143 2122
f 2143 2164 2165
f 2143 2165 2144
f 2144 2165 2166
f 2144 2166 2145
f 2145 2166 2167
f 2145 2167 2146
f 2146 2167 2168
f 2146 2168 2147
f 2147 2168 2169
f 2147 2169 2148
f 2148 2169 2170
f 2148 2170 2149
f 2149 2170 2171
f 2149 2171 2150
f 2150 2171 2172
f 2150 2172 2151
f 2151 2172 2173
f 2151 2173 2152
f 2152 2173 2174
f 2152 2174 2153
f 2153 2174 2175
f 2153 2175 2154
f 2154 2175 2176
f 2154 2176 2155
f 2155 2176 2177
f 2155 2177 2156
f 2156 2177 2178
f 2156 2178 2157
f 2157 2178 2179
f 2157 2179 2158
f 2158 2179 2180
f 2158 2180 2159
f 2159 2180 2181
f 2159 2181 2160
f 2160 2181 2182
f 2160 2182 2161
f 2161 2182 2183
f 2161 2183 2162
f 2162 2183 2164
f 2162 2164 2143
f 2164 2185 2186
f 2164 2186 2165
f 2165 2186 2187
f 2165 2187 2166
f 2166 2187 2188
f 2166 2188 2167
f 2167 2188 2189
f 2167 2189 2168
f 2168 2189 2190
f 2168 2190 2169
f 2169 2190 2191
f 2169 2191 2170
f 2170 2191 2192
f 2170 2192 2171
f 2171 2192 2193
f 2171 2193 2172
f 2172 2193 2194
f 2172 2194 2173
f 2173 2194 2195
f 2173 2195 2174
f 2174 2195 2196
f 2174 2196 2175
f 2175 2196 2197
f 2175 2197 2176
f 2176 2197 2198
f 2176 2198 2177
f 2177 2198 2199
f 2177 2199 2178
f 2178 2199 2200
f 2178 2200 2179
f 2179 2200 2201
f 2179 2201 2180
f 2180 2201 2202
f 2180 2202 2181
f 2181 2202 2203
f 2181 2203 2182
f 2182 2203 2204
f 2182 2204 2183
f 2183 2204 2185
f 2183 2185 2164
f 2185 2206 2207
f 2185 2207 2186
f 2186 2207 2208
f 2186 2208 2187
f 2187 2208 2209
f 2187 2209 2188
f 2188 2209 2210
f 2188 2210 2189
f 2189 2210 2211
f 2189 2211 2190
f 2190 2211 2212
f 2190 2212 2191
f 2191 2212 2213
f 2191 2213 2192
f 2192 2213 2214
f 2192 2214 2193
f 2193 2214 2215
f 2193 2215 2194
f 2194 2215 2216
f 2194 2216 2195
f 2195 2216 2217
f 2195 2217 2196
f 2196 2217 2218
f 2196 2218 2197
f 2197 2218 2219
f 2197 2219 2198
f 2198 2219 2220
f 2198 2220 2199
f 2199 2220 2221
f 2199 2221 2200
f 2200 2221 2222
f 2200 2222 2201
f 2201 2222 2223
f 2201 2223 2202
f 2202 2223 2224
f 2202 2224 2203
f 2203 2224 2225
f 2203 2225 2204
f 2204 2225 2206
f 2204 2206 2185
f 2206 2227 2228
f 2206 2228 2207
f 2207 2228 2229
f 2207 2229 2208
f 2208 2229 2230
f 2208 2230 2209
f 2209 2230 2231
f 2209 2231 2210
f 2210 2231 2232
f 2210 2232 2211
f 2211 2232 2233
f 2211 2233 2212
f 2212 2233 2234
f 2212 2234 2213
f 2213 2234 2235
f 2213 2235 2214
f 2214 2235 2236
f 2214 2236 2215
f 2215 2236 2237
f 2215 2237 2216
f 2216 2237 2238
f 2216 2238 2217
f 2217 2238 2239
f 2217 2239 2218
f 2218 2239 2240
f 2218 2240 2219
f 2219 2240 2241
f 2219 2241 2220
f 2220 2241 2242
f 2220 2242 2221
f 2221 2242 2243
f 2221 2243 2222
f 2222 2243 2244
f 2222 2244 2223
f 2223 2244 2245
f 2223 2245 2224
f 2224 2245 2246
f 2224 2246 2225
f 2225 2246 2227
f 2225 2227 2206
f 2227 2248 2249
f 2227 2249 2228
f 2228 2249 2250
f 2228 2250 2229
f 2229 2250 2251
f 2229 2251 2230
f 2230 2251 2252
f 2230 2252 2231
f 2231 2252 2253
f 2231 2253 2232
f 2232 2253 2254
f 2232 2254 2233
f 2233 2254 2255
f 2233 2255 2234
f 2234 2255 2256
f 2234 2256 2235
f 2235 2256 2257
f 2235 2257 2236
f 2236 2257 2258
f 2236 2258 2237
f 2237 2258 2259
f 2237 2259 2238
f 2238 2259 2260
f 2238 2260 2239
f 2239 2260 2261
f 2239 2261 2240
f 2240 2261 2262
f 2240 2262 2241
f 2241 2262 2263
f 2241 2263 2242
f 2242 2263 2264
f 2242 2264 2243
f 2243 2264 2265
f 2243 2265 2244
f 2244 2265 2266
f 2244 2266 2245
f 2245 2266 2267
f 2245 2267 2246
f 2246 2267 2248
f 2246 2248 2227
f 2248 2269 2270
f 2248 2270 2249
f 2249 2270 2271
f 2249 2271 2250
f 2250 2271 2272
f 2250 2272 2251
f 2251 2272 2273
f 2251 2273 2252
f 2252 2273 2274
f 2252 2274 2253
f 2253 2274 2275
f 2253 2275 2254
f 2254 2275 2276
f 2254 2276 2255
f 2255 2276 2277
f 2255 2277 2256
f 2256 2277 2278
f 2256 2278 2257
f 2257 2278 2279
f 2257 2279 2258
f 2258 2279 2280
f 2258 2280 2259
f 2259 2280 2281
f 2259 2281 2260
f 2260 2281 2282
f 2260 2282 2261
f 2261 2282 2283
f 2261 2283 2262
f 2262 2283 2284
f 2262 2284 2263
f 2263 2284 2285
f 2263 2285 2264
f 2264 2285 2286
f 2264 2286 2265
f 2265 2286 2287
f 2265 2287 2266
f 2266 2287 2288
f 2266 2288 2267
f 2267 2288 2269
f 2267 2269 2248
f 2269 2290 2291
f 2269 2291 2270
f 2270 2291 2292
f 2270 2292 2271
f 2271 2292 2293
f 2271 2293 2272
f 2272 2293 2294
f 2272 2294 2273
f 2273 2294 2295
f 2273 2295 2274
f 2274 2295 2296
f 2274 2296 2275
f 2275 2296 2297
f 2275 2297 2276
f 2276 2297 2298
f 2276 2298 2277
f 2277 2298 2299
f 2277 2299 2278
f 2278 2299 2300
f 2278 2300 2279
f 2279 2300 2301
f 2279 2301 2280
f 2280 2301 2302
f 2280 2302 2281
f 2281 2302 2303
f 2281 2303 2282
f 2282 2303 2304
f 2282 2304 2283
f 2283 2304 2305
f 2283 2305 2284
f 2284 2305 2306
f 2284 2306 2285
f 2285 2306 2307
f 2285 2307 2286
f 2286 2307 2308
f 2286 2308 2287
f 2287 2308 2309
f 2287 2309 2288
f 2288 2309 2290
f 2288 2290 2269
f 2290 2311 2312
f 2290 2312 2291
f 2291 2312 2313
f 2291 2313 2292
f 2292 2313 2314
f 2292 2314 2293
f 2293 2314 2315
f 2293 2315 2294
f 2294 2315 2316
f 2294 2316 2295
f 2295 2316 2317
f 2295 2317 2296
f 2296 2317 2318
f 2296 2318 2297
f 2297 2318 2319
f 2297 2319 2298
f 2298 2319 2320
f 2298 2320 2299
f 2299 2320 2321
f 2299 2321 2300
f 2300 2321 2322
f 2300 2322 2301
f 2301 2322 2323
f 2301 2323 2302
f 2302 2323 2324
f 2302 2324 2303
f 2303 2324 2325
f 2303 2325 2304
f 2304 2325 2326
f 2304 2326 2305
f 2305 2326 2327
f 2305 2327 2306
f 2306 2327 2328
f 2306 2328 2307
f 2307 2328 2329
f 2307 2329 2308
f 2308 2329 2330
f 2308 2330 2309
f 2309 2330 2311
f 2309 2311 2290
f 2311 2332 2333
f 2311 2333 2312
f 2312 2333 2334
f 2312 2334 2313
f 2313 2334 2335
f 2313 2335 2314
f 2314 2335 2336
f 2314 2336 2315
f 2315 2336 2337
f 2315 2337 2316
f 2316 2337 2338
f 2316 2338 2317
f 2317 2338 2339
f 2317 2339 2318
f 2318 2339 2340
f 2318 2340 2319
f 2319 2340 2341
f 2319 2341 2320
f 2320 2341 2342
f 2320 2342 2321
f 2321 2342 2343
f 2321 2343 2322
f 2322 2343 2344
f 2322 2344 2323
f 2323 2344 2345
f 2323 2345 2324
f 2324 2345 2346
f 2324 2346 2325
f 2325 2346 2347
f 2325 2347 2326
f 2326 2347 2348
f 2326 2348 2327
f 2327 2348 2349
f 2327 2349 2328
f 2328 2349 2350
f 2328 2350 2329
f 2329 2350 2351
f 2329 2351 2330
f 2330 2351 2332
f 2330 2332 2311
f 2332 2353 2354
f 2332 2354 2333
f 2333 2354 2355
f 2333 2355 2334
f 2334 2355 2356
f 2334 2356 2335
f 2335 2356 2357
f 2335 2357 2336
f 2336 2357 2358
f 2336 2358 2337
f 2337 2358 2359
f 2337 2359 2338
f 2338 2359 2360
f 2338 2360 2339
f 2339 2360 2361
f 2339 2361 2340
f 2340 2361 2362
f 2340 2362 2341
f 2341 2362 2363
f 2341 2363 2342
f 2342 2363 2364
f 2342 2364 2343
f 2343 2364 2365
f 2343 2365 2344
f 2344 2365 2366
f 2344 2366 2345
f 2345 2366 2367
f 2345 2367 2346
f 2346 2367 2368
f 2346 2368 2347
f 2347 2368 2369
f 2347 2369 2348
f 2348 2369 2370
f 2348 2370 2349
f 2349 2370 2371
f 2349 2371 2350
f 2350 2371 2372
f 2350 2372 2351
f 2351 2372 2353
f 2351 2353 2332
f 2353 2374 2375
f 2353 2375 2354
f 2354 2375 2376
f 2354 2376 2355
f 2355 2376 2377
f 2355 2377 2356
f 2356 2377 2378
f 2356 2378 2357
f 2357 2378 2379
f 2357 2379 2358
f 2358 2379 2380
f 2358 2380 2359
f 2359 2380 2381
f 2359 2381 2360
f 2360 2381 2382
f 2360 2382 2361
f 2361 2382 2383
f 2361 2383 2362
f 2362 2383 2384
f 2362 2384 2363
f 2363 2384 2385
f 2363 2385 2364
f 2364 2385 2386
f 2364 2386 2365
f 2365 2386 2387
f 2365 2387 2366
f 2366 2387 2388
f 2366 2388 2367
f 2367 2388 2389
f 2367 2389 2368
f 2368 2389 2390
f 2368 2390 2369
f 2369 2390 2391
f 2369 2391 2370
f 2370 2391 2392
f 2370 2392 2371
f 2371 2392 2393
f 2371 2393 2372
f 2372 2393 2374
f 2372 2374 2353
f 2374 2395 2396
f 2374 2396 2375
f 2375 2396 2397
f 2375 2397 2376
f 2376 2397 2398
f 2376 2398 2377
f 2377 2398 2399
f 2377 2399 2378
f 2378 2399 2400
f 2378 2400 2379
f 2379 2400 2401
f 2379 2401 2380
f 2380 2401 2402
f 2380 2402 2381
f 2381 2402 2403
f 2381 2403 2382
f 2382 2403 2404
f 2382 2404 2383
f 2383 2404 2405
f 2383 2405 2384
f 2384 2405 2406
f 2384 2406 2385
f 2385 2406 2407
f 2385 2407 2386
f 2386 2407 2408
f 2386 2408 2387
f 2387 2408 2409
f 2387 2409 2388
f 2388 2409 2410
f 2388 2410 2389
f 2389 2410 2411
f 2389 2411 2390
f 2390 2411 2412
f 2390 2412 2391
f 2391 2412 2413
f 2391 2413 2392
f 2392 2413 2414
f 2392 2414 2393
f 2393 2414 2395
f 2393 2395 2374
f 2395 2416 2417
f 2395 2417 2396
f 2396 2417 2418
f 2396 2418 2397
f 2397 2418 2419
f 2397 2419 2398
f 2398 2419 2420
f 2398 2420 2399
f 2399 2420 2421
f 2399 2421 2400
f 2400 2421 2422
f 2400 2422 2401
f 2401 2422 2423
f 2401 2423 2402
f 2402 2423 2424
f 2402 2424 2403
f 2403 2424 2425
f 2403 2425 2404
f 2404 2425 2426
f 2404 2426 2405
f 2405 2426 2427
f 2405 2427 2406
f 2406 2427 2428
f 2406 2428 2407
f 2407 2428 2429
f 2407 2429 2408
f 2408 2429 2430
f 2408 2430 2409
f 2409 2430 2431
f 2409 2431 2410
f 2410 2431 2432
f 2410 2432 2411
f 2411 2432 2433
f 2411 2433 2412
f 2412 2433 2434
f 2412 2434 2413
f 2413 2434 2435
f 2413 2435 2414
f 2414 2435 2416
f 2414 2416 2395
f 2416 2437 2438
f 2416 2438 2417
f 2417 2438 2439
f 2417 2439 2418
f 2418 2439 2440
f 2418 2440 2419
f 2419 2440 2441
f 2419 2441 2420
f 2420 2441 2442
f 2420 2442 2421
f 2421 2442 2443
f 2421 2443 2422
f 2422 2443 2444
f 2422 2444 2423
f 2423 2444 2445
f 2423 2445 2424
f 2424 2445 2446
f 2424 2446 2425
f 2425 2446 2447
f 2425 2447 2426
f 2426 2447 2448
f 2426 2448 2427
f 2427 2448 2449
f 2427 2449 2428
f 2428 2449 2450
f 2428 2450 2429
f 2429 2450 2451
f 2429 2451 2430
f 2430 2451 2452
f 2430 2452 2431
f 2431 2452 2453
f 2431 2453 2432
f 2432 2453 2454
f 2432 2454 2433
f 2433 2454 2455
f 2433 2455 2434
f 2434 2455 2456
f 2434 2456 2435
f 2435 2456 2437
f 2435 2437 2416
f 2437 2458 2459
f 2437 2459 2438
f 2438 2459 2460
f 2438 2460 2439
f 2439 2460 2461
f 2439 2461 2440
f 2440 2461 2462
f 2440 2462 2441
f 2441 2462 2463
f 2441 2463 2442
f 2442 2463 2464
f 2442 2464 2443
f 2443 2464 2465
f 2443 2465 2444
f 2444 2465 2466
f 2444 2466 2445
f 2445 2466 2467
f 2445 2467 2446
f 2446 2467 2468
f 2446 2468 2447
f 2447 2468 2469
f 2447 2469 2448
f 2448 2469 2470
f 2448 2470 2449
f 2449 2470 2471
f 2449 2471 2450
f 2450 2471 2472
f 2450 2472 2451
f 2451 2472 2473
f 2451 2473 2452
f 2452 2473 2474
f 2452 2474 2453
f 2453 2474 2475
f 2453 2475 2454
f 2454 2475 2476
f 2454 2476 2455
f 2455 2476 2477
f 2455 2477 2456
f 2456 2477 2458
f 2456 2458 2437
f 2458 2479 2480
f 2458 2480 2459
f 2459 2480 2481
f 2459 2481 2460
f 2460 2481 2482
f 2460 2482 2461
f 2461 2482 2483
f 2461 2483 2462
f 2462 2483 2484
f 2462 2484 2463
f 2463 2484 2485
f 2463 2485 2464
f 2464 2485 2486
f 2464 2486 2465
f 2465 2486 2487
f 2465 2487 2466
f 2466 2487 2488
f 2466 2488 2467
f 2467 2488 2489
f 2467 2489 2468
f 2468 2489 2490
f 2468 2490 2469
f 2469 2490 2491
f 2469 2491 2470
f 2470 2491 2492
f 2470 2492 2471
f 2471 2492 2493
f 2471 2493 2472
f 2472 2493 2494
f 2472 2494 2473
f 2473 2494 2495
f 2473 2495 2474
f 2474 2495 2496
f 2474 2496 2475
f 2475 2496 2497
f 2475 2497 2476
f 2476 2497 2498
f 2476 2498 2477
f 2477 2498 2479
f 2477 2479 2458
f 2479 2500 2501
f 2479 2501 2480
f 2480 2501 2502
f 2480 2502 2481
f 2481 2502 2503
f 2481 2503 2482
f 2482 2503 2504
f 2482 2504 2483
f 2483 2504 2505
f 2483 2505 2484
f 2484 2505 2506
f 2484 2506 2485
f 2485 2506 2507
f 2485 2507 2486
f 2486 2507 2508
f 2486 2508 2487
f 2487 2508 2509
f 2487 2509 2488
f 2488 2509 2510
f 2488 2510 2489
f 2489 2510 2511
f 2489 2511 2490
f 2490 2511 2512
f 2490 2512 2491
f 2491 2512 2513
f 2491 2513 2492
f 2492 2513 2514
f 2492 2514 2493
f 2493 2514 2515
f 2493 2515 2494
f 2494 2515 2516
f 2494 2516 2495
f 2495 2516 2517
f 2495 2517 2496
f 2496 2517 2518
f 2496 2518 2497
f 2497 2518 2519
f 2497 2519 2498
f 2498 2519 2500
f 2498 2500 2479
f 2500 2521 2522
f 2500 2522 2501
f 2501 2522 2523
f 2501 2523 2502
f 2502 2523 2524
f 2502 2524 2503
f 2503 2524 2525
f 2503 2525 2504
f 2504 2525 2526
f 2504 2526 2505
f 2505 2526 2527
f 2505 2527 2506
f 2506 2527 2528
f 2506 2528 2507
f 2507 2528 2529
f 2507 2529 2508
f 2508 2529 2530
f 2508 2530 2509
f 2509 2530 2531
f 2509 2531 2510
f 2510 2531 2532
f 2510 2532 2511
f 2511 2532 2533
f 2511 2533 2512
f 2512 2533 2534
f 2512 2534 2513
f 2513 2534 2535
f 2513 2535 2514
f 2514 2535 2536
f 2514 2536 2515
f 2515 2536 2537
f 2515 2537 2516
f 2516 2537 2538
f 2516 2538 2517
f 2517 2538 2539
f 2517 2539 2518
f 2518 2539 2540
f 2518 2540 2519
f 2519 2540 2521
f 2519 2521 2500
f 2521 2542 2543
f 2521 2543 2522
f 2522 2543 2544
f 2522 2544 2523
f 2523 2544 2545
f 2523 2545 2524
f 2524 2545 2546
f 2524 2546 2525
f 2525 2546 2547
f 2525 2547 2526
f 2526 2547 2548
f 2526 2548 2527
f 2527 2548 2549
f 2527 2549 2528
f 2528 2549 2550
f 2528 2550 2529
f 2529 2550 2551
f 2529 2551 2530
f 2530 2551 2552
f 2530 2552 2531
f 2531 2552 2553
f 2531 2553 2532
f 2532 2553 2554
f 2532 2554 2533
f 2533 2554 2555
f 2533 2555 2534
f 2534 2555 2556
f 2534 2556 2535
f 2535 2556 2557
f 2535 2557 2536
f 2536 2557 2558
f 2536 2558 2537
f 2537 2558 2559
f 2537 2559 2538
f 2538 2559 2560
f 2538 2560 2539
f 2539 2560 2561
f 2539 2561 2540
f 2540 2561 2542
f 2540 2542 2521
f 2542 2563 2564
f 2542 2564 2543
f 2543 2564 2565
f 2543 2565 2544
f 2544 2565 2566
f 2544 2566 2545
f 2545 2566 2567
f 2545 2567 2546
f 2546 2567 2568
f 2546 2568 2547
f 2547 2568 2569
f 2547 2569 2548
f 2548 2569 2570
f 2548 2570 2549
f 2549 2570 2571
f 2549 2571 2550
f 2550 2571 2572
f 2550 2572 2551
f 2551 2572 2573
f 2551 2573 2552
f 2552 2573 2574
f 2552 2574 2553
f 2553 2574 2575
f 2553 2575 2554
f 2554 2575 2576
f 2554 2576 2555
f 2555 2576 2577
f 2555 2577 2556
f 2556 2577 2578
f 2556 2578 2557
f 2557 2578 2579
f 2557 2579 2558
f 2558 2579 2580
f 2558 2580 2559
f 2559 2580 2581
f 2559 2581 2560
f 2560 2581 2582
f 2560 2582 2561
f 2561 2582 2563
f 2561 2563 2542
f 2563 2584 2585
f 2563 2585 2564
f 2564 2585 2586
f 2564 2586 2565
f 2565 2586 2587
f 2565 2587 2566
f 2566 2587 2588
f 2566 2588 2567
f 2567 2588 2589
f 2567 2589 2568
f 2568 2589 2590
f 2568 2590 2569
f 2569 2590 2591
f 2569 2591 2570
f 2570 2591 2592
f 2570 2592 2571
f 2571 2592 2593
f 2571 2593 2572
f 2572 2593 2594
f 2572 2594 2573
f 2573 2594 2595
f 2573 2595 2574
f 2574 2595 2596
f 2574 2596 2575
f 2575 2596 2597
f 2575 2597 2576
f 2576 2597 2598
f 2576 2598 2577
f 2577 2598 2599
f 2577 2599 2578
f 2578 2599 2600
f 2578 2600 2579
f 2579 2600 2601
f 2579 2601 2580
f 2580 2601 2602
f 2580 2602 2581
f 2581 2602 2603
f 2581 2603 2582
f 2582 2603 2584
f 2582 2584 2563
f 2584 2605 2606
f 2584 2606 2585
f 2585 2606 2607
f 2585 2607 2586
f 2586 2607 2608
f 2586 2608 2587
f 2587 2608 2609
f 2587 2609 2588
f 2588 2609 2610
f 2588 2610 2589
f 2589 2610 2611
f 2589 2611 2590
f 2590 2611 2612
f 2590 2612 2591
f 2591 2612 2613
f 2591 2613 2592
f 2592 2613 2614
f 2592 2614 2593
f 2593 2614 2615
f 2593 2615 2594
f 2594 2615 2616
f 2594 2616 2595
f 2595 2616 2617
f 2595 2617 2596
f 2596 2617 2618
f 2596 2618 2597
f 2597 2618 2619
f 2597 2619 2598
f 2598 2619 2620
f 2598 2620 2599
f 2599 2620 2621
f 2599 2621 2600
f 2600 2621 2622
f 2600 2622 2601
f 2601 2622 2623
f 2601 2623 2602
f 2602 2623 2624
f 2602 2624 2603
f 2603 2624 2605
f 2603 2605 2584
f 2605 2626 2627
f 2605 2627 2606
f 2606 2627 2628
f 2606 2628 2607
f 2607 2628 2629
f 2607 2629 2608
f 2608 2629 2630
f 2608 2630 2609
f 2609 2630 2631
f 2609 2631 2610
f 2610 2631 2632
f 2610 2632 2611
f 2611 2632 2633
f 2611 2633 2612
f 2612 2633 2634
f 2612 2634 2613
f 2613 2634 2635
f 2613 2635 2614
f 2614 2635 2636
f 2614 2636 2615
f 2615 2636 2637
f 2615 2637 2616
f 2616 2637 2638
f 2616 2638 2617
f 2617 2638 2639
f 2617 2639 2618
f 2618 2639 2640
f 2618 2640 2619
f 2619 2640 2641
f 2619 2641 2620
f 2620 2641 2642
f 2620 2642 2621
f 2621 2642 2643
f 2621 2643 2622
f 2622 2643 2644
f 2622 2644 2623
f 2623 2644 2645
f 2623 2645 2624
f 2624 2645 2626
f 2624 2626 2605
f 2626 2647 2648
f 2626 2648 2627
f 2627 2648 2649
f 2627 2649 2628
f 2628 2649 2650
f 2628 2650 2629
f 2629 2650 2651
f 2629 2651 2630
f 2630 2651 2652
f 2630 2652 2631
f 2631 2652 2653
f 2631 2653 2632
f 2632 2653 2654
f 2632 2654 2633
f 2633 2654 2655
f 2633 2655 2634
f 2634 2655 2656
f 2634 2656 2635
f 2635 2656 2657
f 2635 2657 2636
f 2636 2657 2658
f 2636 2658 2637
f 2637 2658 2659
f 2637 2659 2638
f 2638 2659 2660
f 2638 2660 2639
f 2639 2660 2661
f 2639 2661 2640
f 2640 2661 2662
f 2640 2662 2641
f 2641 2662 2663
f 2641 2663 2642
f 2642 2663 2664
f 2642 2664 2643
f 2643 2664 2665
f 2643 2665 2644
f 2644 2665 2666
f 2644 2666 2645
f 2645 2666 2647
f 2645 2647 2626
f 2647 2668 2669
f 2647 2669 2648
f 2648 2669 2670
f 2648 2670 2649
f 2649 2670 2671
f 2649 2671 2650
f 2650 2671 2672
f 2650 2672 2651
f 2651 2672 2673
f 2651 2673 2652
f 2652 2673 2674
f 2652 2674 2653
f 2653 2674 2675
f 2653 2675 2654
f 2654 2675 2676
f 2654 2676 2655
f 2655 2676 2677
f 2655 2677 2656
f 2656 2677 2678
f 2656 2678 2657
f 2657 2678 2679
f 2657 2679 2658
f 2658 2679 2680
f 2658 2680 2659
f 2659 2680 2681
f 2659 2681 2660
f 2660 2681 2682
f 2660 2682 2661
f 2661 2682 2683
f 2661 2683 2662
f 2662 2683 2684
f 2662 2684 2663
f 2663 2684 2685
f 2663 2685 2664
f 2664 2685 2686
f 2664 2686 2665
f 2665 2686 2687
f 2665 2687 2666
f 2666 2687 2668
f 2666 2668 2647
f 2668 2689 2690
f 2668 2690 2669
f 2669 2690 2691
f 2669 2691 2670
f 2670 2691 2692
f 2670 2692 2671
f 2671 2692 2693
f 2671 2693 2672
f 2672 2693 2694
f 2672 2694 2673
f 2673 2694 2695
f 2673 2695 2674
f 2674 2695 2696
f 2674 2696 2675
f 2675 2696 2697
f 2675 2697 2676
f 2676 2697 2698
f 2676 2698 2677
f 2677 2698 2699
f 2677 2699 2678
f 2678 2699 2700
f 2678 2700 2679
f 2679 2700 2701
f 2679 2701 2680
f 2680 2701 2702
f 2680 2702 2681
f 2681 2702 2703
f 2681 2703 2682
f 2682 2703 2704
f 2682 2704 2683
f 2683 2704 2705
f 2683 2705 2684
f 2684 2705 2706
f 2684 2706 2685
f 2685 2706 2707
f 2685 2707 2686
f 2686 2707 2708
f 2686 2708 2687
f 2687 2708 2689
f 2687 2689 2668
f 2689 2710 2711
f 2689 2711 2690
f 2690 2711 2712
f 2690 2712 2691
f 2691 2712 2713
f 2691 2713 2692
f 2692 2713 2714
f 2692 2714 2693
f 2693 2714 2715
f 2693 2715 2694
f 2694 2715 2716
f 2694 2716 2695
f 2695 2716 2717
f 2695 2717 2696
f 2696 2717 2718
f 2696 2718 2697
f 2697 2718 2719
f 2697 2719 2698
f 2698 2719 2720
f 2698 2720 2699
f 2699 2720 2721
f 2699 2721 2700
f 2700 2721 2722
f 2700 2722 2701
f 2701 2722 2723
f 2701 2723 2702
f 2702 2723 2724
f 2702 2724 2703
f 2703 2724 2725
f 2703 2725 2704
f 2704 2725 2726
f 2704 2726 2705
f 2705 2726 2727
f 2705 2727 2706
f 2706 2727 2728
f 2706 2728 2707
f 2707 2728 2729
f 2707 2729 2708
f 2708 2729 2710
f 2708 2710 2689
f 2710 2731 2732
f 2710 2732 2711
f 2711 2732 2733
f 2711 2733 2712
f 2712 2733 2734
f 2712 2734 2713
f 2713 2734 2735
f 2713 2735 2714
f 2714 2735 2736
f 2714 2736 2715
f 2715 2736 2737
f 2715 2737 2716
f 2716 2737 2738
f 2716 2738 2717
f 2717 2738 2739
f 2717 2739 2718
f 2718 2739 2740
f 2718 2740 2719
f 2719 2740 2741
f 2719 2741 2720
f 2720 2741 2742
f 2720 2742 2721
f 2721 2742 2743
f 2721 2743 2722
f 2722 2743 2744
f 2722 2744 2723
f 2723 2744 2745
f 2723 2745 2724
f 2724 2745 2746
f 2724 2746 2725
f 2725 2746 2747
f 2725 2747 2726
f 2726 2747 2748
f 2726 2748 2727
f 2727 2748 2749
f 2727 2749 2728
f 2728 2749 2750
f 2728 2750 2729
f 2729 2750 2731
f 2729 2731 2710
f 2731 2752 2753
f 2731 2753 2732
f 2732 2753 2754
f 2732 2754 2733
f 2733 2754 2755
f 2733 2755 2734
f 2734 2755 2756
f 2734 2756 2735
f 2735 2756 2757
f 2735 2757 2736
f 2736 2757 2758
f 2736 2758 2737
f 2737 2758 2759
f 2737 2759 2738
f 2738 2759 2760
f 2738 2760 2739
f 2739 2760 2761
f 2739 2761 2740
f 2740 2761 2762
f 2740 2762 2741
f 2741 2762 2763
f 2741 2763 2742
f 2742 2763 2764
f 2742 2764 2743
f 2743 2764 2765
f 2743 2765 2744
f 2744 2765 2766
f 2744 2766 2745
f 2745 2766 2767
f 2745 2767 2746
f 2746 2767 2768
f 2746 2768 2747
f 2747 2768 2769
f 2747 2769 2748
f 2748 2769 2770
f 2748 2770 2749
f 2749 2770 2771
f 2749 2771 2750
f 2750 2771 2752
f 2750 2752 2731
f 2752 2773 2774
f 2752 2774 2753
f 2753 2774 2775
f 2753 2775 2754
f 2754 2775 2776
f 2754 2776 2755
f 2755 2776 2777
f 2755 2777 2756
f 2756 2777 2778
f 2756 2778 2757
f 2757 2778 2779
f 2757 2779 2758
f 2758 2779 2780
f 2758 2780 2759
f 2759 2780 2781
f 2759 2781 2760
f 2760 2781 2782
f 2760 2782 2761
f 2761 2782 2783
f 2761 2783 2762
f 2762 2783 2784
f 2762 2784 2763
f 2763 2784 2785
f 2763 2785 2764
f 2764 2785 2786
f 2764 2786 2765
f 2765 2786 2787
f 2765 2787 2766
f 2766 2787 2788
f 2766 2788 2767
f 2767 2788 2789
f 2767 2789 2768
f 2768 2789 2790
f 2768 2790 2769
f 2769 2790 2791
f 2769 2791 2770
f 2770 2791 2792
f 2770 2792 2771
f 2771 2792 2773
f 2771 2773 2752
f 2773 2794 2795
f 2773 2795 2774
f 2774 2795 2796
f 2774 2796 2775
f 2775 2796 2797
f 2775 2797 2776
f 2776 2797 2798
f 2776 2798 2777
f 2777 2798 2799
f 2777 2799 2778
f 2778 2799 2800
f 2778 2800 2779
f 2779 2800 2801
f 2779 2801 2780
f 2780 2801 2802
f 2780 2802 2781
f 2781 2802 2803
f 2781 2803 2782
f 2782 2803 2804
f 2782 2804 2783
f 2783 2804 2805
f 2783 2805 2784
f 2784 2805 2806
f 2784 2806 2785
f 2785 2806 2807
f 2785 2807 2786
f 2786 2807 2808
f 2786 2808 2787
f 2787 2808 2809
f 2787 2809 2788
f 2788 2809 2810
f 2788 2810 2789
f 2789 2810 2811
f 2789 2811 2790
f 2790 2811 2812
f 2790 2812 2791
f 2791 2812 2813
f 2791 2813 2792
f 2792 2813 2794
f 2792 2794 2773
f 2794 2815 2816
f 2794 2816 2795
f 2795 2816 2817
f 2795 2817 2796
f 2796 2817 2818
f 2796 2818 2797
f 2797 2818 2819
f 2797 2819 2798
f 2798 2819 2820
f 2798 2820 2799
f 2799 2820 2821
f 2799 2821 2800
f 2800 2821 2822
f 2800 2822 2801
f 2801 2822 2823
f 2801 2823 2802
f 2802 2823 2824
f 2802 2824 2803
f 2803 2824 2825
f 2803 2825 2804
f 2804 2825 2826
f 2804 2826 2805
f 2805 2826 2827
f 2805 2827 2806
f 2806 2827 2828
f 2806 2828 2807
f 2807 2828 2829
f 2807 2829 2808
f 2808 2829 2830
f 2808 2830 2809
f 2809 2830 2831
f 2809 2831 2810
f 2810 2831 2832
f 2810 2832 2811
f 2811 2832 2833
f 2811 2833 2812
f 2812 2833 2834
f 2812 2834 2813
f 2813 2834 2815
f 2813 2815 2794
f 2815 2836 2837
f 2815 2837 2816
f 2816 2837 2838
f 2816 2838 2817
f 2817 2838 2839
f 2817 2839 2818
f 2818 2839 2840
f 2818 2840 2819
f 2819 2840 2841
f 2819 2841 2820
f 2820 2841 2842
f 2820 2842 2821
f 2821 2842 2843
f 2821 2843 2822
f 2822 2843 2844
f 2822 2844 2823
f 2823 2844 2845
f 2823 2845 2824
f 2824 2845 2846
f 2824 2846 2825
f 2825 2846 2847
f 2825 2847 2826
f 2826 2847 2848
f 2826 2848 2827
f 2827 2848 2849
f 2827 2849 2828
f 2828 2849 2850
f 2828 2850 2829
f 2829 2850 2851
f 2829 2851 2830
f 2830 2851 2852
f 2830 2852 2831
f 2831 2852 2853
f 2831 2853 2832
f 2832 2853 2854
f 2832 2854 2833
f 2833 2854 2855
f 2833 2855 2834
f 2834 2855 2836
f 2834 2836 2815
f 2836 2857 2858
f 2836 2858 2837
f 2837 2858 2859
f 2837 2859 2838
f 2838 2859 2860
f 2838 2860 2839
f 2839 2860 2861
f 2839 2861 2840
f 2840 2861 2862
f 2840 2862 2841
f 2841 2862 2863
f 2841 2863 2842
f 2842 2863 2864
f 2842 2864 2843
f 2843 2864 2865
f 2843 2865 2844
f 2844 2865 2866
f 2844 2866 2845
f 2845 2866 2867
f 2845 2867 2846
f 2846 2867 2868
f 2846 2868 2847
f 2847 2868 2869
f 2847 2869 2848
f 2848 2869 2870
f 2848 2870 2849
f 2849 2870 2871
f 2849 2871 2850
f 2850 2871 2872
f 2850 2872 2851
f 2851 2872 2873
f 2851 2873 2852
f 2852 2873 2874
f 2852 2874 2853
f 2853 2874 2875
f 2853 2875 2854
f 2854 2875 2876
f 2854 2876 2855
f 2855 2876 2857
f 2855 2857 2836
f 2857 2878 2879
f 2857 2879 2858
f 2858 2879 2880
f 2858 2880 2859
f 2859 2880 2881
f 2859 2881 2860
f 2860 2881 2882
f 2860 2882 2861
f 2861 2882 2883
f 2861 2883 2862
f 2862 2883 2884
f 2862 2884 2863
f 2863 2884 2885
f 2863 2885 2864
f 2864 2885 2886
f 2864 2886 2865
f 2865 2886 2887
f 2865 2887 2866
f 2866 2887 2888
f 2866 2888 2867
f 2867 2888 2889
f 2867 2889 2868
f 2868 2889 2890
f 2868 2890 2869
f 2869 2890 2891
f 2869 2891 2870
f 2870 2891 2892
f 2870 2892 2871
f 2871 2892 2893
f 2871 2893 2872
f 2872 2893 2894
f 2872 2894 2873
f 2873 2894 2895
f 2873 2895 2874
f 2874 2895 2896
f 2874 2896 2875
f 2875 2896 2897
f 2875 2897 2876
f 2876 2897 2878
f 2876 2878 2857
f 2878 2899 2900
f 2878 2900 2879
f 2879 2900 2901
f 2879 2901 2880
f 2880 2901 2902
f 2880 2902 2881
f 2881 2902 2903
f 2881 2903 2882
f 2882 2903 2904
f 2882 2904 2883
f 2883 2904 2905
f 2883 2905 2884
f 2884 2905 2906
f 2884 2906 2885
f 2885 2906 2907
f 2885 2907 2886
f 2886 2907 2908
f 2886 2908 2887
f 2887 2908 2909
f 2887 2909 2888
f 2888 2909 2910
f 2888 2910 2889
f 2889 2910 2911
f 2889 2911 2890
f 2890 2911 2912
f 2890 2912 2891
f 2891 2912 2913
f 2891 2913 2892
f 2892 2913 2914
f 2892 2914 2893
f 2893 2914 2915
f 2893 2915 2894
f 2894 2915 2916
f 2894 2916 2895
f 2895 2916 2917
f 2895 2917 2896
f 2896 2917 2918
f 2896 2918 2897
f 2897 2918 2899
f 2897 2899 2878
f 2899 2920 2921
f 2899 2921 2900
f 2900 2921 2922
f 2900 2922 2901
f 2901 2922 2923
f 2901 2923 2902
f 2902 2923 2924
f 2902 2924 2903
f 2903 2924 2925
f 2903 2925 2904
f 2904 2925 2926
f 2904 2926 2905
f 2905 2926 2927
f 2905 2927 2906
f 2906 2927 2928
f 2906 2928 2907
f 2907 2928 2929
f 2907 2929 2908
f 2908 2929 2930
f 2908 2930 2909
f 2909 2930 2931
f 2909 2931 2910
f 2910 2931 2932
f 2910 2932 2911
f 2911 2932 2933
f 2911 2933 2912
f 2912 2933 2934
f 2912 2934 2913
f 2913 2934 2935
f 2913 2935 2914
f 2914 2935 2936
f 2914 2936 2915
f 2915 2936 2937
f 2915 2937 2916
f 2916 2937 2938
f 2916 2938 2917
f 2917 2938 2939
f 2917 2939 2918
f 2918 2939 2920
f 2918 2920 2899
f 2920 2941 2942
f 2920 2942 2921
f 2921 2942 2943
f 2921 2943 2922
f 2922 2943 2944
f 2922 2944 2923
f 2923 2944 2945
f 2923 2945 2924
f 2924 2945 2946
f 2924 2946 2925
f 2925 2946 2947
f 2925 2947 2926
f 2926 2947 2948
f 2926 2948 2927
f 2927 2948 2949
f 2927 2949 2928
f 2928 2949 2950
f 2928 2950 2929
f 2929 2950 2951
f 2929 2951 2930
f 2930 2951 2952
f 2930 2952 2931
f 2931 2952 2953
f 2931 2953 2932
f 2932 2953 2954
f 2932 2954 2933
f 2933 2954 2955
f 2933 2955 2934
f 2934 2955 2956
f 2934 2956 2935
f 2935 2956 2957
f 2935 2957 2936
f 2936 2957 2958
f 2936 2958 2937
f 2937 2958 2959
f 2937 2959 2938
f 2938 2959 2960
f 2938 2960 2939
f 2939 2960 2941
f 2939 2941 2920
f 2941 2962 2963
f 2941 2963 2942
f 2942 2963 2964
f 2942 2964 2943
f 2943 2964 2965
f 2943 2965 2944
f 2944 2965 2966
f 2944 2966 2945
f 2945 2966 2967
f 2945 2967 2946
f 2946 2967 2968
f 2946 2968 2947
f 2947 2968 2969
f 2947 2969 2948
f 2948 2969 2970
f 2948 2970 2949
f 2949 2970 2971
f 2949 2971 2950
f 2950 2971 2972
f 2950 2972 2951
f 2951 2972 2973
f 2951 2973 2952
f 2952 2973 2974
f 2952 2974 2953
f 2953 2974 2975
f 2953 2975 2954
f 2954 2975 2976
f 2954 2976 2955
f 2955 2976 2977
f 2955 2977 2956
f 2956 2977 2978
f 2956 2978 2957
f 2957 2978 2979
f 2957 2979 2958
f 2958 2979 2980
f 2958 2980 2959
f 2959 2980 2981
f 2959 2981 2960
f 2960 2981 2962
f 2960 2962 2941
f 2962 2983 2984
f 2962 2984 2963
f 2963 2984 2985
f 2963 2985 2964
f 2964 2985 2986
f 2964 2986 2965
f 2965 2986 2987
f 2965 2987 2966
f 2966 2987 2988
f 2966 2988 2967
f 2967 2988 2989
f 2967 2989 2968
f 2968 2989 2990
f 2968 2990 2969
f 2969 2990 2991
f 2969 2991 2970
f 2970 2991 2992
f 2970 2992 2971
f 2971 2992 2993
f 2971 2993 2972
f 2972 2993 2994
f 2972 2994 2973
f 2973 2994 2995
f 2973 2995 2974
f 2974 2995 2996
f 2974 2996 2975
f 2975 2996 2997
f 2975 2997 2976
f 2976 2997 2998
f 2976 2998 2977
f 2977 2998 2999
f 2977 2999 2978
f 2978 2999 3000
f 2978 3000 2979
f 2979 3000 3001
f 2979 3001 2980
f 2980 3001 3002
f 2980 3002 2981
f 2981 3002 2983
f 2981 2983 2962
f 2983 3004 3005
f 2983 3005 2984
f 2984 3005 3006
f 2984 3006 2985
f 2985 3006 3007
f 2985 3007 2986
f 2986 3007 3008
f 2986 3008 2987
f 2987 3008 3009
f 2987 3009 2988
f 2988 3009 3010
f 2988 3010 2989
f 2989 3010 3011
f 2989 3011 2990
f 2990 3011 3012
f 2990 3012 2991
f 2991 3012 3013
f 2991 3013 2992
f 2992 3013 3014
f 2992 3014 2993
f 2993 3014 3015
f 2993 3015 2994
f 2994 3015 3016
f 2994 3016 2995
f 2995 3016 3017
f 2995 3017 2996
f 2996 3017 3018
f 2996 3018 2997
f 2997 3018 3019
f 2997 3019 2998
f 2998 3019 3020
f 2998 3020 2999
f 2999 3020 3021
f 2999 3021 3000
f 3000 3021 3022
f 3000 3022 3001
f 3001 3022 3023
f 3001 3023 3002
f 3002 3023 3004
f 3002 3004 2983
f 3004 3025 3026
f 3004 3026 3005
f 3005 3026 3027
f 3005 3027 3006
f 3006 3027 3028
f 3006 3028 3007
f 3007 3028 3029
f 3007 3029 3008
f 3008 3029 3030
f 3008 3030 3009
f 3009 3030 3031
f 3009 3031 3010
f 3010 3031 3032
f 3010 3032 3011
f 3011 3032 3033
f 3011 3033 3012
f 3012 3033 3034
f 3012 3034 3013
f 3013 3034 3035
f 3013 3035 3014
f 3014 3035 3036
f 3014 3036 3015
f 3015 3036 3037
f 3015 3037 3016
f 3016 3037 3038
f 3016 3038 3017
f 3017 3038 3039
f 3017 3039 3018
f 3018 3039 3040
f 3018 3040 3019
f 3019 3040 3041
f 3019 3041 3020
f 3020 3041 3042
f 3020 3042 3021
f 3021 3042 3043
f 3021 3043 3022
f 3022 3043 3044
f 3022 3044 3023
f 3023 3044 3025
f 3023 3025 3004
f 3025 3046 3047
f 3025 3047 3026
f 3026 3047 3048
f 3026 3048 3027
f 3027 3048 3049
f 3027 3049 3028
f 3028 3049 3050
f 3028 3050 3029
f 3029 3050 3051
f 3029 3051 3030
f 3030 3051 3052
f 3030 3052 3031
f 3031 3052 3053
f 3031 3053 3032
f 3032 3053 3054
f 3032 3054 3033
f 3033 3054 3055
f 3033 3055 3034
f 3034 3055 3056
f 3034 3056 3035
f 3035 3056 3057
f 3035 3057 3036
f 3036 3057 3058
f 3036 3058 3037
f 3037 3058 3059
f 3037 3059 3038
f 3038 3059 3060
f 3038 3060 3039
f 3039 3060 3061
f 3039 3061 3040
f 3040 3061 3062
f 3040 3062 3041
f 3041 3062 3063
f 3041 3063 3042
f 3042 3063 3064
f 3042 3064 3043
f 3043 3064 3065
f 3043 3065 3044
f 3044 3065 3046
f 3044 3046 3025
f 3046 3067 3068
f 3046 3068 3047
f 3047 3068 3069
f 3047 3069 3048
f 3048 3069 3070
f 3048 3070 3049
f 3049 3070 3071
f 3049 3071 3050
f 3050 3071 3072
f 3050 3072 3051
f 3051 3072 3073
f 3051 3073 3052
f 3052 3073 3074
f 3052 3074 3053
f 3053 3074 3075
f 3053 3075 3054
f 3054 3075 3076
f 3054 3076 3055
f 3055 3076 3077
f 3055 3077 3056
f 3056 3077 3078
f 3056 3078 3057
f 3057 3078 3079
f 3057 3079 3058
f 3058 3079 3080
f 3058 3080 3059
f 3059 3080 3081
f 3059 3081 3060
f 3060 3081 3082
f 3060 3082 3061
f 3061 3082 3083
f 3061 3083 3062
f 3062 3083 3084
f 3062 3084 3063
f 3063 3084 3085
f 3063 3085 3064
f 3064 3085 3086
f 3064 3086 3065
f 3065 3086 3067
f 3065 3067 3046
f 3067 3088 3089
f 3067 3089 3068
f 3068 3089 3090
f 3068 3090 3069
f 3069 3090 3091
f 3069 3091 3070
f 3070 3091 3092
f 3070 3092 3071
f 3071 3092 3093
f 3071 3093 3072
f 3072 3093 3094
f 3072 3094 3073
f 3073 3094 3095
f 3073 3095 3074
f 3074 3095 3096
f 3074 3096 3075
f 3075 3096 3097
f 3075 3097 3076
f 3076 3097 3098
f 3076 3098 3077
f 3077 3098 3099
f 3077 3099 3078
f 3078 3099 3100
f 3078 3100 3079
f 3079 3100 3101
f 3079 3101 3080
f 3080 3101 3102
f 3080 3102 3081
f 3081 3102 3103
f 3081 3103 3082
f 3082 3103 3104
f 3082 3104 3083
f 3083 3104 3105
f 3083 3105 3084
f 3084 3105 3106
f 3084 3106 3085
f 3085 3106 3107
f 3085 3107 3086
f 3086 3107 3088
f 3086 3088 3067
f 3088 3109 3110
f 3088 3110 3089
f 3089 3110 3111
f 3089 3111 3090
f 3090 3111 3112
f 3090 3112 3091
f 3091 3112 3113
f 3091 3113 3092
f 3092 3113 3114
f 3092 3114 3093
f 3093 3114 3115
f 3093 3115 3094
f 3094 3115 3116
f 3094 3116 3095
f 3095 3116 3117
f 3095 3117 3096
f 3096 3117 3118
f 3096 3118 3097
f 3097 3118 3119
f 3097 3119 3098
f 3098 3119 3120
f 3098 3120 3099
f 3099 3120 3121
f 3099 3121 3100
f 3100 3121 3122
f 3100 3122 3101
f 3101 3122 3123
f 3101 3123 3102
f 3102 3123 3124
f 3102 3124 3103
f 3103 3124 3125
f 3103 3125 3104
f 3104 3125 3126
f 3104 3126 3105
f 3105 3126 3127
f 3105 3127 3106
f 3106 3127 3128
f 3106 3128 3107
f 3107 3128 3109
f 3107 3109 3088
f 3109 3130 3131
f 3109 3131 3110
f 3110 3131 3132
f 3110 3132 3111
f 3111 3132 3133
f 3111 3133 3112
f 3112 3133 3134
f 3112 3134 3113
f 3113 3134 3135
f 3113 3135 3114
f 3114 3135 3136
f 3114 3136 3115
f 3115 3136 3137
f 3115 3137 3116
f 3116 3137 3138
f 3116 3138 3117
f 3117 3138 3139
f 3117 3139 3118
f 3118 3139 3140
f 3118 3140 3119
f 3119 3140 3141
f 3119 3141 3120
f 3120 3141 3142
f 3120 3142 3121
f 3121 3142 3143
f 3121 3143 3122
f 3122 3143 3144
f 3122 3144 3123
f 3123 3144 3145
f 3123 3145 3124
f 3124 3145 3146
f 3124 3146 3125
f 3125 3146 3147
f 3125 3147 3126
f 3126 3147 3148
f 3126 3148 3127
f 3127 3148 3149
f 3127 3149 3128
f 3128 3149 3130
f 3128 3130 3109
f 3130 3151 3152
f 3130 3152 3131
f 3131 3152 3153
f 3131 3153 3132
f 3132 3153 3154
f 3132 3154 3133
f 3133 3154 3155
f 3133 3155 3134
f 3134 3155 3156
f 3134 3156 3135
f 3135 3156 3157
f 3135 3157 3136
f 3136 3157 3158
f 3136 3158 3137
f 3137 3158 3159
f 3137 3159 3138
f 3138 3159 3160
f 3138 3160 3139
f 3139 3160 3161
f 3139 3161 3140
f 3140 3161 3162
f 3140 3162 3141
f 3141 3162 3163
f 3141 3163 3142
f 3142 3163 3164
f 3142 3164 3143
f 3143 3164 3165
f 3143 3165 3144
f 3144 3165 3166
f 3144 3166 3145
f 3145 3166 3167
f 3145 3167 3146
f 3146 3167 3168
f 3146 3168 3147
f 3147 3168 3169
f 3147 3169 3148
f 3148 3169 3170
f 3148 3170 3149
f 3149 3170 3151
f 3149 3151 3130
f 3151 3172 3173
f 3151 3173 3152
f 3152 3173 3174
f 3152 3174 3153
f 3153 3174 3175
f 3153 3175 3154
f 3154 3175 3176
f 3154 3176 3155
f 3155 3176 3177
f 3155 3177 3156
f 3156 3177 3178
f 3156 3178 3157
f 3157 3178 3179
f 3157 3179 3158
f 3158 3179 3180
f 3158 3180 3159
f 3159 3180 3181
f 3159 3181 3160
f 3160 3181 3182
f 3160 3182 3161
f 3161 3182 3183
f 3161 3183 3162
f 3162 3183 3184
f 3162 3184 3163
f 3163 3184 3185
f 3163 3185 3164
f 3164 3185 3186
f 3164 3186 3165
f 3165 3186 3187
f 3165 3187 3166
f 3166 3187 3188
f 3166 3188 3167
f 3167 3188 3189
f 3167 3189 3168
f 3168 3189 3190
f 3168 3190 3169
f 3169 3190 3191
f 3169 3191 3170
f 3170 3191 3172
f 3170 3172 3151
f 3172 3193 3194
f 3172 3194 3173
f 3173 3194 3195
f 3173 3195 3174
f 3174 3195 3196
f 3174 3196 3175
f 3175 3196 3197
f 3175 3197 3176
f 3176 3197 3198
f 3176 3198 3177
f 3177 3198 3199
f 3177 3199 3178
f 3178 3199 3200
f 3178 3200 3179
f 3179 3200 3201
f 3179 3201 3180
f 3180 3201 3202
f 3180 3202 3181
f 3181 3202 3203
f 3181 3203 3182
f 3182 3203 3204
f 3182 3204 3183
f 3183 3204 3205
f 3183 3205 3184
f 3184 3205 3206
f 3184 3206 3185
f 3185 3206 3207
f 3185 3207 3186
f 3186 3207 3208
f 3186 3208 3187
f 3187 3208 3209
f 3187 3209 3188
f 3188 3209 3210
f 3188 3210 3189
f 3189 3210 3211
f 3189 3211 3190
f 3190 3211 3212
f 3190 3212 3191
f 3191 3212 3193
f 3191 3193 3172
f 3193 3214 3215
f 3193 3215 3194
f 3194 3215 3216
f 3194 3216 3195
f 3195 3216 3217
f 3195 3217 3196
f 3196 3217 3218
f 3196 3218 3197
f 3197 3218 3219
f 3197 3219 3198
f 3198 3219 3220
f 3198 3220 3199
f 3199 3220 3221
f 3199 3221 3200
f 3200 3221 3222
f 3200 3222 3201
f 3201 3222 3223
f 3201 3223 3202
f 3202 3223 3224
f 3202 3224 3203
f 3203 3224 3225
f 3203 3225 3204
f 3204 3225 3226
f 3204 3226 3205
f 3205 3226 3227
f 3205 3227 3206
f 3206 3227 3228
f 3206 3228 3207
f 3207 3228 3229
f 3207 3229 3208
f 3208 3229 3230
f 3208 3230 3209
f 3209 3230 3231
f 3209 3231 3210
f 3210 3231 3232
f 3210 3232 3211
f 3211 3232 3233
f 3211 3233 3212
f 3212 3233 3214
f 3212 3214 3193
f 3214 3235 3236
f 3214 3236 3215
f 3215 3236 3237
f 3215 3237 3216
f 3216 3237 3238
f 3216 3238 3217
f 3217 3238 3239
f 3217 3239 3218
f 3218 3239 3240
f 3218 3240 3219
f 3219 3240 3241
f 3219 3241 3220
f 3220 3241 3242
f 3220 3242 3221
f 3221 3242 3243
f 3221 3243 3222
f 3222 3243 3244
f 3222 3244 3223
f 3223 3244 3245
f 3223 3245 3224
f 3224 3245 3246
f 3224 3246 3225
f 3225 3246 3247
f 3225 3247 3226
f 3226 3247 3248
f 3226 3248 3227
f 3227 3248 3249
f 3227 3249 3228
f 3228 3249 3250
f 3228 3250 3229
f 3229 3250 3251
f 3229 3251 3230
f 3230 3251 3252
f 3230 3252 3231
f 3231 3252 3253
f 3231 3253 3232
f 3232 3253 3254
f 3232 3254 3233
f 3233 3254 3235
f 3233 3235 3214
f 3235 3256 3257
f 3235 3257 3236
f 3236 3257 3258
f 3236 3258 3237
f 3237 3258 3259
f 3237 3259 3238
f 3238 3259 3260
f 3238 3260 3239
f 3239 3260 3261
f 3239 3261 3240
f 3240 3261 3262
f 3240 3262 3241
f 3241 3262 3263
f 3241 3263 3242
f 3242 3263 3264
f 3242 3264 3243
f 3243 3264 3265
f 3243 3265 3244
f 3244 3265 3266
f 3244 3266 3245
f 3245 3266 3267
f 3245 3267 3246
f 3246 3267 3268
f 3246 3268 3247
f 3247 3268 3269
f 3247 3269 3248
f 3248 3269 3270
f 3248 3270 3249
f 3249 3270 3271
f 3249 3271 3250
f 3250 3271 3272
f 3250 3272 3251
f 3251 3272 3273
f 3251 3273 3252
f 3252 3273 3274
f 3252 3274 3253
f 3253 3274 3275
f 3253 3275 3254
f 3254 3275 3256
f 3254 3256 3235
f 3256 3277 3278
f 3256 3278 3257
f 3257 3278 3279
f 3257 3279 3258
f 3258 3279 3280
f 3258 3280 3259
f 3259 3280 3281
f 3259 3281 3260
f 3260 3281 3282
f 3260 3282 3261
f 3261 3282 3283
f 3261 3283 3262
f 3262 3283 3284
f 3262 3284 3263
f 3263 3284 3285
f 3263 3285 3264
f 3264 3285 3286
f 3264 3286 3265
f 3265 3286 3287
f 3265 3287 3266
f 3266 3287 3288
f 3266 3288 3267
f 3267 3288 3289
f 3267 3289 3268
f 3268 3289 3290
f 3268 3290 3269
f 3269 3290 3291
f 3269 3291 3270
f 3270 3291 3292
f 3270 3292 3271
f 3271 3292 3293
f 3271 3293 3272
f 3272 3293 3294
f 3272 3294 3273
f 3273 3294 3295
f 3273 3295 3274
f 3274 3295 3296
f 3274 3296 3275
f 3275 3296 3277
f 3275 3277 3256
f 3277 3298 3299
f 3277 3299 3278
f 3278 3299 3300
f 3278 3300 3279
f 3279 3300 3301
f 3279 3301 3280
f 3280 3301 3302
f 3280 3302 3281
f 3281 3302 3303
f 3281 3303 3282
f 3282 3303 3304
f 3282 3304 3283
f 3283 3304 3305
f 3283 3305 3284
f 3284 3305 3306
f 3284 3306 3285
f 3285 3306 3307
f 3285 3307 3286
f 3286 3307 3308
f 3286 3308 3287
f 3287 3308 3309
f 3287 3309 3288
f 3288 3309 3310
f 3288 3310 3289
f 3289 3310 3311
f 3289 3311 3290
f 3290 3311 3312
f 3290 3312 3291
f 3291 3312 3313
f 3291 3313 3292
f 3292 3313 3314
f 3292 3314 3293
f 3293 3314 3315
f 3293 3315 3294
f 3294 3315 3316
f 3294 3316 3295
f 3295 3316 3317
f 3295 3317 3296
f 3296 3317 3298
f 3296 3298 3277
f 3298 3319 3320
f 3298 3320 3299
f 3299 3320 3321
f 3299 3321 3300
f 3300 3321 3322
f 3300 3322 3301
f 3301 3322 3323
f 3301 3323 3302
f 3302 3323 3324
f 3302 3324 3303
f 3303 3324 3325
f 3303 3325 3304
f 3304 3325 3326
f 3304 3326 3305
f 3305 3326 3327
f 3305 3327 3306
f 3306 3327 3328
f 3306 3328 3307
f 3307 3328 3329
f 3307 3329 3308
f 3308 3329 3330
f 3308 3330 3309
f 3309 3330 3331
f 3309 3331 3310
f 3310 3331 3332
f 3310 3332 3311
f 3311 3332 3333
f 3311 3333 3312
f 3312 3333 3334
f 3312 3334 3313
f 3313 3334 3335
f 3313 3335 3314
f 3314 3335 3336
f 3314 3336 3315
f 3315 3336 3337
f 3315 3337 3316
f 3316 3337 3338
f 3316 3338 3317
f 3317 3338 3319
f 3317 3319 3298
f 3319 3340 3341
f 3319 3341 3320
f 3320 3341 3342
f 3320 3342 3321
f 3321 3342 3343
f 3321 3343 3322
f 3322 3343 3344
f 3322 3344 3323
f 3323 3344 3345
f 3323 3345 3324
f 3324 3345 3346
f 3324 3346 3325
f 3325 3346 3347
f 3325 3347 3326
f 3326 3347 3348
f 3326 3348 3327
f 3327 3348 3349
f 3327 3349 3328
f 3328 3349 3350
f 3328 3350 3329
f 3329 3350 3351
f 3329 3351 3330
f 3330 3351 3352
f 3330 3352 3331
f 3331 3352 3353
f 3331 3353 3332
f 3332 3353 3354
f 3332 3354 3333
f 3333 3354 3355
f 3333 3355 3334
f 3334 3355 3356
f 3334 3356 3335
f 3335 3356 3357
f 3335 3357 3336
f 3336 3357 3358
f 3336 3358 3337
f 3337 3358 3359
f 3337 3359 3338
f 3338 3359 3340
f 3338 3340 3319
f 3340 3361 3362
f 3340 3362 3341
f 3341 3362 3363
f 3341 3363 3342
f 3342 3363 3364
f 3342 3364 3343
f 3343 3364 3365
f 3343 3365 3344
f 3344 3365 3366
f 3344 3366 3345
f 3345 3366 3367
f 3345 3367 3346
f 3346 3367 3368
f 3346 3368 3347
f 3347 3368 3369
f 3347 3369 3348
f 3348 3369 3370
f 3348 3370 3349
f 3349 3370 3371
f 3349 3371 3350
f 3350 3371 3372
f 3350 3372 3351
f 3351 3372 3373
f 3351 3373 3352
f 3352 3373 3374
f 3352 3374 3353
f 3353 3374 3375
f 3353 3375 3354
f 3354 3375 3376
f 3354 3376 3355
f 3355 3376 3377
f 3355 3377 3356
f 3356 3377 3378
f 3356 3378 3357
f 3357 3378 3379
f 3357 3379 3358
f 3358 3379 3380
f 3358 3380 3359
f 3359 3380 3361
f 3359 3361 3340
f 3361 3382 3383
f 3361 3383 3362
f 3362 3383 3384
f 3362 3384 3363
f 3363 3384 3385
f 3363 3385 3364
f 3364 3385 3386
f 3364 3386 3365
f 3365 3386 3387
f 3365 3387 3366
f 3366 3387 3388
f 3366 3388 3367
f 3367 3388 3389
f 3367 3389 3368
f 3368 3389 3390
f 3368 3390 3369
f 3369 3390 3391
f 3369 3391 3370
f 3370 3391 3392
f 3370 3392 3371
f 3371 3392 3393
f 3371 3393 3372
f 3372 3393 3394
f 3372 3394 3373
f 3373 3394 3395
f 3373 3395 3374
f 3374 3395 3396
f 3374 3396 3375
f 3375 3396 3397
f 3375 3397 3376
f 3376 3397 3398
f 3376 3398 3377
f 3377 3398 3399
f 3377 3399 3378
f 3378 3399 3400
f 3378 3400 3379
f 3379 3400 3401
f 3379 3401 3380
f 3380 3401 3382
f 3380 3382 3361
f 3382 3403 3404
f 3382 3404 3383
f 3383 3404 3405
f 3383 3405 3384
f 3384 3405 3406
f 3384 3406 3385
f 3385 3406 3407
f 3385 3407 3386
f 3386 3407 3408
f 3386 3408 3387
f 3387 3408 3409
f 3387 3409 3388
f 3388 3409 3410
f 3388 3410 3389
f 3389 3410 3411
f 3389 3411 3390
f 3390 3411 3412
f 3390 3412 3391
f 3391 3412 3413
f 3391 3413 3392
f 3392 3413 3414
f 3392 3414 3393
f 3393 3414 3415
f 3393 3415 3394
f 3394 3415 3416
f 3394 3416 3395
f 3395 3416 3417
f 3395 3417 3396
f 3396 3417 3418
f 3396 3418 3397
f 3397 3418 3419
f 3397 3419 3398
f 3398 3419 3420
f 3398 3420 3399
f 3399 3420 3421
f 3399 3421 3400
f 3400 3421 3422
f 3400 3422 3401
f 3401 3422 3403
f 3401 3403 3382
f 3403 3424 3425
f 3403 3425 3404
f 3404 3425 3426
f 3404 3426 3405
f 3405 3426 3427
f 3405 3427 3406
f 3406 3427 3428
f 3406 3428 3407
f 3407 3428 3429
f 3407 3429 3408
f 3408 3429 3430
f 3408 3430 3409
f 3409 3430 3431
f 3409 3431 3410
f 3410 3431 3432
f 3410 3432 3411
f 3411 3432 3433
f 3411 3433 3412
f 3412 3433 3434
f 3412 3434 3413
f 3413 3434 3435
f 3413 3435 3414
f 3414 3435 3436
f 3414 3436 3415
f 3415 3436 3437
f 3415 3437 3416
f 3416 3437 3438
f 3416 3438 3417
f 3417 3438 3439
f 3417 3439 3418
f 3418 3439 3440
f 3418 3440 3419
f 3419 3440 3441
f 3419 3441 3420
f 3420 3441 3442
f 3420 3442 3421
f 3421 3442 3443
f 3421 3443 3422
f 3422 3443 3424
f 3422 3424 3403
f 3424 3445 3446
f 3424 3446 3425
f 3425 3446 3447
f 3425 3447 3426
f 3426 3447 3448
f 3426 3448 3427
f 3427 3448 3449
f 3427 3449 3428
f 3428 3449 3450
f 3428 3450 3429
f 3429 3450 3451
f 3429 3451 3430
f 3430 3451 3452
f 3430 3452 3431
f 3431 3452 3453
f 3431 3453 3432
f 3432 3453 3454
f 3432 3454 3433
f 3433 3454 3455
f 3433 3455 3434
f 3434 3455 3456
f 3434 3456 3435
f 3435 3456 3457
f 3435 3457 3436
f 3436 3457 3458
f 3436 3458 3437
f 3437 3458 3459
f 3437 3459 3438
f 3438 3459 3460
f 3438 3460 3439
f 3439 3460 3461
f 3439 3461 3440
f 3440 3461 3462
f 3440 3462 3441
f 3441 3462 3463
f 3441 3463 3442
f 3442 3463 3464
f 3442 3464 3443
f 3443 3464 3445
f 3443 3445 3424
f 3445 3466 3467
f 3445 3467 3446
f 3446 3467 3468
f 3446 3468 3447
f 3447 3468 3469
f 3447 3469 3448
f 3448 3469 3470
f 3448 3470 3449
f 3449 3470 3471
f 3449 3471 3450
f 3450 3471 3472
f 3450 3472 3451
f 3451 3472 3473
f 3451 3473 3452
f 3452 3473 3474
f 3452 3474 3453
f 3453 3474 3475
f 3453 3475 3454
f 3454 3475 3476
f 3454 3476 3455
f 3455 3476 3477
f 3455 3477 3456
f 3456 3477 3478
f 3456 3478 3457
f 3457 3478 3479
f 3457 3479 3458
f 3458 3479 3480
f 3458 3480 3459
f 3459 3480 3481
f 3459 3481 3460
f 3460 3481 3482
f 3460 3482 3461
f 3461 3482 3483
f 3461 3483 3462
f 3462 3483 3484
f 3462 3484 3463
f 3463 3484 3485
f 3463 3485 3464
f 3464 3485 3466
f 3464 3466 3445
f 3466 3487 3488
f 3466 3488 3467
f 3467 3488 3489
f 3467 3489 3468
f 3468 3489 3490
f 3468 3490 3469
f 3469 3490 3491
f 3469 3491 3470
f 3470 3491 3492
f 3470 3492 3471
f 3471 3492 3493
f 3471 3493 3472
f 3472 3493 3494
f 3472 3494 3473
f 3473 3494 3495
f 3473 3495 3474
f 3474 3495 3496
f 3474 3496 3475
f 3475 3496 3497
f 3475 3497 3476
f 3476 3497 3498
f 3476 3498 3477
f 3477 3498 3499
f 3477 3499 3478
f 3478 3499 3500
f 3478 3500 3479
f 3479 3500 3501
f 3479 3501 3480
f 3480 3501 3502
f 3480 3502 3481
f 3481 3502 3503
f 3481 3503 3482
f 3482 3503 3504
f 3482 3504 3483
f 3483 3504 3505
f 3483 3505 3484
f 3484 3505 3506
f 3484 3506 3485
f 3485 3506 3487
f 3485 3487 3466
f 3487 3508 3509
f 3487 3509 3488
f 3488 3509 3510
f 3488 3510 3489
f 3489 3510 3511
f 3489 3511 3490
f 3490 3511 3512
f 3490 3512 3491
f 3491 3512 3513
f 3491 3513 3492
f 3492 3513 3514
f 3492 3514 3493
f 3493 3514 3515
f 3493 3515 3494
f 3494 3515 3516
f 3494 3516 3495
f 3495 3516 3517
f 3495 3517 3496
f 3496 3517 3518
f 3496 3518 3497
f 3497 3518 3519
f 3497 3519 3498
f 3498 3519 3520
f 3498 3520 3499
f 3499 3520 3521
f 3499 3521 3500
f 3500 3521 3522
f 3500 3522 3501
f 3501 3522 3523
f 3501 3523 3502
f 3502 3523 3524
f 3502 3524 3503
f 3503 3524 3525
f 3503 3525 3504
f 3504 3525 3526
f 3504 3526 3505
f 3505 3526 3527
f 3505 3527 3506
f 3506 3527 3508
f 3506 3508 3487
f 3508 3529 3530
f 3508 3530 3509
f 3509 3530 3531
f 3509 3531 3510
f 3510 3531 3532
f 3510 3532 3511
f 3511 3532 3533
f 3511 3533 3512
f 3512 3533 3534
f 3512 3534 3513
f 3513 3534 3535
f 3513 3535 3514
f 3514 3535 3536
f 3514 3536 3515
f 3515 3536 3537
f 3515 3537 3516
f 3516 3537 3538
f 3516 3538 3517
f 3517 3538 3539
f 3517 3539 3518
f 3518 3539 3540
f 3518 3540 3519
f 3519 3540 3541
f 3519 3541 3520
f 3520 3541 3542
f 3520 3542 3521
f 3521 3542 3543
f 3521 3543 3522
f 3522 3543 3544
f 3522 3544 3523
f 3523 3544 3545
f 3523 3545 3524
f 3524 3545 3546
f 3524 3546 3525
f 3525 3546 3547
f 3525 3547 3526
f 3526 3547 3548
f 3526 3548 3527
f 3527 3548 3529
f 3527 3529 3508
f 3529 3550 3551
f 3529 3551 3530
f 3530 3551 3552
f 3530 3552 3531
f 3531 3552 3553
f 3531 3553 3532
f 3532 3553 3554
f 3532 3554 3533
f 3533 3554 3555
f 3533 3555 3534
f 3534 3555 3556
f 3534 3556 3535
f 3535 3556 3557
f 3535 3557 3536
f 3536 3557 3558
f 3536 3558 3537
f 3537 3558 3559
f 3537 3559 3538
f 3538 3559 3560
f 3538 3560 3539
f 3539 3560 3561
f 3539 3561 3540
f 3540 3561 3562
f 3540 3562 3541
f 3541 3562 3563
f 3541 3563 3542
f 3542 3563 3564
f 3542 3564 3543
f 3543 3564 3565
f 3543 3565 3544
f 3544 3565 3566
f 3544 3566 3545
f 3545 3566 3567
f 3545 3567 3546
f 3546 3567 3568
f 3546 3568 3547
f 3547 3568 3569
f 3547 3569 3548
f 3548 3569 3550
f 3548 3550 3529
f 3550 3571 3572
f 3550 3572 3551
f 3551 3572 3573
f 3551 3573 3552
f 3552 3573 3574
f 3552 3574 3553
f 3553 3574 3575
f 3553 3575 3554
f 3554 3575 3576
f 3554 3576 3555
f 3555 3576 3577
f 3555 3577 3556
f 3556 3577 3578
f 3556 3578 3557
f 3557 3578 3579
f 3557 3579 3558
f 3558 3579 3580
f 3558 3580 3559
f 3559 3580 3581
f 3559 3581 3560
f 3560 3581 3582
f 3560 3582 3561
f 3561 3582 3583
f 3561 3583 3562
f 3562 3583 3584
f 3562 3584 3563
f 3563 3584 3585
f 3563 3585 3564
f 3564 3585 3586
f 3564 3586 3565
f 3565 3586 3587
f 3565 3587 3566
f 3566 3587 3588
f 3566 3588 3567
f 3567 3588 3589
f 3567 3589 3568
f 3568 3589 3590
f 3568 3590 3569
f 3569 3590 3571
f 3569 3571 3550
f 3571 3592 3593
f 3571 3593 3572
f 3572 3593 3594
f 3572 3594 3573
f 3573 3594 3595
f 3573 3595 3574
f 3574 3595 3596
f 3574 3596 3575
f 3575 3596 3597
f 3575 3597 3576
f 3576 3597 3598
f 3576 3598 3577
f 3577 3598 3599
f 3577 3599 3578
f 3578 3599 3600
f 3578 3600 3579
f 3579 3600 3601
f 3579 3601 3580
f 3580 3601 3602
f 3580 3602 3581
f 3581 3602 3603
f 3581 3603 3582
f 3582 3603 3604
f 3582 3604 3583
f 3583 3604 3605
f 3583 3605 3584
f 3584 3605 3606
f 3584 3606 3585
f 3585 3606 3607
f 3585 3607 3586
f 3586 3607 3608
f 3586 3608 3587
f 3587 3608 3609
f 3587 3609 3588
f 3588 3609 3610
f 3588 3610 3589
f 3589 3610 3611
f 3589 3611 3590
f 3590 3611 3592
f 3590 3592 3571
f 3592 3613 3614
f 3592 3614 3593
f 3593 3614 3615
f 3593 3615 3594
f 3594 3615 3616
f 3594 3616 3595
f 3595 3616 3617
f 3595 3617 3596
f 3596 3617 3618
f 3596 3618 3597
f 3597 3618 3619
f 3597 3619 3598
f 3598 3619 3620
f 3598 3620 3599
f 3599 3620 3621
f 3599 3621 3600
f 3600 3621 3622
f 3600 3622 3601
f 3601 3622 3623
f 3601 3623 3602
f 3602 3623 3624
f 3602 3624 3603
f 3603 3624 3625
f 3603 3625 3604
f 3604 3625 3626
f 3604 3626 3605
f 3605 3626 3627
f 3605 3627 3606
f 3606 3627 3628
f 3606 3628 3607
f 3607 3628 3629
f 3607 3629 3608
f 3608 3629 3630
f 3608 3630 3609
f 3609 3630 3631
f 3609 3631 3610
f 3610 3631 3632
f 3610 3632 3611
f 3611 3632 3613
f 3611 3613 3592
f 3613 3634 3635
f 3613 3635 3614
f 3614 3635 3636
f 3614 3636 3615
f 3615 3636 3637
f 3615 3637 3616
f 3616 3637 3638
f 3616 3638 3617
f 3617 3638 3639
f 3617 3639 3618
f 3618 3639 3640
f 3618 3640 3619
f 3619 3640 3641
f 3619 3641 3620
f 3620 3641 3642
f 3620 3642 3621
f 3621 3642 3643
f 3621 3643 3622
f 3622 3643 3644
f 3622 3644 3623
f 3623 3644 3645
f 3623 3645 3624
f 3624 3645 3646
f 3624 3646 3625
f 3625 3646 3647
f 3625 3647 3626
f 3626 3647 3648
f 3626 3648 3627
f 3627 3648 3649
f 3627 3649 3628
f 3628 3649 3650
f 3628 3650 3629
f 3629 3650 3651
f 3629 3651 3630
f 3630 3651 3652
f 3630 3652 3631
f 3631 3652 3653
f 3631 3653 3632
f 3632 3653 3634
f 3632 3634 3613
f 3634 3655 3656
f 3634 3656 3635
f 3635 3656 3657
f 3635 3657 3636
f 3636 3657 3658
f 3636 3658 3637
f 3637 3658 3659
f 3637 3659 3638
f 3638 3659 3660
f 3638 3660 3639
f 3639 3660 3661
f 3639 3661 3640
f 3640 3661 3662
f 3640 3662 3641
f 3641 3662 3663
f 3641 3663 3642
f 3642 3663 3664
f 3642 3664 3643
f 3643 3664 3665
f 3643 3665 3644
f 3644 3665 3666
f 3644 3666 3645
f 3645 3666 3667
f 3645 3667 3646
f 3646 3667 3668
f 3646 3668 3647
f 3647 3668 3669
f 3647 3669 3648
f 3648 3669 3670
f 3648 3670 3649
f 3649 3670 3671
f 3649 3671 3650
f 3650 3671 3672
f 3650 3672 3651
f 3651 3672 3673
f 3651 3673 3652
f 3652 3673 3674
f 3652 3674 3653
f 3653 3674 3655
f 3653 3655 3634
f 3655 3676 3677
f 3655 3677 3656
f 3656 3677 3678
f 3656 3678 3657
f 3657 3678 3679
f 3657 3679 3658
f 3658 3679 3680
f 3658 3680 3659
f 3659 3680 3681
f 3659 3681 3660
f 3660 3681 3682
f 3660 3682 3661
f 3661 3682 3683
f 3661 3683 3662
f 3662 3683 3684
f 3662 3684 3663
f 3663 3684 3685
f 3663 3685 3664
f 3664 3685 3686
f 3664 3686 3665
f 3665 3686 3687
f 3665 3687 3666
f 3666 3687 3688
f 3666 3688 3667
f 3667 3688 3689
f 3667 3689 3668
f 3668 3689 3690
f 3668 3690 3669
f 3669 3690 3691
f 3669 3691 3670
f 3670 3691 3692
f 3670 3692 3671
f 3671 3692 3693
f 3671 3693 3672
f 3672 3693 3694
f 3672 3694 3673
f 3673 3694 3695
f 3673 3695 3674
f 3674 3695 3676
f 3674 3676 3655
f 3676 3697 3698
f 3676 3698 3677
f 3677 3698 3699
f 3677 3699 3678
f 3678 3699 3700
f 3678 3700 3679
f 3679 3700 3701
f 3679 3701 3680
f 3680 3701 3702
f 3680 3702 3681
f 3681 3702 3703
f 3681 3703 3682
f 3682 3703 3704
f 3682 3704 3683
f 3683 3704 3705
f 3683 3705 3684
f 3684 3705 3706
f 3684 3706 3685
f 3685 3706 3707
f 3685 3707 3686
f 3686 3707 3708
f 3686 3708 3687
f 3687 3708 3709
f 3687 3709 3688
f 3688 3709 3710
f 3688 3710 3689
f 3689 3710 3711
f 3689 3711 3690
f 3690 3711 3712
f 3690 3712 3691
f 3691 3712 3713
f 3691 3713 3692
f 3692 3713 3714
f 3692 3714 3693
f 3693 3714 3715
f 3693 3715 3694
f 3694 3715 3716
f 3694 3716 3695
f 3695 3716 3697
f 3695 3697 3676
f 3697 3718 3719
f 3697 3719 3698
f 3698 3719 3720
f 3698 3720 3699
f 3699 3720 3721
f 3699 3721 3700
f 3700 3721 3722
f 3700 3722 3701
f 3701 3722 3723
f 3701 3723 3702
f 3702 3723 3724
f 3702 3724 3703
f 3703 3724 3725
f 3703 3725 3704
f 3704 3725 3726
f 3704 3726 3705
f 3705 3726 3727
f 3705 3727 3706
f 3706 3727 3728
f 3706 3728 3707
f 3707 3728 3729
f 3707 3729 3708
f 3708 3729 3730
f 3708 3730 3709
f 3709 3730 3731
f 3709 3731 3710
f 3710 3731 3732
f 3710 3732 3711
f 3711 3732 3733
f 3711 3733 3712
f 3712 3733 3734
f 3712 3734 3713
f 3713 3734 3735
f 3713 3735 3714
f 3714 3735 3736
f 3714 3736 3715
f 3715 3736 3737
f 3715 3737 3716
f 3716 3737 3718
f 3716 3718 3697
f 3718 3739 3740
f 3718 3740 3719
f 3719 3740 3741
f 3719 3741 3720
f 3720 3741 3742
f 3720 3742 3721
f 3721 3742 3743
f 3721 3743 3722
f 3722 3743 3744
f 3722 3744 3723
f 3723 3744 3745
f 3723 3745 3724
f 3724 3745 3746
f 3724 3746 3725
f 3725 3746 3747
f 3725 3747 3726
f 3726 3747 3748
f 3726 3748 3727
f 3727 3748 3749
f 3727 3749 3728
f 3728 3749 3750
f 3728 3750 3729
f 3729 3750 3751
f 3729 3751 3730
f 3730 3751 3752
f 3730 3752 3731
f 3731 3752 3753
f 3731 3753 3732
f 3732 3753 3754
f 3732 3754 3733
f 3733 3754 3755
f 3733 3755 3734
f 3734 3755 3756
f 3734 3756 3735
f 3735 3756 3757
f 3735 3757 3736
f 3736 3757 3758
f 3736 3758 3737
f 3737 3758 3739
f 3737 3739 3718
f 3739 3760 3761
f 3739 3761 3740
f 3740 3761 3762
f 3740 3762 3741
f 3741 3762 3763
f 3741 3763 3742
f 3742 3763 3764
f 3742 3764 3743
f 3743 3764 3765
f 3743 3765 3744
f 3744 3765 3766
f 3744 3766 3745
f 3745 3766 3767
f 3745 3767 3746
f 3746 3767 3768
f 3746 3768 3747
f 3747 3768 3769
f 3747 3769 3748
f 3748 3769 3770
f 3748 3770 3749
f 3749 3770 3771
f 3749 3771 3750
f 3750 3771 3772
f 3750 3772 3751
f 3751 3772 3773
f 3751 3773 3752
f 3752 3773 3774
f 3752 3774 3753
f 3753 3774 3775
f 3753 3775 3754
f 3754 3775 3776
f 3754 3776 3755
f 3755 3776 3777
f 3755 3777 3756
f 3756 3777 3778
f 3756 3778 3757
f 3757 3778 3779
f 3757 3779 3758
f 3758 3779 3760
f 3758 3760 3739
f 3760 3781 3782
f 3760 3782 3761
f 3761 3782 3783
f 3761 3783 3762
f 3762 3783 3784
f 3762 3784 3763
f 3763 3784 3785
f 3763 3785 3764
f 3764 3785 3786
f 3764 3786 3765
f 3765 3786 3787
f 3765 3787 3766
f 3766 3787 3788
f 3766 3788 3767
f 3767 3788 3789
f 3767 3789 3768
f 3768 3789 3790
f 3768 3790 3769
f 3769 3790 3791
f 3769 3791 3770
f 3770 3791 3792
f 3770 3792 3771
f 3771 3792 3793
f 3771 3793 3772
f 3772 3793 3794
f 3772 3794 3773
f 3773 3794 3795
f 3773 3795 3774
f 3774 3795 3796
f 3774 3796 3775
f 3775 3796 3797
f 3775 3797 3776
f 3776 3797 3798
f 3776 3798 3777
f 3777 3798 3799
f 3777 3799 3778
f 3778 3799 3800
f 3778 3800 3779
f 3779 3800 3781
f 3779 3781 3760
f 3781 3802 3803
f 3781 3803 3782
f 3782 3803 3804
f 3782 3804 3783
f 3783 3804 3805
f 3783 3805 3784
f 3784 3805 3806
f 3784 3806 3785
f 3785 3806 3807
f 3785 3807 3786
f 3786 3807 3808
f 3786 3808 3787
f 3787 3808 3809
f 3787 3809 3788
f 3788 3809 3810
f 3788 3810 3789
f 3789 3810 3811
f 3789 3811 3790
f 3790 3811 3812
f 3790 3812 3791
f 3791 3812 3813
f 3791 3813 3792
f 3792 3813 3814
f 3792 3814 3793
f 3793 3814 3815
f 3793 3815 3794
f 3794 3815 3816
f 3794 3816 3795
f 3795 3816 3817
f 3795 3817 3796
f 3796 3817 3818
f 3796 3818 3797
f 3797 3818 3819
f 3797 3819 3798
f 3798 3819 3820
f 3798 3820 3799
f 3799 3820 3821
f 3799 3821 3800
f 3800 3821 3802
f 3800 3802 3781
f 3802 3823 3824
f 3802 3824 3803
f 3803 3824 3825
f 3803 3825 3804
f 3804 3825 3826
f 3804 3826 3805
f 3805 3826 3827
f 3805 3827 3806
f 3806 3827 3828
f 3806 3828 3807
f 3807 3828 3829
f 3807 3829 3808
f 3808 3829 3830
f 3808 3830 3809
f 3809 3830 3831
f 3809 3831 3810
f 3810 3831 3832
f 3810 3832 3811
f 3811 3832 3833
f 3811 3833 3812
f 3812 3833 3834
f 3812 3834 3813
f 3813 3834 3835
f 3813 3835 3814
f 3814 3835 3836
f 3814 3836 3815
f 3815 3836 3837
f 3815 3837 3816
f 3816 3837 3838
f 3816 3838 3817
f 3817 3838 3839
f 3817 3839 3818
f 3818 3839 3840
f 3818 3840 3819
f 3819 3840 3841
f 3819 3841 3820
f 3820 3841 3842
f 3820 3842 3821
f 3821 3842 3823
f 3821 3823 3802
f 3823 3844 3845
f 3823 3845 3824
f 3824 3845 3846
f 3824 3846 3825
f 3825 3846 3847
f 3825 3847 3826
f 3826 3847 3848
f 3826 3848 3827
f 3827 3848 3849
f 3827 3849 3828
f 3828 3849 3850
f 3828 3850 3829
f 3829 3850 3851
f 3829 3851 3830
f 3830 3851 3852
f 3830 3852 3831
f 3831 3852 3853
f 3831 3853 3832
f 3832 3853 3854
f 3832 3854 3833
f 3833 3854 3855
f 3833 3855 3834
f 3834 3855 3856
f 3834 3856 3835
f 3835 3856 3857
f 3835 3857 3836
f 3836 3857 3858
f 3836 3858 3837
f 3837 3858 3859
f 3837 3859 3838
f 3838 3859 3860
f 3838 3860 3839
f 3839 3860 3861
f 3839 3861 3840
f 3840 3861 3862
f 3840 3862 3841
f 3841 3862 3863
f 3841 3863 3842
f 3842 3863 3844
f 3842 3844 3823
f 3844 3865 3866
f 3844 3866 3845
f 3845 3866 3867
f 3845 3867 3846
f 3846 3867 3868
f 3846 3868 3847
f 3847 3868 3869
f 3847 3869 3848
f 3848 3869 3870
f 3848 3870 3849
f 3849 3870 3871
f 3849 3871 3850
f 3850 3871 3872
f 3850 3872 3851
f 3851 3872 3873
f 3851 3873 3852
f 3852 3873 3874
f 3852 3874 3853
f 3853 3874 3875
f 3853 3875 3854
f 3854 3875 3876
f 3854 3876 3855
f 3855 3876 3877
f 3855 3877 3856
f 3856 3877 3878
f 3856 3878 3857
f 3857 3878 3879
f 3857 3879 3858
f 3858 3879 3880
f 3858 3880 3859
f 3859 3880 3881
f 3859 3881 3860
f 3860 3881 3882
f 3860 3882 3861
f 3861 3882 3883
f 3861 3883 3862
f 3862 3883 3884
f 3862 3884 3863
f 3863 3884 3865
f 3863 3865 3844
f 3865 3886 3887
f 3865 3887 3866
f 3866 3887 3888
f 3866 3888 3867
f 3867 3888 3889
f 3867 3889 3868
f 3868 3889 3890
f 3868 3890 3869
f 3869 3890 3891
f 3869 3891 3870
f 3870 3891 3892
f 3870 3892 3871
f 3871 3892 3893
f 3871 3893 3872
f 3872 3893 3894
f 3872 3894 3873
f 3873 3894 3895
f 3873 3895 3874
f 3874 3895 3896
f 3874 3896 3875
f 3875 3896 3897
f 3875 3897 3876
f 3876 3897 3898
f 3876 3898 3877
f 3877 3898 3899
f 3877 3899 3878
f 3878 3899 3900
f 3878 3900 3879
f 3879 3900 3901
f 3879 3901 3880
f 3880 3901 3902
f 3880 3902 3881
f 3881 3902 3903
f 3881 3903 3882
f 3882 3903 3904
f 3882 3904 3883
f 3883 3904 3905
f 3883 3905 3884
f 3884 3905 3886
f 3884 3886 3865
f 3886 3907 3908
f 3886 3908 3887
f 3887 3908 3909
f 3887 3909 3888
f 3888 3909 3910
f 3888 3910 3889
f 3889 3910 3911
f 3889 3911 3890
f 3890 3911 3912
f 3890 3912 3891
f 3891 3912 3913
f 3891 3913 3892
f 3892 3913 3914
f 3892 3914 3893
f 3893 3914 3915
f 3893 3915 3894
f 3894 3915 3916
f 3894 3916 3895
f 3895 3916 3917
f 3895 3917 3896
f 3896 3917 3918
f 3896 3918 3897
f 3897 3918 3919
f 3897 3919 3898
f 3898 3919 3920
f 3898 3920 3899
f 3899 3920 3921
f 3899 3921 3900
f 3900 3921 3922
f 3900 3922 3901
f 3901 3922 3923
f 3901 3923 3902
f 3902 3923 3924
f 3902 3924 3903
f 3903 3924 3925
f 3903 3925 3904
f 3904 3925 3926
f 3904 3926 3905
f 3905 3926 3907
f 3905 3907 3886
f 3907 3928 3929
f 3907 3929 3908
f 3908 3929 3930
f 3908 3930 3909
f 3909 3930 3931
f 3909 3931 3910
f 3910 3931 3932
f 3910 3932 3911
f 3911 3932 3933
f 3911 3933 3912
f 3912 3933 3934
f 3912 3934 3913
f 3913 3934 3935
f 3913 3935 3914
f 3914 3935 3936
f 3914 3936 3915
f 3915 3936 3937
f 3915 3937 3916
f 3916 3937 3938
f 3916 3938 3917
f 3917 3938 3939
f 3917 3939 3918
f 3918 3939 3940
f 3918 3940 3919
f 3919 3940 3941
f 3919 3941 3920
f 3920 3941 3942
f 3920 3942 3921
f 3921 3942 3943
f 3921 3943 3922
f 3922 3943 3944
f 3922 3944 3923
f 3923 3944 3945
f 3923 3945 3924
f 3924 3945 3946
f 3924 3946 3925
f 3925 3946 3947
f 3925 3947 3926
f 3926 3947 3928
f 3926 3928 3907
f 3928 3949 3950
f 3928 3950 3929
f 3929 3950 3951
f 3929 3951 3930
f 3930 3951 3952
f 3930 3952 3931
f 3931 3952 3953
f 3931 3953 3932
f 3932 3953 3954
f 3932 3954 3933
f 3933 3954 3955
f 3933 3955 3934
f 3934 3955 3956
f 3934 3956 3935
f 3935 3956 3957
f 3935 3957 3936
f 3936 3957 3958
f 3936 3958 3937
f 3937 3958 3959
f 3937 3959 3938
f 3938 3959 3960
f 3938 3960 3939
f 3939 3960 3961
f 3939 3961 3940
f 3940 3961 3962
f 3940 3962 3941
f 3941 3962 3963
f 3941 3963 3942
f 3942 3963 3964
f 3942 3964 3943
f 3943 3964 3965
f 3943 3965 3944
f 3944 3965 3966
f 3944 3966 3945
f 3945 3966 3967
f 3945 3967 3946
f 3946 3967 3968
f 3946 3968 3947
f 3947 3968 3949
f 3947 3949 3928
f 3949 3970 3971
f 3949 3971 3950
f 3950 3971 3972
f 3950 3972 3951
f 3951 3972 3973
f 3951 3973 3952
f 3952 3973 3974
f 3952 3974 3953
f 3953 3974 3975
f 3953 3975 3954
f 3954 3975 3976
f 3954 3976 3955
f 3955 3976 3977
f 3955 3977 3956
f 3956 3977 3978
f 3956 3978 3957
f 3957 3978 3979
f 3957 3979 3958
f 3958 3979 3980
f 3958 3980 3959
f 3959 3980 3981
f 3959 3981 3960
f 3960 3981 3982
f 3960 3982 3961
f 3961 3982 3983
f 3961 3983 3962
f 3962 3983 3984
f 3962 3984 3963
f 3963 3984 3985
f 3963 3985 3964
f 3964 3985 3986
f 3964 3986 3965
f 3965 3986 3987
f 3965 3987 3966
f 3966 3987 3988
f 3966 3988 3967
f 3967 3988 3989
f 3967 3989 3968
f 3968 3989 3970
f 3968 3970 3949
f 3970 3991 3992
f 3970 3992 3971
f 3971 3992 3993
f 3971 3993 3972
f 3972 3993 3994
f 3972 3994 3973
f 3973 3994 3995
f 3973 3995 3974
f 3974 3995 3996
f 3974 3996 3975
f 3975 3996 3997
f 3975 3997 3976
f 3976 3997 3998
f 3976 3998 3977
f 3977 3998 3999
f 3977 3999 3978
f 3978 3999 4000
f 3978 4000 3979
f 3979 4000 4001
f 3979 4001 3980
f 3980 4001 4002
f 3980 4002 3981
f 3981 4002 4003
f 3981 4003 3982
f 3982 4003 4004
f 3982 4004 3983
f 3983 4004 4005
f 3983 4005 3984
f 3984 4005 4006
f 3984 4006 3985
f 3985 4006 4007
f 3985 4007 3986
f 3986 4007 4008
f 3986 4008 3987
f 3987 4008 4009
f 3987 4009 3988
f 3988 4009 4010
f 3988 4010 3989
f 3989 4010 3991
f 3989 3991 3970
f 3991 4012 4013
f 3991 4013 3992
f 3992 4013 4014
f 3992 4014 3993
f 3993 4014 4015
f 3993 4015 3994
f 3994 4015 4016
f 3994 4016 3995
f 3995 4016 4017
f 3995 4017 3996
f 3996 4017 4018
f 3996 4018 3997
f 3997 4018 4019
f 3997 4019 3998
f 3998 4019 4020
f 3998 4020 3999
f 3999 4020 4021
f 3999 4021 4000
f 4000 4021 4022
f 4000 4022 4001
f 4001 4022 4023
f 4001 4023 4002
f 4002 4023 4024
f 4002 4024 4003
f 4003 4024 4025
f 4003 4025 4004
f 4004 4025 4026
f 4004 4026 4005
f 4005 4026 4027
f 4005 4027 4006
f 4006 4027 4028
f 4006 4028 4007
f 4007 4028 4029
f 4007 4029 4008
f 4008 4029 4030
f 4008 4030 4009
f 4009 4030 4031
f 4009 4031 4010
f 4010 4031 4012
f 4010 4012 3991
f 4012 4033 4034
f 4012 4034 4013
f 4013 4034 4035
f 4013 4035 4014
f 4014 4035 4036
f 4014 4036 4015
f 4015 4036 4037
f 4015 4037 4016
f 4016 4037 4038
f 4016 4038 4017
f 4017 4038 4039
f 4017 4039 4018
f 4018 4039 4040
f 4018 4040 4019
f 4019 4040 4041
f 4019 4041 4020
f 4020 4041 4042
f 4020 4042 4021
f 4021 4042 4043
f 4021 4043 4022
f 4022 4043 4044
f 4022 4044 4023
f 4023 4044 4045
f 4023 4045 4024
f 4024 4045 4046
f 4024 4046 4025
f 4025 4046 4047
f 4025 4047 4026
f 4026 4047 4048
f 4026 4048 4027
f 4027 4048 4049
f 4027 4049 4028
f 4028 4049 4050
f 4028 4050 4029
f 4029 4050 4051
f 4029 4051 4030
f 4030 4051 4052
f 4030 4052 4031
f 4031 4052 4033
f 4031 4033 4012
f 4033 4054 4055
f 4033 4055 4034
f 4034 4055 4056
f 4034 4056 4035
f 4035 4056 4057
f 4035 4057 4036
f 4036 4057 4058
f 4036 4058 4037
f 4037 4058 4059
f 4037 4059 4038
f 4038 4059 4060
f 4038 4060 4039
f 4039 4060 4061
f 4039 4061 4040
f 4040 4061 4062
f 4040 4062 4041
f 4041 4062 4063
f 4041 4063 4042
f 4042 4063 4064
f 4042 4064 4043
f 4043 4064 4065
f 4043 4065 4044
f 4044 4065 4066
f 4044 4066 4045
f 4045 4066 4067
f 4045 4067 4046
f 4046 4067 4068
f 4046 4068 4047
f 4047 4068 4069
f 4047 4069 4048
f 4048 4069 4070
f 4048 4070 4049
f 4049 4070 4071
f 4049 4071 4050
f 4050 4071 4072
f 4050 4072 4051
f 4051 4072 4073
f 4051 4073 4052
f 4052 4073 4054
f 4052 4054 4033
f 4054 4075 4076
f 4054 4076 4055
f 4055 4076 4077
f 4055 4077 4056
f 4056 4077 4078
f 4056 4078 4057
f 4057 4078 4079
f 4057 4079 4058
f 4058 4079 4080
f 4058 4080 4059
f 4059 4080 4081
f 4059 4081 4060
f 4060 4081 4082
f 4060 4082 4061
f 4061 4082 4083
f 4061 4083 4062
f 4062 4083 4084
f 4062 4084 4063
f 4063 4084 4085
f 4063 4085 4064
f 4064 4085 4086
f 4064 4086 4065
f 4065 4086 4087
f 4065 4087 4066
f 4066 4087 4088
f 4066 4088 4067
f 4067 4088 4089
f 4067 4089 4068
f 4068 4089 4090
f 4068 4090 4069
f 4069 4090 4091
f 4069 4091 4070
f 4070 4091 4092
f 4070 4092 4071
f 4071 4092 4093
f 4071 4093 4072
f 4072 4093 4094
f 4072 4094 4073
f 4073 4094 4075
f 4073 4075 4054
f 4075 4096 4097
f 4075 4097 4076
f 4076 4097 4098
f 4076 4098 4077
f 4077 4098 4099
f 4077 4099 4078
f 4078 4099 4100
f 4078 4100 4079
f 4079 4100 4101
f 4079 4101 4080
f 4080 4101 4102
f 4080 4102 4081
f 4081 4102 4103
f 4081 4103 4082
f 4082 4103 4104
f 4082 4104 4083
f 4083 4104 4105
f 4083 4105 4084
f 4084 4105 4106
f 4084 4106 4085
f 4085 4106 4107
f 4085 4107 4086
f 4086 4107 4108
f 4086 4108 4087
f 4087 4108 4109
f 4087 4109 4088
f 4088 4109 4110
f 4088 4110 4089
f 4089 4110 4111
f 4089 4111 4090
f 4090 4111 4112
f 4090 4112 4091
f 4091 4112 4113
f 4091 4113 4092
f 4092 4113 4114
f 4092 4114 4093
f 4093 4114 4115
f 4093 4115 4094
f 4094 4115 4096
f 4094 4096 4075
f 4096 4117 4118
f 4096 4118 4097
f 4097 4118 4119
f 4097 4119 4098
f 4098 4119 4120
f 4098 4120 4099
f 4099 4120 4121
f 4099 4121 4100
f 4100 4121 4122
f 4100 4122 4101
f 4101 4122 4123
f 4101 4123 4102
f 4102 4123 4124
f 4102 4124 4103
f 4103 4124 4125
f 4103 4125 4104
f 4104 4125 4126
f 4104 4126 4105
f 4105 4126 4127
f 4105 4127 4106
f 4106 4127 4128
f 4106 4128 4107
f 4107 4128 4129
f 4107 4129 4108
f 4108 4129 4130
f 4108 4130 4109
f 4109 4130 4131
f 4109 4131 4110
f 4110 4131 4132
f 4110 4132 4111
f 4111 4132 4133
f 4111 4133 4112
f 4112 4133 4134
f 4112 4134 4113
f 4113 4134 4135
f 4113 4135 4114
f 4114 4135 4136
f 4114 4136 4115
f 4115 4136 4117
f 4115 4117 4096
f 4117 4138 4139
f 4117 4139 4118
f 4118 4139 4140
f 4118 4140 4119
f 4119 4140 4141
f 4119 4141 4120
f 4120 4141 4142
f 4120 4142 4121
f 4121 4142 4143
f 4121 4143 4122
f 4122 4143 4144
f 4122 4144 4123
f 4123 4144 4145
f 4123 4145 4124
f 4124 4145 4146
f 4124 4146 4125
f 4125 4146 4147
f 4125 4147 4126
f 4126 4147 4148
f 4126 4148 4127
f 4127 4148 4149
f 4127 4149 4128
f 4128 4149 4150
f 4128 4150 4129
f 4129 4150 4151
f 4129 4151 4130
f 4130 4151 4152
f 4130 4152 4131
f 4131 4152 4153
f 4131 4153 4132
f 4132 4153 4154
f 4132 4154 4133
f 4133 4154 4155
f 4133 4155 4134
f 4134 4155 4156
f 4134 4156 4135
f 4135 4156 4157
f 4135 4157 4136
f 4136 4157 4138
f 4136 4138 4117
f 4138 4159 4160
f 4138 4160 4139
f 4139 4160 4161
f 4139 4161 4140
f 4140 4161 4162
f 4140 4162 4141
f 4141 4162 4163
f 4141 4163 4142
f 4142 4163 4164
f 4142 4164 4143
f 4143 4164 4165
f 4143 4165 4144
f 4144 4165 4166
f 4144 4166 4145
f 4145 4166 4167
f 4145 4167 4146
f 4146 4167 4168
f 4146 4168 4147
f 4147 4168 4169
f 4147 4169 4148
f 4148 4169 4170
f 4148 4170 4149
f 4149 4170 4171
f 4149 4171 4150
f 4150 4171 4172
f 4150 4172 4151
f 4151 4172 4173
f 4151 4173 4152
f 4152 4173 4174
f 4152 4174 4153
f 4153 4174 4175
f 4153 4175 4154
f 4154 4175 4176
f 4154 4176 4155
f 4155 4176 4177
f 4155 4177 4156
f 4156 4177 4178
f 4156 4178 4157
f 4157 4178 4159
f 4157 4159 4138
f 4159 4180 4181
f 4159 4181 4160
f 4160 4181 4182
f 4160 4182 4161
f 4161 4182 4183
f 4161 4183 4162
f 4162 4183 4184
f 4162 4184 4163
f 4163 4184 4185
f 4163 4185 4164
f 4164 4185 4186
f 4164 4186 4165
f 4165 4186 4187
f 4165 4187 4166
f 4166 4187 4188
f 4166 4188 4167
f 4167 4188 4189
f 4167 4189 4168
f 4168 4189 4190
f 4168 4190 4169
f 4169 4190 4191
f 4169 4191 4170
f 4170 4191 4192
f 4170 4192 4171
f 4171 4192 4193
f 4171 4193 4172
f 4172 4193 4194
f 4172 4194 4173
f 4173 4194 4195
f 4173 4195 4174
f 4174 4195 4196
f 4174 4196 4175
f 4175 4196 4197
f 4175 4197 4176
f 4176 4197 4198
f 4176 4198 4177
f 4177 4198 4199
f 4177 4199 4178
f 4178 4199 4180
f 4178 4180 4159
f 4180 1 2
f 4180 2 4181
f 4181 2 3
f 4181 3 4182
f 4182 3 4
f 4182 4 4183
f 4183 4 5
f 4183 5 4184
f 4184 5 6
f 4184 6 4185
f 4185 6 7
f 4185 7 4186
f 4186 7 8
f 4186 8 4187
f 4187 8 9
f 4187 9 4188
f 4188 9 10
f 4188 10 4189
f 4189 10 11
f 4189 11 4190
f 4190 11 12
f 4190 12 4191
f 4191 12 13
f 4191 13 4192
f 4192 13 14
f 4192 14 4193
f 4193 14 15
f 4193 15 4194
f 4194 15 16
f 4194 16 4195
f 4195 16 17
f 4195 17 4196
f 4196 17 18
f 4196 18 4197
f 4197 18 19
f 4197 19 4198
f 4198 19 20
f 4198 20 4199
f 4199 20 1
f 4199 1 4180
