v 34.41 0.53 10.12
v 34.95 1.47 10.88
v 35.05 2.76 11.17
v 34.98 4.04 10.87
v 34.42 4.99 10.06
v 33.02 5.36 9.41
v 32.94 0.19 9.54
v 33.51 0.54 10.39
v 33.71 1.49 11.21
v 33.79 2.77 11.52
v 33.73 4.05 11.21
v 33.55 5.00 10.38
v 32.18 5.37 9.45
v 32.14 0.19 9.46
v 32.30 0.55 10.61
v 32.43 1.50 11.44
v 32.49 2.78 11.75
v 32.45 4.07 11.44
v 32.33 5.01 10.60
v 31.04 5.38 9.57
v 31.00 0.20 9.57
v 31.07 0.56 10.73
v 31.13 1.51 11.58
v 31.16 2.79 11.88
v 31.15 4.08 11.58
v 31.10 5.02 10.73
v 29.89 5.38 9.58
v 29.86 0.21 9.60
v 29.83 0.57 10.76
v 29.82 1.52 11.61
v 29.82 2.80 11.91
v 29.84 4.09 11.60
v 29.86 5.03 10.75
v 28.74 5.39 9.52
v 28.71 0.22 9.54
v 28.59 0.58 10.69
v 28.51 1.53 11.53
v 28.48 2.81 11.84
v 28.52 4.09 11.53
v 28.61 5.04 10.68
v 27.60 5.40 9.37
v 27.58 0.22 9.38
v 27.36 0.59 10.52
v 27.20 1.53 11.36
v 27.14 2.82 11.66
v 27.20 4.10 11.35
v 27.38 5.04 10.52
v 26.47 5.40 9.13
v 26.46 0.23 9.14
v 26.15 0.59 10.26
v 25.91 1.54 11.07
v 25.82 2.82 11.37
v 25.92 4.11 11.07
v 26.16 5.05 10.24
v 25.38 5.41 8.80
v 25.37 0.23 8.82
v 24.96 0.59 9.90
v 24.66 1.54 10.69
v 24.55 2.83 10.97
v 24.66 4.11 10.69
v 24.98 5.05 9.89
v 24.32 5.41 8.39
v 24.31 0.23 8.40
v 23.82 0.60 9.46
v 23.45 1.54 10.22
v 23.31 2.83 10.49
v 23.45 4.11 10.22
v 23.83 5.05 9.45
v 23.31 5.41 7.90
v 23.30 0.23 7.92
v 22.72 0.60 8.93
v 22.29 1.55 9.66
v 22.13 2.83 9.92
v 22.29 4.11 9.65
v 22.72 5.05 8.91
v 22.33 5.41 7.35
v 22.34 0.23 7.36
v 21.68 0.60 8.33
v 21.19 1.54 9.02
v 21.01 2.83 9.26
v 21.19 4.11 9.01
v 21.69 5.05 8.31
v 21.48 5.41 6.77
v 21.49 0.23 6.78
v 20.77 0.59 7.69
v 20.23 1.54 8.35
v 20.02 2.83 8.58
v 20.22 4.11 8.34
v 20.77 5.05 7.68
v 20.69 5.40 6.12
v 20.70 0.23 6.14
v 19.92 0.59 7.00
v 19.33 1.54 7.62
v 19.11 2.82 7.83
v 19.31 4.11 7.61
v 19.91 5.05 6.99
v 19.96 5.40 5.44
v 19.96 0.22 5.46
v 19.13 0.59 6.27
v 18.50 1.53 6.83
v 18.26 2.82 7.03
v 18.49 4.10 6.82
v 19.12 5.04 6.24
v 19.29 5.39 4.70
v 19.30 0.22 4.73
v 18.41 0.58 5.48
v 17.74 1.53 6.01
v 17.50 2.81 6.19
v 17.74 4.09 5.99
v 18.41 5.04 5.45
v 18.69 5.39 3.93
v 18.69 0.21 3.96
v 17.77 0.57 4.66
v 17.08 1.52 5.13
v 16.82 2.81 5.30
v 17.08 4.09 5.12
v 17.77 5.03 4.63
v 18.16 5.38 3.13
v 18.16 0.20 3.16
v 17.21 0.57 3.80
v 16.49 1.51 4.23
v 16.22 2.80 4.38
v 16.49 4.08 4.21
v 17.21 5.02 3.77
v 17.69 5.37 2.30
v 17.70 0.20 2.33
v 16.72 0.56 2.91
v 15.99 1.50 3.30
v 15.71 2.79 3.43
v 15.99 4.07 3.28
v 16.72 5.01 2.87
v 17.31 5.36 1.44
v 17.31 0.19 1.48
v 16.32 0.55 1.99
v 15.57 1.49 2.34
v 15.29 2.78 2.46
v 15.56 4.06 2.32
v 16.31 5.00 1.97
v 16.98 5.35 0.57
v 16.99 0.18 0.61
v 15.98 0.54 1.07
v 15.23 1.48 1.37
v 14.95 2.77 1.47
v 15.23 4.05 1.35
v 15.98 4.99 1.03
v 16.53 5.35 -0.08
v 16.47 0.17 0.02
v 15.74 0.53 0.13
v 14.98 1.47 0.39
v 14.70 2.75 0.48
v 14.98 4.04 0.37
v 15.73 4.98 0.10
v 15.53 0.52 -0.60
v 14.81 1.46 -0.60
v 14.53 2.74 -0.53
v 14.80 4.02 -0.62
v 15.58 4.97 -0.64
v 40.57 2.76 -10.61
v 40.14 0.96 -10.31
v 39.17 0.51 -9.65
v 38.39 1.76 -9.11
v 38.39 3.76 -9.11
v 39.17 5.01 -9.65
v 40.14 4.56 -10.31
v 41.72 2.76 -8.59
v 41.24 0.96 -8.37
v 40.17 0.51 -7.88
v 39.31 1.76 -7.49
v 39.31 3.76 -7.49
v 40.17 5.01 -7.88
v 41.24 4.56 -8.37
v 42.49 2.76 -6.40
v 41.98 0.96 -6.27
v 40.85 0.51 -5.98
v 39.93 1.76 -5.74
v 39.93 3.76 -5.74
v 40.85 5.01 -5.98
v 41.98 4.56 -6.27
v 42.88 2.76 -4.11
v 42.36 0.96 -4.07
v 41.18 0.51 -3.98
v 40.24 1.76 -3.90
v 40.24 3.76 -3.90
v 41.18 5.01 -3.98
v 42.36 4.56 -4.07
v 42.86 2.76 -1.79
v 42.34 0.96 -1.84
v 41.17 0.51 -1.95
v 40.22 1.76 -2.04
v 40.22 3.76 -2.04
v 41.17 5.01 -1.95
v 42.34 4.56 -1.84
v 42.44 2.76 0.49
v 41.94 0.96 0.35
v 40.80 0.51 0.04
v 39.89 1.76 -0.22
v 39.89 3.76 -0.22
v 40.80 5.01 0.04
v 41.94 4.56 0.35
v 41.63 2.76 2.66
v 41.15 0.96 2.44
v 40.09 0.51 1.93
v 39.24 1.76 1.53
v 39.24 3.76 1.53
v 40.09 5.01 1.93
v 41.15 4.56 2.44
v 40.45 2.76 4.66
v 40.02 0.96 4.37
v 39.06 0.51 3.68
v 38.29 1.76 3.13
v 38.29 3.76 3.13
v 39.06 5.01 3.68
v 40.02 4.56 4.37
v 38.95 2.76 6.44
v 38.57 0.96 6.07
v 37.75 0.51 5.23
v 37.09 1.76 4.54
v 37.09 3.76 4.54
v 37.75 5.01 5.23
v 38.57 4.56 6.07
v 37.16 2.76 7.91
v 36.86 0.96 7.48
v 36.19 0.51 6.51
v 35.65 1.76 5.74
v 35.65 3.76 5.74
v 36.19 5.01 6.51
v 36.86 4.56 7.48
v 35.13 2.76 9.06
v 34.92 0.96 8.58
v 34.43 0.51 7.51
v 34.03 1.76 6.65
v 34.03 3.76 6.65
v 34.43 5.01 7.51
v 34.92 4.56 8.58
v 32.95 2.76 9.83
v 32.81 0.96 9.32
v 32.52 0.51 8.19
v 32.28 1.76 7.27
v 32.28 3.76 7.27
v 32.52 5.01 8.19
v 32.81 4.56 9.32
v 30.66 2.76 10.22
v 30.61 0.96 9.70
v 30.52 0.51 8.53
v 30.45 1.76 7.58
v 30.45 3.76 7.58
v 30.52 5.01 8.53
v 30.61 4.56 9.70
v 28.34 2.76 10.20
v 28.38 0.96 9.68
v 28.50 0.51 8.50
v 28.59 1.76 7.56
v 28.59 3.76 7.56
v 28.50 5.01 8.50
v 28.38 4.56 9.68
v 26.05 2.76 9.78
v 26.19 0.96 9.28
v 26.50 0.51 8.14
v 26.76 1.76 7.23
v 26.76 3.76 7.23
v 26.50 5.01 8.14
v 26.19 4.56 9.28
v 23.88 2.76 8.97
v 24.10 0.96 8.49
v 24.61 0.51 7.43
v 25.02 1.76 6.58
v 25.02 3.76 6.58
v 24.61 5.01 7.43
v 24.10 4.56 8.49
v 21.88 2.76 7.80
v 22.18 0.96 7.36
v 22.87 0.51 6.40
v 23.41 1.76 5.63
v 23.41 3.76 5.63
v 22.87 5.01 6.40
v 22.18 4.56 7.36
v 20.11 2.76 6.29
v 20.48 0.96 5.92
v 21.32 0.51 5.09
v 22.00 1.76 4.43
v 22.00 3.76 4.43
v 21.32 5.01 5.09
v 20.48 4.56 5.92
v 18.63 2.76 4.50
v 19.06 0.96 4.20
v 20.03 0.51 3.53
v 20.81 1.76 2.99
v 20.81 3.76 2.99
v 20.03 5.01 3.53
v 19.06 4.56 4.20
v 17.48 2.76 2.48
v 17.96 0.96 2.26
v 19.03 0.51 1.77
v 19.89 1.76 1.38
v 19.89 3.76 1.38
v 19.03 5.01 1.77
v 17.96 4.56 2.26
v 16.71 2.76 0.29
v 17.22 0.96 0.16
v 18.36 0.51 -0.14
v 19.27 1.76 -0.37
v 19.27 3.76 -0.37
v 18.36 5.01 -0.14
v 17.22 4.56 0.16
v 16.32 2.76 -2.00
v 16.85 0.96 -2.04
v 18.02 0.51 -2.14
v 18.96 1.76 -2.21
v 18.96 3.76 -2.21
v 18.02 5.01 -2.14
v 16.85 4.56 -2.04
v 16.34 2.76 -4.32
v 16.86 0.96 -4.28
v 18.04 0.51 -4.16
v 18.98 1.76 -4.07
v 18.98 3.76 -4.07
v 18.04 5.01 -4.16
v 16.86 4.56 -4.28
v 16.76 2.76 -6.61
v 17.27 0.96 -6.46
v 18.41 0.51 -6.15
v 19.32 1.76 -5.90
v 19.32 3.76 -5.90
v 18.41 5.01 -6.15
v 17.27 4.56 -6.46
v 17.58 2.76 -8.78
v 18.05 0.96 -8.56
v 19.12 0.51 -8.05
v 19.97 1.76 -7.65
v 19.97 3.76 -7.65
v 19.12 5.01 -8.05
v 18.05 4.56 -8.56
v 18.75 2.76 -10.79
v 19.18 0.96 -10.48
v 20.14 0.51 -9.80
v 20.91 1.76 -9.25
v 20.91 3.76 -9.25
v 20.14 5.01 -9.80
v 19.18 4.56 -10.48
v 20.26 2.76 -12.55
v 20.63 0.96 -12.18
v 21.46 0.51 -11.34
v 22.12 1.76 -10.67
v 22.12 3.76 -10.67
v 21.46 5.01 -11.34
v 20.63 4.56 -12.18
v 22.05 2.76 -14.03
v 22.34 0.96 -13.59
v 23.01 0.51 -12.63
v 23.55 1.76 -11.85
v 23.55 3.76 -11.85
v 23.01 5.01 -12.63
v 22.34 4.56 -13.59
v 24.07 2.76 -15.17
v 24.29 0.96 -14.70
v 24.78 0.51 -13.62
v 25.17 1.76 -12.77
v 25.17 3.76 -12.77
v 24.78 5.01 -13.62
v 24.29 4.56 -14.70
v 26.26 2.76 -15.95
v 26.39 0.96 -15.44
v 26.69 0.51 -14.30
v 26.92 1.76 -13.39
v 26.92 3.76 -13.39
v 26.69 5.01 -14.30
v 26.39 4.56 -15.44
v 28.54 2.76 -16.33
v 28.59 0.96 -15.82
v 28.68 0.51 -14.64
v 28.75 1.76 -13.69
v 28.75 3.76 -13.69
v 28.68 5.01 -14.64
v 28.59 4.56 -15.82
v 30.87 2.76 -16.32
v 30.82 0.96 -15.80
v 30.70 0.51 -14.62
v 30.61 1.76 -13.68
v 30.61 3.76 -13.68
v 30.70 5.01 -14.62
v 30.82 4.56 -15.80
v 33.15 2.76 -15.89
v 33.01 0.96 -15.39
v 32.70 0.51 -14.25
v 32.44 1.76 -13.34
v 32.44 3.76 -13.34
v 32.70 5.01 -14.25
v 33.01 4.56 -15.39
v 35.33 2.76 -15.09
v 35.10 0.96 -14.61
v 34.59 0.51 -13.54
v 34.19 1.76 -12.69
v 34.19 3.76 -12.69
v 34.59 5.01 -13.54
v 35.10 4.56 -14.61
v 37.33 2.76 -13.91
v 37.02 0.96 -13.48
v 36.34 0.51 -12.52
v 35.79 1.76 -11.75
v 35.79 3.76 -11.75
v 36.34 5.01 -12.52
v 37.02 4.56 -13.48
v 39.10 2.76 -12.40
v 38.72 0.96 -12.03
v 37.88 0.51 -11.20
v 37.21 1.76 -10.54
v 37.21 3.76 -10.54
v 37.88 5.01 -11.20
v 38.72 4.56 -12.03
v 37.67 2.03 -8.62
v 37.67 3.49 -8.62
v 38.52 2.03 -7.13
v 38.52 3.49 -7.13
v 39.09 2.03 -5.52
v 39.09 3.49 -5.52
v 39.37 2.03 -3.83
v 39.37 3.49 -3.83
v 39.36 2.03 -2.13
v 39.36 3.49 -2.13
v 39.05 2.03 -0.45
v 39.05 3.49 -0.45
v 38.45 2.03 1.16
v 38.45 3.49 1.16
v 37.59 2.03 2.63
v 37.59 3.49 2.63
v 36.48 2.03 3.92
v 36.48 3.49 3.92
v 35.16 2.03 5.01
v 35.16 3.49 5.01
v 33.68 2.03 5.86
v 33.68 3.49 5.86
v 32.06 2.03 6.43
v 32.06 3.49 6.43
v 30.38 2.03 6.71
v 30.38 3.49 6.71
v 28.67 2.03 6.70
v 28.67 3.49 6.70
v 26.99 2.03 6.39
v 26.99 3.49 6.39
v 25.39 2.03 5.79
v 25.39 3.49 5.79
v 23.92 2.03 4.93
v 23.92 3.49 4.93
v 22.62 2.03 3.81
v 22.62 3.49 3.81
v 21.53 2.03 2.50
v 21.53 3.49 2.50
v 20.69 2.03 1.01
v 20.69 3.49 1.01
v 20.11 2.03 -0.59
v 20.11 3.49 -0.59
v 19.83 2.03 -2.28
v 19.83 3.49 -2.28
v 19.85 2.03 -3.99
v 19.85 3.49 -3.99
v 20.16 2.03 -5.67
v 20.16 3.49 -5.67
v 20.75 2.03 -7.27
v 20.75 3.49 -7.27
v 21.62 2.03 -8.74
v 21.62 3.49 -8.74
v 22.73 2.03 -10.04
v 22.73 3.49 -10.04
v 24.05 2.03 -11.13
v 24.05 3.49 -11.13
v 25.53 2.03 -11.97
v 25.53 3.49 -11.97
v 27.14 2.03 -12.54
v 27.14 3.49 -12.54
v 28.83 2.03 -12.83
v 28.83 3.49 -12.83
v 30.53 2.03 -12.81
v 30.53 3.49 -12.81
v 32.21 2.03 -12.50
v 32.21 3.49 -12.50
v 33.81 2.03 -11.90
v 33.81 3.49 -11.90
v 35.29 2.03 -11.04
v 35.29 3.49 -11.04
v 36.59 2.03 -9.93
v 36.59 3.49 -9.93
v 34.04 2.30 -12.43
v 28.68 2.30 -13.41
v 23.69 2.30 -11.64
v 20.14 2.30 -7.51
v 19.16 2.30 -2.14
v 20.93 2.30 2.84
v 25.06 2.30 6.39
v 30.42 2.30 7.38
v 35.41 2.30 5.61
v 38.96 2.30 1.47
v 39.94 2.30 -3.89
v 38.17 2.30 -8.88
v 35.11 2.30 2.95
v 34.09 2.30 2.03
v 32.59 2.30 0.10
v 31.74 2.30 -1.16
v 31.73 2.30 -1.54
v 31.89 2.30 -1.86
v 32.21 2.30 -2.07
v 33.67 2.30 -1.80
v 35.99 2.30 -1.09
v 37.27 2.30 -0.48
v 37.36 2.30 -0.17
v 37.45 2.30 0.14
v 37.54 2.30 0.45
v 37.32 2.30 0.91
v 37.09 2.30 1.35
v 36.82 2.30 1.78
v 36.52 2.30 2.20
v 36.21 2.30 2.59
v 35.87 2.30 2.97
v 35.62 2.30 2.97
v 35.36 2.30 2.97
v 24.69 2.30 3.54
v 25.42 2.30 2.37
v 27.03 2.30 0.54
v 28.12 2.30 -0.52
v 28.50 2.30 -0.61
v 28.84 2.30 -0.50
v 29.11 2.30 -0.22
v 29.10 2.30 1.25
v 28.83 2.30 3.66
v 28.47 2.30 5.03
v 28.27 2.30 5.19
v 28.07 2.30 5.36
v 27.87 2.30 5.53
v 27.29 2.30 5.37
v 26.65 2.30 5.17
v 26.09 2.30 4.97
v 25.63 2.30 4.75
v 25.18 2.30 4.52
v 24.75 2.30 4.24
v 24.73 2.30 4.01
v 24.71 2.30 3.77
v 21.61 2.30 -1.16
v 22.91 2.30 -1.57
v 25.33 2.30 -1.94
v 26.85 2.30 -2.04
v 27.19 2.30 -1.87
v 27.39 2.30 -1.56
v 27.41 2.30 -1.17
v 26.45 2.30 -0.05
v 24.68 2.30 1.62
v 23.52 2.30 2.43
v 23.20 2.30 2.34
v 22.88 2.30 2.25
v 22.56 2.30 2.16
v 22.27 2.30 1.75
v 22.00 2.30 1.32
v 21.76 2.30 0.87
v 21.55 2.30 0.41
v 21.36 2.30 -0.06
v 21.20 2.30 -0.53
v 21.34 2.30 -0.75
v 21.47 2.30 -0.95
v 22.33 2.30 -6.83
v 23.60 2.30 -6.28
v 25.66 2.30 -4.97
v 26.87 2.30 -4.05
v 27.01 2.30 -3.69
v 26.96 2.30 -3.34
v 26.73 2.30 -3.03
v 25.26 2.30 -2.81
v 22.84 2.30 -2.72
v 21.43 2.30 -2.87
v 21.24 2.30 -3.09
v 21.05 2.30 -3.31
v 20.86 2.30 -3.54
v 20.91 2.30 -4.04
v 20.98 2.30 -4.55
v 21.08 2.30 -5.04
v 21.22 2.30 -5.53
v 21.38 2.30 -6.01
v 21.56 2.30 -6.48
v 21.82 2.30 -6.59
v 22.08 2.30 -6.71
v 25.66 2.30 -10.80
v 25.89 2.30 -10.66
v 26.12 2.30 -10.53
v 26.35 2.30 -10.39
v 27.05 2.30 -9.22
v 27.94 2.30 -7.03
v 28.35 2.30 -5.63
v 28.21 2.30 -5.28
v 27.92 2.30 -5.05
v 27.54 2.30 -5.00
v 26.24 2.30 -5.70
v 24.24 2.30 -7.03
v 23.24 2.30 -7.96
v 23.24 2.30 -8.31
v 23.23 2.30 -8.65
v 23.23 2.30 -9.00
v 23.59 2.30 -9.36
v 23.97 2.30 -9.69
v 24.37 2.30 -10.01
v 24.78 2.30 -10.30
v 25.21 2.30 -10.57
v 31.57 2.30 -11.48
v 31.63 2.30 -11.29
v 31.68 2.30 -11.09
v 31.74 2.30 -10.90
v 31.53 2.30 -9.51
v 30.81 2.30 -7.19
v 30.22 2.30 -5.81
v 29.89 2.30 -5.63
v 29.53 2.30 -5.62
v 29.20 2.30 -5.82
v 28.74 2.30 -7.22
v 28.23 2.30 -9.58
v 28.15 2.30 -10.97
v 28.28 2.30 -11.20
v 28.42 2.30 -11.44
v 28.56 2.30 -11.67
v 29.06 2.30 -11.71
v 29.57 2.30 -11.73
v 30.07 2.30 -11.70
v 30.58 2.30 -11.66
v 31.08 2.30 -11.59
v 33.94 2.30 -10.51
v 34.41 2.30 -10.21
v 34.92 2.30 -9.89
v 35.35 2.30 -9.54
v 35.76 2.30 -9.13
v 36.18 2.30 -8.65
v 36.54 2.30 -8.21
v 36.46 2.30 -7.99
v 36.38 2.30 -7.79
v 36.30 2.30 -7.58
v 35.24 2.30 -6.70
v 33.14 2.30 -5.47
v 31.79 2.30 -4.83
v 31.41 2.30 -4.88
v 31.12 2.30 -5.10
v 30.98 2.30 -5.46
v 31.45 2.30 -6.89
v 32.45 2.30 -9.15
v 33.22 2.30 -10.35
v 33.46 2.30 -10.41
v 33.70 2.30 -10.45
v 38.24 2.30 -2.50
v 38.04 2.30 -2.32
v 37.85 2.30 -2.15
v 37.65 2.30 -1.98
v 36.27 2.30 -2.04
v 33.88 2.30 -2.56
v 32.42 2.30 -2.99
v 32.17 2.30 -3.27
v 32.09 2.30 -3.63
v 32.20 2.30 -4.00
v 33.49 2.30 -4.71
v 35.73 2.30 -5.65
v 37.10 2.30 -6.01
v 37.33 2.30 -5.90
v 37.55 2.30 -5.79
v 37.78 2.30 -5.69
v 37.94 2.30 -5.15
v 38.10 2.30 -4.57
v 38.20 2.30 -4.01
v 38.24 2.30 -3.50
v 38.26 2.30 -3.00
v 30.54 2.30 5.63
v 30.37 2.30 5.47
v 30.19 2.30 5.30
v 30.00 2.30 5.14
v 29.82 2.30 3.77
v 29.89 2.30 1.33
v 30.05 2.30 -0.19
v 30.28 2.30 -0.49
v 30.61 2.30 -0.64
v 30.99 2.30 -0.59
v 31.94 2.30 0.55
v 33.27 2.30 2.57
v 33.87 2.30 3.86
v 33.72 2.30 4.17
v 33.59 2.30 4.47
v 33.44 2.30 4.77
v 32.98 2.30 4.99
v 32.51 2.30 5.17
v 32.03 2.30 5.33
v 31.54 2.30 5.45
v 31.04 2.30 5.56
v 34.04 3.23 -12.43
v 28.68 3.23 -13.41
v 23.69 3.23 -11.64
v 20.14 3.23 -7.51
v 19.16 3.23 -2.14
v 20.93 3.23 2.84
v 25.06 3.23 6.39
v 30.42 3.23 7.38
v 35.41 3.23 5.61
v 38.96 3.23 1.47
v 39.94 3.23 -3.89
v 38.17 3.23 -8.88
v 35.11 3.23 2.95
v 34.09 3.23 2.03
v 32.59 3.23 0.10
v 31.74 3.23 -1.16
v 31.73 3.23 -1.54
v 31.89 3.23 -1.86
v 32.21 3.23 -2.07
v 33.67 3.23 -1.80
v 35.99 3.23 -1.09
v 37.27 3.23 -0.48
v 37.36 3.23 -0.17
v 37.45 3.23 0.14
v 37.54 3.23 0.45
v 37.32 3.23 0.91
v 37.09 3.23 1.35
v 36.82 3.23 1.78
v 36.52 3.23 2.20
v 36.21 3.23 2.59
v 35.87 3.23 2.97
v 35.62 3.23 2.97
v 35.36 3.23 2.97
v 24.69 3.23 3.54
v 25.42 3.23 2.37
v 27.03 3.23 0.54
v 28.12 3.23 -0.52
v 28.50 3.23 -0.61
v 28.84 3.23 -0.50
v 29.11 3.23 -0.22
v 29.10 3.23 1.25
v 28.83 3.23 3.66
v 28.47 3.23 5.03
v 28.27 3.23 5.19
v 28.07 3.23 5.36
v 27.87 3.23 5.53
v 27.29 3.23 5.37
v 26.65 3.23 5.17
v 26.09 3.23 4.97
v 25.63 3.23 4.75
v 25.18 3.23 4.52
v 24.75 3.23 4.24
v 24.73 3.23 4.01
v 24.71 3.23 3.77
v 21.61 3.23 -1.16
v 22.91 3.23 -1.57
v 25.33 3.23 -1.94
v 26.85 3.23 -2.04
v 27.19 3.23 -1.87
v 27.39 3.23 -1.56
v 27.41 3.23 -1.17
v 26.45 3.23 -0.05
v 24.68 3.23 1.62
v 23.52 3.23 2.43
v 23.20 3.23 2.34
v 22.88 3.23 2.25
v 22.56 3.23 2.16
v 22.27 3.23 1.75
v 22.00 3.23 1.32
v 21.76 3.23 0.87
v 21.55 3.23 0.41
v 21.36 3.23 -0.06
v 21.20 3.23 -0.53
v 21.34 3.23 -0.75
v 21.47 3.23 -0.95
v 22.33 3.23 -6.83
v 23.60 3.23 -6.28
v 25.66 3.23 -4.97
v 26.87 3.23 -4.05
v 27.01 3.23 -3.69
v 26.96 3.23 -3.34
v 26.73 3.23 -3.03
v 25.26 3.23 -2.81
v 22.84 3.23 -2.72
v 21.43 3.23 -2.87
v 21.24 3.23 -3.09
v 21.05 3.23 -3.31
v 20.86 3.23 -3.54
v 20.91 3.23 -4.04
v 20.98 3.23 -4.55
v 21.08 3.23 -5.04
v 21.22 3.23 -5.53
v 21.38 3.23 -6.01
v 21.56 3.23 -6.48
v 21.82 3.23 -6.59
v 22.08 3.23 -6.71
v 25.66 3.23 -10.80
v 25.89 3.23 -10.66
v 26.12 3.23 -10.53
v 26.35 3.23 -10.39
v 27.05 3.23 -9.22
v 27.94 3.23 -7.03
v 28.35 3.23 -5.63
v 28.21 3.23 -5.28
v 27.92 3.23 -5.05
v 27.54 3.23 -5.00
v 26.24 3.23 -5.70
v 24.24 3.23 -7.03
v 23.24 3.23 -7.96
v 23.24 3.23 -8.31
v 23.23 3.23 -8.65
v 23.23 3.23 -9.00
v 23.59 3.23 -9.36
v 23.97 3.23 -9.69
v 24.37 3.23 -10.01
v 24.78 3.23 -10.30
v 25.21 3.23 -10.57
v 31.57 3.23 -11.48
v 31.63 3.23 -11.29
v 31.68 3.23 -11.09
v 31.74 3.23 -10.90
v 31.53 3.23 -9.51
v 30.81 3.23 -7.19
v 30.22 3.23 -5.81
v 29.89 3.23 -5.63
v 29.53 3.23 -5.62
v 29.20 3.23 -5.82
v 28.74 3.23 -7.22
v 28.23 3.23 -9.58
v 28.15 3.23 -10.97
v 28.28 3.23 -11.20
v 28.42 3.23 -11.44
v 28.56 3.23 -11.67
v 29.06 3.23 -11.71
v 29.57 3.23 -11.73
v 30.07 3.23 -11.70
v 30.58 3.23 -11.66
v 31.08 3.23 -11.59
v 33.94 3.23 -10.51
v 34.41 3.23 -10.21
v 34.92 3.23 -9.89
v 35.35 3.23 -9.54
v 35.76 3.23 -9.13
v 36.18 3.23 -8.65
v 36.54 3.23 -8.21
v 36.46 3.23 -7.99
v 36.38 3.23 -7.79
v 36.30 3.23 -7.58
v 35.24 3.23 -6.70
v 33.14 3.23 -5.47
v 31.79 3.23 -4.83
v 31.41 3.23 -4.88
v 31.12 3.23 -5.10
v 30.98 3.23 -5.46
v 31.45 3.23 -6.89
v 32.45 3.23 -9.15
v 33.22 3.23 -10.35
v 33.46 3.23 -10.41
v 33.70 3.23 -10.45
v 38.24 3.23 -2.50
v 38.04 3.23 -2.32
v 37.85 3.23 -2.15
v 37.65 3.23 -1.98
v 36.27 3.23 -2.04
v 33.88 3.23 -2.56
v 32.42 3.23 -2.99
v 32.17 3.23 -3.27
v 32.09 3.23 -3.63
v 32.20 3.23 -4.00
v 33.49 3.23 -4.71
v 35.73 3.23 -5.65
v 37.10 3.23 -6.01
v 37.33 3.23 -5.90
v 37.55 3.23 -5.79
v 37.78 3.23 -5.69
v 37.94 3.23 -5.15
v 38.10 3.23 -4.57
v 38.20 3.23 -4.01
v 38.24 3.23 -3.50
v 38.26 3.23 -3.00
v 30.54 3.23 5.63
v 30.37 3.23 5.47
v 30.19 3.23 5.30
v 30.00 3.23 5.14
v 29.82 3.23 3.77
v 29.89 3.23 1.33
v 30.05 3.23 -0.19
v 30.28 3.23 -0.49
v 30.61 3.23 -0.64
v 30.99 3.23 -0.59
v 31.94 3.23 0.55
v 33.27 3.23 2.57
v 33.87 3.23 3.86
v 33.72 3.23 4.17
v 33.59 3.23 4.47
v 33.44 3.23 4.77
v 32.98 3.23 4.99
v 32.51 3.23 5.17
v 32.03 3.23 5.33
v 31.54 3.23 5.45
v 31.04 3.23 5.56
v 18.91 1.74 -1.56
v 18.88 1.73 -1.87
v 28.80 1.96 -2.79
v 28.81 1.96 -2.72
v 18.91 3.85 -1.56
v 18.88 3.85 -1.87
v 28.80 3.62 -2.79
v 28.81 3.62 -2.72
v 22.25 1.74 4.91
v 22.03 1.73 4.68
v 29.16 1.96 -2.27
v 29.21 1.96 -2.22
v 22.25 3.85 4.91
v 22.03 3.85 4.68
v 29.16 3.62 -2.27
v 29.21 3.62 -2.22
v 29.21 1.74 7.77
v 28.91 1.73 7.75
v 29.72 1.96 -2.18
v 29.79 1.96 -2.18
v 29.21 3.85 7.77
v 28.91 3.85 7.75
v 29.72 3.62 -2.18
v 29.79 3.62 -2.18
v 40.09 1.74 -0.68
v 40.01 1.73 -0.38
v 30.37 1.96 -2.91
v 30.39 1.96 -2.98
v 40.09 3.85 -0.68
v 40.01 3.85 -0.38
v 30.37 3.62 -2.91
v 30.39 3.62 -2.98
v 36.24 1.74 5.47
v 35.99 1.73 5.65
v 30.09 1.96 -2.38
v 30.15 1.96 -2.42
v 36.24 3.85 5.47
v 35.99 3.85 5.65
v 30.09 3.62 -2.38
v 30.15 3.62 -2.42
v 33.21 1.74 -13.10
v 33.50 1.73 -12.99
v 29.99 1.96 -3.67
v 29.92 1.96 -3.69
v 33.21 3.85 -13.10
v 33.50 3.85 -12.99
v 29.99 3.62 -3.67
v 29.92 3.62 -3.69
v 39.05 1.74 -8.06
v 39.19 1.73 -7.78
v 30.22 1.96 -3.44
v 30.19 1.96 -3.51
v 39.05 3.85 -8.06
v 39.19 3.85 -7.78
v 30.22 3.62 -3.44
v 30.19 3.62 -3.51
v 26.35 1.74 -13.24
v 26.65 1.73 -13.32
v 29.33 1.96 -3.73
v 29.25 1.96 -3.70
v 26.35 3.85 -13.24
v 26.65 3.85 -13.32
v 29.33 3.62 -3.73
v 29.25 3.62 -3.70
v 20.38 1.74 -8.56
v 20.54 1.73 -8.82
v 28.93 1.96 -3.43
v 28.89 1.96 -3.38
v 20.38 3.85 -8.56
v 20.54 3.85 -8.82
v 28.93 3.62 -3.43
v 28.89 3.62 -3.38
v 31.24 0.13 -4.33
v 31.55 0.13 -3.85
v 31.72 0.13 -3.31
v 31.74 0.13 -2.74
v 31.61 0.13 -2.19
v 31.35 0.13 -1.68
v 30.96 0.13 -1.27
v 30.48 0.13 -0.97
v 29.94 0.13 -0.80
v 29.38 0.13 -0.78
v 28.82 0.13 -0.90
v 28.32 0.13 -1.17
v 27.90 0.13 -1.55
v 27.60 0.13 -2.03
v 27.44 0.13 -2.58
v 27.41 0.13 -3.14
v 27.54 0.13 -3.69
v 27.80 0.13 -4.20
v 28.19 0.13 -4.61
v 28.66 0.13 -4.91
v 29.21 0.13 -5.08
v 29.78 0.13 -5.10
v 30.32 0.13 -4.97
v 30.83 0.13 -4.71
v 31.24 5.41 -4.33
v 31.55 5.41 -3.85
v 31.72 5.41 -3.31
v 31.74 5.41 -2.74
v 31.61 5.41 -2.19
v 31.35 5.41 -1.68
v 30.96 5.41 -1.27
v 30.48 5.41 -0.97
v 29.94 5.41 -0.80
v 29.38 5.41 -0.78
v 28.82 5.41 -0.90
v 28.32 5.41 -1.17
v 27.90 5.41 -1.55
v 27.60 5.41 -2.03
v 27.44 5.41 -2.58
v 27.41 5.41 -3.14
v 27.54 5.41 -3.69
v 27.80 5.41 -4.20
v 28.19 5.41 -4.61
v 28.66 5.41 -4.91
v 29.21 5.41 -5.08
v 29.78 5.41 -5.10
v 30.32 5.41 -4.97
v 30.83 5.41 -4.71
v 29.57 5.41 -2.94
v 29.57 0.13 -2.94
v 32.03 2.71 -8.70
v 30.44 2.71 -9.14
v 28.84 2.71 -9.15
v 27.32 2.71 -8.76
v 25.94 2.71 -8.00
v 24.79 2.71 -6.88
v 23.94 2.71 -5.47
v 23.50 2.71 -3.88
v 23.49 2.71 -2.29
v 23.89 2.71 -0.76
v 24.65 2.71 0.62
v 25.75 2.71 1.76
v 27.17 2.71 2.61
v 28.76 2.71 3.06
v 30.35 2.71 3.07
v 31.88 2.71 2.67
v 33.26 2.71 1.91
v 34.41 2.71 0.80
v 35.25 2.71 -0.61
v 35.70 2.71 -2.20
v 35.71 2.71 -3.80
v 35.32 2.71 -5.32
v 34.55 2.71 -6.69
v 33.44 2.71 -7.85
v 27.64 2.71 1.40
v 27.72 2.71 1.45
v 27.78 2.71 1.51
v 27.82 2.71 1.59
v 27.84 2.71 1.66
v 27.84 2.71 1.75
v 27.81 2.71 1.84
v 27.77 2.71 1.91
v 27.71 2.71 1.98
v 27.63 2.71 2.02
v 27.55 2.71 2.04
v 27.47 2.71 2.04
v 27.38 2.71 2.01
v 27.30 2.71 1.97
v 27.25 2.71 1.91
v 27.21 2.71 1.83
v 27.18 2.71 1.75
v 27.18 2.71 1.67
v 27.21 2.71 1.58
v 27.26 2.71 1.51
v 27.32 2.71 1.44
v 27.39 2.71 1.40
v 27.47 2.71 1.38
v 27.56 2.71 1.38
v 30.94 2.71 -6.17
v 31.73 2.71 -5.70
v 32.34 2.71 -5.06
v 32.76 2.71 -4.31
v 32.98 2.71 -3.46
v 32.97 2.71 -2.57
v 32.73 2.71 -1.70
v 32.26 2.71 -0.91
v 31.62 2.71 -0.30
v 30.86 2.71 0.12
v 30.02 2.71 0.34
v 29.13 2.71 0.34
v 28.25 2.71 0.09
v 27.47 2.71 -0.38
v 26.86 2.71 -1.01
v 26.44 2.71 -1.78
v 26.22 2.71 -2.63
v 26.23 2.71 -3.51
v 26.47 2.71 -4.38
v 26.94 2.71 -5.17
v 27.58 2.71 -5.78
v 28.34 2.71 -6.20
v 29.18 2.71 -6.43
v 30.06 2.71 -6.41
v 32.46 2.71 1.03
v 32.54 2.71 1.08
v 32.60 2.71 1.14
v 32.64 2.71 1.21
v 32.66 2.71 1.29
v 32.66 2.71 1.38
v 32.63 2.71 1.47
v 32.59 2.71 1.54
v 32.53 2.71 1.60
v 32.45 2.71 1.64
v 32.37 2.71 1.66
v 32.29 2.71 1.66
v 32.20 2.71 1.63
v 32.13 2.71 1.59
v 32.06 2.71 1.53
v 32.02 2.71 1.45
v 32.01 2.71 1.37
v 32.00 2.71 1.29
v 32.03 2.71 1.20
v 32.07 2.71 1.13
v 32.13 2.71 1.07
v 32.21 2.71 1.02
v 32.29 2.71 1.00
v 32.38 2.71 1.00
v 34.87 2.71 -3.16
v 34.95 2.71 -3.11
v 35.01 2.71 -3.05
v 35.05 2.71 -2.98
v 35.07 2.71 -2.89
v 35.07 2.71 -2.81
v 35.04 2.71 -2.73
v 35.00 2.71 -2.65
v 34.94 2.71 -2.59
v 34.86 2.71 -2.55
v 34.78 2.71 -2.53
v 34.70 2.71 -2.53
v 34.61 2.71 -2.55
v 34.54 2.71 -2.60
v 34.48 2.71 -2.66
v 34.44 2.71 -2.74
v 34.41 2.71 -2.81
v 34.41 2.71 -2.90
v 34.44 2.71 -2.98
v 34.48 2.71 -3.06
v 34.55 2.71 -3.12
v 34.62 2.71 -3.16
v 34.70 2.71 -3.18
v 34.79 2.71 -3.18
v 33.78 2.71 -6.74
v 33.85 2.71 -6.69
v 33.91 2.71 -6.63
v 33.95 2.71 -6.56
v 33.97 2.71 -6.48
v 33.97 2.71 -6.39
v 33.95 2.71 -6.30
v 33.90 2.71 -6.23
v 33.84 2.71 -6.17
v 33.77 2.71 -6.13
v 33.68 2.71 -6.10
v 33.60 2.71 -6.11
v 33.51 2.71 -6.13
v 33.44 2.71 -6.17
v 33.38 2.71 -6.24
v 33.34 2.71 -6.31
v 33.32 2.71 -6.39
v 33.32 2.71 -6.48
v 33.34 2.71 -6.57
v 33.39 2.71 -6.63
v 33.45 2.71 -6.70
v 33.52 2.71 -6.74
v 33.60 2.71 -6.76
v 33.69 2.71 -6.76
v 29.80 2.71 -8.44
v 29.88 2.71 -8.39
v 29.93 2.71 -8.34
v 29.98 2.71 -8.26
v 30.00 2.71 -8.18
v 30.00 2.71 -8.10
v 29.97 2.71 -8.01
v 29.93 2.71 -7.94
v 29.87 2.71 -7.87
v 29.79 2.71 -7.84
v 29.71 2.71 -7.81
v 29.62 2.71 -7.81
v 29.54 2.71 -7.83
v 29.47 2.71 -7.88
v 29.41 2.71 -7.94
v 29.36 2.71 -8.01
v 29.34 2.71 -8.10
v 29.34 2.71 -8.18
v 29.37 2.71 -8.27
v 29.41 2.71 -8.34
v 29.48 2.71 -8.41
v 29.55 2.71 -8.45
v 29.63 2.71 -8.47
v 29.72 2.71 -8.47
v 25.63 2.71 -6.19
v 25.71 2.71 -6.14
v 25.77 2.71 -6.08
v 25.81 2.71 -6.00
v 25.83 2.71 -5.93
v 25.83 2.71 -5.84
v 25.81 2.71 -5.75
v 25.76 2.71 -5.68
v 25.70 2.71 -5.62
v 25.62 2.71 -5.58
v 25.54 2.71 -5.55
v 25.46 2.71 -5.55
v 25.37 2.71 -5.58
v 25.30 2.71 -5.62
v 25.24 2.71 -5.68
v 25.20 2.71 -5.76
v 25.18 2.71 -5.85
v 25.18 2.71 -5.93
v 25.20 2.71 -6.01
v 25.24 2.71 -6.09
v 25.31 2.71 -6.15
v 25.38 2.71 -6.19
v 25.46 2.71 -6.21
v 25.55 2.71 -6.21
v 24.85 2.71 -1.63
v 24.93 2.71 -1.58
v 24.99 2.71 -1.52
v 25.03 2.71 -1.45
v 25.05 2.71 -1.37
v 25.05 2.71 -1.28
v 25.03 2.71 -1.20
v 24.98 2.71 -1.12
v 24.91 2.71 -1.06
v 24.84 2.71 -1.02
v 24.76 2.71 -1.00
v 24.67 2.71 -1.00
v 24.59 2.71 -1.03
v 24.52 2.71 -1.07
v 24.46 2.71 -1.13
v 24.42 2.71 -1.21
v 24.39 2.71 -1.28
v 24.39 2.71 -1.37
v 24.42 2.71 -1.46
v 24.46 2.71 -1.53
v 24.53 2.71 -1.59
v 24.60 2.71 -1.63
v 24.68 2.71 -1.65
v 24.77 2.71 -1.65
v 32.03 3.04 -8.70
v 30.44 3.04 -9.14
v 28.84 3.04 -9.15
v 27.32 3.04 -8.76
v 25.94 3.04 -8.00
v 24.79 3.04 -6.88
v 23.94 3.04 -5.47
v 23.50 3.04 -3.88
v 23.49 3.04 -2.29
v 23.89 3.04 -0.76
v 24.65 3.04 0.62
v 25.75 3.04 1.76
v 27.17 3.04 2.61
v 28.76 3.04 3.06
v 30.35 3.04 3.07
v 31.88 3.04 2.67
v 33.26 3.04 1.91
v 34.41 3.04 0.80
v 35.25 3.04 -0.61
v 35.70 3.04 -2.20
v 35.71 3.04 -3.80
v 35.32 3.04 -5.32
v 34.55 3.04 -6.69
v 33.44 3.04 -7.85
v 27.64 3.04 1.40
v 27.72 3.04 1.45
v 27.78 3.04 1.51
v 27.82 3.04 1.59
v 27.84 3.04 1.66
v 27.84 3.04 1.75
v 27.81 3.04 1.84
v 27.77 3.04 1.91
v 27.71 3.04 1.98
v 27.63 3.04 2.02
v 27.55 3.04 2.04
v 27.47 3.04 2.04
v 27.38 3.04 2.01
v 27.30 3.04 1.97
v 27.25 3.04 1.91
v 27.21 3.04 1.83
v 27.18 3.04 1.75
v 27.18 3.04 1.67
v 27.21 3.04 1.58
v 27.26 3.04 1.51
v 27.32 3.04 1.44
v 27.39 3.04 1.40
v 27.47 3.04 1.38
v 27.56 3.04 1.38
v 30.94 3.04 -6.17
v 31.73 3.04 -5.70
v 32.34 3.04 -5.06
v 32.76 3.04 -4.31
v 32.98 3.04 -3.46
v 32.97 3.04 -2.57
v 32.73 3.04 -1.70
v 32.26 3.04 -0.91
v 31.62 3.04 -0.30
v 30.86 3.04 0.12
v 30.02 3.04 0.34
v 29.13 3.04 0.34
v 28.25 3.04 0.09
v 27.47 3.04 -0.38
v 26.86 3.04 -1.01
v 26.44 3.04 -1.78
v 26.22 3.04 -2.63
v 26.23 3.04 -3.51
v 26.47 3.04 -4.38
v 26.94 3.04 -5.17
v 27.58 3.04 -5.78
v 28.34 3.04 -6.20
v 29.18 3.04 -6.43
v 30.06 3.04 -6.41
v 32.46 3.04 1.03
v 32.54 3.04 1.08
v 32.60 3.04 1.14
v 32.64 3.04 1.21
v 32.66 3.04 1.29
v 32.66 3.04 1.38
v 32.63 3.04 1.47
v 32.59 3.04 1.54
v 32.53 3.04 1.60
v 32.45 3.04 1.64
v 32.37 3.04 1.66
v 32.29 3.04 1.66
v 32.20 3.04 1.63
v 32.13 3.04 1.59
v 32.06 3.04 1.53
v 32.02 3.04 1.45
v 32.01 3.04 1.37
v 32.00 3.04 1.29
v 32.03 3.04 1.20
v 32.07 3.04 1.13
v 32.13 3.04 1.07
v 32.21 3.04 1.02
v 32.29 3.04 1.00
v 32.38 3.04 1.00
v 34.87 3.04 -3.16
v 34.95 3.04 -3.11
v 35.01 3.04 -3.05
v 35.05 3.04 -2.98
v 35.07 3.04 -2.89
v 35.07 3.04 -2.81
v 35.04 3.04 -2.73
v 35.00 3.04 -2.65
v 34.94 3.04 -2.59
v 34.86 3.04 -2.55
v 34.78 3.04 -2.53
v 34.70 3.04 -2.53
v 34.61 3.04 -2.55
v 34.54 3.04 -2.60
v 34.48 3.04 -2.66
v 34.44 3.04 -2.74
v 34.41 3.04 -2.81
v 34.41 3.04 -2.90
v 34.44 3.04 -2.98
v 34.48 3.04 -3.06
v 34.55 3.04 -3.12
v 34.62 3.04 -3.16
v 34.70 3.04 -3.18
v 34.79 3.04 -3.18
v 33.78 3.04 -6.74
v 33.85 3.04 -6.69
v 33.91 3.04 -6.63
v 33.95 3.04 -6.56
v 33.97 3.04 -6.48
v 33.97 3.04 -6.39
v 33.95 3.04 -6.30
v 33.90 3.04 -6.23
v 33.84 3.04 -6.17
v 33.77 3.04 -6.13
v 33.68 3.04 -6.10
v 33.60 3.04 -6.11
v 33.51 3.04 -6.13
v 33.44 3.04 -6.17
v 33.38 3.04 -6.24
v 33.34 3.04 -6.31
v 33.32 3.04 -6.39
v 33.32 3.04 -6.48
v 33.34 3.04 -6.57
v 33.39 3.04 -6.63
v 33.45 3.04 -6.70
v 33.52 3.04 -6.74
v 33.60 3.04 -6.76
v 33.69 3.04 -6.76
v 29.80 3.04 -8.44
v 29.88 3.04 -8.39
v 29.93 3.04 -8.34
v 29.98 3.04 -8.26
v 30.00 3.04 -8.18
v 30.00 3.04 -8.10
v 29.97 3.04 -8.01
v 29.93 3.04 -7.94
v 29.87 3.04 -7.87
v 29.79 3.04 -7.84
v 29.71 3.04 -7.81
v 29.62 3.04 -7.81
v 29.54 3.04 -7.83
v 29.47 3.04 -7.88
v 29.41 3.04 -7.94
v 29.36 3.04 -8.01
v 29.34 3.04 -8.10
v 29.34 3.04 -8.18
v 29.37 3.04 -8.27
v 29.41 3.04 -8.34
v 29.48 3.04 -8.41
v 29.55 3.04 -8.45
v 29.63 3.04 -8.47
v 29.72 3.04 -8.47
v 25.63 3.04 -6.19
v 25.71 3.04 -6.14
v 25.77 3.04 -6.08
v 25.81 3.04 -6.00
v 25.83 3.04 -5.93
v 25.83 3.04 -5.84
v 25.81 3.04 -5.75
v 25.76 3.04 -5.68
v 25.70 3.04 -5.62
v 25.62 3.04 -5.58
v 25.54 3.04 -5.55
v 25.46 3.04 -5.55
v 25.37 3.04 -5.58
v 25.30 3.04 -5.62
v 25.24 3.04 -5.68
v 25.20 3.04 -5.76
v 25.18 3.04 -5.85
v 25.18 3.04 -5.93
v 25.20 3.04 -6.01
v 25.24 3.04 -6.09
v 25.31 3.04 -6.15
v 25.38 3.04 -6.19
v 25.46 3.04 -6.21
v 25.55 3.04 -6.21
v 24.85 3.04 -1.63
v 24.93 3.04 -1.58
v 24.99 3.04 -1.52
v 25.03 3.04 -1.45
v 25.05 3.04 -1.37
v 25.05 3.04 -1.28
v 25.03 3.04 -1.20
v 24.98 3.04 -1.12
v 24.91 3.04 -1.06
v 24.84 3.04 -1.02
v 24.76 3.04 -1.00
v 24.67 3.04 -1.00
v 24.59 3.04 -1.03
v 24.52 3.04 -1.07
v 24.46 3.04 -1.13
v 24.42 3.04 -1.21
v 24.39 3.04 -1.28
v 24.39 3.04 -1.37
v 24.42 3.04 -1.46
v 24.46 3.04 -1.53
v 24.53 3.04 -1.59
v 24.60 3.04 -1.63
v 24.68 3.04 -1.65
v 24.77 3.04 -1.65
v 29.49 -1.27 -2.02
v 29.73 -0.93 -1.91
v 29.68 -0.50 -1.93
v 29.37 -0.24 -2.08
v 28.98 -0.29 -2.26
v 28.74 -0.63 -2.37
v 28.79 -1.06 -2.35
v 29.10 -1.33 -2.20
v 29.50 -1.51 -1.73
v 29.85 -1.00 -1.57
v 29.78 -0.37 -1.60
v 29.32 0.02 -1.81
v 28.75 -0.06 -2.09
v 28.40 -0.56 -2.26
v 28.47 -1.20 -2.22
v 28.92 -1.59 -2.01
v 23.84 -1.51 10.36
v 24.19 -1.00 10.53
v 24.12 -0.37 10.50
v 23.66 0.02 10.28
v 23.09 -0.06 10.00
v 22.74 -0.56 9.83
v 22.81 -1.20 9.87
v 23.27 -1.59 10.09
v 23.73 -1.72 10.87
v 24.18 -1.07 11.09
v 24.09 -0.25 11.04
v 23.50 0.26 10.76
v 22.76 0.15 10.41
v 22.31 -0.50 10.19
v 22.40 -1.32 10.24
v 22.99 -1.82 10.51
v 22.97 -1.72 12.46
v 23.43 -1.07 12.68
v 23.33 -0.25 12.64
v 22.74 0.26 12.35
v 22.01 0.15 12.00
v 21.55 -0.50 11.79
v 21.64 -1.32 11.82
v 22.23 -1.82 12.11
v 22.68 -1.40 12.64
v 22.98 -0.97 12.79
v 22.92 -0.43 12.76
v 22.53 -0.10 12.57
v 22.04 -0.16 12.34
v 21.74 -0.60 12.20
v 21.80 -1.14 12.23
v 22.19 -1.47 12.41
v 16.34 -1.40 26.07
v 16.64 -0.97 26.22
v 16.58 -0.43 26.19
v 16.19 -0.10 26.00
v 15.70 -0.16 25.77
v 15.40 -0.60 25.63
v 15.46 -1.14 25.65
v 15.85 -1.47 25.84
v 29.48 -1.26 -2.02
v 29.72 -0.93 -1.91
v 29.67 -0.51 -1.93
v 29.37 -0.25 -2.08
v 28.99 -0.30 -2.26
v 28.75 -0.64 -2.37
v 28.80 -1.06 -2.34
v 29.11 -1.32 -2.20
v 29.49 -1.49 -1.74
v 29.83 -1.00 -1.57
v 29.76 -0.38 -1.60
v 29.32 0.01 -1.82
v 28.76 -0.07 -2.08
v 28.41 -0.57 -2.25
v 28.48 -1.19 -2.22
v 28.93 -1.57 -2.00
v 23.83 -1.49 10.36
v 24.17 -1.00 10.53
v 24.10 -0.38 10.49
v 23.66 0.01 10.28
v 23.10 -0.07 10.00
v 22.75 -0.57 9.85
v 22.82 -1.19 9.88
v 23.27 -1.57 10.09
v 23.72 -1.70 10.87
v 24.17 -1.06 11.08
v 24.07 -0.26 11.03
v 23.50 0.23 10.75
v 22.77 0.13 10.42
v 22.33 -0.51 10.20
v 22.42 -1.31 10.24
v 23.00 -1.80 10.52
v 22.96 -1.70 12.46
v 23.41 -1.06 12.67
v 23.31 -0.26 12.63
v 22.74 0.23 12.35
v 22.02 0.13 12.01
v 21.57 -0.51 11.80
v 21.66 -1.31 11.84
v 22.24 -1.80 12.11
v 22.67 -1.39 12.64
v 22.97 -0.97 12.78
v 22.91 -0.44 12.75
v 22.53 -0.11 12.57
v 22.05 -0.18 12.35
v 21.76 -0.60 12.21
v 21.82 -1.13 12.24
v 22.20 -1.45 12.41
v 16.33 -1.39 26.07
v 16.62 -0.97 26.21
v 16.56 -0.44 26.18
v 16.18 -0.11 26.00
v 15.71 -0.18 25.77
v 15.41 -0.60 25.64
v 15.47 -1.13 25.66
v 15.85 -1.45 25.85
v 29.52 -1.06 -4.03
v 30.54 -1.06 -3.54
v 29.58 -1.06 -1.55
v 28.56 -1.06 -2.04
v 29.52 -0.42 -4.03
v 30.54 -0.42 -3.54
v 29.58 -0.42 -1.55
v 28.56 -0.42 -2.04
v 16.34 -1.61 26.34
v 16.74 -1.03 26.53
v 16.66 -0.31 26.49
v 16.14 0.13 26.24
v 15.49 0.04 25.93
v 15.09 -0.53 25.74
v 15.18 -1.25 25.78
v 15.69 -1.70 26.03
v 16.33 -1.59 26.33
v 16.72 -1.03 26.52
v 16.65 -0.32 26.48
v 16.14 0.11 26.24
v 15.50 0.02 25.94
v 15.11 -0.54 25.75
v 15.19 -1.24 25.79
v 15.70 -1.68 26.03
v 16.16 -1.61 26.71
v 16.56 -1.03 26.91
v 16.48 -0.31 26.87
v 15.96 0.13 26.62
v 15.31 0.04 26.31
v 14.91 -0.53 26.12
v 14.99 -1.25 26.16
v 15.51 -1.70 26.40
v 16.15 -1.59 26.71
v 16.55 -1.03 26.89
v 16.46 -0.32 26.86
v 15.96 0.11 26.62
v 15.32 0.02 26.32
v 14.93 -0.54 26.13
v 15.01 -1.24 26.16
v 15.52 -1.68 26.40
v 29.49 6.84 -2.02
v 29.73 6.50 -1.91
v 29.68 6.07 -1.93
v 29.37 5.80 -2.08
v 28.98 5.86 -2.26
v 28.74 6.20 -2.37
v 28.79 6.63 -2.35
v 29.10 6.89 -2.20
v 29.50 7.07 -1.73
v 29.85 6.57 -1.57
v 29.78 5.93 -1.60
v 29.32 5.54 -1.81
v 28.75 5.62 -2.09
v 28.40 6.13 -2.26
v 28.47 6.76 -2.22
v 28.92 7.15 -2.01
v 23.84 7.07 10.36
v 24.19 6.57 10.53
v 24.12 5.93 10.50
v 23.66 5.54 10.28
v 23.09 5.62 10.00
v 22.74 6.13 9.83
v 22.81 6.76 9.87
v 23.27 7.15 10.09
v 23.73 7.28 10.87
v 24.18 6.63 11.09
v 24.09 5.81 11.04
v 23.50 5.31 10.76
v 22.76 5.41 10.41
v 22.31 6.06 10.19
v 22.40 6.88 10.24
v 22.99 7.39 10.51
v 22.97 7.28 12.46
v 23.43 6.63 12.68
v 23.33 5.81 12.64
v 22.74 5.31 12.35
v 22.01 5.41 12.00
v 21.55 6.06 11.79
v 21.64 6.88 11.82
v 22.23 7.39 12.11
v 22.68 6.97 12.64
v 22.98 6.54 12.79
v 22.92 6.00 12.76
v 22.53 5.66 12.57
v 22.04 5.73 12.34
v 21.74 6.16 12.20
v 21.80 6.70 12.23
v 22.19 7.03 12.41
v 16.34 6.97 26.07
v 16.64 6.54 26.22
v 16.58 6.00 26.19
v 16.19 5.66 26.00
v 15.70 5.73 25.77
v 15.40 6.16 25.63
v 15.46 6.70 25.65
v 15.85 7.03 25.84
v 29.48 6.83 -2.02
v 29.72 6.49 -1.91
v 29.67 6.07 -1.93
v 29.37 5.81 -2.08
v 28.99 5.87 -2.26
v 28.75 6.20 -2.37
v 28.80 6.62 -2.34
v 29.11 6.88 -2.20
v 29.49 7.06 -1.74
v 29.83 6.56 -1.57
v 29.76 5.94 -1.60
v 29.32 5.56 -1.82
v 28.76 5.64 -2.08
v 28.41 6.13 -2.25
v 28.48 6.75 -2.22
v 28.93 7.14 -2.00
v 23.83 7.06 10.36
v 24.17 6.56 10.53
v 24.10 5.94 10.49
v 23.66 5.56 10.28
v 23.10 5.64 10.00
v 22.75 6.13 9.85
v 22.82 6.75 9.88
v 23.27 7.14 10.09
v 23.72 7.26 10.87
v 24.17 6.63 11.08
v 24.07 5.82 11.03
v 23.50 5.33 10.75
v 22.77 5.43 10.42
v 22.33 6.07 10.20
v 22.42 6.87 10.24
v 23.00 7.37 10.52
v 22.96 7.26 12.46
v 23.41 6.63 12.67
v 23.31 5.82 12.63
v 22.74 5.33 12.35
v 22.02 5.43 12.01
v 21.57 6.07 11.80
v 21.66 6.87 11.84
v 22.24 7.37 12.11
v 22.67 6.95 12.64
v 22.97 6.53 12.78
v 22.91 6.00 12.75
v 22.53 5.68 12.57
v 22.05 5.74 12.35
v 21.76 6.17 12.21
v 21.82 6.69 12.24
v 22.20 7.02 12.41
v 16.33 6.95 26.07
v 16.62 6.53 26.21
v 16.56 6.00 26.18
v 16.18 5.68 26.00
v 15.71 5.74 25.77
v 15.41 6.17 25.64
v 15.47 6.69 25.66
v 15.85 7.02 25.85
v 29.52 6.63 -4.03
v 30.54 6.63 -3.54
v 29.58 6.63 -1.55
v 28.56 6.63 -2.04
v 29.52 5.98 -4.03
v 30.54 5.98 -3.54
v 29.58 5.98 -1.55
v 28.56 5.98 -2.04
v 16.34 7.17 26.34
v 16.74 6.60 26.53
v 16.66 5.88 26.49
v 16.14 5.43 26.24
v 15.49 5.53 25.93
v 15.09 6.10 25.74
v 15.18 6.82 25.78
v 15.69 7.26 26.03
v 16.33 7.15 26.33
v 16.72 6.59 26.52
v 16.65 5.89 26.48
v 16.14 5.45 26.24
v 15.50 5.54 25.94
v 15.11 6.10 25.75
v 15.19 6.81 25.79
v 15.70 7.24 26.03
v 16.16 7.17 26.71
v 16.56 6.60 26.91
v 16.48 5.88 26.87
v 15.96 5.43 26.62
v 15.31 5.53 26.31
v 14.91 6.10 26.12
v 14.99 6.82 26.16
v 15.51 7.26 26.40
v 16.15 7.15 26.71
v 16.55 6.59 26.89
v 16.46 5.89 26.86
v 15.96 5.45 26.62
v 15.32 5.54 26.32
v 14.93 6.10 26.13
v 15.01 6.81 26.16
v 15.52 7.24 26.40
v 16.72 -0.47 21.45
v 16.31 -0.68 21.41
v 15.88 -0.54 21.37
v 15.67 -0.14 21.34
v 15.80 0.29 21.33
v 16.20 0.50 21.35
v 16.64 0.37 21.40
v 16.86 -0.03 21.45
v 9.58 -1.45 -1.04
v 9.20 -1.65 -0.88
v 8.80 -1.51 -0.70
v 8.61 -1.10 -0.63
v 8.73 -0.67 -0.71
v 9.10 -0.47 -0.88
v 9.51 -0.61 -1.05
v 9.71 -1.02 -1.11
v 8.31 -1.53 -2.97
v 7.99 -1.73 -2.73
v 7.65 -1.59 -2.48
v 7.49 -1.18 -2.36
v 7.60 -0.75 -2.47
v 7.91 -0.55 -2.72
v 8.25 -0.70 -2.97
v 8.42 -1.10 -3.07
v 6.88 -1.60 -4.63
v 6.59 -1.80 -4.36
v 6.29 -1.66 -4.09
v 6.14 -1.25 -3.97
v 6.23 -0.82 -4.08
v 6.52 -0.62 -4.35
v 6.83 -0.77 -4.62
v 6.98 -1.18 -4.73
v 4.57 -1.67 -6.17
v 4.41 -1.87 -5.80
v 4.24 -1.71 -5.42
v 4.16 -1.31 -5.24
v 4.21 -0.88 -5.38
v 4.37 -0.68 -5.75
v 4.54 -0.84 -6.13
v 4.62 -1.24 -6.30
v 1.96 -1.70 -6.80
v 1.94 -1.89 -6.39
v 1.92 -1.74 -5.97
v 1.91 -1.33 -5.78
v 1.92 -0.90 -5.93
v 1.94 -0.71 -6.34
v 1.96 -0.86 -6.76
v 1.97 -1.27 -6.96
v -7.50 -1.72 -7.40
v -7.52 -1.92 -6.99
v -7.54 -1.76 -6.57
v -7.55 -1.35 -6.37
v -7.54 -0.93 -6.53
v -7.52 -0.74 -6.93
v -7.50 -0.89 -7.36
v -7.49 -1.30 -7.55
v -16.74 -1.73 -7.61
v -16.76 -1.93 -7.20
v -16.79 -1.77 -6.78
v -16.80 -1.36 -6.59
v -16.79 -0.94 -6.74
v -16.77 -0.75 -7.15
v -16.75 -0.90 -7.57
v -16.74 -1.31 -7.77
v -28.97 -1.73 -7.53
v -28.99 -1.92 -7.12
v -29.01 -1.77 -6.69
v -29.02 -1.36 -6.50
v -29.01 -0.93 -6.65
v -28.99 -0.74 -7.06
v -28.97 -0.89 -7.49
v -28.96 -1.30 -7.68
v -33.18 -1.73 -7.46
v -33.18 -1.92 -7.05
v -33.18 -1.77 -6.63
v -33.18 -1.36 -6.43
v -33.18 -0.93 -6.59
v -33.18 -0.74 -7.00
v -33.18 -0.89 -7.42
v -33.18 -1.30 -7.61
v 15.36 -0.44 22.75
v 15.35 -0.65 23.11
v 15.35 -0.49 23.49
v 15.34 -0.05 23.67
v 15.35 0.41 23.53
v 15.35 0.62 23.15
v 15.36 0.46 22.78
v 15.36 0.02 22.61
v 10.75 -0.52 20.53
v 10.47 -0.71 20.84
v 10.18 -0.57 21.16
v 10.04 -0.16 21.30
v 10.13 0.27 21.18
v 10.40 0.47 20.87
v 10.70 0.32 20.55
v 10.85 -0.09 20.41
v 13.19 -0.63 11.91
v 16.07 -0.22 21.18
v 15.48 -0.14 23.03
v 10.23 -0.25 20.76
v 13.19 -0.25 11.90
v 16.07 0.15 21.17
v 15.48 0.23 23.01
v 10.23 0.12 20.74
v 16.72 5.91 21.45
v 16.31 6.12 21.41
v 15.88 5.99 21.37
v 15.67 5.59 21.34
v 15.80 5.16 21.33
v 16.20 4.94 21.35
v 16.64 5.08 21.40
v 16.86 5.48 21.45
v 9.58 6.89 -1.04
v 9.20 7.09 -0.88
v 8.80 6.95 -0.70
v 8.61 6.55 -0.63
v 8.73 6.12 -0.71
v 9.10 5.91 -0.88
v 9.51 6.06 -1.05
v 9.71 6.46 -1.11
v 8.31 6.97 -2.97
v 7.99 7.17 -2.73
v 7.65 7.03 -2.48
v 7.49 6.62 -2.36
v 7.60 6.19 -2.47
v 7.91 5.99 -2.72
v 8.25 6.14 -2.97
v 8.42 6.55 -3.07
v 6.88 7.05 -4.63
v 6.59 7.25 -4.36
v 6.29 7.10 -4.09
v 6.14 6.69 -3.97
v 6.23 6.26 -4.08
v 6.52 6.07 -4.35
v 6.82 6.21 -4.62
v 6.98 6.62 -4.73
v 4.57 7.11 -6.17
v 4.41 7.31 -5.80
v 4.24 7.16 -5.42
v 4.16 6.75 -5.24
v 4.21 6.32 -5.38
v 4.37 6.13 -5.75
v 4.54 6.28 -6.13
v 4.62 6.69 -6.30
v 1.96 7.14 -6.80
v 1.94 7.33 -6.39
v 1.92 7.18 -5.97
v 1.91 6.77 -5.78
v 1.92 6.35 -5.93
v 1.94 6.15 -6.34
v 1.96 6.31 -6.76
v 1.97 6.72 -6.96
v -7.50 7.17 -7.40
v -7.52 7.36 -6.99
v -7.54 7.21 -6.57
v -7.55 6.80 -6.37
v -7.54 6.37 -6.53
v -7.52 6.18 -6.93
v -7.50 6.33 -7.36
v -7.49 6.74 -7.55
v -16.74 7.18 -7.61
v -16.76 7.37 -7.20
v -16.79 7.22 -6.78
v -16.80 6.81 -6.59
v -16.79 6.38 -6.74
v -16.77 6.19 -7.15
v -16.75 6.34 -7.57
v -16.74 6.75 -7.77
v -28.97 7.17 -7.53
v -28.99 7.37 -7.12
v -29.01 7.21 -6.69
v -29.02 6.80 -6.50
v -29.01 6.38 -6.65
v -28.99 6.18 -7.06
v -28.97 6.34 -7.49
v -28.96 6.75 -7.68
v -33.18 7.17 -7.46
v -33.18 7.36 -7.05
v -33.18 7.21 -6.63
v -33.18 6.80 -6.43
v -33.18 6.37 -6.59
v -33.18 6.18 -7.00
v -33.18 6.34 -7.42
v -33.18 6.74 -7.61
v 15.36 5.88 22.75
v 15.35 6.09 23.11
v 15.35 5.93 23.49
v 15.34 5.49 23.67
v 15.35 5.03 23.53
v 15.35 4.82 23.15
v 15.36 4.98 22.78
v 15.36 5.42 22.61
v 10.75 5.96 20.53
v 10.47 6.16 20.84
v 10.18 6.01 21.16
v 10.04 5.60 21.30
v 10.13 5.17 21.18
v 10.40 4.98 20.87
v 10.70 5.13 20.55
v 10.85 5.53 20.41
v 13.19 6.07 11.91
v 16.07 5.67 21.18
v 15.48 5.58 23.03
v 10.23 5.70 20.76
v 13.19 5.70 11.90
v 16.07 5.29 21.17
v 15.48 5.21 23.01
v 10.23 5.32 20.74
v 14.60 6.84 25.27
v 14.90 6.41 25.41
v 14.84 5.87 25.38
v 14.45 5.54 25.20
v 13.96 5.61 24.97
v 13.66 6.04 24.82
v 13.73 6.58 24.85
v 14.11 6.91 25.04
v 14.59 6.83 25.27
v 14.89 6.41 25.41
v 14.83 5.88 25.38
v 14.45 5.55 25.20
v 13.97 5.62 24.97
v 13.68 6.04 24.83
v 13.74 6.57 24.86
v 14.12 6.90 25.04
v 14.61 7.05 25.53
v 15.01 6.47 25.72
v 14.92 5.76 25.68
v 14.41 5.31 25.44
v 13.76 5.40 25.13
v 13.36 5.98 24.94
v 13.44 6.70 24.98
v 13.96 7.14 25.22
v 14.60 7.03 25.53
v 14.99 6.47 25.71
v 14.91 5.77 25.68
v 14.40 5.33 25.44
v 13.77 5.42 25.13
v 13.38 5.98 24.95
v 13.46 6.69 24.98
v 13.96 7.12 25.23
v 14.43 7.05 25.91
v 14.83 6.47 26.10
v 14.74 5.76 26.06
v 14.23 5.31 25.82
v 13.58 5.40 25.51
v 13.18 5.98 25.32
v 13.26 6.70 25.35
v 13.78 7.14 25.60
v 14.42 7.03 25.90
v 14.81 6.47 26.09
v 14.73 5.77 26.05
v 14.22 5.33 25.81
v 13.59 5.42 25.51
v 13.19 5.98 25.32
v 13.28 6.69 25.36
v 13.78 7.12 25.60
v 17.04 5.31 26.33
v 17.19 6.06 26.40
v 17.03 6.81 26.34
v 16.60 7.28 26.16
v 13.73 7.27 24.92
v 13.31 6.80 24.74
v 13.15 6.05 24.67
v 13.31 5.30 24.73
v 13.74 4.84 24.91
v 16.62 4.84 26.15
v 17.54 5.33 25.17
v 17.69 6.08 25.24
v 17.53 6.83 25.17
v 17.10 7.29 24.99
v 14.23 7.29 23.76
v 13.81 6.82 23.57
v 13.65 6.07 23.50
v 13.82 5.32 23.57
v 14.24 4.85 23.75
v 17.12 4.86 24.98
v 16.10 6.07 24.56
v 15.60 6.06 25.72
v 18.35 6.28 17.41
v 18.82 5.81 17.68
v 18.75 5.23 17.62
v 18.19 4.89 17.27
v 17.67 4.98 17.03
v 17.35 5.44 16.89
v 17.42 6.02 16.95
v 17.83 6.36 17.16
v 14.94 6.01 24.89
v 15.26 5.54 25.02
v 15.19 4.97 24.96
v 14.78 4.62 24.75
v 14.26 4.70 24.51
v 13.94 5.17 24.37
v 14.00 5.74 24.43
v 14.42 6.09 24.64
v 18.35 6.27 17.40
v 18.80 5.80 17.67
v 18.74 5.24 17.62
v 18.19 4.91 17.27
v 17.68 4.99 17.03
v 17.37 5.45 16.90
v 17.43 6.01 16.96
v 17.84 6.35 17.16
v 14.93 5.99 24.89
v 15.25 5.54 25.01
v 15.18 4.97 24.96
v 14.78 4.63 24.75
v 14.27 4.72 24.51
v 13.95 5.17 24.38
v 14.02 5.73 24.44
v 14.42 6.07 24.65
v 20.61 5.31 18.64
v 20.76 6.06 18.72
v 20.60 6.81 18.65
v 20.17 7.28 18.47
v 17.30 7.27 17.24
v 16.88 6.80 17.05
v 16.72 6.05 16.98
v 16.88 5.30 17.05
v 17.31 4.84 17.23
v 20.19 4.84 18.46
v 21.11 5.33 17.48
v 21.26 6.08 17.55
v 21.10 6.83 17.49
v 20.67 7.29 17.31
v 17.80 7.29 16.07
v 17.38 6.82 15.89
v 17.22 6.07 15.81
v 17.39 5.32 15.88
v 17.81 4.85 16.06
v 20.69 4.86 17.30
v 19.67 6.07 16.87
v 19.17 6.06 18.03
v 14.60 -1.40 25.27
v 14.90 -0.97 25.41
v 14.84 -0.43 25.38
v 14.45 -0.10 25.20
v 13.96 -0.16 24.97
v 13.66 -0.60 24.82
v 13.73 -1.14 24.85
v 14.11 -1.47 25.04
v 14.59 -1.39 25.27
v 14.89 -0.97 25.41
v 14.83 -0.44 25.38
v 14.45 -0.11 25.20
v 13.97 -0.18 24.97
v 13.68 -0.60 24.83
v 13.74 -1.13 24.86
v 14.12 -1.45 25.04
v 14.61 -1.61 25.53
v 15.01 -1.03 25.72
v 14.92 -0.31 25.68
v 14.41 0.13 25.44
v 13.76 0.04 25.13
v 13.36 -0.53 24.94
v 13.44 -1.25 24.98
v 13.96 -1.70 25.22
v 14.60 -1.59 25.53
v 14.99 -1.03 25.71
v 14.91 -0.32 25.68
v 14.40 0.11 25.44
v 13.77 0.02 25.13
v 13.38 -0.54 24.95
v 13.46 -1.24 24.98
v 13.96 -1.68 25.23
v 14.43 -1.61 25.91
v 14.83 -1.03 26.10
v 14.74 -0.31 26.06
v 14.23 0.13 25.82
v 13.58 0.04 25.51
v 13.18 -0.53 25.32
v 13.26 -1.25 25.35
v 13.78 -1.70 25.60
v 14.42 -1.59 25.90
v 14.81 -1.03 26.09
v 14.73 -0.32 26.05
v 14.22 0.11 25.81
v 13.59 0.02 25.51
v 13.19 -0.54 25.32
v 13.28 -1.24 25.36
v 13.78 -1.68 25.60
v 17.04 0.13 26.33
v 17.19 -0.62 26.40
v 17.03 -1.37 26.34
v 16.60 -1.83 26.16
v 13.73 -1.83 24.92
v 13.31 -1.36 24.74
v 13.15 -0.61 24.67
v 13.31 0.14 24.73
v 13.74 0.60 24.91
v 16.62 0.60 26.15
v 17.54 0.12 25.17
v 17.69 -0.64 25.24
v 17.53 -1.39 25.17
v 17.10 -1.85 24.99
v 14.23 -1.84 23.76
v 13.81 -1.38 23.57
v 13.65 -0.62 23.50
v 13.82 0.13 23.57
v 14.24 0.59 23.75
v 17.12 0.59 24.98
v 16.10 -0.63 24.56
v 15.60 -0.61 25.72
v 18.35 -0.84 17.41
v 18.82 -0.37 17.68
v 18.75 0.21 17.62
v 18.19 0.55 17.27
v 17.67 0.47 17.03
v 17.35 0.00 16.89
v 17.42 -0.57 16.95
v 17.83 -0.92 17.16
v 14.94 -0.56 24.89
v 15.26 -0.10 25.02
v 15.19 0.48 24.96
v 14.78 0.82 24.75
v 14.26 0.74 24.51
v 13.94 0.28 24.37
v 14.00 -0.30 24.43
v 14.42 -0.65 24.64
v 18.35 -0.82 17.40
v 18.80 -0.36 17.67
v 18.74 0.20 17.62
v 18.19 0.53 17.27
v 17.68 0.45 17.03
v 17.37 -0.00 16.90
v 17.43 -0.57 16.96
v 17.84 -0.90 17.16
v 14.93 -0.55 24.89
v 15.25 -0.09 25.01
v 15.18 0.47 24.96
v 14.78 0.81 24.75
v 14.27 0.73 24.51
v 13.95 0.27 24.38
v 14.02 -0.29 24.44
v 14.42 -0.63 24.65
v 20.61 0.13 18.64
v 20.76 -0.62 18.72
v 20.60 -1.37 18.65
v 20.17 -1.83 18.47
v 17.30 -1.83 17.24
v 16.88 -1.36 17.05
v 16.72 -0.61 16.98
v 16.88 0.14 17.05
v 17.31 0.60 17.23
v 20.19 0.60 18.46
v 21.11 0.12 17.48
v 21.26 -0.64 17.55
v 21.10 -1.39 17.49
v 20.67 -1.85 17.31
v 17.80 -1.84 16.07
v 17.38 -1.38 15.89
v 17.22 -0.62 15.81
v 17.39 0.13 15.88
v 17.81 0.59 16.06
v 20.69 0.59 17.30
v 19.67 -0.63 16.87
v 19.17 -0.61 18.03
v 1.37 0.81 2.55
v 1.41 0.81 2.79
v 1.23 0.81 2.95
v 1.00 0.81 2.87
v 0.96 0.81 2.63
v 1.14 0.81 2.47
v 1.37 -0.75 2.55
v 1.41 -0.75 2.79
v 1.23 -0.75 2.95
v 1.00 -0.75 2.87
v 0.96 -0.75 2.63
v 1.14 -0.75 2.47
v 1.18 -0.75 2.71
v 1.18 0.81 2.71
v 2.89 0.05 3.19
v 2.93 0.05 3.44
v 2.75 0.05 3.59
v 2.52 0.05 3.51
v 2.48 0.05 3.27
v 2.66 0.05 3.11
v 2.89 -1.52 3.19
v 2.93 -1.52 3.44
v 2.75 -1.52 3.59
v 2.52 -1.52 3.51
v 2.48 -1.52 3.27
v 2.66 -1.52 3.11
v 2.70 -1.52 3.35
v 2.70 0.05 3.35
v 1.68 -0.51 2.47
v 0.82 -0.51 2.15
v 0.34 -1.00 3.50
v 1.19 -1.00 3.81
v 1.65 -0.08 2.55
v 0.80 -0.08 2.24
v 0.28 -0.11 3.65
v 1.14 -0.11 3.96
v 2.65 1.24 3.56
v 0.70 1.24 2.70
v -0.58 1.24 5.60
v 1.37 1.24 6.46
v 2.65 3.37 3.56
v 0.70 3.37 2.70
v -0.58 3.37 5.60
v 1.37 3.37 6.46
v 2.80 -0.51 3.03
v 1.95 -0.51 2.72
v 1.46 -1.00 4.06
v 2.32 -1.00 4.37
v 2.78 -0.08 3.11
v 1.92 -0.08 2.80
v 1.41 -0.11 4.21
v 2.26 -0.11 4.53
v 0.82 -0.17 1.79
v 3.32 -0.17 2.01
v 2.28 -0.17 4.85
v -0.00 -0.17 3.81
v 0.82 4.68 1.79
v 3.32 4.68 2.01
v 2.28 4.68 4.85
v -0.00 4.68 3.81
v -2.66 -0.13 8.81
v 0.08 -0.13 10.06
v -0.77 -0.49 11.95
v -3.52 -0.49 10.70
v -2.71 0.85 8.87
v 0.03 0.85 10.12
v -0.83 0.48 12.01
v -3.57 0.48 10.76
v -1.78 -0.25 9.60
v -1.83 -0.27 9.92
v -2.10 -0.29 10.08
v -2.41 -0.29 9.97
v -2.51 -0.28 9.66
v -2.33 -0.26 9.40
v -2.01 -0.25 9.37
v -1.75 -0.57 9.52
v -1.77 -0.71 9.81
v -2.04 -0.83 9.95
v -2.34 -0.84 9.83
v -2.45 -0.73 9.55
v -2.29 -0.58 9.31
v -1.97 -0.51 9.30
v -1.66 -0.82 9.33
v -1.66 -1.06 9.55
v -1.89 -1.26 9.63
v -2.19 -1.28 9.51
v -2.33 -1.09 9.28
v -2.20 -0.85 9.12
v -1.90 -0.72 9.14
v -1.54 -0.96 9.08
v -1.49 -1.26 9.19
v -1.69 -1.52 9.18
v -1.99 -1.54 9.05
v -2.16 -1.31 8.90
v -2.08 -1.00 8.85
v -1.80 -0.85 8.92
v -1.41 -0.98 8.79
v -1.31 -1.29 8.79
v -1.46 -1.55 8.68
v -1.76 -1.58 8.54
v -1.97 -1.34 8.48
v -1.94 -1.02 8.55
v -1.69 -0.87 8.68
v 0.96 -0.08 3.77
v 1.07 -0.39 3.77
v 0.91 -0.65 3.66
v 0.62 -0.67 3.52
v 0.41 -0.43 3.46
v 0.44 -0.12 3.53
v 0.68 0.04 3.66
v -1.81 -0.25 9.61
v -1.85 -0.27 9.90
v -2.11 -0.29 10.06
v -2.38 -0.29 9.95
v -2.48 -0.28 9.67
v -2.31 -0.26 9.42
v -2.02 -0.25 9.40
v -1.77 -0.58 9.53
v -1.80 -0.71 9.79
v -2.04 -0.82 9.92
v -2.32 -0.83 9.82
v -2.42 -0.73 9.55
v -2.27 -0.59 9.34
v -1.99 -0.53 9.32
v -1.69 -0.83 9.34
v -1.68 -1.05 9.54
v -1.90 -1.24 9.61
v -2.18 -1.26 9.49
v -2.30 -1.09 9.29
v -2.18 -0.86 9.14
v -1.91 -0.75 9.16
v -1.57 -0.98 9.07
v -1.52 -1.26 9.18
v -1.70 -1.49 9.17
v -1.97 -1.51 9.05
v -2.13 -1.30 8.91
v -2.06 -1.02 8.86
v -1.81 -0.88 8.93
v -1.43 -1.00 8.78
v -1.34 -1.29 8.78
v -1.48 -1.53 8.68
v -1.75 -1.55 8.55
v -1.94 -1.33 8.50
v -1.92 -1.04 8.55
v -1.69 -0.90 8.68
v 0.94 -0.10 3.76
v 1.04 -0.38 3.76
v 0.90 -0.62 3.66
v 0.63 -0.64 3.53
v 0.43 -0.43 3.48
v 0.46 -0.14 3.53
v 0.69 0.01 3.66
v -0.61 -0.25 10.20
v -0.65 -0.27 10.52
v -0.93 -0.29 10.68
v -1.23 -0.30 10.57
v -1.33 -0.28 10.26
v -1.16 -0.26 9.99
v -0.83 -0.25 9.96
v -0.57 -0.57 10.12
v -0.60 -0.71 10.40
v -0.87 -0.83 10.54
v -1.17 -0.84 10.43
v -1.28 -0.73 10.15
v -1.12 -0.59 9.91
v -0.80 -0.51 9.90
v -0.49 -0.82 9.93
v -0.49 -1.06 10.15
v -0.72 -1.26 10.22
v -1.02 -1.28 10.10
v -1.16 -1.10 9.88
v -1.03 -0.85 9.71
v -0.73 -0.73 9.74
v -0.37 -0.96 9.67
v -0.32 -1.26 9.79
v -0.52 -1.52 9.78
v -0.81 -1.54 9.65
v -0.99 -1.31 9.50
v -0.90 -1.00 9.44
v -0.63 -0.85 9.52
v -0.24 -0.99 9.39
v -0.14 -1.29 9.39
v -0.29 -1.55 9.28
v -0.58 -1.58 9.14
v -0.79 -1.34 9.08
v -0.77 -1.02 9.14
v -0.52 -0.87 9.28
v 2.13 -0.08 4.37
v 2.24 -0.39 4.37
v 2.08 -0.65 4.26
v 1.79 -0.67 4.12
v 1.58 -0.44 4.06
v 1.61 -0.12 4.12
v 1.85 0.04 4.26
v -0.64 -0.26 10.21
v -0.68 -0.27 10.50
v -0.93 -0.29 10.65
v -1.21 -0.29 10.55
v -1.30 -0.28 10.26
v -1.14 -0.26 10.02
v -0.84 -0.25 9.99
v -0.60 -0.58 10.12
v -0.63 -0.71 10.39
v -0.87 -0.82 10.52
v -1.15 -0.83 10.41
v -1.25 -0.73 10.15
v -1.10 -0.59 9.93
v -0.81 -0.53 9.92
v -0.51 -0.83 9.93
v -0.51 -1.05 10.13
v -0.73 -1.24 10.20
v -1.00 -1.26 10.09
v -1.13 -1.09 9.88
v -1.01 -0.86 9.73
v -0.74 -0.75 9.76
v -0.39 -0.98 9.67
v -0.35 -1.26 9.78
v -0.53 -1.49 9.76
v -0.80 -1.51 9.65
v -0.96 -1.30 9.51
v -0.88 -1.02 9.46
v -0.63 -0.88 9.53
v -0.26 -1.01 9.37
v -0.17 -1.29 9.38
v -0.31 -1.53 9.27
v -0.57 -1.55 9.15
v -0.77 -1.33 9.09
v -0.74 -1.04 9.15
v -0.52 -0.90 9.27
v 2.12 -0.10 4.36
v 2.21 -0.38 4.36
v 2.07 -0.62 4.25
v 1.80 -0.64 4.13
v 1.61 -0.43 4.07
v 1.63 -0.14 4.13
v 1.86 0.01 4.26
v 6.01 1.98 4.15
v 5.77 1.68 4.24
v 3.30 1.70 5.29
v 3.10 2.05 5.37
v 3.10 4.07 5.38
v 3.32 4.35 5.29
v 5.78 4.35 4.25
v 6.01 4.07 4.15
v 6.53 1.69 4.26
v 6.23 1.31 4.39
v 3.07 1.33 5.72
v 2.82 1.78 5.83
v 2.83 4.36 5.83
v 3.11 4.72 5.72
v 6.24 4.72 4.40
v 6.53 4.36 4.27
v 7.12 1.68 5.65
v 6.83 1.30 5.78
v 3.66 1.32 7.11
v 3.42 1.77 7.22
v 3.42 4.35 7.23
v 3.70 4.71 7.11
v 6.83 4.71 5.79
v 7.13 4.35 5.66
v 8.00 1.49 7.03
v 7.67 1.06 7.17
v 4.08 1.09 8.68
v 3.80 1.60 8.80
v 3.81 4.52 8.81
v 4.12 4.93 8.68
v 7.67 4.93 7.18
v 8.01 4.52 7.04
v 11.08 0.43 10.22
v 10.51 -0.30 10.46
v 4.45 -0.26 13.02
v 3.98 0.61 13.22
v 3.98 5.55 13.23
v 4.52 6.23 13.01
v 10.52 6.23 10.48
v 11.08 5.55 10.23
v 11.97 0.41 12.31
v 11.40 -0.32 12.55
v 5.34 -0.27 15.10
v 4.87 0.59 15.31
v 4.87 5.53 15.32
v 5.41 6.22 15.09
v 11.41 6.22 12.56
v 11.98 5.53 12.32
v 11.68 0.69 12.70
v 11.17 0.04 12.91
v 5.78 0.08 15.19
v 5.36 0.85 15.37
v 5.36 5.25 15.38
v 5.84 5.86 15.18
v 11.18 5.86 12.93
v 11.68 5.25 12.72
v 9.42 0.73 7.90
v 8.94 0.08 8.10
v 3.85 0.12 10.25
v 3.45 0.89 10.42
v 3.46 5.28 10.43
v 3.91 5.89 10.24
v 8.95 5.89 8.12
v 9.42 5.28 7.91
v 9.54 0.70 8.05
v 9.05 0.05 8.26
v 3.88 0.09 10.44
v 3.48 0.87 10.61
v 3.48 5.30 10.62
v 3.94 5.92 10.43
v 9.06 5.92 8.27
v 9.54 5.30 8.07
v 10.34 0.54 9.07
v 9.80 -0.16 9.29
v 4.10 -0.12 11.70
v 3.66 0.72 11.89
v 3.66 5.45 11.90
v 4.17 6.11 11.69
v 9.81 6.11 9.31
v 10.34 5.45 9.08
v 10.46 0.52 9.22
v 9.91 -0.19 9.45
v 4.14 -0.15 11.89
v 3.69 0.69 12.08
v 3.69 5.47 12.09
v 4.20 6.14 11.88
v 9.92 6.14 9.46
v 10.46 5.47 9.23
v 10.76 0.46 9.60
v 10.20 -0.27 9.84
v 4.22 -0.22 12.36
v 3.75 0.64 12.56
v 3.76 5.53 12.57
v 4.29 6.21 12.35
v 10.21 6.21 9.85
v 10.76 5.53 9.62
v 10.88 0.43 9.75
v 10.31 -0.30 9.99
v 4.25 -0.25 12.55
v 3.78 0.61 12.75
v 3.78 5.55 12.76
v 4.32 6.24 12.54
v 10.32 6.24 10.01
v 10.88 5.55 9.77
v 9.84 0.64 8.44
v 9.33 -0.03 8.65
v 3.97 0.01 10.92
v 3.55 0.81 11.09
v 3.55 5.36 11.11
v 4.03 5.99 10.91
v 9.34 5.99 8.66
v 9.84 5.36 8.45
v 9.96 0.62 8.59
v 9.45 -0.06 8.80
v 4.00 -0.02 11.10
v 3.57 0.79 11.28
v 3.58 5.38 11.30
v 4.06 6.02 11.09
v 9.45 6.02 8.82
v 9.96 5.38 8.60
v 8.96 0.82 7.32
v 8.51 0.19 7.51
v 3.72 0.23 9.53
v 3.34 0.98 9.69
v 3.35 5.20 9.70
v 3.77 5.78 9.52
v 8.52 5.78 7.52
v 8.97 5.20 7.33
v 9.08 0.80 7.47
v 8.62 0.16 7.66
v 3.75 0.20 9.72
v 3.37 0.95 9.88
v 3.38 5.22 9.89
v 3.81 5.81 9.71
v 8.63 5.81 7.67
v 9.09 5.22 7.48
v 8.55 0.90 6.78
v 8.12 0.30 6.96
v 3.60 0.34 8.87
v 3.24 1.05 9.02
v 3.25 5.12 9.03
v 3.65 5.69 8.86
v 8.13 5.69 6.97
v 8.55 5.12 6.79
v 8.66 0.88 6.93
v 8.23 0.27 7.11
v 3.63 0.31 9.06
v 3.27 1.03 9.21
v 3.28 5.14 9.22
v 3.69 5.71 9.05
v 8.24 5.71 7.13
v 8.67 5.14 6.94
v 8.13 0.99 6.24
v 7.73 0.41 6.41
v 3.48 0.44 8.21
v 3.15 1.13 8.35
v 3.15 5.04 8.36
v 3.53 5.59 8.20
v 7.74 5.59 6.42
v 8.14 5.04 6.25
v 8.25 0.96 6.40
v 7.84 0.38 6.57
v 3.51 0.41 8.39
v 3.17 1.11 8.54
v 3.18 5.07 8.55
v 3.56 5.61 8.39
v 7.85 5.61 6.58
v 8.25 5.07 6.40
v 7.72 1.07 5.71
v 7.35 0.51 5.86
v 3.35 0.55 7.55
v 3.04 1.21 7.68
v 3.05 4.97 7.69
v 3.40 5.49 7.54
v 7.35 5.49 5.88
v 7.73 4.97 5.72
v 7.83 1.05 5.86
v 7.45 0.48 6.02
v 3.39 0.52 7.73
v 3.07 1.19 7.87
v 3.08 4.99 7.88
v 3.44 5.52 7.73
v 7.46 5.52 6.03
v 7.84 4.99 5.87
v 7.35 1.15 5.22
v 6.99 0.61 5.36
v 3.24 0.64 6.95
v 2.95 1.28 7.07
v 2.95 4.90 7.08
v 3.29 5.40 6.94
v 7.00 5.40 5.38
v 7.35 4.90 5.23
v 7.46 1.12 5.37
v 7.10 0.58 5.52
v 3.28 0.61 7.13
v 2.98 1.26 7.26
v 2.98 4.92 7.27
v 3.32 5.43 7.13
v 7.11 5.43 5.53
v 7.47 4.92 5.38
v 7.81 -0.13 8.82
v 5.04 -0.13 10.01
v 5.86 -0.49 11.92
v 8.63 -0.49 10.73
v 7.86 0.85 8.88
v 5.09 0.85 10.07
v 5.91 0.48 11.98
v 8.67 0.48 10.79
v 6.92 -0.25 9.59
v 6.95 -0.27 9.91
v 7.23 -0.29 10.08
v 7.53 -0.29 9.98
v 7.64 -0.28 9.67
v 7.47 -0.26 9.40
v 7.15 -0.25 9.36
v 6.88 -0.57 9.51
v 6.91 -0.71 9.80
v 7.17 -0.83 9.94
v 7.47 -0.84 9.83
v 7.59 -0.73 9.56
v 7.43 -0.58 9.32
v 7.12 -0.51 9.30
v 6.80 -0.82 9.32
v 6.80 -1.06 9.54
v 7.03 -1.26 9.62
v 7.33 -1.28 9.51
v 7.47 -1.09 9.28
v 7.35 -0.85 9.12
v 7.05 -0.72 9.14
v 6.69 -0.96 9.06
v 6.64 -1.26 9.18
v 6.83 -1.52 9.17
v 7.13 -1.54 9.05
v 7.31 -1.31 8.90
v 7.23 -1.00 8.84
v 6.95 -0.85 8.91
v 6.57 -0.98 8.77
v 6.46 -1.29 8.77
v 6.62 -1.55 8.66
v 6.91 -1.58 8.53
v 7.13 -1.34 8.48
v 7.10 -1.02 8.54
v 6.85 -0.87 8.67
v 4.32 -0.08 3.57
v 4.22 -0.39 3.57
v 4.37 -0.65 3.46
v 4.67 -0.67 3.33
v 4.88 -0.43 3.28
v 4.85 -0.12 3.34
v 4.60 0.04 3.47
v 6.95 -0.25 9.60
v 6.98 -0.27 9.90
v 7.23 -0.29 10.05
v 7.51 -0.29 9.96
v 7.61 -0.28 9.67
v 7.45 -0.26 9.42
v 7.16 -0.25 9.39
v 6.91 -0.58 9.52
v 6.93 -0.71 9.78
v 7.17 -0.82 9.92
v 7.45 -0.83 9.82
v 7.56 -0.73 9.56
v 7.41 -0.59 9.34
v 7.13 -0.53 9.32
v 6.83 -0.83 9.33
v 6.82 -1.05 9.53
v 7.03 -1.24 9.60
v 7.31 -1.26 9.49
v 7.44 -1.09 9.29
v 7.33 -0.86 9.14
v 7.05 -0.75 9.15
v 6.71 -0.98 9.06
v 6.66 -1.26 9.16
v 6.85 -1.49 9.16
v 7.12 -1.51 9.05
v 7.28 -1.30 8.91
v 7.21 -1.02 8.86
v 6.95 -0.88 8.92
v 6.58 -1.00 8.76
v 6.49 -1.29 8.76
v 6.63 -1.53 8.66
v 6.90 -1.55 8.54
v 7.10 -1.33 8.49
v 7.07 -1.04 8.55
v 6.84 -0.90 8.67
v 4.34 -0.10 3.56
v 4.24 -0.38 3.56
v 4.39 -0.62 3.46
v 4.66 -0.64 3.34
v 4.85 -0.43 3.29
v 4.83 -0.14 3.34
v 4.60 0.01 3.47
v 5.73 -0.25 10.16
v 5.77 -0.27 10.48
v 6.04 -0.29 10.65
v 6.35 -0.30 10.55
v 6.45 -0.28 10.24
v 6.28 -0.26 9.97
v 5.96 -0.25 9.93
v 5.70 -0.57 10.08
v 5.72 -0.71 10.37
v 5.98 -0.83 10.51
v 6.29 -0.84 10.40
v 6.40 -0.73 10.13
v 6.24 -0.59 9.89
v 5.93 -0.51 9.87
v 5.62 -0.82 9.89
v 5.61 -1.06 10.11
v 5.84 -1.26 10.19
v 6.14 -1.28 10.08
v 6.29 -1.10 9.85
v 6.16 -0.85 9.69
v 5.86 -0.73 9.71
v 5.51 -0.96 9.63
v 5.45 -1.26 9.75
v 5.65 -1.52 9.74
v 5.95 -1.54 9.62
v 6.12 -1.31 9.48
v 6.04 -1.00 9.41
v 5.77 -0.85 9.48
v 5.38 -0.99 9.34
v 5.28 -1.29 9.34
v 5.43 -1.55 9.23
v 5.73 -1.58 9.10
v 5.94 -1.34 9.05
v 5.91 -1.02 9.11
v 5.66 -0.87 9.24
v 3.14 -0.08 4.14
v 3.03 -0.39 4.14
v 3.19 -0.65 4.03
v 3.48 -0.67 3.90
v 3.69 -0.44 3.85
v 3.67 -0.12 3.91
v 3.42 0.04 4.04
v 5.76 -0.26 10.17
v 5.79 -0.27 10.47
v 6.05 -0.29 10.62
v 6.33 -0.29 10.53
v 6.42 -0.28 10.24
v 6.26 -0.26 9.99
v 5.97 -0.25 9.96
v 5.73 -0.58 10.09
v 5.74 -0.71 10.36
v 5.99 -0.82 10.49
v 6.27 -0.83 10.39
v 6.37 -0.73 10.13
v 6.23 -0.59 9.91
v 5.94 -0.53 9.89
v 5.64 -0.83 9.90
v 5.64 -1.05 10.10
v 5.85 -1.24 10.17
v 6.13 -1.26 10.07
v 6.26 -1.09 9.86
v 6.14 -0.86 9.71
v 5.87 -0.75 9.73
v 5.53 -0.98 9.63
v 5.48 -1.26 9.74
v 5.66 -1.49 9.73
v 5.93 -1.51 9.62
v 6.10 -1.30 9.48
v 6.02 -1.02 9.43
v 5.77 -0.88 9.49
v 5.40 -1.01 9.33
v 5.31 -1.29 9.33
v 5.45 -1.53 9.23
v 5.72 -1.55 9.11
v 5.92 -1.33 9.06
v 5.89 -1.04 9.12
v 5.66 -0.90 9.24
v 3.16 -0.10 4.13
v 3.06 -0.38 4.13
v 3.20 -0.62 4.03
v 3.47 -0.64 3.91
v 3.67 -0.43 3.86
v 3.64 -0.14 3.91
v 3.41 0.01 4.04
v 11.13 1.04 12.89
v 8.54 1.04 13.98
v 9.35 1.47 14.37
v 10.84 1.47 13.74
v 11.13 5.10 12.89
v 8.54 5.10 13.98
v 9.35 4.67 14.37
v 10.84 4.67 13.74
v 8.48 1.04 14.01
v 5.89 1.04 15.10
v 6.70 1.47 15.49
v 8.20 1.47 14.86
v 8.48 5.10 14.01
v 5.89 5.10 15.10
v 6.70 4.67 15.49
v 8.20 4.67 14.86
v 6.99 0.78 0.70
v 4.40 -0.20 -3.35
v 4.23 -1.46 -2.67
v 4.23 -2.04 -1.06
v 4.18 -1.78 0.51
v 4.11 -0.75 1.95
v 4.08 0.78 2.60
v 4.55 1.41 -3.60
v 2.22 -0.28 -4.33
v 2.04 -1.63 -3.24
v 1.97 -2.25 -1.44
v 1.89 -1.97 0.42
v 1.81 -0.87 1.94
v 1.78 0.76 2.63
v 2.31 1.44 -4.62
v -0.12 -0.27 -4.92
v -0.20 -1.62 -3.62
v -0.30 -2.24 -1.69
v -0.40 -1.96 0.34
v -0.48 -0.86 1.93
v -0.52 0.77 2.66
v -0.09 1.45 -5.24
v -4.68 -0.26 -5.10
v -4.76 -1.61 -3.78
v -4.86 -2.23 -1.83
v -4.97 -1.95 0.24
v -5.05 -0.85 1.86
v -5.08 0.78 2.60
v -4.66 1.46 -5.44
v -4.70 -0.38 -5.40
v -4.79 -1.85 -3.96
v -4.90 -2.53 -1.82
v -5.02 -2.22 0.43
v -5.10 -1.02 2.20
v -5.14 0.77 3.01
v -4.67 1.51 -5.77
v -9.22 -0.36 -5.98
v -9.30 -1.84 -4.44
v -9.43 -2.52 -2.17
v -9.55 -2.21 0.23
v -9.65 -1.01 2.11
v -9.68 0.78 2.97
v -9.19 1.52 -6.37
v -12.70 -0.71 -6.94
v -12.80 -2.54 -5.15
v -12.95 -3.38 -2.50
v -13.09 -3.00 0.30
v -13.20 -1.50 2.49
v -13.24 0.71 3.49
v -12.40 1.58 -6.95
v -12.95 1.17 -1.95
v 6.51 0.53 -1.31
v 6.37 -0.71 -1.02
v 6.63 -1.19 0.13
v 6.69 -0.97 0.72
v 6.08 -0.11 1.98
v 6.22 0.78 2.23
v 0.49 2.13 -5.78
v 3.77 2.13 -5.02
v 5.81 2.13 -3.97
v 6.96 2.13 -2.66
v 7.64 2.13 -1.35
v 8.09 2.13 1.55
v -9.71 2.13 -5.29
v 0.49 -0.63 -5.78
v 3.77 -0.63 -5.02
v 5.81 -0.63 -3.97
v 6.96 -0.63 -2.66
v 7.64 -0.63 -1.35
v 8.09 -0.63 1.55
v -9.71 -0.63 -5.29
v -5.08 -0.63 0.10
v -5.08 2.13 0.10
v 2.67 -3.87 0.13
v 3.48 -3.87 -1.48
v 4.17 -3.87 -0.86
v 4.47 -3.87 0.02
v 4.28 -3.87 0.94
v 3.66 -3.87 1.63
v 2.78 -3.87 1.93
v 1.87 -3.87 1.74
v 1.17 -3.87 1.12
v 0.88 -3.87 0.24
v 1.07 -3.87 -0.67
v 1.68 -3.87 -1.37
v 2.57 -3.87 -1.66
v 3.77 -2.75 -2.07
v 4.73 -2.75 -1.22
v 5.13 -2.75 -0.01
v 4.87 -2.75 1.23
v 4.03 -2.75 2.18
v 2.82 -2.75 2.59
v 1.57 -2.75 2.33
v 0.62 -2.75 1.49
v 0.22 -2.75 0.28
v 0.48 -2.75 -0.97
v 1.32 -2.75 -1.92
v 2.53 -2.75 -2.32
v 3.78 2.19 -2.08
v 4.74 2.19 -1.23
v 5.15 2.19 -0.02
v 4.89 2.19 1.24
v 4.04 2.19 2.20
v 2.82 2.19 2.60
v 1.57 2.19 2.35
v 0.61 2.19 1.49
v 0.20 2.19 0.28
v 0.46 2.19 -0.97
v 1.31 2.19 -1.93
v 2.53 2.19 -2.34
v 6.69 -3.08 2.08
v 7.16 -3.07 1.15
v 7.56 -3.07 1.51
v 7.73 -3.07 2.02
v 7.62 -3.07 2.55
v 7.26 -3.07 2.96
v 6.75 -3.07 3.13
v 6.22 -3.07 3.02
v 5.81 -3.07 2.66
v 5.64 -3.07 2.15
v 5.75 -3.07 1.62
v 6.11 -3.07 1.21
v 6.62 -3.07 1.04
v 7.50 -2.25 0.46
v 8.20 -2.25 1.09
v 8.49 -2.25 1.98
v 8.31 -2.25 2.90
v 7.69 -2.25 3.60
v 6.80 -2.25 3.89
v 5.88 -2.25 3.71
v 5.17 -2.25 3.08
v 4.88 -2.25 2.19
v 5.07 -2.25 1.28
v 5.69 -2.25 0.57
v 6.58 -2.25 0.28
v 7.50 1.39 0.45
v 8.21 1.39 1.08
v 8.51 1.39 1.98
v 8.32 1.39 2.90
v 7.69 1.39 3.61
v 6.80 1.39 3.91
v 5.87 1.39 3.72
v 5.16 1.39 3.09
v 4.87 1.39 2.19
v 5.05 1.39 1.27
v 5.68 1.39 0.56
v 6.58 1.39 0.26
v -17.78 -0.30 5.73
v -16.52 1.56 5.75
v -16.51 3.88 5.76
v -17.74 5.77 5.74
v -18.74 -0.30 7.06
v -17.51 1.56 7.74
v -17.50 3.88 7.74
v -18.71 5.77 7.07
v -20.15 6.38 6.33
v -20.19 -0.89 6.30
v -19.91 -0.30 8.72
v -18.79 1.56 9.57
v -18.78 3.88 9.57
v -19.88 5.77 8.74
v -21.65 6.38 7.39
v -21.69 -0.89 7.36
v -21.31 -0.30 10.21
v -20.33 1.56 11.20
v -20.32 3.88 11.21
v -21.28 5.77 10.23
v -22.84 6.38 8.64
v -22.87 -0.89 8.61
v -22.92 -0.30 11.49
v -22.10 1.56 12.61
v -22.09 3.88 12.62
v -22.90 5.77 11.52
v -24.19 6.38 9.72
v -24.22 -0.89 9.68
v -24.70 -0.30 12.53
v -24.06 1.56 13.75
v -24.06 3.88 13.77
v -24.68 5.77 12.56
v -25.70 6.38 10.60
v -25.72 -0.89 10.56
v -26.63 -0.30 13.32
v -26.18 1.56 14.62
v -26.17 3.88 14.63
v -26.61 5.77 13.35
v -27.32 6.38 11.26
v -27.34 -0.89 11.22
v -28.65 -0.30 13.82
v -28.40 1.56 15.17
v -28.40 3.88 15.19
v -28.64 5.77 13.86
v -29.03 6.38 11.69
v -29.04 -0.89 11.65
v -30.73 -0.30 14.04
v -30.68 1.56 15.42
v -30.68 3.88 15.43
v -30.72 5.77 14.08
v -30.79 6.38 11.88
v -30.79 -0.89 11.83
v -32.82 -0.30 13.97
v -32.98 1.56 15.34
v -32.98 3.88 15.35
v -32.82 5.77 14.01
v -32.55 6.38 11.82
v -32.55 -0.89 11.77
v -34.87 -0.30 13.60
v -35.24 1.56 14.93
v -35.24 3.88 14.95
v -34.88 5.77 13.64
v -34.29 6.38 11.51
v -34.28 -0.89 11.46
v -36.86 -0.30 12.95
v -37.42 1.56 14.22
v -37.42 3.88 14.23
v -36.87 5.77 12.98
v -35.97 6.38 10.96
v -35.95 -0.89 10.91
v -38.72 -0.30 12.02
v -39.47 1.56 13.20
v -39.47 3.88 13.21
v -38.74 5.77 12.05
v -37.55 6.38 10.17
v -37.52 -0.89 10.13
v -40.43 -0.30 10.84
v -41.34 1.56 11.90
v -41.35 3.88 11.91
v -40.46 5.77 10.87
v -38.99 6.38 9.17
v -38.96 -0.89 9.14
v -41.95 -0.30 9.42
v -43.01 1.56 10.35
v -43.01 3.88 10.36
v -41.97 5.77 9.45
v -40.27 6.38 7.97
v -40.24 -0.89 7.94
v -43.23 -0.30 7.81
v -44.42 1.56 8.58
v -44.43 3.88 8.58
v -43.27 5.77 7.83
v -41.36 6.38 6.60
v -41.33 -0.89 6.58
v -44.27 -0.30 6.02
v -45.55 1.56 6.62
v -45.56 3.88 6.62
v -44.30 5.77 6.04
v -42.51 6.38 5.37
v -42.47 -0.89 5.35
v -44.82 -0.30 4.79
v -46.17 1.56 4.86
v -46.19 3.88 4.86
v -44.85 5.77 4.80
v -7.38 0.70 15.18
v -7.38 1.82 15.18
v -7.38 2.94 15.15
v -7.38 4.06 15.11
v -7.66 4.33 15.06
v -7.94 4.61 15.02
v -8.22 4.89 14.98
v -8.70 5.05 14.92
v -9.19 5.20 14.87
v -9.67 5.36 14.82
v -11.04 5.40 14.72
v -12.41 5.43 14.65
v -13.78 5.47 14.61
v -14.34 5.60 14.59
v -14.90 5.74 14.57
v -15.45 5.87 14.56
v -15.93 6.07 14.55
v -16.42 6.27 14.54
v -16.91 6.48 14.53
v -17.50 6.57 14.54
v -18.09 6.67 14.55
v -18.68 6.77 14.57
v -19.46 6.77 14.62
v -20.24 6.78 14.69
v -21.02 6.79 14.76
v -21.62 6.73 14.83
v -22.23 6.66 14.91
v -22.84 6.60 14.99
v -23.37 6.39 15.09
v -23.91 6.18 15.19
v -24.45 5.97 15.30
v -24.77 5.69 15.38
v -25.10 5.41 15.46
v -25.43 5.12 15.55
v -25.57 4.70 15.60
v -25.71 4.28 15.66
v -25.85 3.85 15.71
v -25.84 2.84 15.75
v -25.84 1.82 15.77
v -25.84 0.80 15.78
v -25.70 0.38 15.75
v -25.56 -0.04 15.71
v -25.42 -0.47 15.67
v -25.09 -0.75 15.60
v -24.76 -1.03 15.53
v -24.43 -1.32 15.47
v -23.89 -1.53 15.37
v -23.35 -1.74 15.27
v -22.81 -1.95 15.19
v -22.21 -2.01 15.10
v -21.60 -2.07 15.03
v -20.99 -2.12 14.96
v -20.21 -2.12 14.89
v -19.43 -2.11 14.82
v -18.65 -2.10 14.77
v -18.06 -2.00 14.75
v -17.47 -1.90 14.73
v -16.88 -1.80 14.71
v -16.40 -1.59 14.71
v -15.92 -1.39 14.71
v -15.43 -1.19 14.72
v -14.88 -1.05 14.72
v -14.32 -0.91 14.73
v -13.77 -0.77 14.74
v -12.40 -0.73 14.79
v -11.02 -0.68 14.85
v -9.66 -0.63 14.95
v -9.17 -0.47 14.99
v -8.69 -0.31 15.03
v -8.20 -0.15 15.08
v -7.93 0.13 15.12
v -7.65 0.42 15.15
v -6.83 0.58 15.98
v -6.83 1.79 15.98
v -6.83 3.00 15.95
v -6.84 4.20 15.90
v -7.13 4.50 15.85
v -7.42 4.80 15.81
v -7.71 5.10 15.76
v -8.23 5.27 15.71
v -8.74 5.44 15.66
v -9.25 5.61 15.61
v -10.70 5.65 15.53
v -12.15 5.69 15.46
v -13.60 5.73 15.43
v -14.18 5.88 15.41
v -14.77 6.02 15.40
v -15.36 6.17 15.39
v -15.87 6.38 15.37
v -16.38 6.60 15.36
v -16.90 6.82 15.35
v -17.52 6.92 15.37
v -18.14 7.03 15.39
v -18.77 7.13 15.41
v -19.59 7.14 15.46
v -20.41 7.15 15.53
v -21.24 7.16 15.60
v -21.88 7.09 15.68
v -22.52 7.03 15.76
v -23.16 6.96 15.85
v -23.73 6.73 15.95
v -24.29 6.51 16.06
v -24.86 6.28 16.17
v -25.21 5.97 16.26
v -25.55 5.67 16.35
v -25.90 5.36 16.44
v -26.05 4.90 16.50
v -26.19 4.45 16.56
v -26.34 3.99 16.61
v -26.34 2.89 16.66
v -26.33 1.79 16.68
v -26.33 0.70 16.69
v -26.18 0.24 16.65
v -26.03 -0.22 16.62
v -25.88 -0.68 16.57
v -25.54 -0.98 16.50
v -25.19 -1.29 16.43
v -24.84 -1.59 16.35
v -24.27 -1.82 16.25
v -23.70 -2.05 16.15
v -23.13 -2.27 16.06
v -22.49 -2.33 15.98
v -21.85 -2.40 15.89
v -21.21 -2.46 15.82
v -20.39 -2.45 15.74
v -19.56 -2.44 15.68
v -18.74 -2.43 15.62
v -18.12 -2.32 15.59
v -17.50 -2.22 15.57
v -16.87 -2.11 15.55
v -16.36 -1.89 15.55
v -15.85 -1.67 15.55
v -15.34 -1.45 15.55
v -14.75 -1.30 15.56
v -14.17 -1.15 15.56
v -13.58 -1.00 15.57
v -12.13 -0.95 15.61
v -10.68 -0.90 15.67
v -9.24 -0.85 15.75
v -8.72 -0.67 15.79
v -8.21 -0.50 15.83
v -7.70 -0.32 15.88
v -7.41 -0.02 15.91
v -7.12 0.28 15.94
v -6.88 0.58 16.73
v -6.88 1.80 16.73
v -6.88 3.02 16.70
v -6.88 4.24 16.65
v -7.18 4.54 16.61
v -7.47 4.85 16.57
v -7.76 5.15 16.52
v -8.26 5.32 16.48
v -8.77 5.50 16.43
v -9.28 5.67 16.39
v -10.72 5.71 16.32
v -12.16 5.75 16.27
v -13.59 5.79 16.25
v -14.18 5.94 16.24
v -14.76 6.08 16.23
v -15.36 6.26 16.58
v -15.89 6.50 16.83
v -16.38 6.75 17.10
v -16.80 6.97 17.11
v -17.43 7.09 17.22
v -18.04 7.19 17.17
v -18.67 7.30 17.19
v -19.50 7.31 17.33
v -20.31 7.31 17.32
v -21.13 7.31 17.32
v -21.77 7.24 17.33
v -22.41 7.16 17.35
v -23.04 7.09 17.38
v -23.61 6.86 17.43
v -24.18 6.62 17.48
v -24.74 6.38 17.54
v -25.09 6.07 17.59
v -25.43 5.75 17.65
v -25.78 5.44 17.70
v -25.93 4.97 17.75
v -26.08 4.51 17.79
v -26.22 4.04 17.83
v -26.22 2.92 17.88
v -26.22 1.81 17.90
v -26.21 0.69 17.91
v -26.06 0.22 17.89
v -25.92 -0.24 17.87
v -25.77 -0.71 17.84
v -25.42 -1.02 17.80
v -25.07 -1.33 17.76
v -24.72 -1.64 17.72
v -24.15 -1.88 17.67
v -23.59 -2.11 17.63
v -23.02 -2.35 17.59
v -22.38 -2.42 17.57
v -21.74 -2.48 17.55
v -21.11 -2.55 17.54
v -20.29 -2.55 17.54
v -19.47 -2.54 17.55
v -18.64 -2.53 17.41
v -18.02 -2.42 17.39
v -17.40 -2.31 17.42
v -16.78 -2.19 17.31
v -16.36 -1.97 17.30
v -15.86 -1.73 17.01
v -15.34 -1.49 16.75
v -14.74 -1.33 16.39
v -14.16 -1.18 16.39
v -13.57 -1.03 16.40
v -12.14 -0.98 16.42
v -10.70 -0.92 16.46
v -9.26 -0.87 16.53
v -8.76 -0.70 16.57
v -8.25 -0.52 16.60
v -7.74 -0.34 16.64
v -7.45 -0.04 16.67
v -7.17 0.27 16.70
v -6.93 0.57 17.48
v -6.93 1.81 17.48
v -6.93 3.04 17.45
v -6.93 4.28 17.40
v -7.22 4.58 17.36
v -7.51 4.89 17.32
v -7.80 5.20 17.28
v -8.30 5.37 17.24
v -8.81 5.55 17.20
v -9.31 5.72 17.16
v -10.74 5.76 17.11
v -12.16 5.81 17.07
v -13.59 5.85 17.07
v -14.17 6.00 17.06
v -14.74 6.15 17.06
v -15.34 6.32 17.42
v -15.85 6.55 17.42
v -16.37 6.82 17.95
v -16.86 7.08 18.32
v -17.47 7.18 18.28
v -18.09 7.28 18.25
v -18.70 7.39 18.22
v -19.51 7.39 18.21
v -20.32 7.39 18.21
v -21.14 7.39 18.21
v -21.77 7.32 18.23
v -22.40 7.24 18.26
v -23.03 7.17 18.30
v -23.59 6.93 18.35
v -24.16 6.69 18.41
v -24.72 6.45 18.48
v -25.06 6.13 18.53
v -25.41 5.82 18.59
v -25.75 5.50 18.65
v -25.90 5.03 18.70
v -26.04 4.55 18.74
v -26.18 4.08 18.78
v -26.18 2.95 18.83
v -26.18 1.82 18.86
v -26.18 0.68 18.86
v -26.03 0.21 18.84
v -25.88 -0.26 18.82
v -25.74 -0.73 18.79
v -25.39 -1.05 18.75
v -25.04 -1.37 18.70
v -24.70 -1.68 18.66
v -24.13 -1.92 18.61
v -23.57 -2.16 18.56
v -23.01 -2.39 18.51
v -22.38 -2.46 18.48
v -21.74 -2.53 18.46
v -21.11 -2.60 18.44
v -20.30 -2.59 18.43
v -19.48 -2.59 18.43
v -18.67 -2.58 18.44
v -18.06 -2.47 18.47
v -17.45 -2.36 18.49
v -16.84 -2.26 18.53
v -16.35 -2.01 18.15
v -15.83 -1.75 17.60
v -15.32 -1.53 17.59
v -14.72 -1.36 17.23
v -14.15 -1.21 17.22
v -13.57 -1.06 17.22
v -12.14 -1.00 17.22
v -10.72 -0.95 17.25
v -9.29 -0.90 17.31
v -8.79 -0.72 17.33
v -8.29 -0.54 17.37
v -7.78 -0.36 17.40
v -7.50 -0.05 17.43
v -7.21 0.26 17.45
v -7.20 0.61 17.97
v -7.20 1.82 17.97
v -7.20 3.04 17.94
v -7.21 4.25 17.89
v -7.49 4.56 17.86
v -7.76 4.86 17.83
v -8.04 5.16 17.79
v -8.53 5.33 17.75
v -9.02 5.50 17.72
v -9.51 5.68 17.69
v -10.89 5.72 17.65
v -12.27 5.76 17.63
v -13.66 5.80 17.63
v -14.22 5.95 17.63
v -14.78 6.10 17.63
v -15.36 6.27 18.00
v -15.85 6.49 18.00
v -16.37 6.76 18.54
v -16.88 7.01 18.91
v -17.47 7.11 18.88
v -18.07 7.22 18.85
v -18.66 7.32 18.82
v -19.45 7.32 18.82
v -20.24 7.32 18.82
v -21.02 7.32 18.83
v -21.64 7.25 18.85
v -22.25 7.18 18.89
v -22.86 7.10 18.92
v -23.41 6.87 18.98
v -23.95 6.63 19.04
v -24.50 6.40 19.10
v -24.83 6.08 19.16
v -25.17 5.77 19.21
v -25.50 5.46 19.27
v -25.64 4.99 19.32
v -25.78 4.53 19.36
v -25.92 4.06 19.40
v -25.92 2.95 19.45
v -25.92 1.84 19.48
v -25.91 0.72 19.48
v -25.77 0.26 19.46
v -25.63 -0.21 19.44
v -25.48 -0.67 19.41
v -25.15 -0.98 19.37
v -24.81 -1.29 19.32
v -24.48 -1.60 19.28
v -23.93 -1.84 19.23
v -23.39 -2.07 19.18
v -22.84 -2.30 19.14
v -22.23 -2.37 19.10
v -21.61 -2.44 19.07
v -21.00 -2.51 19.05
v -20.21 -2.50 19.04
v -19.42 -2.50 19.04
v -18.63 -2.49 19.05
v -18.04 -2.38 19.06
v -17.45 -2.27 19.08
v -16.85 -2.17 19.11
v -16.34 -1.92 18.73
v -15.83 -1.67 18.18
v -15.34 -1.45 18.17
v -14.76 -1.29 17.80
v -14.20 -1.14 17.79
v -13.64 -0.99 17.78
v -12.26 -0.94 17.77
v -10.88 -0.88 17.79
v -9.49 -0.83 17.83
v -9.01 -0.66 17.85
v -8.52 -0.48 17.88
v -8.03 -0.30 17.91
v -7.75 0.00 17.93
v -7.47 0.31 17.95
v -7.68 0.70 18.33
v -7.68 1.86 18.32
v -7.69 3.02 18.30
v -7.69 4.18 18.25
v -7.95 4.47 18.22
v -8.22 4.76 18.19
v -8.48 5.05 18.16
v -8.94 5.21 18.13
v -9.41 5.38 18.10
v -9.87 5.54 18.08
v -11.18 5.58 18.05
v -12.49 5.62 18.04
v -13.79 5.66 18.06
v -14.33 5.80 18.06
v -14.85 5.94 18.07
v -15.41 6.11 18.44
v -15.87 6.32 18.44
v -16.37 6.57 18.98
v -16.88 6.82 19.36
v -17.44 6.92 19.33
v -18.01 7.01 19.31
v -18.57 7.11 19.29
v -19.32 7.11 19.28
v -20.06 7.11 19.29
v -20.81 7.12 19.30
v -21.39 7.05 19.32
v -21.97 6.98 19.35
v -22.55 6.91 19.39
v -23.06 6.68 19.44
v -23.58 6.46 19.49
v -24.09 6.23 19.55
v -24.41 5.93 19.60
v -24.73 5.63 19.66
v -25.04 5.33 19.71
v -25.18 4.89 19.75
v -25.31 4.44 19.80
v -25.44 4.00 19.83
v -25.44 2.93 19.88
v -25.44 1.87 19.90
v -25.43 0.81 19.91
v -25.30 0.36 19.89
v -25.17 -0.08 19.87
v -25.03 -0.53 19.84
v -24.71 -0.82 19.81
v -24.39 -1.12 19.77
v -24.08 -1.42 19.73
v -23.56 -1.64 19.68
v -23.04 -1.87 19.63
v -22.53 -2.09 19.59
v -21.95 -2.16 19.56
v -21.36 -2.22 19.53
v -20.78 -2.29 19.51
v -20.04 -2.28 19.50
v -19.29 -2.28 19.49
v -18.54 -2.27 19.50
v -17.98 -2.17 19.51
v -17.42 -2.06 19.53
v -16.86 -1.96 19.55
v -16.35 -1.73 19.16
v -15.85 -1.49 18.61
v -15.39 -1.28 18.60
v -14.84 -1.12 18.23
v -14.31 -0.98 18.21
v -13.78 -0.83 18.20
v -12.47 -0.78 18.18
v -11.16 -0.73 18.19
v -9.85 -0.68 18.21
v -9.39 -0.52 18.23
v -8.93 -0.35 18.25
v -8.47 -0.18 18.27
v -8.20 0.11 18.29
v -7.94 0.40 18.31
v -8.33 0.99 18.57
v -8.34 1.96 18.56
v -8.34 2.92 18.54
v -8.34 3.89 18.51
v -8.83 4.37 18.46
v -9.50 4.74 18.42
v -10.36 5.02 18.38
v -11.57 5.05 18.37
v -12.78 5.08 18.37
v -13.99 5.12 18.40
v -14.48 5.23 18.40
v -15.48 5.49 18.79
v -16.38 5.88 19.34
v -17.40 6.16 19.71
v -17.92 6.24 19.69
v -19.13 6.32 19.67
v -20.51 6.33 19.69
v -21.58 6.21 19.73
v -22.59 5.96 19.80
v -23.07 5.77 19.85
v -23.55 5.59 19.90
v -24.13 5.09 19.98
v -24.55 4.47 20.05
v -24.79 3.73 20.12
v -24.79 2.85 20.15
v -24.79 1.97 20.17
v -24.79 1.09 20.17
v -24.66 0.72 20.16
v -24.41 -0.02 20.13
v -23.83 -0.52 20.07
v -23.05 -0.95 20.00
v -22.58 -1.13 19.96
v -21.56 -1.37 19.90
v -20.49 -1.48 19.86
v -19.11 -1.47 19.85
v -17.90 -1.38 19.86
v -17.38 -1.30 19.87
v -16.36 -1.02 19.50
v -15.47 -0.65 18.92
v -14.46 -0.40 18.53
v -13.97 -0.28 18.51
v -12.76 -0.24 18.49
v -11.55 -0.20 18.48
v -10.34 -0.15 18.49
v -9.49 0.13 18.52
v -8.82 0.51 18.55
v -23.84 2.46 20.08
v -23.07 2.46 20.02
v -22.59 2.46 19.99
v -21.58 2.46 19.94
v -20.51 2.46 19.91
v -19.13 2.47 19.89
v -17.92 2.47 19.90
v -17.39 2.48 19.91
v -16.38 2.47 19.52
v -15.48 2.47 18.94
v -14.48 2.47 18.54
v -13.99 2.47 18.52
v -12.77 2.48 18.49
v -11.57 2.48 18.49
v -10.36 2.48 18.49
v -9.50 2.49 18.51
v -2.72 -1.36 18.72
v -2.38 -1.39 18.99
v -2.04 -1.43 19.26
v -1.71 -1.46 19.54
v -0.90 -1.53 20.07
v -0.09 -1.60 20.60
v 0.73 -1.66 21.13
v 1.51 -1.72 21.53
v 2.30 -1.78 21.93
v 3.09 -1.83 22.33
v 3.82 -1.87 22.62
v 4.55 -1.91 22.92
v 5.28 -1.95 23.21
v 5.86 -1.97 23.35
v 6.44 -2.00 23.48
v 7.01 -2.02 23.62
v 7.31 -2.03 23.63
v 7.60 -2.04 23.64
v 7.89 -2.05 23.64
v 8.20 -2.06 23.59
v 8.52 -2.07 23.53
v 8.84 -2.07 23.48
v 9.22 -2.08 23.26
v 9.60 -2.09 23.05
v 9.99 -2.10 22.84
v 10.17 -2.10 22.59
v 10.36 -2.10 22.35
v 10.55 -2.10 22.10
v 10.64 -2.10 21.83
v 10.72 -2.11 21.56
v 10.80 -2.11 21.29
v 10.81 -2.11 20.99
v 10.82 -2.11 20.69
v 10.83 -2.11 20.39
v 10.76 -2.10 19.83
v 10.70 -2.10 19.27
v 10.63 -2.10 18.71
v 10.45 -2.10 18.12
v 10.27 -2.09 17.52
v 10.10 -2.09 16.93
v 5.91 -1.95 16.62
v 1.71 -1.71 16.30
v -2.47 -1.36 15.99
v -2.72 -1.34 16.03
v -2.98 -1.32 16.07
v -3.23 -1.29 16.10
v -3.37 -1.28 16.32
v -3.51 -1.27 16.53
v -3.65 -1.26 16.74
v -3.64 -1.26 17.01
v -3.63 -1.26 17.29
v -3.62 -1.27 17.57
v -3.32 -1.30 17.95
v -3.02 -1.33 18.33
v -3.52 0.17 19.03
v -3.13 0.17 19.34
v -2.75 0.17 19.65
v -2.37 0.17 19.96
v -1.45 0.17 20.56
v -0.52 0.17 21.15
v 0.40 0.17 21.75
v 1.30 0.17 22.21
v 2.20 0.17 22.66
v 3.10 0.17 23.11
v 3.92 0.17 23.45
v 4.76 0.17 23.78
v 5.58 0.17 24.11
v 6.24 0.17 24.26
v 6.90 0.16 24.42
v 7.55 0.16 24.57
v 7.88 0.16 24.58
v 8.21 0.16 24.59
v 8.55 0.17 24.60
v 8.91 0.17 24.54
v 9.26 0.17 24.48
v 9.62 0.17 24.41
v 10.06 0.17 24.17
v 10.49 0.17 23.94
v 10.93 0.17 23.70
v 11.15 0.17 23.41
v 11.36 0.17 23.14
v 11.57 0.17 22.85
v 11.67 0.17 22.55
v 11.76 0.17 22.25
v 11.86 0.17 21.94
v 11.87 0.17 21.60
v 11.88 0.17 21.26
v 11.89 0.17 20.92
v 11.82 0.17 20.29
v 11.74 0.17 19.66
v 11.66 0.17 19.03
v 11.46 0.17 18.36
v 11.26 0.17 17.69
v 11.05 0.17 17.01
v 6.29 0.17 16.66
v 1.53 0.17 16.30
v -3.24 0.17 15.95
v -3.53 0.17 15.99
v -3.81 0.17 16.03
v -4.10 0.17 16.07
v -4.26 0.17 16.31
v -4.42 0.17 16.55
v -4.58 0.17 16.79
v -4.57 0.17 17.10
v -4.56 0.17 17.42
v -4.55 0.17 17.73
v -4.20 0.17 18.16
v -3.86 0.17 18.60
v -3.54 4.85 19.03
v -3.15 4.85 19.33
v -2.77 4.86 19.65
v -2.39 4.86 19.96
v -1.46 4.88 20.55
v -0.54 4.89 21.15
v 0.38 4.90 21.75
v 1.28 4.91 22.21
v 2.18 4.93 22.66
v 3.08 4.94 23.11
v 3.91 4.95 23.44
v 4.74 4.96 23.78
v 5.57 4.97 24.11
v 6.22 4.98 24.26
v 6.88 4.99 24.42
v 7.54 5.00 24.57
v 7.87 5.01 24.58
v 8.20 5.01 24.59
v 8.53 5.01 24.60
v 8.89 5.02 24.54
v 9.25 5.02 24.47
v 9.61 5.03 24.41
v 10.04 5.04 24.17
v 10.48 5.04 23.93
v 10.91 5.05 23.69
v 11.13 5.05 23.41
v 11.34 5.05 23.13
v 11.56 5.06 22.85
v 11.65 5.06 22.55
v 11.74 5.06 22.24
v 11.84 5.06 21.94
v 11.85 5.06 21.60
v 11.86 5.06 21.26
v 11.87 5.06 20.92
v 11.80 5.06 20.29
v 11.72 5.05 19.66
v 11.64 5.05 19.03
v 11.44 5.05 18.36
v 11.24 5.05 17.68
v 11.04 5.04 17.01
v 6.27 4.98 16.66
v 1.51 4.91 16.30
v -3.26 4.85 15.95
v -3.54 4.84 15.99
v -3.83 4.84 16.03
v -4.12 4.84 16.07
v -4.28 4.84 16.31
v -4.44 4.83 16.55
v -4.60 4.83 16.79
v -4.59 4.83 17.10
v -4.58 4.83 17.42
v -4.56 4.83 17.73
v -4.22 4.84 18.16
v -3.88 4.84 18.59
v -2.71 6.59 18.72
v -2.37 6.62 18.99
v -2.04 6.64 19.26
v -1.70 6.67 19.54
v -0.89 6.72 20.07
v -0.08 6.78 20.59
v 0.73 6.83 21.12
v 1.52 6.88 21.52
v 2.31 6.93 21.92
v 3.10 6.97 22.32
v 3.83 7.01 22.62
v 4.56 7.05 22.91
v 5.29 7.08 23.20
v 5.86 7.11 23.34
v 6.44 7.13 23.47
v 7.02 7.16 23.61
v 7.31 7.17 23.62
v 7.60 7.18 23.62
v 7.89 7.19 23.63
v 8.21 7.20 23.58
v 8.52 7.22 23.52
v 8.84 7.23 23.47
v 9.22 7.24 23.25
v 9.60 7.25 23.05
v 9.99 7.26 22.83
v 10.17 7.27 22.59
v 10.36 7.27 22.34
v 10.55 7.28 22.09
v 10.64 7.28 21.82
v 10.72 7.28 21.56
v 10.80 7.28 21.29
v 10.81 7.28 20.99
v 10.82 7.28 20.69
v 10.83 7.28 20.39
v 10.76 7.28 19.83
v 10.70 7.28 19.28
v 10.63 7.27 18.72
v 10.45 7.27 18.12
v 10.27 7.26 17.53
v 10.10 7.25 16.94
v 5.91 7.09 16.63
v 1.72 6.87 16.32
v -2.46 6.59 16.00
v -2.72 6.58 16.04
v -2.97 6.56 16.08
v -3.22 6.54 16.11
v -3.36 6.53 16.32
v -3.50 6.52 16.53
v -3.64 6.51 16.74
v -3.63 6.52 17.02
v -3.62 6.52 17.30
v -3.61 6.52 17.58
v -3.31 6.54 17.96
v -3.01 6.57 18.34
v -1.95 7.44 18.35
v -1.67 7.47 18.58
v -1.38 7.51 18.81
v -1.10 7.55 19.04
v -0.42 7.64 19.48
v 0.26 7.72 19.93
v 0.95 7.80 20.38
v 1.61 7.87 20.71
v 2.28 7.94 21.05
v 2.94 8.00 21.39
v 3.56 8.06 21.63
v 4.17 8.11 21.88
v 4.79 8.16 22.13
v 5.28 8.20 22.24
v 5.76 8.24 22.36
v 6.25 8.27 22.47
v 6.50 8.29 22.48
v 6.74 8.30 22.48
v 6.99 8.32 22.49
v 7.26 8.33 22.44
v 7.52 8.35 22.40
v 7.79 8.36 22.35
v 8.12 8.38 22.17
v 8.44 8.40 22.00
v 8.76 8.41 21.82
v 8.92 8.42 21.61
v 9.08 8.42 21.40
v 9.24 8.43 21.19
v 9.31 8.43 20.97
v 9.38 8.43 20.74
v 9.45 8.44 20.51
v 9.46 8.44 20.26
v 9.47 8.44 20.01
v 9.48 8.43 19.75
v 9.42 8.43 19.29
v 9.36 8.43 18.82
v 9.30 8.42 18.35
v 9.16 8.41 17.85
v 9.00 8.41 17.35
v 8.85 8.40 16.85
v 5.31 8.17 16.58
v 1.78 7.85 16.32
v -1.74 7.44 16.06
v -1.95 7.41 16.09
v -2.17 7.39 16.12
v -2.38 7.36 16.15
v -2.50 7.34 16.33
v -2.61 7.33 16.51
v -2.73 7.32 16.68
v -2.72 7.32 16.92
v -2.71 7.32 17.15
v -2.71 7.33 17.39
v -2.45 7.36 17.71
v -2.20 7.40 18.03
v -1.97 -2.32 18.34
v -1.69 -2.36 18.58
v -1.40 -2.39 18.81
v -1.12 -2.43 19.04
v -0.43 -2.52 19.49
v 0.25 -2.60 19.93
v 0.94 -2.68 20.38
v 1.61 -2.75 20.72
v 2.28 -2.82 21.06
v 2.95 -2.88 21.39
v 3.57 -2.93 21.64
v 4.19 -2.98 21.89
v 4.80 -3.03 22.14
v 5.29 -3.06 22.25
v 5.78 -3.10 22.37
v 6.27 -3.12 22.48
v 6.52 -3.14 22.49
v 6.77 -3.15 22.50
v 7.01 -3.16 22.50
v 7.28 -3.18 22.46
v 7.55 -3.19 22.41
v 7.82 -3.20 22.36
v 8.15 -3.21 22.19
v 8.47 -3.22 22.01
v 8.80 -3.23 21.83
v 8.96 -3.24 21.62
v 9.12 -3.24 21.41
v 9.28 -3.24 21.20
v 9.35 -3.25 20.97
v 9.42 -3.25 20.75
v 9.49 -3.25 20.52
v 9.49 -3.25 20.27
v 9.50 -3.25 20.01
v 9.51 -3.25 19.76
v 9.46 -3.25 19.29
v 9.40 -3.24 18.82
v 9.34 -3.24 18.35
v 9.19 -3.24 17.84
v 9.04 -3.23 17.34
v 8.89 -3.22 16.84
v 5.33 -3.04 16.57
v 1.78 -2.74 16.31
v -1.76 -2.32 16.05
v -1.98 -2.29 16.08
v -2.19 -2.26 16.11
v -2.40 -2.24 16.14
v -2.52 -2.22 16.32
v -2.64 -2.21 16.49
v -2.76 -2.19 16.67
v -2.75 -2.20 16.91
v -2.74 -2.20 17.14
v -2.73 -2.20 17.38
v -2.48 -2.24 17.70
v -2.23 -2.28 18.02
v -1.00 8.04 17.99
v -0.77 8.08 18.18
v -0.54 8.12 18.37
v -0.31 8.16 18.55
v 0.25 8.25 18.92
v 0.81 8.33 19.28
v 1.37 8.42 19.65
v 1.91 8.49 19.92
v 2.46 8.57 20.20
v 3.00 8.63 20.47
v 3.50 8.69 20.67
v 4.01 8.75 20.88
v 4.52 8.81 21.08
v 4.92 8.85 21.17
v 5.32 8.88 21.26
v 5.72 8.90 21.36
v 5.92 8.90 21.36
v 6.12 8.91 21.37
v 6.32 8.91 21.38
v 6.54 8.91 21.34
v 6.76 8.92 21.30
v 6.98 8.92 21.26
v 7.24 8.92 21.12
v 7.51 8.92 20.97
v 7.78 8.92 20.83
v 7.91 8.92 20.65
v 8.04 8.92 20.49
v 8.17 8.92 20.32
v 8.23 8.92 20.13
v 8.29 8.92 19.95
v 8.34 8.92 19.76
v 8.35 8.92 19.56
v 8.36 8.92 19.35
v 8.37 8.92 19.14
v 8.32 8.92 18.76
v 8.27 8.92 18.37
v 8.22 8.92 17.99
v 8.10 8.92 17.58
v 7.98 8.92 17.17
v 7.85 8.92 16.76
v 4.94 8.81 16.55
v 2.05 8.48 16.33
v -0.83 8.04 16.12
v -1.01 8.02 16.14
v -1.18 7.99 16.17
v -1.35 7.96 16.19
v -1.45 7.94 16.34
v -1.55 7.93 16.48
v -1.64 7.91 16.63
v -1.63 7.92 16.82
v -1.63 7.92 17.01
v -1.62 7.92 17.20
v -1.42 7.96 17.47
v -1.21 8.00 17.73
v -1.01 -2.90 17.99
v -0.78 -2.94 18.18
v -0.54 -2.97 18.37
v -0.31 -3.01 18.55
v 0.25 -3.09 18.92
v 0.81 -3.18 19.28
v 1.38 -3.25 19.65
v 1.92 -3.32 19.93
v 2.47 -3.39 20.20
v 3.02 -3.45 20.48
v 3.53 -3.50 20.68
v 4.04 -3.55 20.89
v 4.55 -3.60 21.09
v 4.95 -3.63 21.18
v 5.35 -3.66 21.28
v 5.75 -3.67 21.37
v 5.96 -3.67 21.37
v 6.16 -3.67 21.38
v 6.36 -3.67 21.39
v 6.58 -3.67 21.35
v 6.80 -3.67 21.31
v 7.03 -3.67 21.27
v 7.29 -3.66 21.13
v 7.56 -3.66 20.98
v 7.83 -3.66 20.83
v 7.96 -3.66 20.66
v 8.09 -3.65 20.49
v 8.22 -3.65 20.32
v 8.28 -3.65 20.14
v 8.34 -3.65 19.95
v 8.39 -3.78 19.77
v 8.40 -3.78 19.56
v 8.41 -3.65 19.35
v 8.42 -3.65 19.15
v 8.37 -3.65 18.76
v 8.32 -3.65 18.38
v 8.27 -3.65 17.99
v 8.15 -3.66 17.58
v 8.02 -3.66 17.17
v 7.90 -3.66 16.76
v 4.98 -3.60 16.54
v 2.06 -3.30 16.33
v -0.84 -2.90 16.11
v -1.02 -2.88 16.14
v -1.19 -2.85 16.16
v -1.36 -2.82 16.19
v -1.46 -2.81 16.33
v -1.56 -2.80 16.48
v -1.66 -2.78 16.62
v -1.65 -2.79 16.82
v -1.64 -2.79 17.01
v -1.63 -2.79 17.20
v -1.43 -2.83 17.46
v -1.22 -2.86 17.73
v 9.48 -3.13 4.87
v 9.41 -3.54 4.67
v 9.38 -3.97 4.82
v 9.34 -4.17 5.24
v 9.30 -4.01 5.65
v 9.34 -3.60 5.84
v 9.45 -3.18 5.70
v 9.52 -2.99 5.30
v -5.79 -2.60 4.85
v -5.86 -3.00 4.65
v -5.92 -3.43 4.80
v -5.94 -3.63 5.22
v -5.92 -3.48 5.65
v -5.86 -3.07 5.85
v -5.80 -2.64 5.69
v -5.77 -2.45 5.28
v 9.88 0.76 7.01
v 10.16 0.80 7.61
v 9.94 0.84 8.24
v 9.33 0.86 8.52
v 8.70 0.85 8.29
v 8.42 0.81 7.69
v 8.65 0.77 7.06
v 9.25 0.75 6.78
v 9.87 -0.52 7.09
v 10.16 -0.49 7.70
v 9.93 -0.44 8.32
v 9.32 -0.42 8.61
v 8.69 -0.43 8.38
v 8.41 -0.47 7.77
v 8.64 -0.51 7.15
v 9.24 -0.54 6.87
v 9.92 -1.43 6.91
v 10.22 -1.67 7.46
v 10.01 -1.98 8.02
v 9.42 -2.17 8.25
v 8.79 -2.14 8.04
v 8.49 -1.90 7.49
v 8.70 -1.59 6.93
v 9.29 -1.40 6.69
v 10.07 -2.11 6.30
v 10.41 -2.56 6.66
v 10.26 -3.13 6.98
v 9.69 -3.48 7.07
v 9.06 -3.41 6.89
v 8.72 -2.97 6.52
v 8.87 -2.40 6.20
v 9.43 -2.05 6.11
v 10.25 -2.25 5.49
v 10.65 -2.77 5.61
v 10.57 -3.44 5.63
v 10.05 -3.85 5.53
v 9.40 -3.77 5.38
v 9.00 -3.25 5.26
v 9.09 -2.58 5.24
v 9.61 -2.17 5.33
v 10.58 -2.41 4.06
v 10.97 -2.93 4.21
v 10.88 -3.59 4.26
v 10.35 -4.00 4.19
v 9.71 -3.93 4.04
v 9.32 -3.40 3.89
v 9.41 -2.74 3.83
v 9.93 -2.33 3.90
v 11.07 -2.67 1.89
v 11.46 -3.19 2.04
v 11.37 -3.85 2.09
v 10.85 -4.26 2.02
v 10.20 -4.18 1.88
v 9.81 -3.66 1.74
v 9.90 -3.00 1.69
v 10.42 -2.59 1.74
v 11.20 -2.93 -0.23
v 11.60 -3.46 -0.13
v 11.50 -4.11 -0.06
v 10.97 -4.52 -0.06
v 10.31 -4.43 -0.13
v 9.91 -3.90 -0.22
v 10.01 -3.24 -0.28
v 10.54 -2.84 -0.29
v 11.09 -3.19 -2.58
v 11.49 -3.72 -2.58
v 11.41 -4.38 -2.49
v 10.88 -4.77 -2.36
v 10.23 -4.67 -2.27
v 9.83 -4.14 -2.27
v 9.91 -3.48 -2.35
v 10.44 -3.09 -2.48
v 10.95 -3.34 -3.90
v 11.35 -3.87 -3.98
v 11.28 -4.53 -3.88
v 10.80 -4.92 -3.65
v 10.17 -4.83 -3.44
v 9.77 -4.29 -3.36
v 9.84 -3.64 -3.46
v 10.33 -3.24 -3.68
v 10.33 -3.50 -5.29
v 10.67 -4.05 -5.45
v 10.59 -4.71 -5.33
v 10.14 -5.08 -5.00
v 9.58 -4.95 -4.66
v 9.24 -4.40 -4.51
v 9.32 -3.74 -4.62
v 9.77 -3.37 -4.95
v 9.17 -3.61 -6.38
v 9.37 -4.18 -6.68
v 9.32 -4.83 -6.53
v 9.06 -5.18 -6.02
v 8.73 -5.03 -5.46
v 8.54 -4.46 -5.17
v 8.59 -3.81 -5.31
v 8.85 -3.46 -5.82
v 7.40 -3.74 -6.74
v 7.40 -4.23 -7.04
v 7.40 -4.79 -6.90
v 7.39 -5.09 -6.42
v 7.37 -4.95 -5.86
v 7.37 -4.46 -5.56
v 7.38 -3.91 -5.70
v 7.39 -3.61 -6.18
v 3.48 -3.74 -7.06
v 3.49 -4.23 -7.36
v 3.48 -4.79 -7.22
v 3.45 -5.09 -6.73
v 3.42 -4.95 -6.18
v 3.40 -4.46 -5.88
v 3.41 -3.90 -6.02
v 3.44 -3.60 -6.51
v -0.18 -3.14 -7.64
v -0.15 -4.11 -8.23
v -0.17 -5.22 -7.95
v -0.23 -5.81 -6.99
v -0.29 -5.54 -5.88
v -0.32 -4.56 -5.29
v -0.30 -3.46 -5.56
v -0.24 -2.87 -6.53
v -12.06 -3.15 -8.17
v -12.04 -4.10 -8.75
v -12.06 -5.18 -8.48
v -12.09 -5.76 -7.53
v -12.14 -5.50 -6.46
v -12.16 -4.55 -5.88
v -12.14 -3.47 -6.14
v -12.10 -2.89 -7.09
v -13.19 -3.32 -8.03
v -13.18 -4.13 -8.52
v -13.19 -5.04 -8.29
v -13.22 -5.53 -7.49
v -13.26 -5.31 -6.58
v -13.27 -4.50 -6.09
v -13.26 -3.58 -6.31
v -13.23 -3.09 -7.11
v -13.31 -3.49 -7.88
v -13.30 -4.15 -8.28
v -13.31 -4.90 -8.10
v -13.34 -5.30 -7.44
v -13.36 -5.12 -6.69
v -13.38 -4.46 -6.29
v -13.37 -3.71 -6.47
v -13.34 -3.30 -7.13
v 9.29 0.81 7.65
v -3.42 0.30 7.90
v -3.48 -0.04 8.38
v -3.50 0.05 8.96
v -3.46 0.53 9.31
v -3.39 1.11 9.21
v -3.33 1.45 8.74
v -3.31 1.35 8.15
v -3.34 0.87 7.81
v -4.18 0.24 7.83
v -4.15 -0.10 8.31
v -4.26 -0.01 8.89
v -4.44 0.45 9.21
v -4.58 1.01 9.10
v -4.61 1.34 8.61
v -4.50 1.25 8.04
v -4.32 0.80 7.71
v -5.10 -0.37 7.62
v -4.96 -0.63 8.13
v -5.18 -0.61 8.67
v -5.62 -0.33 8.94
v -6.03 0.06 8.76
v -6.17 0.32 8.25
v -5.95 0.31 7.71
v -5.51 0.02 7.44
v -5.50 -1.38 7.35
v -5.32 -1.52 7.89
v -5.59 -1.62 8.41
v -6.15 -1.63 8.59
v -6.67 -1.53 8.34
v -6.85 -1.39 7.80
v -6.59 -1.28 7.29
v -6.03 -1.28 7.10
v -5.55 -1.98 7.20
v -5.37 -2.12 7.74
v -5.63 -2.22 8.26
v -6.19 -2.23 8.44
v -6.72 -2.13 8.19
v -6.90 -1.99 7.65
v -6.64 -1.88 7.14
v -6.08 -1.88 6.95
v -5.57 -2.50 6.90
v -5.40 -2.89 7.31
v -5.68 -3.24 7.69
v -6.25 -3.35 7.82
v -6.76 -3.15 7.63
v -6.93 -2.76 7.22
v -6.65 -2.41 6.84
v -6.09 -2.30 6.70
v -5.53 -2.87 6.30
v -5.36 -3.40 6.47
v -5.64 -3.90 6.61
v -6.20 -4.07 6.65
v -6.72 -3.81 6.55
v -6.90 -3.27 6.38
v -6.61 -2.77 6.23
v -6.05 -2.60 6.20
v -5.50 -3.28 5.02
v -5.32 -3.84 5.01
v -5.59 -4.37 5.00
v -6.15 -4.55 4.96
v -6.67 -4.28 4.95
v -6.85 -3.72 4.99
v -6.59 -3.20 5.04
v -6.03 -3.02 5.05
v -6.23 -3.25 3.31
v -6.08 -3.78 3.10
v -6.22 -4.34 3.23
v -6.62 -4.59 3.58
v -7.04 -4.39 3.92
v -7.20 -3.86 4.11
v -7.01 -3.31 4.05
v -6.60 -3.06 3.73
v -14.93 -3.37 -5.82
v -14.78 -3.90 -6.02
v -14.95 -4.46 -5.92
v -15.34 -4.71 -5.56
v -15.72 -4.52 -5.16
v -15.88 -3.99 -4.95
v -15.71 -3.44 -5.06
v -15.32 -3.18 -5.42
v -16.05 -3.20 -6.79
v -15.93 -3.72 -7.03
v -16.13 -4.27 -6.96
v -16.53 -4.52 -6.61
v -16.91 -4.33 -6.20
v -17.02 -3.81 -5.96
v -16.83 -3.26 -6.03
v -16.42 -3.01 -6.38
v -17.84 -2.91 -7.77
v -17.83 -3.42 -8.08
v -17.92 -3.99 -7.94
v -18.06 -4.28 -7.45
v -18.17 -4.14 -6.89
v -18.18 -3.63 -6.59
v -18.08 -3.06 -6.72
v -17.94 -2.77 -7.21
v -19.75 -2.71 -8.16
v -19.83 -3.21 -8.46
v -19.83 -3.79 -8.33
v -19.72 -4.10 -7.85
v -19.59 -3.97 -7.28
v -19.50 -3.48 -6.98
v -19.51 -2.90 -7.11
v -19.61 -2.59 -7.60
v -21.92 -2.62 -7.74
v -21.99 -3.12 -8.05
v -21.99 -3.70 -7.92
v -21.92 -4.01 -7.42
v -21.81 -3.88 -6.86
v -21.73 -3.38 -6.55
v -21.73 -2.81 -6.68
v -21.80 -2.49 -7.18
v -23.60 -2.46 -8.04
v -23.73 -2.91 -8.60
v -23.68 -3.53 -8.21
v -23.50 -3.95 -7.11
v -23.28 -3.93 -5.94
v -23.16 -3.47 -5.38
v -23.20 -2.85 -5.76
v -23.39 -2.43 -6.86
v -25.40 -1.80 -7.82
v -25.58 -2.79 -8.55
v -25.56 -3.97 -8.17
v -25.36 -4.66 -6.90
v -25.09 -4.44 -5.49
v -24.91 -3.45 -4.76
v -24.92 -2.26 -5.14
v -25.13 -1.58 -6.41
v -34.76 -2.04 -5.52
v -34.84 -2.50 -5.90
v -34.83 -3.07 -5.69
v -34.72 -3.40 -5.02
v -34.58 -3.31 -4.29
v -34.49 -2.85 -3.92
v -34.51 -2.28 -4.12
v -34.61 -1.95 -4.79
v -36.95 -2.02 -4.96
v -37.02 -2.44 -5.26
v -37.01 -2.95 -5.11
v -36.93 -3.24 -4.60
v -36.83 -3.14 -4.03
v -36.75 -2.71 -3.74
v -36.76 -2.20 -3.88
v -36.84 -1.92 -4.39
v -30.02 -1.80 13.73
v -25.24 -1.80 13.73
v -24.83 -1.80 13.62
v -24.53 -1.80 13.30
v -24.42 -1.80 12.87
v -24.53 -1.80 12.43
v -24.83 -1.80 12.12
v -25.24 -1.80 12.00
v -30.02 -1.80 11.99
v -30.02 -0.73 13.73
v -25.24 -0.73 13.73
v -24.83 -0.73 13.62
v -24.53 -0.73 13.30
v -24.42 -0.73 12.87
v -24.53 -0.73 12.43
v -24.83 -0.73 12.12
v -25.24 -0.73 12.00
v -30.02 -0.73 11.99
v -21.25 5.95 14.05
v -9.34 5.95 14.31
v -8.06 5.95 14.26
v -7.38 5.95 13.74
v -7.12 5.95 13.03
v -7.08 5.95 9.91
v -7.38 5.95 7.66
v -7.95 5.95 6.01
v -8.85 5.95 4.90
v -10.05 5.95 4.44
v -11.52 5.95 4.61
v -12.83 5.95 5.25
v -21.48 5.95 10.10
v -22.42 5.95 11.07
v -22.60 5.95 11.92
v -22.49 5.95 12.82
v -22.08 5.95 13.53
v -21.25 3.02 14.05
v -9.34 3.02 14.31
v -8.06 3.02 14.26
v -7.38 3.02 13.74
v -7.12 3.02 13.03
v -7.08 3.02 9.91
v -7.38 3.02 7.66
v -7.95 3.02 6.01
v -8.85 3.02 4.90
v -10.05 3.02 4.44
v -11.52 3.02 4.61
v -12.83 3.02 5.25
v -21.48 3.02 10.10
v -22.42 3.02 11.07
v -22.60 3.02 11.92
v -22.49 3.02 12.82
v -22.08 3.02 13.53
v -20.58 6.59 13.47
v -9.65 6.59 13.49
v -8.49 6.59 13.42
v -7.87 6.59 13.00
v -7.64 6.59 12.44
v -7.65 6.59 9.96
v -7.95 6.59 8.18
v -8.50 6.59 6.88
v -9.34 6.59 6.01
v -10.45 6.59 5.66
v -11.79 6.59 5.82
v -12.99 6.59 6.35
v -20.84 6.59 10.33
v -21.69 6.59 11.11
v -21.85 6.59 11.79
v -21.73 6.59 12.50
v -21.34 6.59 13.07
v -19.20 7.02 12.77
v -10.06 7.02 12.78
v -9.08 7.02 12.73
v -8.57 7.02 12.41
v -8.38 7.02 11.98
v -8.38 7.02 10.09
v -8.64 7.02 8.74
v -9.09 7.02 7.75
v -9.80 7.02 7.08
v -10.72 7.02 6.82
v -11.84 7.02 6.93
v -12.85 7.02 7.33
v -19.42 7.02 10.37
v -20.13 7.02 10.96
v -20.26 7.02 11.49
v -20.16 7.02 12.03
v -19.84 7.02 12.47
v -10.49 7.45 11.24
v -11.18 7.45 8.49
v -18.92 7.31 11.16
v -18.74 7.31 11.97
v 9.45 5.23 17.73
v 9.33 5.50 18.18
v 9.22 5.23 18.64
v 9.22 4.68 18.64
v 9.34 4.41 18.19
v 9.46 4.68 17.73
v -1.00 5.22 15.90
v -1.05 5.49 16.37
v -1.10 5.22 16.85
v -1.10 4.67 16.85
v -1.05 4.40 16.38
v -0.99 4.67 15.91
v -4.44 5.49 14.80
v -4.47 5.76 15.28
v -4.68 5.51 15.73
v -4.86 4.99 15.69
v -4.84 4.73 15.21
v -4.63 4.98 14.76
v -7.54 6.37 14.48
v -7.55 6.64 14.96
v -7.68 6.38 15.42
v -7.81 5.85 15.41
v -7.81 5.57 14.93
v -7.68 5.84 14.47
v -9.12 6.63 14.32
v -9.11 6.91 14.79
v -9.16 6.64 15.26
v -9.22 6.09 15.27
v -9.24 5.82 14.79
v -9.19 6.08 14.32
v -10.64 6.71 14.25
v -10.65 6.99 14.73
v -10.67 6.72 15.20
v -10.66 6.17 15.20
v -10.65 5.89 14.73
v -10.64 6.16 14.25
v -12.12 6.70 14.19
v -12.14 6.98 14.66
v -12.15 6.71 15.14
v -12.15 6.16 15.14
v -12.13 5.88 14.66
v -12.12 6.15 14.19
v -20.84 6.69 14.06
v -20.86 6.97 14.54
v -20.88 6.70 15.01
v -20.88 6.15 15.01
v -20.86 5.87 14.54
v -20.84 6.15 14.07
v -21.88 6.69 13.74
v -22.14 6.96 14.14
v -22.39 6.69 14.54
v -22.39 6.14 14.54
v -22.14 5.86 14.14
v -21.88 6.14 13.74
v -22.60 6.68 12.93
v -23.03 6.95 13.14
v -23.45 6.68 13.36
v -23.45 6.13 13.36
v -23.03 5.86 13.15
v -22.60 6.13 12.93
v -22.81 6.67 11.87
v -23.29 6.95 11.83
v -23.76 6.67 11.80
v -23.76 6.12 11.80
v -23.29 5.85 11.84
v -22.82 6.12 11.87
v -22.45 6.66 10.85
v -22.84 6.94 10.58
v -23.23 6.66 10.31
v -23.24 6.12 10.31
v -22.85 5.84 10.58
v -22.45 6.11 10.85
v -21.62 6.65 10.15
v -21.82 6.93 9.72
v -22.02 6.66 9.29
v -22.02 6.11 9.29
v -21.82 5.83 9.72
v -21.62 6.10 10.15
v -19.74 6.64 9.06
v -19.97 6.92 8.64
v -20.20 6.65 8.23
v -20.21 6.10 8.23
v -19.98 5.82 8.64
v -19.74 6.09 9.06
v -18.80 6.59 8.52
v -19.01 6.87 8.10
v -19.26 6.60 7.69
v -19.30 6.05 7.71
v -19.09 5.77 8.14
v -18.84 6.04 8.54
v -17.52 6.39 7.80
v -17.71 6.66 7.36
v -17.99 6.39 6.97
v -18.08 5.86 7.02
v -17.89 5.58 7.46
v -17.62 5.85 7.85
v -16.27 6.03 7.10
v -16.44 6.30 6.65
v -16.74 6.04 6.27
v -16.88 5.51 6.34
v -16.72 5.25 6.79
v -16.42 5.51 7.17
v -15.07 5.53 6.41
v -15.20 5.78 5.95
v -15.53 5.53 5.58
v -15.72 5.03 5.68
v -15.58 4.77 6.15
v -15.26 5.02 6.52
v -11.10 4.71 4.22
v -11.33 4.99 3.81
v -11.57 4.72 3.39
v -11.57 4.17 3.39
v -11.34 3.89 3.80
v -11.11 4.17 4.22
v -9.38 4.71 3.25
v -9.61 4.98 2.84
v -9.84 4.71 2.42
v -9.84 4.16 2.42
v -9.61 3.88 2.83
v -9.38 4.16 3.25
v -7.65 4.70 2.28
v -7.88 4.97 1.87
v -8.11 4.70 1.46
v -8.11 4.15 1.46
v -7.88 3.88 1.87
v -7.65 4.15 2.28
v -7.88 4.42 1.87
v 9.33 4.95 18.18
v -4.71 2.27 -7.40
v -6.86 2.27 -7.50
v -9.00 2.27 -7.60
v -11.15 2.27 -7.70
v -13.29 2.27 -7.80
v -15.43 2.27 -7.90
v -17.58 2.27 -8.00
v -17.22 2.27 -7.26
v -16.90 2.27 -6.50
v -16.63 2.27 -5.72
v -16.40 2.27 -4.93
v -16.22 2.27 -4.13
v -16.09 2.27 -3.31
v -16.00 2.27 -2.49
v -15.96 2.27 -1.67
v -15.98 2.27 -0.85
v -16.04 2.27 -0.03
v -16.15 2.27 0.79
v -16.30 2.27 1.60
v -16.51 2.27 2.40
v -16.76 2.27 3.18
v -17.05 2.27 3.95
v -17.39 2.27 4.70
v -17.78 2.27 5.43
v -18.20 2.27 6.14
v -15.97 2.27 5.52
v -13.74 2.27 4.91
v -11.51 2.27 4.30
v -9.27 2.27 3.69
v -7.04 2.27 3.07
v -4.81 2.27 2.46
v -4.79 2.27 0.82
v -4.78 2.27 -0.83
v -4.76 2.27 -2.47
v -4.75 2.27 -4.11
v -4.73 2.27 -5.76
v -4.71 3.33 -7.40
v -6.86 3.33 -7.50
v -9.00 3.33 -7.60
v -11.15 3.33 -7.70
v -13.29 3.33 -7.80
v -15.43 3.33 -7.90
v -17.58 3.33 -8.00
v -17.22 3.33 -7.26
v -16.90 3.33 -6.50
v -16.63 3.33 -5.72
v -16.40 3.33 -4.93
v -16.22 3.33 -4.13
v -16.09 3.33 -3.31
v -16.00 3.33 -2.49
v -15.96 3.33 -1.67
v -15.98 3.33 -0.85
v -16.04 3.33 -0.03
v -16.15 3.33 0.79
v -16.30 3.33 1.60
v -16.51 3.33 2.40
v -16.76 3.33 3.18
v -17.05 3.33 3.95
v -17.39 3.33 4.70
v -17.78 3.33 5.43
v -18.20 3.33 6.14
v -15.97 3.33 5.52
v -13.74 3.33 4.91
v -11.51 3.33 4.30
v -9.27 3.33 3.69
v -7.04 3.33 3.07
v -4.81 3.33 2.46
v -4.79 3.33 0.82
v -4.78 3.33 -0.83
v -4.76 3.33 -2.47
v -4.75 3.33 -4.11
v -4.73 3.33 -5.76
v -11.36 -3.93 -5.61
v -7.95 -3.93 -5.61
v -7.95 -3.93 -2.79
v -11.36 -3.93 -2.79
v -11.36 -1.69 -5.61
v -7.95 -1.69 -5.61
v -7.95 -1.69 -2.79
v -11.36 -1.69 -2.79
v -11.60 -4.09 -3.01
v -7.71 -4.09 -3.01
v -7.71 -4.09 -2.59
v -11.60 -4.09 -2.59
v -11.60 -1.53 -3.01
v -7.71 -1.53 -3.01
v -7.71 -1.53 -2.59
v -11.60 -1.53 -2.59
v -11.14 -4.03 -3.45
v -8.17 -4.03 -3.45
v -8.17 -4.03 -3.30
v -11.14 -4.03 -3.30
v -11.14 -2.08 -3.45
v -8.17 -2.08 -3.45
v -8.17 -2.08 -3.30
v -11.14 -2.08 -3.30
v -11.14 -4.03 -3.71
v -8.17 -4.03 -3.71
v -8.17 -4.03 -3.57
v -11.14 -4.03 -3.57
v -11.14 -2.08 -3.71
v -8.17 -2.08 -3.71
v -8.17 -2.08 -3.57
v -11.14 -2.08 -3.57
v -11.14 -4.03 -4.99
v -8.17 -4.03 -4.99
v -8.17 -4.03 -4.85
v -11.14 -4.03 -4.85
v -11.14 -2.08 -4.99
v -8.17 -2.08 -4.99
v -8.17 -2.08 -4.85
v -11.14 -2.08 -4.85
v -11.14 -4.03 -5.24
v -8.17 -4.03 -5.24
v -8.17 -4.03 -5.09
v -11.14 -4.03 -5.09
v -11.14 -2.08 -5.24
v -8.17 -2.08 -5.24
v -8.17 -2.08 -5.09
v -11.14 -2.08 -5.09
v -11.14 -4.03 -3.98
v -8.17 -4.03 -3.98
v -8.17 -4.03 -3.84
v -11.14 -4.03 -3.84
v -11.14 -2.08 -3.98
v -8.17 -2.08 -3.98
v -8.17 -2.08 -3.84
v -11.14 -2.08 -3.84
v -11.14 -4.03 -4.23
v -8.17 -4.03 -4.23
v -8.17 -4.03 -4.08
v -11.14 -4.03 -4.08
v -11.14 -2.08 -4.23
v -8.17 -2.08 -4.23
v -8.17 -2.08 -4.08
v -11.14 -2.08 -4.08
v -11.14 -4.03 -4.49
v -8.17 -4.03 -4.49
v -8.17 -4.03 -4.35
v -11.14 -4.03 -4.35
v -11.14 -2.08 -4.49
v -8.17 -2.08 -4.49
v -8.17 -2.08 -4.35
v -11.14 -2.08 -4.35
v -8.15 -3.69 -4.39
v -8.08 -3.69 -4.17
v -8.27 -3.69 -4.01
v -8.54 -3.69 -4.07
v -8.61 -3.69 -4.29
v -8.42 -3.69 -4.45
v -8.15 -4.11 -4.39
v -8.08 -4.11 -4.17
v -8.27 -4.11 -4.01
v -8.54 -4.11 -4.07
v -8.61 -4.11 -4.29
v -8.42 -4.11 -4.45
v -8.34 -4.11 -4.23
v -8.34 -3.69 -4.23
v -10.79 -3.69 -4.39
v -10.72 -3.69 -4.17
v -10.92 -3.69 -4.01
v -11.19 -3.69 -4.07
v -11.26 -3.69 -4.29
v -11.06 -3.69 -4.45
v -10.79 -4.11 -4.39
v -10.72 -4.11 -4.17
v -10.92 -4.11 -4.01
v -11.19 -4.11 -4.07
v -11.26 -4.11 -4.29
v -11.06 -4.11 -4.45
v -10.99 -4.11 -4.23
v -10.99 -3.69 -4.23
v -11.14 -4.03 -4.74
v -8.17 -4.03 -4.74
v -8.17 -4.03 -4.60
v -11.14 -4.03 -4.60
v -11.14 -2.08 -4.74
v -8.17 -2.08 -4.74
v -8.17 -2.08 -4.60
v -11.14 -2.08 -4.60
v -11.60 -4.09 -5.83
v -7.71 -4.09 -5.83
v -7.71 -4.09 -5.41
v -11.60 -4.09 -5.41
v -11.60 -1.53 -5.83
v -7.71 -1.53 -5.83
v -7.71 -1.53 -5.41
v -11.60 -1.53 -5.41
v -6.28 -1.26 -4.98
v -6.28 -3.19 -4.98
v -6.13 -3.81 -4.44
v -5.66 -3.81 -2.69
v -5.66 -4.10 -2.68
v -6.14 -4.10 -4.46
v -6.36 -3.22 -5.26
v -6.36 -1.26 -5.26
v -4.06 -1.24 -4.98
v -4.05 -3.18 -4.98
v -4.20 -3.80 -4.44
v -4.67 -3.80 -2.69
v -4.68 -4.08 -2.68
v -4.19 -4.08 -4.46
v -3.98 -3.20 -5.26
v -3.98 -1.24 -5.26
v -4.29 -1.80 -2.72
v -3.93 -1.80 -1.93
v -4.24 -1.80 -1.11
v -5.03 -1.80 -0.75
v -5.85 -1.80 -1.06
v -6.21 -1.80 -1.85
v -5.90 -1.80 -2.67
v -5.11 -1.80 -3.03
v -4.29 -4.33 -2.72
v -3.93 -4.33 -1.93
v -4.24 -4.33 -1.11
v -5.03 -4.33 -0.75
v -5.85 -4.33 -1.06
v -6.21 -4.33 -1.85
v -5.90 -4.33 -2.67
v -5.11 -4.33 -3.03
v -5.07 -4.33 -1.89
v -5.07 -1.80 -1.89
v -4.81 -1.53 -2.12
v -4.69 -1.53 -1.86
v -4.79 -1.53 -1.58
v -5.06 -1.53 -1.46
v -5.33 -1.53 -1.57
v -5.45 -1.53 -1.83
v -5.35 -1.53 -2.10
v -5.08 -1.53 -2.22
v -4.81 -4.69 -2.12
v -4.69 -4.69 -1.86
v -4.79 -4.69 -1.58
v -5.06 -4.69 -1.46
v -5.33 -4.69 -1.57
v -5.45 -4.69 -1.83
v -5.35 -4.69 -2.10
v -5.08 -4.69 -2.22
v -5.07 -4.69 -1.85
v -5.07 -1.53 -1.85
v -21.25 -1.84 14.05
v -9.34 -1.84 14.31
v -8.06 -1.84 14.26
v -7.38 -1.84 13.74
v -7.12 -1.84 13.03
v -7.08 -1.84 9.91
v -7.38 -1.84 7.66
v -7.95 -1.84 6.01
v -8.85 -1.84 4.90
v -10.05 -1.84 4.44
v -11.52 -1.84 4.61
v -12.83 -1.84 5.25
v -21.48 -1.84 10.10
v -22.42 -1.84 11.07
v -22.60 -1.84 11.92
v -22.49 -1.84 12.82
v -22.08 -1.84 13.53
v -21.25 1.09 14.05
v -9.34 1.09 14.31
v -8.06 1.09 14.26
v -7.38 1.09 13.74
v -7.12 1.09 13.03
v -7.08 1.09 9.91
v -7.38 1.09 7.66
v -7.95 1.09 6.01
v -8.85 1.09 4.90
v -10.05 1.09 4.44
v -11.52 1.09 4.61
v -12.83 1.09 5.25
v -21.48 1.09 10.10
v -22.42 1.09 11.07
v -22.60 1.09 11.92
v -22.49 1.09 12.82
v -22.08 1.09 13.53
v -20.58 -2.48 13.47
v -9.65 -2.48 13.49
v -8.49 -2.48 13.42
v -7.87 -2.48 13.00
v -7.64 -2.48 12.44
v -7.65 -2.48 9.96
v -7.95 -2.48 8.18
v -8.50 -2.48 6.88
v -9.34 -2.48 6.01
v -10.45 -2.48 5.66
v -11.79 -2.48 5.82
v -12.99 -2.48 6.35
v -20.84 -2.48 10.33
v -21.69 -2.48 11.11
v -21.85 -2.48 11.79
v -21.73 -2.48 12.50
v -21.34 -2.48 13.07
v -19.20 -2.91 12.77
v -10.06 -2.91 12.78
v -9.08 -2.91 12.73
v -8.57 -2.91 12.41
v -8.38 -2.91 11.98
v -8.38 -2.91 10.09
v -8.64 -2.91 8.74
v -9.09 -2.91 7.75
v -9.80 -2.91 7.08
v -10.72 -2.91 6.82
v -11.84 -2.91 6.93
v -12.85 -2.91 7.33
v -19.42 -2.91 10.37
v -20.13 -2.91 10.96
v -20.26 -2.91 11.49
v -20.16 -2.91 12.03
v -19.84 -2.91 12.47
v -10.49 -3.34 11.24
v -11.18 -3.34 8.49
v -18.92 -3.19 11.16
v -18.74 -3.19 11.97
v -11.02 -2.88 11.10
v -10.65 -2.69 11.52
v -10.56 -2.46 12.06
v -10.77 -2.24 12.57
v -11.23 -2.09 12.91
v -11.82 -2.05 12.99
v -12.37 -2.14 12.80
v -12.75 -2.32 12.38
v -12.84 -2.56 11.84
v -12.63 -2.78 11.33
v -12.17 -2.93 10.99
v -11.58 -2.96 10.90
v -11.02 -3.62 11.42
v -10.65 -3.44 11.84
v -10.56 -3.21 12.38
v -10.77 -2.98 12.89
v -11.23 -2.83 13.23
v -11.82 -2.80 13.32
v -12.37 -2.88 13.12
v -12.75 -3.07 12.70
v -12.84 -3.30 12.16
v -12.63 -3.52 11.65
v -12.17 -3.67 11.31
v -11.58 -3.71 11.22
v -11.70 -3.25 12.27
v 0.24 -1.54 12.18
v 0.15 -2.06 13.85
v -0.73 -2.06 13.63
v -1.38 -2.06 13.03
v -1.63 -2.06 12.20
v -1.40 -2.06 11.37
v -0.76 -2.06 10.75
v 0.11 -2.06 10.52
v 0.37 -1.73 14.74
v -1.02 -1.73 14.41
v -2.06 -1.73 13.48
v -2.44 -1.73 12.21
v -2.09 -1.73 10.93
v -1.08 -1.73 9.99
v 0.31 -1.73 9.63
v 0.38 -1.09 15.13
v -1.24 -1.09 14.75
v -2.43 -1.09 13.68
v -2.87 -1.09 12.21
v -2.46 -1.09 10.74
v -1.30 -1.09 9.65
v 0.30 -1.09 9.23
v 4.80 -1.54 12.18
v 4.89 -2.06 13.85
v 5.77 -2.06 13.63
v 6.42 -2.06 13.03
v 6.67 -2.06 12.20
v 6.44 -2.06 11.37
v 5.81 -2.06 10.75
v 4.93 -2.06 10.52
v 4.67 -1.73 14.74
v 6.07 -1.73 14.41
v 7.10 -1.73 13.48
v 7.49 -1.73 12.21
v 7.13 -1.73 10.93
v 6.12 -1.73 9.99
v 4.73 -1.73 9.63
v 4.67 -1.09 15.13
v 6.28 -1.09 14.75
v 7.47 -1.09 13.68
v 7.92 -1.09 12.21
v 7.50 -1.09 10.74
v 6.34 -1.09 9.65
v 4.74 -1.09 9.23
v 0.38 0.61 15.13
v -1.24 0.61 14.75
v -2.43 0.61 13.68
v -2.87 0.61 12.21
v -2.46 0.61 10.74
v -1.30 0.61 9.65
v 0.30 0.61 9.23
v 4.67 0.61 15.13
v 6.28 0.61 14.75
v 7.47 0.61 13.68
v 7.92 0.61 12.21
v 7.50 0.61 10.74
v 6.34 0.61 9.65
v 4.74 0.61 9.23
v 0.26 -1.55 13.64
v -0.58 -1.55 13.46
v -1.21 -1.55 12.92
v -1.44 -1.55 12.20
v -1.22 -1.55 11.46
v -0.62 -1.55 10.92
v 0.22 -1.55 10.72
v 4.78 -1.55 13.64
v 5.63 -1.55 13.46
v 6.25 -1.55 12.92
v 6.48 -1.55 12.20
v 6.27 -1.55 11.46
v 5.66 -1.55 10.92
v 4.82 -1.55 10.72
v 9.48 8.10 4.87
v 9.41 8.51 4.67
v 9.38 8.94 4.82
v 9.34 9.13 5.24
v 9.30 8.97 5.65
v 9.34 8.56 5.84
v 9.45 8.14 5.70
v 9.52 7.95 5.30
v -5.79 7.56 4.85
v -5.86 7.97 4.65
v -5.92 8.40 4.80
v -5.94 8.59 5.22
v -5.92 8.44 5.65
v -5.86 8.04 5.85
v -5.80 7.61 5.69
v -5.77 7.41 5.28
v 9.88 4.21 7.01
v 10.16 4.17 7.61
v 9.94 4.12 8.24
v 9.33 4.10 8.52
v 8.70 4.11 8.29
v 8.42 4.15 7.69
v 8.65 4.19 7.06
v 9.25 4.22 6.78
v 9.87 5.49 7.09
v 10.16 5.45 7.70
v 9.93 5.41 8.32
v 9.32 5.39 8.61
v 8.69 5.40 8.38
v 8.41 5.43 7.77
v 8.64 5.48 7.15
v 9.24 5.50 6.87
v 9.92 6.40 6.91
v 10.22 6.64 7.46
v 10.01 6.94 8.02
v 9.42 7.13 8.25
v 8.79 7.10 8.04
v 8.49 6.86 7.49
v 8.70 6.56 6.93
v 9.29 6.36 6.69
v 10.07 7.08 6.30
v 10.41 7.52 6.66
v 10.26 8.09 6.98
v 9.69 8.44 7.07
v 9.06 8.38 6.89
v 8.72 7.93 6.52
v 8.87 7.36 6.20
v 9.43 7.01 6.11
v 10.25 7.21 5.49
v 10.65 7.74 5.61
v 10.57 8.40 5.63
v 10.05 8.81 5.53
v 9.40 8.74 5.38
v 9.00 8.21 5.26
v 9.09 7.55 5.24
v 9.61 7.13 5.33
v 10.58 7.37 4.06
v 10.97 7.90 4.21
v 10.88 8.56 4.26
v 10.35 8.97 4.19
v 9.71 8.89 4.04
v 9.32 8.37 3.89
v 9.41 7.71 3.83
v 9.93 7.30 3.90
v 11.07 7.63 1.89
v 11.46 8.15 2.04
v 11.37 8.81 2.09
v 10.85 9.22 2.02
v 10.20 9.14 1.88
v 9.81 8.62 1.74
v 9.90 7.96 1.69
v 10.42 7.55 1.74
v 11.20 7.89 -0.23
v 11.60 8.42 -0.13
v 11.50 9.08 -0.06
v 10.97 9.48 -0.06
v 10.31 9.39 -0.13
v 9.91 8.86 -0.22
v 10.01 8.20 -0.28
v 10.54 7.80 -0.29
v 11.09 8.15 -2.58
v 11.49 8.69 -2.58
v 11.41 9.34 -2.49
v 10.88 9.74 -2.36
v 10.23 9.64 -2.27
v 9.82 9.10 -2.27
v 9.91 8.45 -2.35
v 10.44 8.05 -2.48
v 10.95 8.30 -3.90
v 11.35 8.83 -3.98
v 11.28 9.49 -3.88
v 10.80 9.89 -3.65
v 10.17 9.79 -3.44
v 9.77 9.26 -3.36
v 9.84 8.60 -3.46
v 10.33 8.20 -3.68
v 10.33 8.47 -5.29
v 10.67 9.02 -5.45
v 10.59 9.67 -5.33
v 10.14 10.04 -5.00
v 9.58 9.91 -4.66
v 9.24 9.36 -4.51
v 9.32 8.71 -4.62
v 9.77 8.34 -4.95
v 9.17 8.58 -6.38
v 9.37 9.15 -6.68
v 9.32 9.80 -6.53
v 9.06 10.15 -6.02
v 8.73 10.00 -5.46
v 8.54 9.43 -5.17
v 8.59 8.78 -5.31
v 8.85 8.43 -5.82
v 7.40 8.71 -6.74
v 7.40 9.20 -7.04
v 7.40 9.76 -6.90
v 7.39 10.05 -6.42
v 7.37 9.92 -5.86
v 7.37 9.43 -5.56
v 7.38 8.87 -5.70
v 7.39 8.57 -6.18
v 3.48 8.70 -7.06
v 3.49 9.20 -7.36
v 3.48 9.75 -7.22
v 3.45 10.05 -6.73
v 3.42 9.91 -6.18
v 3.40 9.42 -5.88
v 3.41 8.87 -6.02
v 3.44 8.57 -6.51
v -0.18 8.10 -7.64
v -0.15 9.07 -8.23
v -0.17 10.18 -7.95
v -0.23 10.77 -6.99
v -0.29 10.50 -5.88
v -0.32 9.53 -5.29
v -0.30 8.42 -5.56
v -0.24 7.83 -6.53
v -12.06 8.12 -8.17
v -12.04 9.07 -8.75
v -12.06 10.15 -8.48
v -12.09 10.73 -7.53
v -12.14 10.46 -6.46
v -12.16 9.51 -5.88
v -12.14 8.43 -6.14
v -12.10 7.85 -7.09
v -13.19 8.28 -8.03
v -13.18 9.09 -8.52
v -13.19 10.01 -8.29
v -13.22 10.50 -7.49
v -13.26 10.27 -6.58
v -13.27 9.47 -6.09
v -13.26 8.55 -6.31
v -13.23 8.06 -7.11
v -13.31 8.45 -7.88
v -13.30 9.11 -8.28
v -13.31 9.87 -8.10
v -13.34 10.27 -7.44
v -13.36 10.08 -6.69
v -13.38 9.42 -6.29
v -13.37 8.67 -6.47
v -13.34 8.27 -7.13
v 9.29 4.16 7.65
v -3.42 4.67 7.90
v -3.48 5.01 8.38
v -3.50 4.91 8.96
v -3.46 4.44 9.31
v -3.39 3.86 9.21
v -3.33 3.52 8.74
v -3.31 3.61 8.15
v -3.34 4.09 7.81
v -4.18 4.73 7.83
v -4.15 5.06 8.31
v -4.26 4.97 8.89
v -4.44 4.52 9.21
v -4.58 3.96 9.10
v -4.61 3.62 8.61
v -4.50 3.71 8.04
v -4.32 4.17 7.71
v -5.10 5.33 7.62
v -4.96 5.59 8.13
v -5.18 5.58 8.67
v -5.62 5.29 8.94
v -6.03 4.90 8.76
v -6.17 4.64 8.25
v -5.95 4.66 7.71
v -5.51 4.94 7.44
v -5.50 6.34 7.35
v -5.32 6.49 7.89
v -5.59 6.59 8.41
v -6.15 6.59 8.59
v -6.67 6.49 8.34
v -6.85 6.35 7.80
v -6.59 6.25 7.29
v -6.03 6.25 7.10
v -5.55 6.94 7.20
v -5.37 7.08 7.74
v -5.63 7.19 8.26
v -6.19 7.19 8.44
v -6.72 7.09 8.19
v -6.90 6.95 7.65
v -6.64 6.85 7.14
v -6.08 6.84 6.95
v -5.57 7.47 6.90
v -5.40 7.85 7.31
v -5.68 8.20 7.69
v -6.25 8.31 7.82
v -6.76 8.11 7.63
v -6.93 7.72 7.22
v -6.65 7.37 6.84
v -6.09 7.27 6.70
v -5.53 7.83 6.30
v -5.36 8.37 6.47
v -5.64 8.87 6.61
v -6.20 9.03 6.65
v -6.72 8.77 6.55
v -6.90 8.24 6.38
v -6.61 7.74 6.23
v -6.05 7.57 6.20
v -5.50 8.25 5.02
v -5.32 8.81 5.01
v -5.59 9.33 5.00
v -6.15 9.51 4.96
v -6.67 9.24 4.95
v -6.85 8.68 4.99
v -6.59 8.16 5.04
v -6.03 7.98 5.05
v -6.23 8.22 3.31
v -6.08 8.75 3.10
v -6.22 9.31 3.23
v -6.62 9.56 3.58
v -7.04 9.35 3.92
v -7.20 8.82 4.11
v -7.01 8.28 4.05
v -6.60 8.03 3.73
v -14.93 8.34 -5.82
v -14.78 8.87 -6.02
v -14.95 9.42 -5.92
v -15.34 9.68 -5.56
v -15.72 9.48 -5.16
v -15.88 8.96 -4.95
v -15.71 8.40 -5.06
v -15.32 8.15 -5.42
v -16.05 8.16 -6.79
v -15.93 8.69 -7.03
v -16.13 9.24 -6.96
v -16.53 9.49 -6.61
v -16.91 9.30 -6.20
v -17.02 8.77 -5.96
v -16.83 8.23 -6.03
v -16.42 7.97 -6.38
v -17.84 7.88 -7.77
v -17.83 8.38 -8.08
v -17.92 8.95 -7.94
v -18.06 9.25 -7.45
v -18.17 9.10 -6.89
v -18.18 8.59 -6.59
v -18.08 8.03 -6.72
v -17.94 7.73 -7.21
v -19.75 7.68 -8.16
v -19.83 8.18 -8.46
v -19.83 8.75 -8.33
v -19.72 9.07 -7.85
v -19.59 8.94 -7.28
v -19.50 8.44 -6.98
v -19.51 7.87 -7.11
v -19.61 7.55 -7.60
v -21.92 7.59 -7.74
v -21.99 8.09 -8.05
v -21.99 8.66 -7.92
v -21.92 8.98 -7.42
v -21.81 8.85 -6.86
v -21.73 8.35 -6.55
v -21.73 7.77 -6.68
v -21.80 7.46 -7.18
v -23.60 7.42 -8.04
v -23.73 7.88 -8.60
v -23.68 8.49 -8.21
v -23.50 8.91 -7.11
v -23.28 8.89 -5.94
v -23.16 8.44 -5.38
v -23.20 7.82 -5.76
v -23.39 7.40 -6.86
v -25.40 6.76 -7.82
v -25.58 7.75 -8.55
v -25.56 8.94 -8.17
v -25.36 9.62 -6.90
v -25.09 9.40 -5.49
v -24.91 8.41 -4.76
v -24.92 7.23 -5.14
v -25.13 6.54 -6.41
v -34.76 7.00 -5.52
v -34.84 7.47 -5.90
v -34.83 8.03 -5.69
v -34.72 8.37 -5.02
v -34.58 8.28 -4.29
v -34.49 7.81 -3.92
v -34.51 7.25 -4.12
v -34.61 6.91 -4.79
v -36.95 6.98 -4.96
v -37.02 7.41 -5.26
v -37.01 7.92 -5.11
v -36.93 8.20 -4.60
v -36.83 8.10 -4.03
v -36.75 7.68 -3.74
v -36.76 7.17 -3.88
v -36.84 6.88 -4.39
v -37.29 -1.10 -0.15
v -36.30 -1.10 2.08
v -33.97 -1.10 3.97
v -30.78 -1.10 5.17
v -27.89 -1.10 5.07
v -22.27 -1.10 4.19
v -16.65 -1.10 3.31
v -11.02 -1.10 2.42
v -11.04 -1.10 2.11
v -11.05 -1.10 1.80
v -11.06 -1.10 1.49
v -16.74 -1.10 2.38
v -22.42 -1.10 3.27
v -28.09 -1.10 4.16
v -30.56 -1.10 4.24
v -33.29 -1.10 3.23
v -35.28 -1.10 1.61
v -37.29 -0.49 -0.15
v -36.30 -0.49 2.08
v -33.97 -0.49 3.97
v -30.78 -0.49 5.17
v -27.89 -0.49 5.07
v -22.27 -0.49 4.19
v -16.65 -0.49 3.31
v -11.02 -0.49 2.42
v -11.04 -0.49 2.11
v -11.05 -0.49 1.80
v -11.06 -0.49 1.49
v -16.74 -0.49 2.38
v -22.42 -0.49 3.27
v -28.09 -0.49 4.16
v -30.56 -0.49 4.24
v -33.29 -0.49 3.23
v -35.28 -0.49 1.61
v -30.56 -2.25 -2.24
v -30.31 -2.25 -2.09
v -30.24 -2.25 -1.80
v -30.39 -2.25 -1.55
v -30.68 -2.25 -1.48
v -30.93 -2.25 -1.64
v -31.00 -2.25 -1.92
v -30.84 -2.25 -2.17
v -30.56 -2.81 -2.24
v -30.31 -2.81 -2.09
v -30.24 -2.81 -1.80
v -30.39 -2.81 -1.55
v -30.68 -2.81 -1.48
v -30.93 -2.81 -1.64
v -31.00 -2.81 -1.92
v -30.84 -2.81 -2.17
v -30.62 -2.81 -1.86
v -30.47 -1.13 -2.83
v -29.83 -1.13 -2.44
v -29.65 -1.13 -1.71
v -30.04 -1.13 -1.07
v -30.77 -1.13 -0.90
v -31.41 -1.13 -1.28
v -31.59 -1.13 -2.01
v -31.20 -1.13 -2.65
v -30.47 -2.58 -2.83
v -29.83 -2.58 -2.44
v -29.65 -2.58 -1.71
v -30.04 -2.58 -1.07
v -30.77 -2.58 -0.90
v -31.41 -2.58 -1.28
v -31.59 -2.58 -2.01
v -31.20 -2.58 -2.65
v -30.62 -2.58 -1.86
v -10.80 -1.37 -2.71
v -10.80 -1.78 -2.09
v -10.80 -1.64 -1.35
v -10.80 -1.01 -0.93
v -10.80 -0.28 -1.08
v -10.80 0.14 -1.70
v -10.80 -0.00 -2.44
v -10.80 -0.63 -2.86
v -34.74 -1.37 -2.71
v -34.74 -1.78 -2.09
v -34.74 -1.64 -1.35
v -34.74 -1.01 -0.93
v -34.74 -0.28 -1.08
v -34.74 0.14 -1.70
v -34.74 -0.00 -2.44
v -34.74 -0.63 -2.86
v -34.74 -0.82 -1.89
v -10.80 -0.82 -1.89
v -34.78 -1.48 -2.88
v -34.78 -1.99 -2.13
v -34.78 -1.81 -1.23
v -34.78 -1.05 -0.73
v -34.78 -0.16 -0.90
v -34.78 0.35 -1.66
v -34.78 0.17 -2.55
v -34.78 -0.59 -3.06
v -35.07 -1.48 -2.88
v -35.07 -1.99 -2.13
v -35.07 -1.81 -1.23
v -35.07 -1.05 -0.73
v -35.07 -0.16 -0.90
v -35.07 0.35 -1.66
v -35.07 0.17 -2.55
v -35.07 -0.59 -3.06
v -35.07 -0.82 -1.89
v -34.78 -0.82 -1.89
v -22.54 -2.30 -2.81
v -11.00 -2.30 -2.81
v -11.00 -2.30 -2.03
v -22.54 -2.30 -2.03
v -22.54 -1.52 -2.81
v -11.00 -1.52 -2.81
v -11.00 -1.52 -2.03
v -22.54 -1.52 -2.03
v -22.54 -2.30 -1.67
v -11.00 -2.30 -1.67
v -11.00 -2.30 -0.89
v -22.54 -2.30 -0.89
v -22.54 -1.52 -1.67
v -11.00 -1.52 -1.67
v -11.00 -1.52 -0.89
v -22.54 -1.52 -0.89
v -29.94 7.73 -2.85
v -29.43 7.73 -2.09
v -29.61 7.73 -1.19
v -30.37 7.73 -0.68
v -31.27 7.73 -0.86
v -31.77 7.73 -1.62
v -31.60 7.73 -2.52
v -30.84 7.73 -3.03
v -29.94 -1.97 -2.85
v -29.43 -1.97 -2.09
v -29.61 -1.97 -1.19
v -30.37 -1.97 -0.68
v -31.27 -1.97 -0.86
v -31.77 -1.97 -1.62
v -31.60 -1.97 -2.52
v -30.84 -1.97 -3.03
v -30.60 -1.97 -1.86
v -30.60 7.73 -1.86
v 4.79 -0.17 1.97
v 2.11 -0.17 1.95
v 3.04 -0.17 4.84
v 5.37 -0.17 3.91
v 4.79 4.68 1.97
v 2.11 4.68 1.95
v 3.04 4.68 4.84
v 5.37 4.68 3.91
v 3.12 2.28 3.00
v 3.22 2.28 3.54
v 2.80 2.28 3.89
v 2.29 2.28 3.71
v 2.19 2.28 3.17
v 2.61 2.28 2.82
v 3.12 -1.21 3.00
v 3.22 -1.21 3.54
v 2.80 -1.21 3.89
v 2.29 -1.21 3.71
v 2.19 -1.21 3.17
v 2.61 -1.21 2.82
v 2.70 -1.21 3.35
v 2.70 2.28 3.35
v 2.54 -0.51 2.85
v 3.39 -0.51 2.54
v 3.88 -1.00 3.89
v 3.02 -1.00 4.20
v 2.57 -0.08 2.94
v 3.42 -0.08 2.62
v 3.93 -0.11 4.04
v 3.08 -0.11 4.35
v 3.70 -0.51 2.38
v 4.56 -0.51 2.07
v 5.05 -1.00 3.41
v 4.19 -1.00 3.72
v 3.73 -0.08 2.46
v 4.59 -0.08 2.15
v 5.10 -0.11 3.57
v 4.24 -0.11 3.88
v 4.49 0.81 2.49
v 4.53 0.81 2.73
v 4.34 0.81 2.89
v 4.11 0.81 2.80
v 4.07 0.81 2.56
v 4.26 0.81 2.40
v 4.49 -0.75 2.49
v 4.53 -0.75 2.73
v 4.34 -0.75 2.89
v 4.11 -0.75 2.80
v 4.07 -0.75 2.56
v 4.26 -0.75 2.40
v 4.30 -0.75 2.65
v 4.30 0.81 2.65
v 8.47 -0.45 -2.28
v 8.98 -0.45 -2.43
v 12.10 -0.21 8.28
v 11.59 -0.21 8.42
v 8.47 5.90 -2.28
v 8.98 5.90 -2.43
v 12.10 5.65 8.28
v 11.59 5.65 8.42
v 9.73 0.36 -2.12
v 9.91 0.37 -1.49
v 9.11 0.37 -1.21
v 8.93 0.36 -1.83
v 9.73 5.08 -2.12
v 9.91 5.07 -1.49
v 9.11 5.07 -1.21
v 8.93 5.08 -1.83
v 10.21 0.38 -0.46
v 10.40 0.39 0.17
v 9.60 0.39 0.45
v 9.42 0.38 -0.17
v 10.21 5.06 -0.46
v 10.40 5.05 0.17
v 9.60 5.05 0.45
v 9.42 5.06 -0.17
v 10.75 0.41 1.39
v 10.93 0.42 2.02
v 10.14 0.42 2.30
v 9.96 0.41 1.68
v 10.75 5.04 1.39
v 10.93 5.03 2.02
v 10.14 5.02 2.30
v 9.96 5.03 1.68
v 12.26 0.50 6.56
v 12.44 0.52 7.19
v 11.64 0.52 7.47
v 11.46 0.50 6.85
v 12.26 4.94 6.56
v 12.44 4.93 7.19
v 11.64 4.93 7.47
v 11.46 4.94 6.85
v 11.83 0.47 5.08
v 12.01 0.49 5.72
v 11.21 0.49 5.99
v 11.03 0.47 5.37
v 11.83 4.97 5.08
v 12.01 4.96 5.72
v 11.21 4.96 5.99
v 11.03 4.97 5.37
v 11.29 0.44 3.24
v 11.47 0.45 3.87
v 10.67 0.45 4.15
v 10.49 0.44 3.53
v 11.29 5.01 3.24
v 11.47 4.99 3.87
v 10.67 4.99 4.15
v 10.49 5.00 3.53
v 9.58 -1.55 16.30
v 11.33 -1.55 15.68
v 11.62 -1.55 15.49
v 11.78 -1.55 15.18
v 11.76 -1.55 14.83
v 11.57 -1.55 14.54
v 11.25 -1.55 14.38
v 10.90 -1.55 14.41
v 9.15 -1.55 15.02
v 9.58 4.97 16.30
v 11.33 4.97 15.68
v 11.62 4.97 15.49
v 11.78 4.97 15.18
v 11.76 4.97 14.83
v 11.57 4.97 14.54
v 11.25 4.97 14.38
v 10.90 4.97 14.41
v 9.15 4.97 15.02
v -29.33 7.22 12.22
v -25.94 7.22 12.22
v -25.94 7.22 13.53
v -29.33 7.22 13.53
v -29.33 7.43 12.22
v -25.94 7.43 12.22
v -25.94 7.43 13.53
v -29.33 7.43 13.53
v -29.22 7.44 12.30
v -26.05 7.44 12.30
v -26.05 7.44 13.45
v -29.22 7.44 13.45
v -29.22 7.63 12.30
v -26.05 7.63 12.30
v -26.05 7.63 13.45
v -29.22 7.63 13.45
v -30.02 7.24 13.73
v -25.24 7.24 13.73
v -24.83 7.24 13.62
v -24.53 7.24 13.30
v -24.42 7.24 12.87
v -24.53 7.24 12.43
v -24.83 7.24 12.12
v -25.24 7.24 12.00
v -30.02 7.24 11.99
v -30.02 6.17 13.73
v -25.24 6.17 13.73
v -24.83 6.17 13.62
v -24.53 6.17 13.30
v -24.42 6.17 12.87
v -24.53 6.17 12.43
v -24.83 6.17 12.12
v -25.24 6.17 12.00
v -30.02 6.17 11.99
v -29.59 7.45 12.80
v -30.00 7.83 13.26
v -30.00 8.01 13.00
v -30.00 8.04 12.69
v -30.00 7.90 12.41
v -30.00 7.65 12.24
v -30.00 7.34 12.21
v -30.00 7.06 12.34
v -30.00 6.89 12.60
v -30.00 6.86 12.90
v -30.00 6.99 13.19
v -30.00 7.25 13.36
v -30.00 7.55 13.39
v -31.12 8.12 13.59
v -31.12 8.42 13.15
v -31.12 8.47 12.62
v -31.12 8.24 12.13
v -31.12 7.80 11.82
v -31.12 7.26 11.78
v -31.12 6.78 12.01
v -31.12 6.47 12.45
v -31.12 6.43 12.98
v -31.12 6.66 13.47
v -31.12 7.10 13.78
v -31.12 7.63 13.82
v -32.65 8.22 13.71
v -32.65 8.57 13.21
v -32.65 8.63 12.59
v -32.65 8.36 12.03
v -32.65 7.85 11.67
v -32.65 7.24 11.62
v -32.65 6.68 11.89
v -32.65 6.32 12.40
v -32.65 6.27 13.01
v -32.65 6.54 13.57
v -32.65 7.04 13.92
v -32.65 7.66 13.98
v -33.11 8.15 13.62
v -33.11 8.46 13.16
v -33.11 8.51 12.61
v -33.11 8.27 12.10
v -33.11 7.81 11.78
v -33.11 7.26 11.74
v -33.11 6.75 11.98
v -33.11 6.43 12.44
v -33.11 6.39 12.99
v -33.11 6.62 13.50
v -33.11 7.08 13.82
v -33.11 7.64 13.86
v -33.38 7.90 13.34
v -33.38 8.11 13.04
v -33.38 8.14 12.67
v -33.38 7.99 12.34
v -33.38 7.69 12.14
v -33.38 7.32 12.10
v -33.38 6.99 12.26
v -33.38 6.78 12.56
v -33.38 6.75 12.93
v -33.38 6.91 13.26
v -33.38 7.21 13.47
v -33.38 7.57 13.49
v -32.65 8.22 13.71
v -32.65 8.57 13.20
v -32.65 8.63 12.59
v -32.65 8.36 12.03
v -32.65 7.85 11.67
v -32.65 7.24 11.62
v -32.65 6.68 11.89
v -32.65 6.32 12.39
v -32.65 6.27 13.01
v -32.65 6.54 13.57
v -32.65 7.04 13.92
v -32.65 7.66 13.98
v -32.70 8.38 13.90
v -32.70 8.80 13.28
v -32.70 8.86 12.54
v -32.70 8.55 11.87
v -32.70 7.93 11.44
v -32.70 7.19 11.38
v -32.70 6.52 11.70
v -32.70 6.09 12.31
v -32.70 6.03 13.05
v -32.70 6.35 13.73
v -32.70 6.96 14.15
v -32.70 7.70 14.21
v -33.02 8.38 13.90
v -33.02 8.80 13.28
v -33.02 8.86 12.54
v -33.02 8.55 11.87
v -33.02 7.93 11.44
v -33.02 7.19 11.38
v -33.02 6.52 11.70
v -33.02 6.09 12.31
v -33.02 6.03 13.05
v -33.02 6.35 13.73
v -33.02 6.96 14.15
v -33.02 7.70 14.21
v -33.11 8.15 13.62
v -33.11 8.46 13.16
v -33.11 8.51 12.61
v -33.11 8.27 12.10
v -33.11 7.81 11.78
v -33.11 7.26 11.74
v -33.11 6.75 11.98
v -33.11 6.43 12.43
v -33.11 6.39 12.99
v -33.11 6.62 13.49
v -33.11 7.08 13.82
v -33.11 7.64 13.86
v -29.59 -2.21 12.80
v -30.00 -2.60 13.26
v -30.00 -2.77 13.00
v -30.00 -2.80 12.69
v -30.00 -2.67 12.41
v -30.00 -2.41 12.24
v -30.00 -2.11 12.21
v -30.00 -1.83 12.34
v -30.00 -1.65 12.60
v -30.00 -1.62 12.90
v -30.00 -1.76 13.19
v -30.00 -2.01 13.36
v -30.00 -2.32 13.39
v -31.12 -2.88 13.59
v -31.12 -3.19 13.15
v -31.12 -3.23 12.62
v -31.12 -3.00 12.13
v -31.12 -2.56 11.82
v -31.12 -2.03 11.78
v -31.12 -1.54 12.01
v -31.12 -1.24 12.45
v -31.12 -1.19 12.98
v -31.12 -1.42 13.47
v -31.12 -1.86 13.78
v -31.12 -2.40 13.82
v -32.65 -2.98 13.71
v -32.65 -3.34 13.21
v -32.65 -3.39 12.59
v -32.65 -3.13 12.03
v -32.65 -2.62 11.67
v -32.65 -2.00 11.62
v -32.65 -1.44 11.89
v -32.65 -1.09 12.40
v -32.65 -1.04 13.01
v -32.65 -1.30 13.57
v -32.65 -1.81 13.92
v -32.65 -2.42 13.98
v -33.11 -2.91 13.62
v -33.11 -3.23 13.16
v -33.11 -3.27 12.61
v -33.11 -3.04 12.10
v -33.11 -2.58 11.78
v -33.11 -2.02 11.74
v -33.11 -1.52 11.98
v -33.11 -1.20 12.44
v -33.11 -1.15 12.99
v -33.11 -1.39 13.50
v -33.11 -1.85 13.82
v -33.11 -2.40 13.86
v -33.38 -2.67 13.34
v -33.38 -2.88 13.04
v -33.38 -2.91 12.67
v -33.38 -2.75 12.34
v -33.38 -2.45 12.14
v -33.38 -2.09 12.10
v -33.38 -1.76 12.26
v -33.38 -1.55 12.56
v -33.38 -1.52 12.93
v -33.38 -1.67 13.26
v -33.38 -1.97 13.47
v -33.38 -2.34 13.49
v -32.65 -2.98 13.71
v -32.65 -3.34 13.20
v -32.65 -3.39 12.59
v -32.65 -3.13 12.03
v -32.65 -2.62 11.67
v -32.65 -2.00 11.62
v -32.65 -1.44 11.89
v -32.65 -1.09 12.39
v -32.65 -1.04 13.01
v -32.65 -1.30 13.57
v -32.65 -1.81 13.92
v -32.65 -2.42 13.98
v -32.70 -3.14 13.90
v -32.70 -3.57 13.28
v -32.70 -3.63 12.54
v -32.70 -3.31 11.87
v -32.70 -2.70 11.44
v -32.70 -1.96 11.38
v -32.70 -1.28 11.70
v -32.70 -0.86 12.31
v -32.70 -0.80 13.05
v -32.70 -1.11 13.73
v -32.70 -1.73 14.15
v -32.70 -2.47 14.21
v -33.02 -3.14 13.90
v -33.02 -3.57 13.28
v -33.02 -3.63 12.54
v -33.02 -3.31 11.87
v -33.02 -2.70 11.44
v -33.02 -1.96 11.38
v -33.02 -1.28 11.70
v -33.02 -0.86 12.31
v -33.02 -0.80 13.05
v -33.02 -1.11 13.73
v -33.02 -1.73 14.15
v -33.02 -2.47 14.21
v -33.11 -2.91 13.62
v -33.11 -3.23 13.16
v -33.11 -3.27 12.61
v -33.11 -3.04 12.10
v -33.11 -2.58 11.78
v -33.11 -2.02 11.74
v -33.11 -1.52 11.98
v -33.11 -1.20 12.43
v -33.11 -1.15 12.99
v -33.11 -1.39 13.49
v -33.11 -1.85 13.82
v -33.11 -2.40 13.86
v -29.33 -1.81 12.22
v -25.94 -1.81 12.22
v -25.94 -1.81 13.53
v -29.33 -1.81 13.53
v -29.33 -2.03 12.22
v -25.94 -2.03 12.22
v -25.94 -2.03 13.53
v -29.33 -2.03 13.53
v -29.22 -2.03 12.30
v -26.05 -2.03 12.30
v -26.05 -2.03 13.45
v -29.22 -2.03 13.45
v -29.22 -2.22 12.30
v -26.05 -2.22 12.30
v -26.05 -2.22 13.45
v -29.22 -2.22 13.45
v 12.66 6.66 7.84
v 13.66 6.51 11.07
v 12.42 6.49 11.46
v 11.41 6.64 8.23
v 12.66 6.88 7.85
v 13.66 6.72 11.08
v 12.42 6.71 11.46
v 11.41 6.86 8.24
v 12.62 6.88 7.98
v 13.56 6.73 11.00
v 12.46 6.72 11.34
v 11.52 6.86 8.32
v 12.62 7.07 7.99
v 13.56 6.92 11.01
v 12.46 6.91 11.35
v 11.52 7.05 8.33
v 12.66 -1.19 7.84
v 13.66 -1.03 11.07
v 12.42 -1.01 11.46
v 11.41 -1.17 8.23
v 12.66 -1.40 7.85
v 13.66 -1.25 11.08
v 12.42 -1.23 11.46
v 11.41 -1.38 8.24
v 12.62 -1.40 7.98
v 13.56 -1.26 11.00
v 12.46 -1.24 11.34
v 11.52 -1.39 8.32
v 12.62 -1.59 7.99
v 13.56 -1.45 11.01
v 12.46 -1.43 11.35
v 11.52 -1.58 8.33
v -29.83 7.57 13.12
v -30.24 7.19 13.58
v -30.24 7.01 13.33
v -30.24 6.98 13.02
v -30.24 7.12 12.74
v -30.24 7.37 12.56
v -30.24 7.68 12.53
v -30.24 7.96 12.67
v -30.24 8.14 12.92
v -30.24 8.16 13.23
v -30.24 8.03 13.51
v -30.24 7.78 13.69
v -30.24 7.47 13.71
v -31.36 6.90 13.91
v -31.36 6.60 13.48
v -31.36 6.55 12.94
v -31.36 6.78 12.46
v -31.36 7.22 12.15
v -31.36 7.76 12.10
v -31.36 8.24 12.33
v -31.36 8.55 12.77
v -31.36 8.59 13.31
v -31.36 8.36 13.79
v -31.36 7.92 14.10
v -31.36 7.39 14.14
v -32.89 6.80 14.04
v -32.89 6.45 13.53
v -32.89 6.40 12.91
v -32.89 6.66 12.35
v -32.89 7.17 12.00
v -32.89 7.79 11.95
v -32.89 8.35 12.21
v -32.89 8.70 12.72
v -32.89 8.75 13.33
v -32.89 8.49 13.90
v -32.89 7.98 14.25
v -32.89 7.36 14.30
v -33.35 6.88 13.95
v -33.35 6.56 13.49
v -33.35 6.51 12.93
v -33.35 6.75 12.43
v -33.35 7.21 12.11
v -33.35 7.76 12.06
v -33.35 8.27 12.30
v -33.35 8.59 12.76
v -33.35 8.64 13.32
v -33.35 8.40 13.82
v -33.35 7.94 14.14
v -33.35 7.38 14.19
v -33.61 7.12 13.66
v -33.61 6.91 13.36
v -33.61 6.88 13.00
v -33.61 7.03 12.67
v -33.61 7.33 12.46
v -33.61 7.70 12.43
v -33.61 8.03 12.58
v -33.61 8.24 12.89
v -33.61 8.27 13.25
v -33.61 8.11 13.58
v -33.61 7.81 13.79
v -33.61 7.45 13.82
v -32.89 6.80 14.04
v -32.89 6.45 13.53
v -32.89 6.40 12.91
v -32.89 6.66 12.35
v -32.89 7.17 12.00
v -32.89 7.79 11.94
v -32.89 8.35 12.21
v -32.89 8.70 12.72
v -32.89 8.75 13.33
v -32.89 8.49 13.90
v -32.89 7.98 14.25
v -32.89 7.36 14.30
v -32.94 6.64 14.22
v -32.94 6.22 13.61
v -32.94 6.16 12.87
v -32.94 6.47 12.19
v -32.94 7.09 11.77
v -32.94 7.83 11.71
v -32.94 8.50 12.02
v -32.94 8.93 12.64
v -32.94 8.99 13.38
v -32.94 8.67 14.05
v -32.94 8.06 14.48
v -32.94 7.32 14.54
v -33.25 6.64 14.22
v -33.25 6.22 13.61
v -33.25 6.16 12.87
v -33.25 6.47 12.19
v -33.25 7.09 11.77
v -33.25 7.83 11.71
v -33.25 8.50 12.02
v -33.25 8.93 12.64
v -33.25 8.99 13.38
v -33.25 8.67 14.05
v -33.25 8.06 14.48
v -33.25 7.32 14.54
v -33.35 6.88 13.95
v -33.35 6.56 13.49
v -33.35 6.51 12.93
v -33.35 6.75 12.42
v -33.35 7.21 12.11
v -33.35 7.76 12.06
v -33.35 8.27 12.30
v -33.35 8.59 12.76
v -33.35 8.64 13.32
v -33.35 8.40 13.82
v -33.35 7.94 14.14
v -33.35 7.38 14.18
v 0.98 -1.29 15.14
v 1.29 -1.03 15.68
v 2.08 -0.76 16.25
v 3.10 -0.66 16.48
v 4.07 -0.77 16.24
v 4.64 -0.96 15.83
v 4.88 -1.29 15.14
v 0.98 6.86 15.14
v 1.29 6.60 15.68
v 2.08 6.33 16.25
v 3.10 6.23 16.48
v 4.07 6.34 16.24
v 4.64 6.53 15.83
v 4.88 6.86 15.14
v 2.85 6.90 15.52
v 2.70 6.91 15.74
v 2.75 6.91 16.02
v 2.98 6.90 16.18
v 3.25 6.90 16.13
v 3.41 6.90 15.90
v 3.36 6.90 15.62
v 3.13 6.90 15.47
v 2.85 6.16 15.52
v 2.69 6.16 15.74
v 2.74 6.16 16.02
v 2.97 6.16 16.18
v 3.24 6.15 16.13
v 3.40 6.15 15.90
v 3.35 6.15 15.62
v 3.12 6.15 15.47
v 3.05 6.16 15.82
v 3.05 6.90 15.82
v 2.85 -1.39 15.52
v 2.70 -1.39 15.74
v 2.75 -1.39 16.02
v 2.98 -1.39 16.18
v 3.25 -1.39 16.13
v 3.41 -1.39 15.90
v 3.36 -1.39 15.62
v 3.13 -1.39 15.47
v 2.85 -0.65 15.52
v 2.69 -0.65 15.74
v 2.74 -0.65 16.02
v 2.97 -0.64 16.18
v 3.24 -0.64 16.13
v 3.40 -0.64 15.90
v 3.35 -0.64 15.62
v 3.12 -0.64 15.47
v 3.05 -0.64 15.82
v 3.05 -1.39 15.82
v 13.34 6.23 20.15
v 13.42 6.23 20.60
v 13.01 6.23 20.81
v 12.69 6.23 20.49
v 12.89 6.23 20.08
v 13.34 -0.66 20.15
v 13.42 -0.66 20.60
v 13.01 -0.66 20.81
v 12.69 -0.66 20.49
v 12.89 -0.66 20.08
v 13.07 -0.66 20.43
v 13.07 6.23 20.43
v 13.80 3.04 18.96
v 14.02 2.42 18.82
v 13.68 1.89 19.03
v 13.12 1.97 19.39
v 12.90 2.58 19.52
v 13.24 3.12 19.31
v 11.33 3.04 15.00
v 11.55 2.42 14.86
v 11.21 1.89 15.07
v 10.64 1.97 15.42
v 10.42 2.58 15.56
v 10.76 3.12 15.35
v 13.79 3.02 18.97
v 14.01 2.42 18.83
v 13.68 1.91 19.04
v 13.13 1.98 19.38
v 12.91 2.58 19.51
v 13.24 3.10 19.31
v 11.32 3.02 15.00
v 11.53 2.42 14.87
v 11.20 1.91 15.07
v 10.66 1.98 15.42
v 10.44 2.58 15.55
v 10.77 3.10 15.34
v -11.87 1.55 0.33
v -5.49 1.55 0.33
v -5.49 1.55 6.71
v -11.87 1.55 6.71
v -11.87 3.45 0.33
v -5.49 3.45 0.33
v -5.49 3.45 6.71
v -11.87 3.45 6.71
v -14.09 -0.79 -0.20
v -14.05 -0.79 0.16
v -14.39 -0.79 0.32
v -14.64 -0.79 0.04
v -14.45 -0.79 -0.28
v -14.09 -1.33 -0.20
v -14.05 -1.33 0.16
v -14.39 -1.33 0.32
v -14.64 -1.33 0.04
v -14.45 -1.33 -0.28
v -14.32 -1.33 0.01
v -14.32 -0.79 0.01
v -14.89 -1.07 -0.39
v -13.95 -1.07 -0.54
v -13.56 -1.07 1.89
v -14.50 -1.07 2.03
v -14.89 -0.76 -0.39
v -13.95 -0.76 -0.54
v -13.56 -0.76 1.89
v -14.50 -0.76 2.03
v -14.49 -1.13 -2.83
v -13.85 -1.13 -2.44
v -13.68 -1.13 -1.71
v -14.06 -1.13 -1.07
v -14.79 -1.13 -0.90
v -15.43 -1.13 -1.28
v -15.61 -1.13 -2.01
v -15.22 -1.13 -2.65
v -14.49 -2.58 -2.83
v -13.85 -2.58 -2.44
v -13.68 -2.58 -1.71
v -14.06 -2.58 -1.07
v -14.79 -2.58 -0.90
v -15.43 -2.58 -1.28
v -15.61 -2.58 -2.01
v -15.22 -2.58 -2.65
v -14.64 -2.58 -1.86
v -13.96 7.73 -2.85
v -13.45 7.73 -2.09
v -13.63 7.73 -1.19
v -14.39 7.73 -0.68
v -15.29 7.73 -0.86
v -15.80 7.73 -1.62
v -15.62 7.73 -2.52
v -14.86 7.73 -3.03
v -13.96 -1.97 -2.85
v -13.45 -1.97 -2.09
v -13.63 -1.97 -1.19
v -14.39 -1.97 -0.68
v -15.29 -1.97 -0.86
v -15.80 -1.97 -1.62
v -15.62 -1.97 -2.52
v -14.86 -1.97 -3.03
v -14.63 -1.97 -1.86
v -14.63 7.73 -1.86
v 9.30 7.38 -1.38
v 9.37 7.38 -0.93
v 8.97 7.38 -0.73
v 8.64 7.38 -1.05
v 8.85 7.38 -1.46
v 9.30 -2.00 -1.38
v 9.37 -2.00 -0.93
v 8.97 -2.00 -0.73
v 8.64 -2.00 -1.05
v 8.85 -2.00 -1.46
v 9.03 -2.00 -1.11
v 9.03 7.38 -1.11
v 9.54 0.43 13.94
v 9.62 0.43 14.12
v 9.54 0.25 14.17
v 9.47 0.25 13.99
v 10.16 -0.17 13.57
v 10.20 -0.14 13.76
v 10.15 -0.32 13.81
v 10.10 -0.35 13.61
v 10.97 -0.64 13.41
v 10.98 -0.60 13.61
v 10.95 -0.79 13.65
v 10.93 -0.83 13.45
v 11.91 -0.96 13.48
v 11.89 -0.92 13.68
v 11.88 -1.11 13.71
v 11.91 -1.15 13.51
v 12.90 -1.10 13.78
v 12.84 -1.07 13.96
v 12.85 -1.26 13.99
v 12.92 -1.29 13.80
v 13.85 -1.10 14.29
v 13.76 -1.08 14.46
v 13.79 -1.27 14.47
v 13.89 -1.29 14.30
v 14.70 -1.00 14.99
v 14.58 -1.00 15.13
v 14.62 -1.18 15.14
v 14.75 -1.18 15.00
v 15.39 -0.86 15.85
v 15.26 -0.88 15.97
v 15.32 -1.06 15.97
v 15.46 -1.04 15.85
v 15.93 -0.74 16.83
v 15.78 -0.76 16.92
v 15.85 -0.94 16.92
v 16.00 -0.92 16.83
v 16.32 -0.66 17.91
v 16.17 -0.69 17.97
v 16.24 -0.87 17.96
v 16.39 -0.84 17.90
v 16.56 -0.63 19.03
v 16.42 -0.66 19.06
v 16.49 -0.84 19.05
v 16.64 -0.81 19.02
v 16.69 -0.66 20.18
v 16.55 -0.68 20.18
v 16.62 -0.86 20.16
v 16.76 -0.84 20.17
v 16.70 -0.51 21.12
v 10.78 -1.04 13.78
v 6.51 1.75 16.88
v 6.61 1.75 16.89
v 6.61 1.68 16.90
v 6.51 1.68 16.90
v 6.63 1.59 16.45
v 6.73 1.60 16.47
v 6.73 1.54 16.49
v 6.64 1.53 16.48
v 6.88 1.44 16.05
v 6.97 1.45 16.09
v 6.97 1.39 16.11
v 6.88 1.38 16.08
v 7.23 1.29 15.70
v 7.31 1.31 15.75
v 7.31 1.25 15.78
v 7.23 1.23 15.73
v 7.67 1.16 15.42
v 7.74 1.18 15.47
v 7.73 1.12 15.49
v 7.67 1.10 15.44
v 8.18 1.04 15.20
v 8.23 1.07 15.26
v 8.22 1.01 15.28
v 8.18 0.98 15.23
v 8.74 0.95 15.06
v 8.76 0.98 15.12
v 8.76 0.92 15.15
v 8.73 0.89 15.08
v 9.32 0.88 14.99
v 9.33 0.91 15.05
v 9.32 0.85 15.08
v 9.30 0.82 15.02
v 9.90 0.84 15.00
v 9.90 0.87 15.06
v 9.88 0.81 15.08
v 9.89 0.78 15.03
v 7.12 1.72 16.89
v -19.29 2.76 -9.72
v -19.74 0.96 -9.41
v -21.08 0.51 -8.49
v -21.86 1.76 -7.95
v -21.86 3.76 -7.95
v -21.08 5.01 -8.49
v -19.74 4.56 -9.41
v -18.10 2.76 -7.63
v -18.59 0.96 -7.40
v -20.08 0.51 -6.73
v -20.94 1.76 -6.33
v -20.94 3.76 -6.33
v -20.08 5.01 -6.73
v -18.59 4.56 -7.40
v -17.30 2.76 -5.36
v -17.82 0.96 -5.23
v -19.40 0.51 -4.82
v -20.32 1.76 -4.58
v -20.32 3.76 -4.58
v -19.40 5.01 -4.82
v -17.82 4.56 -5.23
v -16.90 2.76 -2.99
v -17.44 0.96 -2.95
v -19.07 0.51 -2.82
v -20.01 1.76 -2.75
v -20.01 3.76 -2.75
v -19.07 5.01 -2.82
v -17.44 4.56 -2.95
v -16.92 2.76 -0.59
v -17.46 0.96 -0.64
v -19.08 0.51 -0.80
v -20.02 1.76 -0.89
v -20.02 3.76 -0.89
v -19.08 5.01 -0.80
v -17.46 4.56 -0.64
v -17.35 2.76 1.77
v -17.88 0.96 1.63
v -19.45 0.51 1.19
v -20.36 1.76 0.94
v -20.36 3.76 0.94
v -19.45 5.01 1.19
v -17.88 4.56 1.63
v -18.19 2.76 4.03
v -18.68 0.96 3.79
v -20.16 0.51 3.09
v -21.01 1.76 2.69
v -21.01 3.76 2.69
v -20.16 5.01 3.09
v -18.68 4.56 3.79
v -19.41 2.76 6.10
v -19.85 0.96 5.78
v -21.18 0.51 4.84
v -21.95 1.76 4.29
v -21.95 3.76 4.29
v -21.18 5.01 4.84
v -19.85 4.56 5.78
v -20.97 2.76 7.93
v -21.35 0.96 7.54
v -22.50 0.51 6.38
v -23.16 1.76 5.71
v -23.16 3.76 5.71
v -22.50 5.01 6.38
v -21.35 4.56 7.54
v -22.83 2.76 9.46
v -23.13 0.96 9.01
v -24.06 0.51 7.67
v -24.59 1.76 6.89
v -24.59 3.76 6.89
v -24.06 5.01 7.67
v -23.13 4.56 9.01
v -24.92 2.76 10.64
v -25.14 0.96 10.15
v -25.82 0.51 8.67
v -26.21 1.76 7.81
v -26.21 3.76 7.81
v -25.82 5.01 8.67
v -25.14 4.56 10.15
v -27.18 2.76 11.45
v -27.32 0.96 10.92
v -27.73 0.51 9.34
v -27.96 1.76 8.43
v -27.96 3.76 8.43
v -27.73 5.01 9.34
v -27.32 4.56 10.92
v -29.55 2.76 11.85
v -29.59 0.96 11.30
v -29.72 0.51 9.68
v -29.80 1.76 8.74
v -29.80 3.76 8.74
v -29.72 5.01 9.68
v -29.59 4.56 11.30
v -31.95 2.76 11.83
v -31.90 0.96 11.29
v -31.75 0.51 9.66
v -31.66 1.76 8.72
v -31.66 3.76 8.72
v -31.75 5.01 9.66
v -31.90 4.56 11.29
v -34.32 2.76 11.39
v -34.17 0.96 10.87
v -33.74 0.51 9.30
v -33.49 1.76 8.39
v -33.49 3.76 8.39
v -33.74 5.01 9.30
v -34.17 4.56 10.87
v -36.57 2.76 10.55
v -36.34 0.96 10.06
v -35.64 0.51 8.59
v -35.23 1.76 7.74
v -35.23 3.76 7.74
v -35.64 5.01 8.59
v -36.34 4.56 10.06
v -38.64 2.76 9.33
v -38.33 0.96 8.89
v -37.38 0.51 7.56
v -36.83 1.76 6.79
v -36.83 3.76 6.79
v -37.38 5.01 7.56
v -38.33 4.56 8.89
v -40.47 2.76 7.77
v -40.08 0.96 7.39
v -38.92 0.51 6.25
v -38.25 1.76 5.58
v -38.25 3.76 5.58
v -38.92 5.01 6.25
v -40.08 4.56 7.39
v -42.00 2.76 5.92
v -41.56 0.96 5.61
v -40.21 0.51 4.69
v -39.43 1.76 4.15
v -39.43 3.76 4.15
v -40.21 5.01 4.69
v -41.56 4.56 5.61
v -43.19 2.76 3.83
v -42.69 0.96 3.60
v -41.21 0.51 2.92
v -40.35 1.76 2.53
v -40.35 3.76 2.53
v -41.21 5.01 2.92
v -42.69 4.56 3.60
v -43.99 2.76 1.56
v -43.47 0.96 1.43
v -41.89 0.51 1.02
v -40.97 1.76 0.78
v -40.97 3.76 0.78
v -41.89 5.01 1.02
v -43.47 4.56 1.43
v -44.39 2.76 -0.81
v -43.85 0.96 -0.85
v -42.22 0.51 -0.98
v -41.28 1.76 -1.06
v -41.28 3.76 -1.06
v -42.22 5.01 -0.98
v -43.85 4.56 -0.85
v -44.37 2.76 -3.21
v -43.83 0.96 -3.16
v -42.21 0.51 -3.01
v -41.27 1.76 -2.92
v -41.27 3.76 -2.92
v -42.21 5.01 -3.01
v -43.83 4.56 -3.16
v -43.93 2.76 -5.58
v -43.41 0.96 -5.43
v -41.84 0.51 -5.00
v -40.93 1.76 -4.74
v -40.93 3.76 -4.74
v -41.84 5.01 -5.00
v -43.41 4.56 -5.43
v -43.09 2.76 -7.83
v -42.60 0.96 -7.59
v -41.13 0.51 -6.89
v -40.28 1.76 -6.49
v -40.28 3.76 -6.49
v -41.13 5.01 -6.89
v -42.60 4.56 -7.59
v -41.88 2.76 -9.90
v -41.43 0.96 -9.58
v -40.11 0.51 -8.64
v -39.34 1.76 -8.09
v -39.34 3.76 -8.09
v -40.11 5.01 -8.64
v -41.43 4.56 -9.58
v -40.32 2.76 -11.73
v -39.93 0.96 -11.34
v -38.79 0.51 -10.18
v -38.13 1.76 -9.51
v -38.13 3.76 -9.51
v -38.79 5.01 -10.18
v -39.93 4.56 -11.34
v -38.46 2.76 -13.26
v -38.16 0.96 -12.81
v -37.23 0.51 -11.47
v -36.70 1.76 -10.69
v -36.70 3.76 -10.69
v -37.23 5.01 -11.47
v -38.16 4.56 -12.81
v -36.37 2.76 -14.44
v -36.15 0.96 -13.95
v -35.47 0.51 -12.47
v -35.08 1.76 -11.61
v -35.08 3.76 -11.61
v -35.47 5.01 -12.47
v -36.15 4.56 -13.95
v -34.11 2.76 -15.25
v -33.97 0.96 -14.72
v -33.56 0.51 -13.14
v -33.33 1.76 -12.23
v -33.33 3.76 -12.23
v -33.56 5.01 -13.14
v -33.97 4.56 -14.72
v -31.74 2.76 -15.65
v -31.69 0.96 -15.10
v -31.57 0.51 -13.48
v -31.49 1.76 -12.54
v -31.49 3.76 -12.54
v -31.57 5.01 -13.48
v -31.69 4.56 -15.10
v -29.33 2.76 -15.63
v -29.39 0.96 -15.09
v -29.54 0.51 -13.46
v -29.63 1.76 -12.52
v -29.63 3.76 -12.52
v -29.54 5.01 -13.46
v -29.39 4.56 -15.09
v -26.97 2.76 -15.19
v -27.11 0.96 -14.67
v -27.55 0.51 -13.10
v -27.80 1.76 -12.18
v -27.80 3.76 -12.18
v -27.55 5.01 -13.10
v -27.11 4.56 -14.67
v -24.72 2.76 -14.35
v -24.95 0.96 -13.86
v -25.65 0.51 -12.39
v -26.06 1.76 -11.54
v -26.06 3.76 -11.54
v -25.65 5.01 -12.39
v -24.95 4.56 -13.86
v -22.65 2.76 -13.13
v -22.96 0.96 -12.69
v -23.91 0.51 -11.36
v -24.45 1.76 -10.59
v -24.45 3.76 -10.59
v -23.91 5.01 -11.36
v -22.96 4.56 -12.69
v -20.82 2.76 -11.57
v -21.20 0.96 -11.19
v -22.37 0.51 -10.05
v -23.04 1.76 -9.39
v -23.04 3.76 -9.39
v -22.37 5.01 -10.05
v -21.20 4.56 -11.19
v -22.57 2.03 -7.46
v -22.57 3.49 -7.46
v -21.73 2.03 -5.97
v -21.73 3.49 -5.97
v -21.16 2.03 -4.36
v -21.16 3.49 -4.36
v -20.88 2.03 -2.68
v -20.88 3.49 -2.68
v -20.89 2.03 -0.97
v -20.89 3.49 -0.97
v -21.20 2.03 0.71
v -21.20 3.49 0.71
v -21.79 2.03 2.31
v -21.79 3.49 2.31
v -22.66 2.03 3.78
v -22.66 3.49 3.78
v -23.77 2.03 5.08
v -23.77 3.49 5.08
v -25.09 2.03 6.17
v -25.09 3.49 6.17
v -26.57 2.03 7.01
v -26.57 3.49 7.01
v -28.18 2.03 7.58
v -28.18 3.49 7.58
v -29.87 2.03 7.87
v -29.87 3.49 7.87
v -31.58 2.03 7.86
v -31.58 3.49 7.86
v -33.26 2.03 7.55
v -33.26 3.49 7.55
v -34.86 2.03 6.95
v -34.86 3.49 6.95
v -36.33 2.03 6.08
v -36.33 3.49 6.08
v -37.63 2.03 4.98
v -37.63 3.49 4.98
v -38.72 2.03 3.66
v -38.72 3.49 3.66
v -39.56 2.03 2.17
v -39.56 3.49 2.17
v -40.13 2.03 0.56
v -40.13 3.49 0.56
v -40.42 2.03 -1.12
v -40.42 3.49 -1.12
v -40.40 2.03 -2.83
v -40.40 3.49 -2.83
v -40.09 2.03 -4.51
v -40.09 3.49 -4.51
v -39.49 2.03 -6.11
v -39.49 3.49 -6.11
v -38.63 2.03 -7.59
v -38.63 3.49 -7.59
v -37.52 2.03 -8.88
v -37.52 3.49 -8.88
v -36.20 2.03 -9.97
v -36.20 3.49 -9.97
v -34.72 2.03 -10.81
v -34.72 3.49 -10.81
v -33.11 2.03 -11.39
v -33.11 3.49 -11.39
v -31.42 2.03 -11.67
v -31.42 3.49 -11.67
v -29.71 2.03 -11.66
v -29.71 3.49 -11.66
v -28.03 2.03 -11.35
v -28.03 3.49 -11.35
v -26.43 2.03 -10.75
v -26.43 3.49 -10.75
v -24.96 2.03 -9.88
v -24.96 3.49 -9.88
v -23.66 2.03 -8.77
v -23.66 3.49 -8.77
v -26.21 2.30 -11.27
v -31.57 2.30 -12.25
v -36.56 2.30 -10.49
v -40.11 2.30 -6.35
v -41.09 2.30 -0.99
v -39.32 2.30 4.00
v -35.18 2.30 7.55
v -29.82 2.30 8.53
v -24.83 2.30 6.76
v -21.28 2.30 2.63
v -20.31 2.30 -2.73
v -22.07 2.30 -7.72
v -25.13 2.30 4.12
v -26.15 2.30 3.19
v -27.66 2.30 1.26
v -28.51 2.30 -0.00
v -28.52 2.30 -0.38
v -28.35 2.30 -0.71
v -28.03 2.30 -0.91
v -26.58 2.30 -0.64
v -24.26 2.30 0.07
v -22.98 2.30 0.67
v -22.89 2.30 0.98
v -22.80 2.30 1.30
v -22.71 2.30 1.60
v -22.92 2.30 2.06
v -23.17 2.30 2.51
v -23.43 2.30 2.94
v -23.72 2.30 3.35
v -24.04 2.30 3.75
v -24.37 2.30 4.13
v -24.63 2.30 4.12
v -24.88 2.30 4.12
v -35.56 2.30 4.70
v -34.83 2.30 3.53
v -33.21 2.30 1.69
v -32.12 2.30 0.63
v -31.76 2.30 0.55
v -31.40 2.30 0.65
v -31.14 2.30 0.93
v -31.14 2.30 2.41
v -31.42 2.30 4.82
v -31.78 2.30 6.19
v -31.98 2.30 6.35
v -32.18 2.30 6.52
v -32.38 2.30 6.68
v -32.95 2.30 6.53
v -33.60 2.30 6.33
v -34.16 2.30 6.13
v -34.62 2.30 5.91
v -35.06 2.30 5.67
v -35.49 2.30 5.40
v -35.51 2.30 5.17
v -35.54 2.30 4.93
v -38.64 2.30 0.00
v -37.33 2.30 -0.42
v -34.91 2.30 -0.77
v -33.40 2.30 -0.88
v -33.06 2.30 -0.71
v -32.86 2.30 -0.40
v -32.84 2.30 -0.02
v -33.79 2.30 1.11
v -35.56 2.30 2.77
v -36.72 2.30 3.58
v -37.05 2.30 3.49
v -37.37 2.30 3.41
v -37.69 2.30 3.32
v -37.98 2.30 2.91
v -38.24 2.30 2.48
v -38.48 2.30 2.03
v -38.70 2.30 1.57
v -38.88 2.30 1.10
v -39.04 2.30 0.62
v -38.91 2.30 0.41
v -38.77 2.30 0.21
v -37.92 2.30 -5.67
v -36.65 2.30 -5.13
v -34.59 2.30 -3.81
v -33.38 2.30 -2.89
v -33.24 2.30 -2.54
v -33.29 2.30 -2.18
v -33.52 2.30 -1.88
v -34.98 2.30 -1.65
v -37.41 2.30 -1.56
v -38.82 2.30 -1.71
v -39.01 2.30 -1.93
v -39.20 2.30 -2.16
v -39.38 2.30 -2.38
v -39.34 2.30 -2.89
v -39.27 2.30 -3.39
v -39.16 2.30 -3.88
v -39.03 2.30 -4.37
v -38.87 2.30 -4.85
v -38.68 2.30 -5.33
v -38.43 2.30 -5.44
v -38.17 2.30 -5.55
v -34.59 2.30 -9.65
v -34.36 2.30 -9.51
v -34.13 2.30 -9.37
v -33.90 2.30 -9.23
v -33.19 2.30 -8.06
v -32.31 2.30 -5.87
v -31.90 2.30 -4.47
v -32.04 2.30 -4.12
v -32.33 2.30 -3.90
v -32.71 2.30 -3.84
v -34.01 2.30 -4.54
v -36.01 2.30 -5.87
v -37.01 2.30 -6.81
v -37.01 2.30 -7.15
v -37.01 2.30 -7.50
v -37.02 2.30 -7.85
v -36.66 2.30 -8.20
v -36.28 2.30 -8.54
v -35.88 2.30 -8.85
v -35.46 2.30 -9.14
v -35.03 2.30 -9.41
v -28.67 2.30 -10.33
v -28.62 2.30 -10.13
v -28.56 2.30 -9.93
v -28.51 2.30 -9.74
v -28.71 2.30 -8.35
v -29.44 2.30 -6.03
v -30.02 2.30 -4.65
v -30.35 2.30 -4.47
v -30.72 2.30 -4.47
v -31.05 2.30 -4.66
v -31.51 2.30 -6.06
v -32.02 2.30 -8.42
v -32.10 2.30 -9.82
v -31.96 2.30 -10.05
v -31.83 2.30 -10.28
v -31.69 2.30 -10.51
v -31.18 2.30 -10.55
v -30.68 2.30 -10.57
v -30.17 2.30 -10.55
v -29.67 2.30 -10.51
v -29.17 2.30 -10.43
v -26.31 2.30 -9.35
v -25.84 2.30 -9.05
v -25.33 2.30 -8.72
v -24.90 2.30 -8.38
v -24.49 2.30 -7.97
v -24.06 2.30 -7.50
v -23.70 2.30 -7.04
v -23.79 2.30 -6.84
v -23.87 2.30 -6.63
v -23.95 2.30 -6.42
v -25.01 2.30 -5.54
v -27.10 2.30 -4.31
v -28.46 2.30 -3.67
v -28.84 2.30 -3.72
v -29.13 2.30 -3.95
v -29.27 2.30 -4.30
v -28.80 2.30 -5.73
v -27.80 2.30 -7.99
v -27.03 2.30 -9.19
v -26.79 2.30 -9.25
v -26.55 2.30 -9.29
v -22.01 2.30 -1.34
v -22.20 2.30 -1.17
v -22.40 2.30 -0.99
v -22.60 2.30 -0.82
v -23.97 2.30 -0.89
v -26.37 2.30 -1.40
v -27.82 2.30 -1.83
v -28.08 2.30 -2.11
v -28.16 2.30 -2.47
v -28.04 2.30 -2.83
v -26.75 2.30 -3.55
v -24.52 2.30 -4.49
v -23.14 2.30 -4.85
v -22.92 2.30 -4.74
v -22.69 2.30 -4.64
v -22.47 2.30 -4.54
v -22.31 2.30 -4.00
v -22.15 2.30 -3.41
v -22.05 2.30 -2.85
v -22.00 2.30 -2.35
v -21.99 2.30 -1.84
v -29.70 2.30 6.79
v -29.88 2.30 6.62
v -30.06 2.30 6.46
v -30.24 2.30 6.29
v -30.43 2.30 4.92
v -30.36 2.30 2.48
v -30.20 2.30 0.97
v -29.97 2.30 0.67
v -29.63 2.30 0.52
v -29.26 2.30 0.57
v -28.31 2.30 1.71
v -26.98 2.30 3.74
v -26.38 2.30 5.02
v -26.52 2.30 5.32
v -26.66 2.30 5.63
v -26.80 2.30 5.93
v -27.26 2.30 6.14
v -27.74 2.30 6.33
v -28.22 2.30 6.49
v -28.70 2.30 6.62
v -29.20 2.30 6.72
v -26.21 3.23 -11.27
v -31.57 3.23 -12.25
v -36.56 3.23 -10.49
v -40.11 3.23 -6.35
v -41.09 3.23 -0.99
v -39.32 3.23 4.00
v -35.18 3.23 7.55
v -29.82 3.23 8.53
v -24.83 3.23 6.76
v -21.28 3.23 2.63
v -20.31 3.23 -2.73
v -22.07 3.23 -7.72
v -25.13 3.23 4.12
v -26.15 3.23 3.19
v -27.66 3.23 1.26
v -28.51 3.23 -0.00
v -28.52 3.23 -0.38
v -28.35 3.23 -0.71
v -28.03 3.23 -0.91
v -26.58 3.23 -0.64
v -24.26 3.23 0.07
v -22.98 3.23 0.67
v -22.89 3.23 0.98
v -22.80 3.23 1.30
v -22.71 3.23 1.60
v -22.92 3.23 2.06
v -23.17 3.23 2.51
v -23.43 3.23 2.94
v -23.72 3.23 3.35
v -24.04 3.23 3.75
v -24.37 3.23 4.13
v -24.63 3.23 4.12
v -24.88 3.23 4.12
v -35.56 3.23 4.70
v -34.83 3.23 3.53
v -33.21 3.23 1.69
v -32.12 3.23 0.63
v -31.76 3.23 0.55
v -31.40 3.23 0.65
v -31.14 3.23 0.93
v -31.14 3.23 2.41
v -31.42 3.23 4.82
v -31.78 3.23 6.19
v -31.98 3.23 6.35
v -32.18 3.23 6.52
v -32.38 3.23 6.68
v -32.95 3.23 6.53
v -33.60 3.23 6.33
v -34.16 3.23 6.13
v -34.62 3.23 5.91
v -35.06 3.23 5.67
v -35.49 3.23 5.40
v -35.51 3.23 5.17
v -35.54 3.23 4.93
v -38.64 3.23 0.00
v -37.33 3.23 -0.42
v -34.91 3.23 -0.77
v -33.40 3.23 -0.88
v -33.06 3.23 -0.71
v -32.86 3.23 -0.40
v -32.84 3.23 -0.02
v -33.79 3.23 1.11
v -35.56 3.23 2.77
v -36.72 3.23 3.58
v -37.05 3.23 3.49
v -37.37 3.23 3.41
v -37.69 3.23 3.32
v -37.98 3.23 2.91
v -38.24 3.23 2.48
v -38.48 3.23 2.03
v -38.70 3.23 1.57
v -38.88 3.23 1.10
v -39.04 3.23 0.62
v -38.91 3.23 0.41
v -38.77 3.23 0.21
v -37.92 3.23 -5.67
v -36.65 3.23 -5.13
v -34.59 3.23 -3.81
v -33.38 3.23 -2.89
v -33.24 3.23 -2.54
v -33.29 3.23 -2.18
v -33.52 3.23 -1.88
v -34.98 3.23 -1.65
v -37.41 3.23 -1.56
v -38.82 3.23 -1.71
v -39.01 3.23 -1.93
v -39.20 3.23 -2.16
v -39.38 3.23 -2.38
v -39.34 3.23 -2.89
v -39.27 3.23 -3.39
v -39.16 3.23 -3.88
v -39.03 3.23 -4.37
v -38.87 3.23 -4.85
v -38.68 3.23 -5.33
v -38.43 3.23 -5.44
v -38.17 3.23 -5.55
v -34.59 3.23 -9.65
v -34.36 3.23 -9.51
v -34.13 3.23 -9.37
v -33.90 3.23 -9.23
v -33.19 3.23 -8.06
v -32.31 3.23 -5.87
v -31.90 3.23 -4.47
v -32.04 3.23 -4.12
v -32.33 3.23 -3.90
v -32.71 3.23 -3.84
v -34.01 3.23 -4.54
v -36.01 3.23 -5.87
v -37.01 3.23 -6.81
v -37.01 3.23 -7.15
v -37.01 3.23 -7.50
v -37.02 3.23 -7.85
v -36.66 3.23 -8.20
v -36.28 3.23 -8.54
v -35.88 3.23 -8.85
v -35.46 3.23 -9.14
v -35.03 3.23 -9.41
v -28.67 3.23 -10.33
v -28.62 3.23 -10.13
v -28.56 3.23 -9.93
v -28.51 3.23 -9.74
v -28.71 3.23 -8.35
v -29.44 3.23 -6.03
v -30.02 3.23 -4.65
v -30.35 3.23 -4.47
v -30.72 3.23 -4.47
v -31.05 3.23 -4.66
v -31.51 3.23 -6.06
v -32.02 3.23 -8.42
v -32.10 3.23 -9.82
v -31.96 3.23 -10.05
v -31.83 3.23 -10.28
v -31.69 3.23 -10.51
v -31.18 3.23 -10.55
v -30.68 3.23 -10.57
v -30.17 3.23 -10.55
v -29.67 3.23 -10.51
v -29.17 3.23 -10.43
v -26.31 3.23 -9.35
v -25.84 3.23 -9.05
v -25.33 3.23 -8.72
v -24.90 3.23 -8.38
v -24.49 3.23 -7.97
v -24.06 3.23 -7.50
v -23.70 3.23 -7.04
v -23.79 3.23 -6.84
v -23.87 3.23 -6.63
v -23.95 3.23 -6.42
v -25.01 3.23 -5.54
v -27.10 3.23 -4.31
v -28.46 3.23 -3.67
v -28.84 3.23 -3.72
v -29.13 3.23 -3.95
v -29.27 3.23 -4.30
v -28.80 3.23 -5.73
v -27.80 3.23 -7.99
v -27.03 3.23 -9.19
v -26.79 3.23 -9.25
v -26.55 3.23 -9.29
v -22.01 3.23 -1.34
v -22.20 3.23 -1.17
v -22.40 3.23 -0.99
v -22.60 3.23 -0.82
v -23.97 3.23 -0.89
v -26.37 3.23 -1.40
v -27.82 3.23 -1.83
v -28.08 3.23 -2.11
v -28.16 3.23 -2.47
v -28.04 3.23 -2.83
v -26.75 3.23 -3.55
v -24.52 3.23 -4.49
v -23.14 3.23 -4.85
v -22.92 3.23 -4.74
v -22.69 3.23 -4.64
v -22.47 3.23 -4.54
v -22.31 3.23 -4.00
v -22.15 3.23 -3.41
v -22.05 3.23 -2.85
v -22.00 3.23 -2.35
v -21.99 3.23 -1.84
v -29.70 3.23 6.79
v -29.88 3.23 6.62
v -30.06 3.23 6.46
v -30.24 3.23 6.29
v -30.43 3.23 4.92
v -30.36 3.23 2.48
v -30.20 3.23 0.97
v -29.97 3.23 0.67
v -29.63 3.23 0.52
v -29.26 3.23 0.57
v -28.31 3.23 1.71
v -26.98 3.23 3.74
v -26.38 3.23 5.02
v -26.52 3.23 5.32
v -26.66 3.23 5.63
v -26.80 3.23 5.93
v -27.26 3.23 6.14
v -27.74 3.23 6.33
v -28.22 3.23 6.49
v -28.70 3.23 6.62
v -29.20 3.23 6.72
v -41.34 1.74 -0.40
v -41.37 1.73 -0.71
v -31.45 1.96 -1.64
v -31.44 1.96 -1.56
v -41.34 3.85 -0.40
v -41.37 3.85 -0.71
v -31.45 3.62 -1.64
v -31.44 3.62 -1.56
v -38.00 1.74 6.07
v -38.22 1.73 5.85
v -31.09 1.96 -1.12
v -31.04 1.96 -1.07
v -38.00 3.85 6.07
v -38.22 3.85 5.85
v -31.09 3.62 -1.12
v -31.04 3.62 -1.07
v -31.03 1.74 8.93
v -31.34 1.73 8.91
v -30.53 1.96 -1.02
v -30.45 1.96 -1.02
v -31.03 3.85 8.93
v -31.34 3.85 8.91
v -30.53 3.62 -1.02
v -30.45 3.62 -1.02
v -20.16 1.74 0.48
v -20.24 1.73 0.78
v -29.88 1.96 -1.75
v -29.86 1.96 -1.82
v -20.16 3.85 0.48
v -20.24 3.85 0.78
v -29.88 3.62 -1.75
v -29.86 3.62 -1.82
v -24.01 1.74 6.62
v -24.26 1.73 6.81
v -30.16 1.96 -1.22
v -30.10 1.96 -1.26
v -24.01 3.85 6.62
v -24.26 3.85 6.81
v -30.16 3.62 -1.22
v -30.10 3.62 -1.26
v -27.03 1.74 -11.94
v -26.74 1.73 -11.83
v -30.26 1.96 -2.51
v -30.33 1.96 -2.53
v -27.03 3.85 -11.94
v -26.74 3.85 -11.83
v -30.26 3.62 -2.51
v -30.33 3.62 -2.53
v -21.19 1.74 -6.90
v -21.06 1.73 -6.63
v -30.03 1.96 -2.29
v -30.06 1.96 -2.35
v -21.19 3.85 -6.90
v -21.06 3.85 -6.63
v -30.03 3.62 -2.29
v -30.06 3.62 -2.35
v -33.89 1.74 -12.08
v -33.59 1.73 -12.17
v -30.92 1.96 -2.57
v -30.99 1.96 -2.55
v -33.89 3.85 -12.08
v -33.59 3.85 -12.17
v -30.92 3.62 -2.57
v -30.99 3.62 -2.55
v -39.87 1.74 -7.40
v -39.71 1.73 -7.66
v -31.32 1.96 -2.28
v -31.36 1.96 -2.22
v -39.87 3.85 -7.40
v -39.71 3.85 -7.66
v -31.32 3.62 -2.28
v -31.36 3.62 -2.22
v -31.26 1.51 -7.92
v -34.21 1.51 -6.79
v -36.15 1.51 -4.42
v -36.67 1.51 -1.30
v -35.54 1.51 1.65
v -33.17 1.51 3.60
v -30.05 1.51 4.12
v -27.09 1.51 2.99
v -25.15 1.51 0.61
v -24.63 1.51 -2.51
v -25.76 1.51 -5.46
v -28.14 1.51 -7.41
v -32.76 1.51 0.42
v -32.45 1.51 0.88
v -32.42 1.51 1.41
v -32.67 1.51 1.90
v -33.13 1.51 2.21
v -33.66 1.51 2.24
v -34.15 1.51 1.99
v -34.45 1.51 1.53
v -34.49 1.51 1.00
v -34.24 1.51 0.51
v -33.78 1.51 0.21
v -33.25 1.51 0.17
v -30.84 1.51 1.23
v -30.32 1.51 1.39
v -29.96 1.51 1.79
v -29.84 1.51 2.33
v -30.01 1.51 2.85
v -30.40 1.51 3.21
v -30.94 1.51 3.33
v -31.46 1.51 3.16
v -31.82 1.51 2.76
v -31.94 1.51 2.23
v -31.77 1.51 1.70
v -31.38 1.51 1.34
v -28.86 1.51 0.67
v -28.35 1.51 0.48
v -27.82 1.51 0.57
v -27.40 1.51 0.91
v -27.20 1.51 1.43
v -27.29 1.51 1.96
v -27.64 1.51 2.38
v -28.16 1.51 2.57
v -28.68 1.51 2.49
v -29.11 1.51 2.14
v -29.30 1.51 1.62
v -29.21 1.51 1.09
v -27.65 1.51 -1.02
v -27.36 1.51 -1.49
v -26.90 1.51 -1.75
v -26.35 1.51 -1.74
v -25.88 1.51 -1.46
v -25.61 1.51 -1.00
v -25.62 1.51 -0.45
v -25.90 1.51 0.03
v -26.37 1.51 0.29
v -26.92 1.51 0.28
v -27.39 1.51 -0.00
v -27.65 1.51 -0.47
v -27.77 1.51 -3.13
v -27.85 1.51 -3.68
v -27.66 1.51 -4.17
v -27.23 1.51 -4.52
v -26.68 1.51 -4.60
v -26.19 1.51 -4.41
v -25.84 1.51 -3.98
v -25.76 1.51 -3.43
v -25.95 1.51 -2.94
v -26.38 1.51 -2.59
v -26.93 1.51 -2.51
v -27.42 1.51 -2.70
v -29.35 1.51 -4.76
v -29.78 1.51 -5.10
v -29.98 1.51 -5.60
v -29.90 1.51 -6.14
v -29.55 1.51 -6.57
v -29.05 1.51 -6.76
v -28.51 1.51 -6.68
v -28.08 1.51 -6.34
v -27.89 1.51 -5.84
v -27.97 1.51 -5.29
v -28.31 1.51 -4.87
v -28.81 1.51 -4.67
v -31.56 1.51 -4.90
v -32.11 1.51 -4.88
v -32.58 1.51 -5.13
v -32.88 1.51 -5.59
v -32.90 1.51 -6.14
v -32.65 1.51 -6.61
v -32.19 1.51 -6.91
v -31.64 1.51 -6.93
v -31.17 1.51 -6.68
v -30.87 1.51 -6.22
v -30.85 1.51 -5.67
v -31.09 1.51 -5.20
v -33.25 1.51 -3.65
v -33.66 1.51 -3.29
v -34.18 1.51 -3.18
v -34.71 1.51 -3.35
v -35.07 1.51 -3.76
v -35.18 1.51 -4.28
v -35.01 1.51 -4.81
v -34.60 1.51 -5.17
v -34.08 1.51 -5.28
v -33.56 1.51 -5.11
v -33.19 1.51 -4.70
v -33.08 1.51 -4.18
v -33.77 1.51 -1.56
v -33.84 1.51 -1.01
v -34.17 1.51 -0.60
v -34.68 1.51 -0.39
v -35.23 1.51 -0.47
v -35.65 1.51 -0.79
v -35.85 1.51 -1.30
v -35.78 1.51 -1.85
v -35.45 1.51 -2.27
v -34.94 1.51 -2.48
v -34.40 1.51 -2.40
v -33.97 1.51 -2.07
v -31.26 1.10 -7.92
v -34.21 1.10 -6.79
v -36.15 1.10 -4.42
v -36.67 1.10 -1.30
v -35.54 1.10 1.65
v -33.17 1.10 3.60
v -30.05 1.10 4.12
v -27.09 1.10 2.99
v -25.15 1.10 0.61
v -24.63 1.10 -2.51
v -25.76 1.10 -5.46
v -28.14 1.10 -7.41
v -32.76 1.10 0.42
v -32.45 1.10 0.88
v -32.42 1.10 1.41
v -32.67 1.10 1.90
v -33.13 1.10 2.21
v -33.66 1.10 2.24
v -34.15 1.10 1.99
v -34.45 1.10 1.53
v -34.49 1.10 1.00
v -34.24 1.10 0.51
v -33.78 1.10 0.21
v -33.25 1.10 0.17
v -30.84 1.10 1.23
v -30.32 1.10 1.39
v -29.96 1.10 1.79
v -29.84 1.10 2.33
v -30.01 1.10 2.85
v -30.40 1.10 3.21
v -30.94 1.10 3.33
v -31.46 1.10 3.16
v -31.82 1.10 2.76
v -31.94 1.10 2.23
v -31.77 1.10 1.70
v -31.38 1.10 1.34
v -28.86 1.10 0.67
v -28.35 1.10 0.48
v -27.82 1.10 0.57
v -27.40 1.10 0.91
v -27.20 1.10 1.43
v -27.29 1.10 1.96
v -27.64 1.10 2.38
v -28.16 1.10 2.57
v -28.68 1.10 2.49
v -29.11 1.10 2.14
v -29.30 1.10 1.62
v -29.21 1.10 1.09
v -27.65 1.10 -1.02
v -27.36 1.10 -1.49
v -26.90 1.10 -1.75
v -26.35 1.10 -1.74
v -25.88 1.10 -1.46
v -25.61 1.10 -1.00
v -25.62 1.10 -0.45
v -25.90 1.10 0.03
v -26.37 1.10 0.29
v -26.92 1.10 0.28
v -27.39 1.10 -0.00
v -27.65 1.10 -0.47
v -27.77 1.10 -3.13
v -27.85 1.10 -3.68
v -27.66 1.10 -4.17
v -27.23 1.10 -4.52
v -26.68 1.10 -4.60
v -26.19 1.10 -4.41
v -25.84 1.10 -3.98
v -25.76 1.10 -3.43
v -25.95 1.10 -2.94
v -26.38 1.10 -2.59
v -26.93 1.10 -2.51
v -27.42 1.10 -2.70
v -29.35 1.10 -4.76
v -29.78 1.10 -5.10
v -29.98 1.10 -5.60
v -29.90 1.10 -6.14
v -29.55 1.10 -6.57
v -29.05 1.10 -6.76
v -28.51 1.10 -6.68
v -28.08 1.10 -6.34
v -27.89 1.10 -5.84
v -27.97 1.10 -5.29
v -28.31 1.10 -4.87
v -28.81 1.10 -4.67
v -31.56 1.10 -4.90
v -32.11 1.10 -4.88
v -32.58 1.10 -5.13
v -32.88 1.10 -5.59
v -32.90 1.10 -6.14
v -32.65 1.10 -6.61
v -32.19 1.10 -6.91
v -31.64 1.10 -6.93
v -31.17 1.10 -6.68
v -30.87 1.10 -6.22
v -30.85 1.10 -5.67
v -31.09 1.10 -5.20
v -33.25 1.10 -3.65
v -33.66 1.10 -3.29
v -34.18 1.10 -3.18
v -34.71 1.10 -3.35
v -35.07 1.10 -3.76
v -35.18 1.10 -4.28
v -35.01 1.10 -4.81
v -34.60 1.10 -5.17
v -34.08 1.10 -5.28
v -33.56 1.10 -5.11
v -33.19 1.10 -4.70
v -33.08 1.10 -4.18
v -33.77 1.10 -1.56
v -33.84 1.10 -1.01
v -34.17 1.10 -0.60
v -34.68 1.10 -0.39
v -35.23 1.10 -0.47
v -35.65 1.10 -0.79
v -35.85 1.10 -1.30
v -35.78 1.10 -1.85
v -35.45 1.10 -2.27
v -34.94 1.10 -2.48
v -34.40 1.10 -2.40
v -33.97 1.10 -2.07
v -24.85 -1.53 10.69
v -24.60 -1.53 10.84
v -24.53 -1.53 11.12
v -24.68 -1.53 11.37
v -24.97 -1.53 11.44
v -25.22 -1.53 11.29
v -25.28 -1.53 11.00
v -25.13 -1.53 10.75
v -24.85 -2.09 10.69
v -24.60 -2.09 10.84
v -24.53 -2.09 11.12
v -24.68 -2.09 11.37
v -24.97 -2.09 11.44
v -25.22 -2.09 11.29
v -25.28 -2.09 11.00
v -25.13 -2.09 10.75
v -24.91 -2.09 11.06
v -24.91 -1.53 11.06
v -24.76 -0.41 10.10
v -24.12 -0.41 10.49
v -23.94 -0.41 11.21
v -24.33 -0.41 11.85
v -25.06 -0.41 12.03
v -25.70 -0.41 11.64
v -25.87 -0.41 10.91
v -25.49 -0.41 10.27
v -24.76 -1.86 10.10
v -24.12 -1.86 10.49
v -23.94 -1.86 11.21
v -24.33 -1.86 11.85
v -25.06 -1.86 12.03
v -25.70 -1.86 11.64
v -25.87 -1.86 10.91
v -25.49 -1.86 10.27
v -24.91 -1.86 11.06
v -24.91 -0.41 11.06
v -30.77 -1.14 1.10
v -30.81 -1.14 1.17
v -30.79 -1.15 1.25
v -30.72 -1.16 1.30
v -30.64 -1.17 1.28
v -30.59 -1.16 1.21
v -30.61 -1.15 1.13
v -30.68 -1.14 1.08
v -30.83 -0.69 1.23
v -30.87 -0.73 1.29
v -30.84 -0.76 1.37
v -30.77 -0.75 1.41
v -30.69 -0.71 1.40
v -30.66 -0.67 1.33
v -30.68 -0.65 1.25
v -30.76 -0.65 1.21
v -31.06 -0.37 1.46
v -31.07 -0.44 1.51
v -31.03 -0.47 1.57
v -30.97 -0.45 1.62
v -30.91 -0.38 1.62
v -30.90 -0.31 1.57
v -30.94 -0.28 1.51
v -31.00 -0.30 1.46
v -31.39 -0.24 1.77
v -31.37 -0.32 1.79
v -31.32 -0.35 1.85
v -31.26 -0.32 1.91
v -31.24 -0.24 1.93
v -31.26 -0.16 1.90
v -31.31 -0.13 1.85
v -31.37 -0.16 1.79
v -31.72 -0.35 2.08
v -31.67 -0.42 2.08
v -31.61 -0.45 2.13
v -31.57 -0.41 2.20
v -31.57 -0.34 2.24
v -31.62 -0.27 2.24
v -31.69 -0.25 2.19
v -31.73 -0.28 2.13
v -31.96 -0.66 2.32
v -31.88 -0.70 2.31
v -31.81 -0.71 2.35
v -31.78 -0.69 2.43
v -31.81 -0.64 2.49
v -31.89 -0.60 2.51
v -31.96 -0.59 2.46
v -31.99 -0.62 2.38
v -32.03 -1.11 2.45
v -31.95 -1.11 2.43
v -31.88 -1.10 2.48
v -31.86 -1.09 2.56
v -31.91 -1.08 2.63
v -31.99 -1.08 2.65
v -32.06 -1.09 2.61
v -32.08 -1.10 2.52
v -31.92 -1.56 2.45
v -31.85 -1.53 2.43
v -31.78 -1.50 2.48
v -31.76 -1.51 2.57
v -31.80 -1.54 2.64
v -31.88 -1.58 2.65
v -31.94 -1.60 2.60
v -31.96 -1.59 2.51
v -31.64 -1.90 2.32
v -31.59 -1.84 2.33
v -31.53 -1.80 2.39
v -31.51 -1.82 2.46
v -31.53 -1.89 2.52
v -31.59 -1.95 2.52
v -31.64 -1.99 2.46
v -31.66 -1.97 2.38
v -31.25 -2.06 2.12
v -31.23 -1.98 2.15
v -31.19 -1.95 2.21
v -31.15 -1.98 2.29
v -31.14 -2.06 2.32
v -31.16 -2.13 2.30
v -31.20 -2.17 2.23
v -31.24 -2.14 2.16
v -30.84 -1.98 1.91
v -30.85 -1.91 1.96
v -30.82 -1.88 2.03
v -30.77 -1.91 2.09
v -30.73 -1.99 2.10
v -30.72 -2.06 2.06
v -30.74 -2.08 1.98
v -30.80 -2.05 1.92
v -30.52 -1.69 1.76
v -30.55 -1.64 1.82
v -30.53 -1.63 1.90
v -30.47 -1.66 1.96
v -30.40 -1.71 1.95
v -30.36 -1.76 1.88
v -30.39 -1.77 1.80
v -30.45 -1.74 1.75
v -30.34 -1.25 1.71
v -30.39 -1.25 1.78
v -30.37 -1.25 1.87
v -30.30 -1.27 1.91
v -30.22 -1.28 1.89
v -30.17 -1.29 1.82
v -30.19 -1.28 1.74
v -30.26 -1.27 1.69
v -30.36 -0.79 1.80
v -30.40 -0.83 1.87
v -30.38 -0.85 1.95
v -30.30 -0.85 1.99
v -30.23 -0.82 1.98
v -30.19 -0.79 1.90
v -30.21 -0.76 1.83
v -30.28 -0.77 1.79
v -30.55 -0.43 2.01
v -30.57 -0.50 2.06
v -30.54 -0.53 2.13
v -30.47 -0.51 2.18
v -30.40 -0.45 2.18
v -30.39 -0.39 2.13
v -30.42 -0.36 2.05
v -30.49 -0.38 2.00
v -30.87 -0.25 2.31
v -30.85 -0.33 2.34
v -30.81 -0.36 2.40
v -30.75 -0.33 2.45
v -30.71 -0.26 2.47
v -30.72 -0.18 2.44
v -30.78 -0.14 2.38
v -30.84 -0.17 2.32
v -31.21 -0.30 2.63
v -31.16 -0.38 2.64
v -31.10 -0.40 2.69
v -31.06 -0.37 2.75
v -31.06 -0.29 2.79
v -31.10 -0.22 2.78
v -31.16 -0.20 2.73
v -31.21 -0.23 2.67
v -31.47 -0.57 2.89
v -31.40 -0.62 2.88
v -31.33 -0.63 2.92
v -31.30 -0.60 3.00
v -31.33 -0.55 3.05
v -31.40 -0.50 3.07
v -31.47 -0.49 3.02
v -31.50 -0.52 2.95
v -31.60 -0.99 3.05
v -31.51 -1.00 3.03
v -31.44 -1.00 3.08
v -31.42 -0.98 3.16
v -31.46 -0.96 3.23
v -31.55 -0.95 3.25
v -31.62 -0.96 3.20
v -31.64 -0.97 3.12
v -31.53 -1.46 3.08
v -31.45 -1.43 3.07
v -31.38 -1.41 3.11
v -31.37 -1.41 3.19
v -31.41 -1.43 3.27
v -31.49 -1.46 3.28
v -31.56 -1.48 3.23
v -31.57 -1.48 3.15
v -31.29 -1.83 2.98
v -31.23 -1.77 2.98
v -31.17 -1.74 3.04
v -31.15 -1.76 3.12
v -31.18 -1.81 3.18
v -31.24 -1.87 3.18
v -31.29 -1.90 3.12
v -31.31 -1.89 3.04
v -30.92 -2.04 2.79
v -30.88 -1.96 2.81
v -30.84 -1.93 2.88
v -30.81 -1.96 2.95
v -30.81 -2.03 2.99
v -30.84 -2.11 2.97
v -30.88 -2.15 2.91
v -30.91 -2.12 2.83
v -30.50 -2.02 2.58
v -30.50 -1.94 2.62
v -30.47 -1.92 2.69
v -30.42 -1.95 2.76
v -30.39 -2.03 2.77
v -30.39 -2.10 2.73
v -30.42 -2.13 2.66
v -30.46 -2.09 2.59
v -30.15 -1.78 2.40
v -30.18 -1.73 2.47
v -30.16 -1.71 2.55
v -30.10 -1.74 2.60
v -30.04 -1.80 2.60
v -30.01 -1.85 2.54
v -30.03 -1.87 2.46
v -30.09 -1.84 2.40
v -29.93 -1.37 2.33
v -29.98 -1.35 2.40
v -29.96 -1.35 2.49
v -29.89 -1.37 2.53
v -29.81 -1.40 2.51
v -29.76 -1.41 2.44
v -29.78 -1.41 2.36
v -29.85 -1.39 2.31
v -29.90 -0.90 2.39
v -29.94 -0.93 2.45
v -29.92 -0.95 2.53
v -29.85 -0.95 2.58
v -29.77 -0.93 2.56
v -29.73 -0.91 2.49
v -29.74 -0.89 2.41
v -29.82 -0.89 2.37
v -30.05 -0.51 2.57
v -30.08 -0.57 2.62
v -30.05 -0.60 2.69
v -29.98 -0.58 2.74
v -29.91 -0.53 2.73
v -29.88 -0.48 2.68
v -29.91 -0.45 2.61
v -29.99 -0.46 2.56
v -30.35 -0.28 2.85
v -30.34 -0.35 2.89
v -30.30 -0.39 2.95
v -30.24 -0.36 3.00
v -30.19 -0.28 3.01
v -30.20 -0.21 2.98
v -30.24 -0.17 2.91
v -30.30 -0.20 2.86
v -30.69 -0.27 3.17
v -30.65 -0.35 3.19
v -30.59 -0.37 3.24
v -30.55 -0.34 3.30
v -30.54 -0.26 3.33
v -30.57 -0.19 3.32
v -30.63 -0.16 3.26
v -30.68 -0.19 3.20
v -30.98 -0.49 3.45
v -30.91 -0.54 3.44
v -30.84 -0.56 3.49
v -30.81 -0.53 3.56
v -30.83 -0.47 3.62
v -30.90 -0.41 3.62
v -30.97 -0.39 3.57
v -31.00 -0.42 3.50
v -31.15 -0.88 3.64
v -31.06 -0.90 3.62
v -30.99 -0.90 3.67
v -30.97 -0.88 3.75
v -31.01 -0.85 3.82
v -31.09 -0.83 3.83
v -31.16 -0.83 3.79
v -31.18 -0.85 3.71
v -31.13 -1.34 3.71
v -31.04 -1.33 3.69
v -30.98 -1.31 3.73
v -30.96 -1.30 3.82
v -31.00 -1.32 3.89
v -31.08 -1.33 3.91
v -31.15 -1.35 3.86
v -31.17 -1.36 3.78
v -30.93 -1.75 3.64
v -30.86 -1.69 3.64
v -30.80 -1.67 3.68
v -30.78 -1.68 3.77
v -30.81 -1.73 3.83
v -30.88 -1.78 3.83
v -30.94 -1.81 3.78
v -30.96 -1.80 3.70
v -30.58 -2.01 3.46
v -30.54 -1.93 3.48
v -30.49 -1.90 3.54
v -30.47 -1.93 3.62
v -30.47 -2.00 3.66
v -30.51 -2.08 3.65
v -30.55 -2.11 3.58
v -30.58 -2.08 3.51
v -30.16 -2.05 3.25
v -30.15 -1.97 3.29
v -30.12 -1.94 3.36
v -30.08 -1.97 3.42
v -30.06 -2.05 3.45
v -30.06 -2.13 3.41
v -30.09 -2.16 3.34
v -30.14 -2.12 3.27
v -29.79 -1.86 3.07
v -29.81 -1.80 3.12
v -29.79 -1.78 3.20
v -29.74 -1.81 3.25
v -29.68 -1.87 3.25
v -29.66 -1.93 3.20
v -29.68 -1.95 3.12
v -29.73 -1.92 3.07
v -29.53 -1.48 2.95
v -29.57 -1.45 3.02
v -29.55 -1.45 3.11
v -29.49 -1.47 3.15
v -29.41 -1.51 3.14
v -29.37 -1.53 3.07
v -29.39 -1.53 2.99
v -29.45 -1.51 2.94
v -29.45 -1.02 2.98
v -29.50 -1.03 3.05
v -29.48 -1.05 3.13
v -29.41 -1.05 3.17
v -29.33 -1.05 3.15
v -29.28 -1.03 3.08
v -29.30 -1.02 3.00
v -29.37 -1.01 2.96
v -29.56 -0.60 3.13
v -29.59 -0.65 3.19
v -29.56 -0.68 3.26
v -29.49 -0.67 3.31
v -29.42 -0.62 3.30
v -29.39 -0.57 3.24
v -29.42 -0.54 3.16
v -29.49 -0.56 3.12
v -29.83 -0.31 3.39
v -29.83 -0.39 3.43
v -29.79 -0.42 3.50
v -29.73 -0.40 3.55
v -29.68 -0.33 3.56
v -29.67 -0.25 3.51
v -29.71 -0.22 3.45
v -29.78 -0.24 3.40
v -30.17 -0.25 3.71
v -30.14 -0.33 3.73
v -30.08 -0.36 3.78
v -30.03 -0.32 3.84
v -30.01 -0.25 3.87
v -30.04 -0.17 3.86
v -30.10 -0.14 3.80
v -30.15 -0.17 3.74
v -30.48 -0.41 4.00
v -30.42 -0.47 4.00
v -30.35 -0.49 4.05
v -30.31 -0.46 4.12
v -30.33 -0.39 4.17
v -30.39 -0.33 4.17
v -30.46 -0.31 4.12
v -30.49 -0.34 4.05
v -30.68 -0.77 4.22
v -30.61 -0.80 4.21
v -30.53 -0.81 4.25
v -30.51 -0.78 4.33
v -30.54 -0.74 4.40
v -30.62 -0.71 4.41
v -30.70 -0.71 4.37
v -30.72 -0.73 4.29
v -30.71 -1.23 4.32
v -30.63 -1.22 4.30
v -30.56 -1.21 4.35
v -30.54 -1.20 4.43
v -30.59 -1.20 4.50
v -30.67 -1.21 4.52
v -30.74 -1.22 4.48
v -30.76 -1.23 4.39
v -30.55 -1.66 4.28
v -30.49 -1.61 4.27
v -30.42 -1.58 4.33
v -30.40 -1.59 4.41
v -30.44 -1.63 4.47
v -30.51 -1.68 4.48
v -30.57 -1.70 4.43
v -30.59 -1.70 4.35
v -30.23 -1.97 4.13
v -30.19 -1.89 4.14
v -30.14 -1.86 4.21
v -30.11 -1.88 4.28
v -30.13 -1.95 4.33
v -30.17 -2.02 4.32
v -30.22 -2.06 4.26
v -30.25 -2.03 4.18
v -29.83 -2.06 3.92
v -29.81 -1.98 3.95
v -29.78 -1.95 4.02
v -29.74 -1.98 4.09
v -29.72 -2.06 4.12
v -29.73 -2.14 4.09
v -29.77 -2.17 4.02
v -29.81 -2.14 3.95
v -29.44 -1.92 3.72
v -29.45 -1.86 3.78
v -29.43 -1.84 3.85
v -29.38 -1.87 3.91
v -29.33 -1.94 3.92
v -29.32 -2.00 3.87
v -29.34 -2.03 3.79
v -29.39 -1.99 3.73
v -29.14 -1.59 3.59
v -29.18 -1.55 3.65
v -29.16 -1.54 3.74
v -29.10 -1.57 3.79
v -29.03 -1.61 3.78
v -28.99 -1.65 3.71
v -29.00 -1.65 3.63
v -29.07 -1.63 3.58
v -29.01 -1.13 3.58
v -29.06 -1.14 3.65
v -29.04 -1.15 3.73
v -28.97 -1.16 3.78
v -28.89 -1.16 3.76
v -28.84 -1.16 3.69
v -28.86 -1.15 3.60
v -28.93 -1.14 3.56
v -29.08 -0.70 3.70
v -29.12 -0.74 3.76
v -29.09 -0.76 3.84
v -29.02 -0.76 3.88
v -28.94 -0.72 3.87
v -28.91 -0.68 3.80
v -28.93 -0.65 3.73
v -29.00 -0.66 3.68
v -29.31 -0.37 3.94
v -29.32 -0.44 3.99
v -29.29 -0.47 4.05
v -29.22 -0.45 4.11
v -29.17 -0.38 4.10
v -29.15 -0.31 4.05
v -29.19 -0.28 3.99
v -29.26 -0.30 3.94
v -29.64 -0.24 4.25
v -29.63 -0.32 4.27
v -29.57 -0.35 4.33
v -29.51 -0.32 4.39
v -29.49 -0.24 4.41
v -29.51 -0.16 4.39
v -29.57 -0.13 4.33
v -29.62 -0.16 4.27
v -29.97 -0.35 4.55
v -29.92 -0.42 4.55
v -29.85 -0.44 4.60
v -29.81 -0.41 4.67
v -29.82 -0.34 4.72
v -29.87 -0.27 4.71
v -29.94 -0.24 4.66
v -29.97 -0.28 4.60
v -30.21 -0.67 4.80
v -30.13 -0.71 4.78
v -30.06 -0.72 4.83
v -30.03 -0.69 4.91
v -30.07 -0.64 4.97
v -30.15 -0.60 4.98
v -30.21 -0.59 4.94
v -30.24 -0.62 4.86
v -30.29 -1.11 4.93
v -30.20 -1.11 4.91
v -30.13 -1.11 4.96
v -30.11 -1.09 5.04
v -30.16 -1.08 5.11
v -30.24 -1.08 5.13
v -30.31 -1.09 5.08
v -30.33 -1.10 5.00
v -30.17 -1.56 4.92
v -30.10 -1.52 4.91
v -30.03 -1.49 4.96
v -30.02 -1.50 5.04
v -30.06 -1.53 5.11
v -30.13 -1.57 5.13
v -30.20 -1.59 5.08
v -30.21 -1.59 4.99
v -29.89 -1.91 4.80
v -29.83 -1.84 4.80
v -29.78 -1.81 4.86
v -29.76 -1.83 4.94
v -29.78 -1.89 4.99
v -29.83 -1.96 4.99
v -29.89 -1.99 4.93
v -29.91 -1.97 4.85
v -29.49 -2.06 4.60
v -29.47 -1.98 4.62
v -29.43 -1.95 4.69
v -29.40 -1.98 4.76
v -29.39 -2.06 4.79
v -29.41 -2.13 4.77
v -29.45 -2.17 4.70
v -29.48 -2.14 4.63
v -29.09 -1.98 4.39
v -29.10 -1.91 4.43
v -29.08 -1.88 4.51
v -29.03 -1.92 4.57
v -28.99 -1.99 4.58
v -28.98 -2.06 4.54
v -29.01 -2.09 4.46
v -29.05 -2.05 4.40
v -28.77 -1.68 4.23
v -28.80 -1.64 4.30
v -28.78 -1.63 4.38
v -28.72 -1.66 4.43
v -28.65 -1.71 4.42
v -28.62 -1.75 4.36
v -28.63 -1.76 4.28
v -28.70 -1.73 4.22
v -28.59 -1.25 4.19
v -28.64 -1.24 4.26
v -28.62 -1.25 4.35
v -28.55 -1.26 4.39
v -28.47 -1.28 4.37
v -28.42 -1.28 4.30
v -28.44 -1.28 4.22
v -28.51 -1.26 4.17
v -28.61 -0.80 4.27
v -28.65 -0.83 4.34
v -28.63 -0.86 4.42
v -28.55 -0.85 4.46
v -28.48 -0.83 4.45
v -28.43 -0.79 4.38
v -28.46 -0.77 4.30
v -28.53 -0.78 4.26
v -28.81 -0.43 4.49
v -28.82 -0.50 4.54
v -28.79 -0.53 4.61
v -28.72 -0.51 4.66
v -28.66 -0.45 4.65
v -28.64 -0.39 4.60
v -28.67 -0.35 4.53
v -28.75 -0.37 4.48
v -29.12 -0.25 4.79
v -29.11 -0.33 4.82
v -29.06 -0.36 4.88
v -29.00 -0.33 4.93
v -28.97 -0.26 4.95
v -28.98 -0.18 4.92
v -29.03 -0.14 4.86
v -29.09 -0.17 4.80
v -29.45 -0.30 5.09
v -29.41 -0.37 5.10
v -29.35 -0.40 5.15
v -29.30 -0.37 5.23
v -29.30 -0.29 5.26
v -29.35 -0.22 5.25
v -29.41 -0.19 5.20
v -29.45 -0.23 5.14
v -29.72 -0.57 5.36
v -29.65 -0.62 5.35
v -29.59 -0.63 5.40
v -29.55 -0.61 5.48
v -29.58 -0.55 5.53
v -29.65 -0.50 5.54
v -29.72 -0.49 5.50
v -29.75 -0.52 5.42
v -29.85 -1.00 5.53
v -29.76 -1.01 5.51
v -29.69 -1.00 5.55
v -29.67 -0.99 5.64
v -29.72 -0.97 5.71
v -29.80 -0.96 5.73
v -29.87 -0.96 5.68
v -29.89 -0.98 5.60
v -29.78 -1.45 5.56
v -29.71 -1.42 5.54
v -29.64 -1.40 5.59
v -29.62 -1.40 5.67
v -29.66 -1.42 5.74
v -29.74 -1.45 5.76
v -29.81 -1.47 5.71
v -29.83 -1.47 5.63
v -29.53 -1.84 5.46
v -29.48 -1.77 5.46
v -29.42 -1.74 5.51
v -29.40 -1.76 5.59
v -29.42 -1.81 5.65
v -29.49 -1.88 5.65
v -29.55 -1.91 5.60
v -29.56 -1.89 5.52
v -29.16 -2.04 5.27
v -29.13 -1.96 5.29
v -29.09 -1.93 5.35
v -29.05 -1.96 5.43
v -29.05 -2.04 5.47
v -29.08 -2.11 5.45
v -29.13 -2.15 5.38
v -29.16 -2.12 5.31
v -28.75 -2.02 5.06
v -28.75 -1.95 5.10
v -28.73 -1.92 5.17
v -28.68 -1.95 5.24
v -28.65 -2.03 5.25
v -28.65 -2.10 5.21
v -28.68 -2.13 5.14
v -28.72 -2.10 5.07
v -28.40 -1.77 4.88
v -28.43 -1.72 4.94
v -28.40 -1.71 5.02
v -28.35 -1.74 5.08
v -28.28 -1.80 5.07
v -28.26 -1.85 5.01
v -28.28 -1.86 4.93
v -28.33 -1.83 4.87
v -28.18 -1.36 4.80
v -28.23 -1.35 4.87
v -28.21 -1.35 4.96
v -28.14 -1.37 5.01
v -28.06 -1.39 4.99
v -28.02 -1.41 4.92
v -28.03 -1.41 4.83
v -28.10 -1.39 4.79
v -28.15 -0.91 4.86
v -28.19 -0.94 4.93
v -28.17 -0.95 5.01
v -28.10 -0.96 5.05
v -28.01 -0.94 5.03
v -27.98 -0.92 4.96
v -27.99 -0.90 4.88
v -28.07 -0.90 4.84
v -28.31 -0.51 5.04
v -28.33 -0.57 5.10
v -28.30 -0.60 5.17
v -28.23 -0.58 5.23
v -28.16 -0.53 5.21
v -28.13 -0.47 5.15
v -28.17 -0.44 5.08
v -28.24 -0.46 5.03
v -28.60 -0.27 5.33
v -28.59 -0.35 5.37
v -28.55 -0.39 5.43
v -28.49 -0.36 5.48
v -28.45 -0.28 5.49
v -28.45 -0.21 5.45
v -28.50 -0.17 5.39
v -28.56 -0.20 5.34
v -28.93 -0.27 5.64
v -28.90 -0.34 5.65
v -28.84 -0.37 5.71
v -28.79 -0.34 5.77
v -28.78 -0.26 5.80
v -28.82 -0.18 5.79
v -28.88 -0.16 5.73
v -28.92 -0.19 5.67
v -29.23 -0.49 5.92
v -29.17 -0.54 5.92
v -29.10 -0.56 5.97
v -29.06 -0.53 6.04
v -29.08 -0.47 6.09
v -29.15 -0.41 6.10
v -29.22 -0.40 6.06
v -29.25 -0.43 5.98
v -29.40 -0.88 6.12
v -29.32 -0.90 6.10
v -29.24 -0.90 6.14
v -29.22 -0.88 6.23
v -29.26 -0.86 6.30
v -29.34 -0.83 6.31
v -29.42 -0.83 6.27
v -29.44 -0.85 6.19
v -29.38 -1.34 6.18
v -29.30 -1.32 6.16
v -29.23 -1.30 6.21
v -29.21 -1.30 6.29
v -29.26 -1.31 6.36
v -29.34 -1.33 6.39
v -29.41 -1.34 6.33
v -29.42 -1.35 6.25
v -29.18 -1.75 6.11
v -29.11 -1.70 6.10
v -29.05 -1.67 6.16
v -29.03 -1.68 6.24
v -29.06 -1.73 6.30
v -29.13 -1.78 6.31
v -29.19 -1.81 6.26
v -29.20 -1.80 6.18
v -28.82 -2.01 5.94
v -28.78 -1.94 5.95
v -28.74 -1.90 6.01
v -28.71 -1.93 6.09
v -28.72 -2.00 6.14
v -28.75 -2.08 6.12
v -28.80 -2.11 6.06
v -28.83 -2.08 5.98
v -28.42 -2.05 5.73
v -28.41 -1.97 5.76
v -28.38 -1.94 5.84
v -28.34 -1.97 5.90
v -28.32 -2.05 5.92
v -28.32 -2.13 5.89
v -28.35 -2.16 5.82
v -28.39 -2.13 5.75
v -28.04 -1.85 5.53
v -28.06 -1.79 5.59
v -28.04 -1.78 5.67
v -27.99 -1.81 5.73
v -27.93 -1.87 5.73
v -27.91 -1.93 5.67
v -27.92 -1.95 5.59
v -27.98 -1.92 5.53
v -27.78 -1.48 5.43
v -27.82 -1.45 5.50
v -27.80 -1.45 5.59
v -27.74 -1.47 5.63
v -27.66 -1.50 5.62
v -27.62 -1.53 5.55
v -27.63 -1.53 5.47
v -27.70 -1.51 5.41
v -27.70 -1.03 5.45
v -27.75 -1.04 5.52
v -27.73 -1.05 5.60
v -27.65 -1.06 5.65
v -27.57 -1.05 5.63
v -27.53 -1.04 5.56
v -27.55 -1.03 5.48
v -27.62 -1.02 5.43
v -27.82 -0.60 5.60
v -27.84 -0.65 5.67
v -27.82 -0.67 5.74
v -27.74 -0.66 5.79
v -27.67 -0.62 5.78
v -27.64 -0.57 5.71
v -27.67 -0.54 5.64
v -27.74 -0.55 5.59
v -28.08 -0.31 5.87
v -28.08 -0.39 5.91
v -28.04 -0.42 5.98
v -27.98 -0.39 6.03
v -27.93 -0.32 6.03
v -27.93 -0.25 5.99
v -27.97 -0.22 5.92
v -28.03 -0.24 5.87
v -28.41 -0.25 6.18
v -28.38 -0.33 6.20
v -28.33 -0.36 6.25
v -28.28 -0.32 6.31
v -28.26 -0.24 6.34
v -28.29 -0.17 6.32
v -28.34 -0.13 6.26
v -28.39 -0.17 6.21
v -28.73 -0.41 6.48
v -28.67 -0.48 6.48
v -28.60 -0.50 6.53
v -28.57 -0.46 6.59
v -28.58 -0.40 6.65
v -28.64 -0.34 6.65
v -28.71 -0.31 6.60
v -28.74 -0.35 6.53
v -28.94 -0.77 6.70
v -28.85 -0.80 6.69
v -28.78 -0.81 6.73
v -28.76 -0.79 6.81
v -28.80 -0.75 6.87
v -28.87 -0.72 6.89
v -28.95 -0.71 6.85
v -28.97 -0.74 6.77
v -28.96 -1.22 6.80
v -28.88 -1.21 6.78
v -28.81 -1.20 6.82
v -28.79 -1.19 6.90
v -28.84 -1.19 6.98
v -28.92 -1.20 7.00
v -28.99 -1.21 6.95
v -29.01 -1.22 6.87
v -28.80 -1.66 6.76
v -28.74 -1.61 6.75
v -28.67 -1.59 6.80
v -28.65 -1.60 6.88
v -28.69 -1.64 6.95
v -28.76 -1.68 6.96
v -28.82 -1.71 6.91
v -28.84 -1.70 6.82
v -28.48 -1.97 6.61
v -28.44 -1.89 6.62
v -28.39 -1.86 6.67
v -28.36 -1.89 6.76
v -28.37 -1.95 6.80
v -28.42 -2.03 6.80
v -28.47 -2.06 6.74
v -28.50 -2.03 6.66
v -28.08 -2.06 6.40
v -28.07 -1.98 6.43
v -28.04 -1.95 6.51
v -28.00 -1.98 6.57
v -27.98 -2.06 6.60
v -27.99 -2.14 6.57
v -28.03 -2.17 6.50
v -28.07 -2.14 6.43
v -27.69 -1.92 6.19
v -27.70 -1.86 6.25
v -27.68 -1.83 6.33
v -27.63 -1.87 6.39
v -27.58 -1.94 6.39
v -27.56 -2.00 6.34
v -27.58 -2.02 6.26
v -27.64 -1.99 6.20
v -27.39 -1.58 6.07
v -27.43 -1.55 6.13
v -27.41 -1.54 6.21
v -27.35 -1.56 6.26
v -27.27 -1.61 6.25
v -27.23 -1.64 6.19
v -27.26 -1.65 6.10
v -27.32 -1.62 6.05
v -27.27 -1.14 6.05
v -27.31 -1.15 6.12
v -27.29 -1.16 6.21
v -27.22 -1.17 6.25
v -27.14 -1.17 6.23
v -27.09 -1.17 6.16
v -27.11 -1.16 6.08
v -27.19 -1.15 6.03
v -27.33 -0.69 6.17
v -27.37 -0.74 6.24
v -27.34 -0.76 6.32
v -27.27 -0.75 6.36
v -27.19 -0.72 6.35
v -27.16 -0.68 6.28
v -27.18 -0.65 6.20
v -27.26 -0.66 6.16
v -27.57 -0.36 6.41
v -27.58 -0.43 6.46
v -27.54 -0.47 6.53
v -27.47 -0.44 6.58
v -27.42 -0.38 6.58
v -27.41 -0.31 6.53
v -27.44 -0.28 6.46
v -27.51 -0.30 6.42
v -27.89 -0.24 6.72
v -27.86 -0.32 6.75
v -27.82 -0.35 6.80
v -27.76 -0.32 6.86
v -27.74 -0.24 6.88
v -27.76 -0.16 6.85
v -27.81 -0.13 6.80
v -27.86 -0.16 6.74
v -28.22 -0.35 7.03
v -28.17 -0.42 7.03
v -28.10 -0.44 7.08
v -28.06 -0.41 7.15
v -28.07 -0.34 7.20
v -28.12 -0.27 7.19
v -28.19 -0.25 7.14
v -28.23 -0.28 7.07
v -28.46 -0.67 7.28
v -28.39 -0.71 7.26
v -28.32 -0.72 7.31
v -28.29 -0.69 7.38
v -28.32 -0.65 7.45
v -28.40 -0.61 7.46
v -28.47 -0.60 7.41
v -28.50 -0.63 7.34
v -28.54 -1.10 7.40
v -28.45 -1.10 7.38
v -28.38 -1.10 7.43
v -28.36 -1.08 7.51
v -28.41 -1.07 7.58
v -28.49 -1.07 7.60
v -28.57 -1.08 7.56
v -28.58 -1.09 7.47
v -28.42 -1.56 7.40
v -28.35 -1.52 7.39
v -28.28 -1.50 7.43
v -28.26 -1.50 7.52
v -28.30 -1.53 7.59
v -28.38 -1.57 7.60
v -28.45 -1.59 7.55
v -28.46 -1.59 7.47
v -28.14 -1.91 7.27
v -28.08 -1.84 7.27
v -28.03 -1.81 7.33
v -28.01 -1.83 7.41
v -28.03 -1.89 7.47
v -28.08 -1.96 7.46
v -28.13 -1.99 7.40
v -28.16 -1.97 7.33
v -27.75 -2.06 7.07
v -27.73 -1.98 7.10
v -27.69 -1.95 7.17
v -27.66 -1.98 7.24
v -27.65 -2.05 7.27
v -27.67 -2.13 7.25
v -27.71 -2.17 7.18
v -27.74 -2.14 7.11
v -27.34 -1.98 6.86
v -27.35 -1.91 6.91
v -27.32 -1.88 6.99
v -27.28 -1.92 7.05
v -27.23 -1.99 7.06
v -27.23 -2.06 7.01
v -27.25 -2.09 6.93
v -27.30 -2.05 6.87
v -27.01 -1.68 6.71
v -27.05 -1.64 6.77
v -27.03 -1.63 6.85
v -26.97 -1.65 6.90
v -26.90 -1.70 6.90
v -26.86 -1.75 6.83
v -26.88 -1.76 6.75
v -26.94 -1.73 6.70
v -26.84 -1.26 6.66
v -26.89 -1.25 6.74
v -26.87 -1.26 6.82
v -26.80 -1.27 6.86
v -26.72 -1.29 6.84
v -26.67 -1.29 6.77
v -26.69 -1.29 6.69
v -26.76 -1.27 6.64
v -26.86 -0.80 6.75
v -26.90 -0.83 6.82
v -26.88 -0.85 6.90
v -26.80 -0.85 6.94
v -26.73 -0.82 6.92
v -26.69 -0.79 6.86
v -26.71 -0.77 6.78
v -26.78 -0.77 6.74
v -27.06 -0.43 6.97
v -27.08 -0.49 7.02
v -27.04 -0.53 7.09
v -26.97 -0.51 7.14
v -26.91 -0.45 7.13
v -26.89 -0.38 7.08
v -26.93 -0.35 7.01
v -26.99 -0.37 6.96
v -27.36 -0.25 7.25
v -27.35 -0.33 7.29
v -27.30 -0.36 7.35
v -27.25 -0.33 7.40
v -27.21 -0.26 7.42
v -27.22 -0.18 7.39
v -27.27 -0.14 7.32
v -27.33 -0.18 7.27
v -27.71 -0.30 7.57
v -27.66 -0.38 7.58
v -27.60 -0.40 7.63
v -27.55 -0.37 7.70
v -27.56 -0.29 7.74
v -27.60 -0.22 7.73
v -27.66 -0.19 7.68
v -27.71 -0.23 7.61
v -27.98 -0.58 7.84
v -27.91 -0.62 7.83
v -27.83 -0.64 7.88
v -27.81 -0.61 7.95
v -27.83 -0.55 8.02
v -27.91 -0.51 8.02
v -27.98 -0.49 7.98
v -28.00 -0.52 7.91
v -28.10 -0.99 8.00
v -28.02 -1.00 7.98
v -27.94 -0.99 8.03
v -27.92 -0.98 8.11
v -27.97 -0.96 8.18
v -28.05 -0.95 8.20
v -28.12 -0.95 8.15
v -28.14 -0.97 8.07
v -28.03 -1.45 8.03
v -27.95 -1.42 8.01
v -27.89 -1.40 8.06
v -27.87 -1.40 8.15
v -27.91 -1.42 8.22
v -27.99 -1.45 8.24
v -28.06 -1.47 8.19
v -28.08 -1.47 8.10
v -27.78 -1.84 7.93
v -27.72 -1.78 7.93
v -27.67 -1.75 7.99
v -27.65 -1.76 8.07
v -27.67 -1.82 8.13
v -27.73 -1.88 8.13
v -27.79 -1.91 8.07
v -27.81 -1.89 7.99
v -27.42 -2.04 7.75
v -27.39 -1.96 7.76
v -27.35 -1.93 7.83
v -27.31 -1.96 7.90
v -27.31 -2.03 7.94
v -27.34 -2.11 7.92
v -27.38 -2.15 7.86
v -27.42 -2.12 7.79
v -27.00 -2.02 7.53
v -27.00 -1.95 7.57
v -26.98 -1.92 7.65
v -26.93 -1.95 7.71
v -26.90 -2.03 7.73
v -26.89 -2.10 7.68
v -26.92 -2.13 7.61
v -26.97 -2.10 7.55
v -26.64 -1.77 7.35
v -26.68 -1.72 7.41
v -26.65 -1.70 7.50
v -26.60 -1.73 7.55
v -26.53 -1.79 7.55
v -26.50 -1.84 7.49
v -26.52 -1.86 7.40
v -26.58 -1.83 7.35
v -26.43 -1.37 7.28
v -26.48 -1.36 7.35
v -26.46 -1.36 7.43
v -26.39 -1.38 7.48
v -26.31 -1.40 7.46
v -26.27 -1.42 7.39
v -26.28 -1.42 7.31
v -26.35 -1.40 7.26
v -26.40 -0.91 7.33
v -26.44 -0.93 7.40
v -26.42 -0.95 7.48
v -26.35 -0.95 7.53
v -26.27 -0.94 7.51
v -26.23 -0.91 7.44
v -26.25 -0.89 7.36
v -26.32 -0.89 7.32
v -26.56 -0.51 7.52
v -26.59 -0.56 7.58
v -26.55 -0.59 7.65
v -26.48 -0.58 7.70
v -26.41 -0.53 7.69
v -26.39 -0.47 7.63
v -26.42 -0.44 7.56
v -26.49 -0.45 7.51
v -26.84 -0.28 7.80
v -26.84 -0.35 7.83
v -26.79 -0.39 7.90
v -26.73 -0.36 7.95
v -26.69 -0.29 7.96
v -26.69 -0.21 7.92
v -26.74 -0.17 7.86
v -26.80 -0.20 7.81
v -27.19 -0.27 8.12
v -27.15 -0.34 8.13
v -27.09 -0.37 8.18
v -27.04 -0.34 8.25
v -27.04 -0.26 8.28
v -27.07 -0.19 8.27
v -27.13 -0.16 8.21
v -27.18 -0.19 8.15
v -27.48 -0.49 8.40
v -27.42 -0.55 8.40
v -27.35 -0.56 8.44
v -27.32 -0.53 8.51
v -27.34 -0.47 8.57
v -27.40 -0.42 8.58
v -27.47 -0.40 8.53
v -27.51 -0.43 8.46
v -27.65 -0.87 8.59
v -27.57 -0.90 8.57
v -27.49 -0.90 8.62
v -27.47 -0.88 8.70
v -27.51 -0.85 8.77
v -27.59 -0.83 8.78
v -27.67 -0.83 8.74
v -27.69 -0.85 8.66
v -27.63 -1.34 8.65
v -27.55 -1.32 8.64
v -27.48 -1.30 8.68
v -27.46 -1.30 8.77
v -27.51 -1.31 8.84
v -27.59 -1.33 8.86
v -27.65 -1.35 8.81
v -27.67 -1.35 8.73
v -27.42 -1.76 8.59
v -27.36 -1.70 8.58
v -27.30 -1.67 8.63
v -27.28 -1.69 8.71
v -27.31 -1.73 8.78
v -27.37 -1.79 8.78
v -27.44 -1.82 8.73
v -27.45 -1.80 8.65
v -27.08 -2.01 8.42
v -27.04 -1.93 8.43
v -26.99 -1.90 8.49
v -26.97 -1.93 8.57
v -26.98 -2.00 8.61
v -27.01 -2.07 8.60
v -27.06 -2.11 8.54
v -27.09 -2.08 8.46
v -26.66 -2.05 8.20
v -26.66 -1.97 8.24
v -26.63 -1.94 8.31
v -26.59 -1.97 8.38
v -26.56 -2.05 8.40
v -26.57 -2.13 8.36
v -26.60 -2.16 8.29
v -26.64 -2.13 8.23
v -26.28 -1.85 8.01
v -26.31 -1.79 8.07
v -26.29 -1.77 8.15
v -26.23 -1.80 8.20
v -26.17 -1.87 8.20
v -26.15 -1.93 8.15
v -26.17 -1.95 8.07
v -26.23 -1.92 8.01
v -26.03 -1.48 7.90
v -26.08 -1.46 7.98
v -26.06 -1.46 8.06
v -25.99 -1.48 8.11
v -25.91 -1.51 8.09
v -25.87 -1.54 8.02
v -25.89 -1.54 7.94
v -25.96 -1.52 7.89
v -25.95 -1.02 7.92
v -26.00 -1.04 8.00
v -25.98 -1.05 8.08
v -25.91 -1.06 8.13
v -25.82 -1.05 8.10
v -25.77 -1.04 8.04
v -25.80 -1.02 7.95
v -25.87 -1.01 7.91
v -26.07 -0.59 8.08
v -26.10 -0.64 8.14
v -26.07 -0.67 8.22
v -26.00 -0.66 8.26
v -25.92 -0.62 8.25
v -25.89 -0.57 8.19
v -25.92 -0.54 8.12
v -25.99 -0.55 8.07
v -26.33 -0.32 8.34
v -26.33 -0.39 8.38
v -26.29 -0.42 8.45
v -26.22 -0.40 8.50
v -26.18 -0.33 8.50
v -26.17 -0.25 8.46
v -26.21 -0.22 8.39
v -26.28 -0.25 8.34
v -26.67 -0.25 8.65
v -26.64 -0.33 8.67
v -26.58 -0.36 8.73
v -26.53 -0.32 8.79
v -26.51 -0.25 8.82
v -26.54 -0.17 8.80
v -26.60 -0.14 8.74
v -26.65 -0.17 8.68
v -26.98 -0.42 8.96
v -26.92 -0.48 8.96
v -26.86 -0.50 9.00
v -26.82 -0.47 9.07
v -26.83 -0.40 9.12
v -26.90 -0.34 9.13
v -26.96 -0.32 9.08
v -27.00 -0.35 9.01
v -27.18 -0.77 9.17
v -27.10 -0.80 9.16
v -27.03 -0.80 9.20
v -27.01 -0.78 9.28
v -27.05 -0.74 9.35
v -27.12 -0.71 9.36
v -27.20 -0.70 9.32
v -27.22 -0.73 9.24
v -27.21 -1.22 9.27
v -27.13 -1.22 9.25
v -27.06 -1.20 9.30
v -27.04 -1.19 9.38
v -27.09 -1.20 9.45
v -27.17 -1.20 9.47
v -27.24 -1.22 9.43
v -27.26 -1.23 9.34
v -27.05 -1.66 9.23
v -26.98 -1.62 9.22
v -26.92 -1.59 9.28
v -26.90 -1.60 9.36
v -26.94 -1.64 9.43
v -27.01 -1.69 9.43
v -27.07 -1.71 9.39
v -27.09 -1.70 9.30
v -26.74 -1.96 9.09
v -26.69 -1.89 9.09
v -26.65 -1.86 9.15
v -26.62 -1.88 9.23
v -26.63 -1.95 9.28
v -26.68 -2.02 9.27
v -26.73 -2.05 9.21
v -26.75 -2.03 9.13
v -26.33 -2.06 8.87
v -26.32 -1.98 8.90
v -26.28 -1.95 8.98
v -26.25 -1.98 9.05
v -26.23 -2.06 9.07
v -26.24 -2.14 9.04
v -26.27 -2.17 8.97
v -26.31 -2.14 8.90
v -25.93 -1.92 8.67
v -25.95 -1.85 8.73
v -25.92 -1.83 8.80
v -25.87 -1.86 8.86
v -25.82 -1.93 8.87
v -25.81 -2.00 8.81
v -25.83 -2.02 8.73
v -25.88 -1.99 8.67
v -25.64 -1.59 8.54
v -25.68 -1.55 8.61
v -25.67 -1.55 8.69
v -25.60 -1.57 8.74
v -25.53 -1.61 8.73
v -25.49 -1.65 8.66
v -25.51 -1.66 8.58
v -25.57 -1.63 8.53
v -25.52 -1.14 8.53
v -25.56 -1.14 8.60
v -25.55 -1.15 8.68
v -25.47 -1.16 8.73
v -25.39 -1.17 8.71
v -25.34 -1.16 8.64
v -25.36 -1.15 8.55
v -25.43 -1.14 8.51
v -25.88 -0.65 9.15
v -25.67 -1.03 9.00
v -25.78 -1.47 9.07
v -26.14 -1.65 9.32
v -26.47 -1.42 9.55
v -26.52 -0.96 9.59
v -26.27 -0.61 9.41
v -31.34 -0.65 1.28
v -31.13 -1.03 1.13
v -31.24 -1.47 1.21
v -31.59 -1.65 1.46
v -31.92 -1.42 1.68
v -31.98 -0.96 1.73
v -31.72 -0.61 1.55
v -25.46 -1.14 10.23
v -25.00 -0.34 9.84
v -25.61 -0.16 10.25
v -26.15 -0.55 10.61
v -26.30 -1.28 10.71
v -25.98 -1.93 10.49
v -25.37 -2.12 10.09
v -24.83 -1.73 9.73
v -24.67 -0.99 9.63
v -25.71 -0.32 8.77
v -26.34 -0.13 9.18
v -26.89 -0.53 9.55
v -27.05 -1.29 9.65
v -26.71 -1.95 9.43
v -26.09 -2.14 9.02
v -25.53 -1.74 8.65
v -25.37 -0.99 8.55
v -32.38 -1.14 0.32
v -32.62 -0.48 0.81
v -32.13 -0.33 0.47
v -31.69 -0.65 0.16
v -31.57 -1.26 0.08
v -31.83 -1.79 0.26
v -32.33 -1.94 0.60
v -32.76 -1.62 0.90
v -32.89 -1.02 0.99
v -31.86 -0.32 2.11
v -31.24 -0.13 1.69
v -30.69 -0.53 1.31
v -30.53 -1.29 1.21
v -30.86 -1.95 1.43
v -31.49 -2.14 1.86
v -32.03 -1.74 2.24
v -32.19 -0.99 2.34
v -32.58 -0.61 -0.88
v -32.09 -0.61 -0.59
v -31.96 -0.61 -0.04
v -32.25 -0.61 0.44
v -32.80 -0.61 0.58
v -33.29 -0.61 0.29
v -33.42 -0.61 -0.27
v -33.12 -0.61 -0.75
v -32.58 -1.71 -0.88
v -32.09 -1.71 -0.59
v -31.96 -1.71 -0.04
v -32.25 -1.71 0.44
v -32.80 -1.71 0.58
v -33.29 -1.71 0.29
v -33.42 -1.71 -0.27
v -33.12 -1.71 -0.75
v -32.69 -1.71 -0.15
v -32.65 -1.46 -0.45
v -32.46 -1.46 -0.34
v -32.41 -1.46 -0.12
v -32.53 -1.46 0.07
v -32.74 -1.46 0.12
v -32.93 -1.46 0.01
v -32.98 -1.46 -0.21
v -32.87 -1.46 -0.40
v -32.65 -1.89 -0.45
v -32.46 -1.89 -0.34
v -32.41 -1.89 -0.12
v -32.53 -1.89 0.07
v -32.74 -1.89 0.12
v -32.93 -1.89 0.01
v -32.98 -1.89 -0.21
v -32.87 -1.89 -0.40
v -32.70 -1.89 -0.17
v 23.68 -0.78 11.32
v 23.68 6.26 11.32
v 23.33 6.26 12.15
v 23.33 -0.78 12.15
v 22.38 -0.78 10.77
v 22.38 6.26 10.77
v 22.03 6.26 11.59
v 22.03 -0.78 11.59
v 29.64 7.18 -3.31
v 29.89 7.18 -3.16
v 29.96 7.18 -2.87
v 29.80 7.18 -2.62
v 29.52 7.18 -2.55
v 29.27 7.18 -2.70
v 29.20 7.18 -2.99
v 29.35 7.18 -3.24
v 29.64 -1.55 -3.31
v 29.89 -1.55 -3.16
v 29.96 -1.55 -2.87
v 29.80 -1.55 -2.62
v 29.52 -1.55 -2.55
v 29.27 -1.55 -2.70
v 29.20 -1.55 -2.99
v 29.35 -1.55 -3.24
v 29.58 -1.55 -2.93
v -30.56 7.77 -2.24
v -30.31 7.77 -2.09
v -30.24 7.77 -1.80
v -30.39 7.77 -1.55
v -30.68 7.77 -1.48
v -30.93 7.77 -1.64
v -31.00 7.77 -1.92
v -30.84 7.77 -2.17
v -30.56 8.34 -2.24
v -30.31 8.34 -2.09
v -30.24 8.34 -1.80
v -30.39 8.34 -1.55
v -30.68 8.34 -1.48
v -30.93 8.34 -1.64
v -31.00 8.34 -1.92
v -30.84 8.34 -2.17
v -30.62 8.34 -1.86
v -30.47 6.65 -2.83
v -29.83 6.65 -2.44
v -29.65 6.65 -1.71
v -30.04 6.65 -1.07
v -30.77 6.65 -0.90
v -31.41 6.65 -1.28
v -31.59 6.65 -2.01
v -31.20 6.65 -2.65
v -30.47 8.10 -2.83
v -29.83 8.10 -2.44
v -29.65 8.10 -1.71
v -30.04 8.10 -1.07
v -30.77 8.10 -0.90
v -31.41 8.10 -1.28
v -31.59 8.10 -2.01
v -31.20 8.10 -2.65
v -30.62 8.10 -1.86
v -10.80 6.89 -2.71
v -10.80 7.31 -2.09
v -10.80 7.16 -1.35
v -10.80 6.54 -0.93
v -10.80 5.80 -1.08
v -10.80 5.38 -1.70
v -10.80 5.53 -2.44
v -10.80 6.15 -2.86
v -34.74 6.89 -2.71
v -34.74 7.31 -2.09
v -34.74 7.16 -1.35
v -34.74 6.54 -0.93
v -34.74 5.80 -1.08
v -34.74 5.38 -1.70
v -34.74 5.53 -2.44
v -34.74 6.15 -2.86
v -34.74 6.35 -1.89
v -10.80 6.35 -1.89
v -34.78 7.01 -2.88
v -34.78 7.51 -2.13
v -34.78 7.34 -1.23
v -34.78 6.58 -0.73
v -34.78 5.69 -0.90
v -34.78 5.18 -1.66
v -34.78 5.36 -2.55
v -34.78 6.11 -3.06
v -35.07 7.01 -2.88
v -35.07 7.51 -2.13
v -35.07 7.34 -1.23
v -35.07 6.58 -0.73
v -35.07 5.69 -0.90
v -35.07 5.18 -1.66
v -35.07 5.36 -2.55
v -35.07 6.11 -3.06
v -35.07 6.35 -1.89
v -34.78 6.35 -1.89
v -22.54 7.83 -2.81
v -11.00 7.83 -2.81
v -11.00 7.83 -2.03
v -22.54 7.83 -2.03
v -22.54 7.04 -2.81
v -11.00 7.04 -2.81
v -11.00 7.04 -2.03
v -22.54 7.04 -2.03
v -22.54 7.83 -1.67
v -11.00 7.83 -1.67
v -11.00 7.83 -0.89
v -22.54 7.83 -0.89
v -22.54 7.04 -1.67
v -11.00 7.04 -1.67
v -11.00 7.04 -0.89
v -22.54 7.04 -0.89
v 7.68 -14.27 33.77
v 7.33 -14.21 33.93
v 7.18 -14.26 34.28
v 7.31 -14.40 34.62
v 7.65 -14.55 34.74
v 7.99 -14.61 34.58
v 8.15 -14.56 34.23
v 8.02 -14.42 33.89
v 7.83 -13.81 33.90
v 7.48 -13.75 34.07
v 7.33 -13.80 34.42
v 7.46 -13.95 34.75
v 7.80 -14.09 34.88
v 8.14 -14.15 34.72
v 8.30 -14.10 34.37
v 8.17 -13.96 34.03
v 7.97 -13.40 34.03
v 7.64 -13.30 34.19
v 7.49 -13.31 34.55
v 7.62 -13.43 34.89
v 7.95 -13.59 35.02
v 8.28 -13.69 34.86
v 8.43 -13.68 34.50
v 8.30 -13.56 34.16
v 8.23 -12.89 34.08
v 7.91 -12.75 34.24
v 7.78 -12.72 34.61
v 7.91 -12.83 34.96
v 8.23 -13.00 35.08
v 8.55 -13.14 34.92
v 8.68 -13.16 34.56
v 8.55 -13.06 34.21
v 8.50 -12.34 34.14
v 8.18 -12.20 34.30
v 8.05 -12.18 34.67
v 8.18 -12.28 35.01
v 8.50 -12.45 35.14
v 8.82 -12.59 34.98
v 8.95 -12.61 34.62
v 8.82 -12.51 34.27
v 8.74 -11.85 34.19
v 8.44 -11.66 34.36
v 8.33 -11.58 34.72
v 8.48 -11.66 35.07
v 8.79 -11.85 35.21
v 9.09 -12.03 35.04
v 9.20 -12.11 34.68
v 9.05 -12.03 34.33
v 9.06 -11.42 34.11
v 8.79 -11.19 34.27
v 8.71 -11.07 34.63
v 8.87 -11.12 34.98
v 9.18 -11.32 35.11
v 9.45 -11.55 34.95
v 9.52 -11.67 34.59
v 9.36 -11.61 34.24
v 9.41 -10.94 34.02
v 9.14 -10.71 34.18
v 9.06 -10.59 34.54
v 9.23 -10.64 34.89
v 9.53 -10.84 35.02
v 9.80 -11.07 34.86
v 9.87 -11.19 34.50
v 9.71 -11.14 34.15
v 9.72 -10.50 33.94
v 9.47 -10.25 34.10
v 9.42 -10.09 34.45
v 9.61 -10.13 34.79
v 9.91 -10.32 34.92
v 10.16 -10.58 34.76
v 10.21 -10.73 34.41
v 10.03 -10.70 34.07
v 9.96 -10.22 33.80
v 9.73 -9.95 33.96
v 9.71 -9.76 34.29
v 9.92 -9.77 34.62
v 10.22 -9.97 34.74
v 10.45 -10.25 34.59
v 10.47 -10.43 34.25
v 10.26 -10.42 33.93
v 10.23 -9.90 33.64
v 10.00 -9.63 33.80
v 9.99 -9.44 34.14
v 10.19 -9.46 34.46
v 10.49 -9.66 34.59
v 10.72 -9.93 34.44
v 10.74 -10.12 34.10
v 10.53 -10.10 33.77
v 10.41 -9.66 33.55
v 10.23 -9.34 33.68
v 10.28 -9.10 33.98
v 10.55 -9.07 34.26
v 10.86 -9.27 34.37
v 11.04 -9.59 34.23
v 10.98 -9.83 33.94
v 10.73 -9.86 33.65
v 10.62 -9.44 33.16
v 10.49 -9.09 33.27
v 10.61 -8.81 33.51
v 10.92 -8.76 33.73
v 11.24 -8.97 33.82
v 11.37 -9.31 33.71
v 11.25 -9.59 33.47
v 10.94 -9.65 33.25
v 10.92 -9.18 32.70
v 10.78 -8.83 32.80
v 10.91 -8.55 33.04
v 11.22 -8.50 33.26
v 11.53 -8.71 33.35
v 11.67 -9.05 33.24
v 11.54 -9.33 33.01
v 11.23 -9.39 32.78
v 11.19 -8.91 32.25
v 11.08 -8.56 32.35
v 11.22 -8.28 32.57
v 11.53 -8.23 32.79
v 11.84 -8.45 32.86
v 11.96 -8.80 32.76
v 11.82 -9.09 32.54
v 11.50 -9.13 32.33
v 11.63 -8.56 31.45
v 11.53 -8.20 31.55
v 11.69 -7.92 31.76
v 12.02 -7.88 31.96
v 12.32 -8.11 32.04
v 12.42 -8.47 31.94
v 12.26 -8.75 31.73
v 11.94 -8.79 31.53
v 12.09 -8.22 30.64
v 11.99 -7.86 30.74
v 12.15 -7.58 30.95
v 12.48 -7.54 31.15
v 12.78 -7.76 31.23
v 12.88 -8.12 31.13
v 12.72 -8.41 30.92
v 12.40 -8.45 30.72
v 12.61 -7.89 29.79
v 12.45 -7.56 29.90
v 12.55 -7.28 30.14
v 12.85 -7.21 30.37
v 13.18 -7.40 30.46
v 13.34 -7.73 30.35
v 13.24 -8.01 30.10
v 12.94 -8.08 29.87
v 13.00 -7.46 29.25
v 12.79 -7.16 29.38
v 12.83 -6.89 29.65
v 13.10 -6.80 29.91
v 13.44 -6.95 30.01
v 13.66 -7.25 29.88
v 13.62 -7.52 29.61
v 13.34 -7.61 29.35
v 13.33 -7.02 28.76
v 13.11 -6.72 28.89
v 13.16 -6.45 29.16
v 13.43 -6.36 29.42
v 13.77 -6.51 29.51
v 13.99 -6.81 29.39
v 13.94 -7.08 29.12
v 13.67 -7.16 28.86
v 13.71 -6.56 28.23
v 13.45 -6.31 28.37
v 13.44 -6.07 28.67
v 13.68 -5.97 28.96
v 14.04 -6.08 29.06
v 14.30 -6.33 28.92
v 14.31 -6.57 28.62
v 14.07 -6.67 28.34
v 14.00 -5.91 27.85
v 13.70 -5.72 28.00
v 13.64 -5.51 28.32
v 13.85 -5.42 28.63
v 14.22 -5.49 28.74
v 14.51 -5.68 28.59
v 14.58 -5.89 28.27
v 14.36 -5.98 27.96
v 14.23 -5.29 27.50
v 13.93 -5.10 27.65
v 13.87 -4.89 27.97
v 14.08 -4.80 28.27
v 14.44 -4.87 28.39
v 14.74 -5.06 28.24
v 14.81 -5.27 27.92
v 14.59 -5.36 27.61
v 14.51 -4.61 27.11
v 14.18 -4.48 27.27
v 14.08 -4.34 27.62
v 14.26 -4.28 27.95
v 14.63 -4.32 28.07
v 14.96 -4.44 27.91
v 15.06 -4.58 27.57
v 14.87 -4.65 27.23
v 14.63 -3.33 26.94
v 14.28 -3.28 27.10
v 14.16 -3.22 27.46
v 14.33 -3.19 27.81
v 14.69 -3.20 27.94
v 15.04 -3.25 27.77
v 15.16 -3.31 27.41
v 14.99 -3.34 27.06
v 14.72 -2.13 26.78
v 14.38 -2.08 26.94
v 14.25 -2.02 27.31
v 14.42 -1.99 27.65
v 14.79 -2.00 27.78
v 15.13 -2.05 27.62
v 15.26 -2.11 27.25
v 15.09 -2.14 26.91
v 14.82 -0.93 26.62
v 14.47 -0.88 26.79
v 14.35 -0.83 27.15
v 14.52 -0.79 27.50
v 14.88 -0.81 27.63
v 15.23 -0.86 27.46
v 15.35 -0.91 27.10
v 15.18 -0.94 26.75
v 7.87 -14.99 34.79
v 8.98 -14.99 34.79
v 8.98 -13.88 34.79
v 7.87 -13.88 34.79
v 7.87 -14.99 33.68
v 8.98 -14.99 33.68
v 8.98 -13.88 33.68
v 7.87 -13.88 33.68
v 8.19 -14.31 33.52
v 8.54 -14.63 34.28
v 8.03 -14.69 35.01
v 7.17 -14.41 34.98
v 6.83 -14.09 34.23
v 7.34 -14.03 33.49
v 8.02 -14.87 33.35
v 8.36 -15.20 34.11
v 7.85 -15.25 34.84
v 7.00 -14.98 34.82
v 6.66 -14.66 34.06
v 7.17 -14.60 33.33
v 7.51 -14.93 34.08
v 7.69 -14.36 34.25
v 8.44 -14.68 33.69
v 8.94 -15.05 33.62
v 8.92 -16.78 33.03
v 9.16 -17.63 32.77
v 9.44 -18.00 32.67
v 9.70 -18.02 32.69
v 9.75 -17.78 32.78
v 9.51 -17.47 32.86
v 9.27 -16.82 33.05
v 9.30 -14.45 33.85
v 8.62 -13.87 33.98
v 8.42 -14.75 33.90
v 8.92 -15.12 33.82
v 8.91 -16.85 33.24
v 9.14 -17.70 32.97
v 9.42 -18.07 32.88
v 9.68 -18.08 32.90
v 9.73 -17.85 32.98
v 9.49 -17.54 33.06
v 9.25 -16.89 33.26
v 9.28 -14.52 34.06
v 8.60 -13.94 34.19
v 17.20 7.26 28.41
v 17.20 -2.76 28.41
v 16.73 -3.33 28.14
v 15.98 -3.49 27.71
v 13.14 -2.40 26.07
v 12.67 -1.86 25.79
v 12.44 -1.15 25.66
v 12.44 5.64 25.66
v 12.67 6.36 25.79
v 13.14 6.90 26.07
v 15.98 7.99 27.71
v 16.73 7.83 28.14
v 17.71 7.26 26.52
v 17.71 -2.76 26.52
v 17.32 -3.33 26.30
v 16.72 -3.49 25.94
v 14.40 -2.40 24.61
v 14.01 -1.86 24.39
v 13.82 -1.15 24.28
v 13.82 5.64 24.28
v 14.01 6.36 24.39
v 14.40 6.90 24.61
v 16.72 7.99 25.94
v 17.32 7.83 26.30
v 13.70 -8.11 26.30
v 14.11 -8.49 25.85
v 14.11 -8.67 26.10
v 14.11 -8.69 26.41
v 14.11 -8.56 26.69
v 14.11 -8.31 26.86
v 14.11 -8.00 26.89
v 14.11 -7.72 26.76
v 14.11 -7.54 26.50
v 14.11 -7.52 26.19
v 14.11 -7.65 25.91
v 14.11 -7.90 25.74
v 14.11 -8.21 25.71
v 15.23 -8.77 25.51
v 15.23 -9.08 25.95
v 15.23 -9.12 26.49
v 15.23 -8.90 26.97
v 15.23 -8.46 27.28
v 15.23 -7.92 27.32
v 15.23 -7.44 27.09
v 15.23 -7.13 26.65
v 15.23 -7.09 26.12
v 15.23 -7.32 25.63
v 15.23 -7.76 25.33
v 15.23 -8.29 25.28
v 16.76 -8.88 25.39
v 16.76 -9.23 25.90
v 16.76 -9.28 26.51
v 16.76 -9.02 27.07
v 16.76 -8.51 27.43
v 16.76 -7.89 27.48
v 16.76 -7.33 27.21
v 16.76 -6.98 26.71
v 16.76 -6.93 26.09
v 16.76 -7.19 25.53
v 16.76 -7.70 25.17
v 16.76 -8.32 25.12
v 17.23 -8.80 25.48
v 17.23 -9.12 25.94
v 17.23 -9.17 26.49
v 17.23 -8.93 27.00
v 17.23 -8.47 27.32
v 17.23 -7.91 27.36
v 17.23 -7.41 27.12
v 17.23 -7.09 26.67
v 17.23 -7.04 26.11
v 17.23 -7.28 25.60
v 17.23 -7.74 25.29
v 17.23 -8.30 25.24
v 17.49 -8.56 25.76
v 17.49 -8.77 26.06
v 17.49 -8.80 26.43
v 17.49 -8.65 26.76
v 17.49 -8.34 26.97
v 17.49 -7.98 27.00
v 17.49 -7.65 26.84
v 17.49 -7.44 26.54
v 17.49 -7.41 26.17
v 17.49 -7.57 25.85
v 17.49 -7.87 25.64
v 17.49 -8.23 25.61
v 16.76 -8.88 25.39
v 16.76 -9.23 25.90
v 16.76 -9.28 26.51
v 16.76 -9.02 27.07
v 16.76 -8.51 27.43
v 16.76 -7.89 27.48
v 16.76 -7.33 27.22
v 16.76 -6.98 26.71
v 16.76 -6.93 26.09
v 16.76 -7.19 25.53
v 16.76 -7.70 25.18
v 16.76 -8.32 25.13
v 16.81 -9.03 25.21
v 16.81 -9.46 25.82
v 16.81 -9.52 26.56
v 16.81 -9.20 27.23
v 16.81 -8.59 27.66
v 16.81 -7.85 27.72
v 16.81 -7.18 27.40
v 16.81 -6.75 26.79
v 16.81 -6.69 26.05
v 16.81 -7.01 25.37
v 16.81 -7.62 24.95
v 16.81 -8.36 24.89
v 17.13 -9.03 25.21
v 17.13 -9.46 25.82
v 17.13 -9.52 26.56
v 17.13 -9.20 27.23
v 17.13 -8.59 27.66
v 17.13 -7.85 27.72
v 17.13 -7.18 27.40
v 17.13 -6.75 26.79
v 17.13 -6.69 26.05
v 17.13 -7.01 25.37
v 17.13 -7.62 24.95
v 17.13 -8.36 24.89
v 17.23 -8.80 25.48
v 17.23 -9.12 25.94
v 17.23 -9.17 26.49
v 17.23 -8.93 27.00
v 17.23 -8.47 27.32
v 17.23 -7.91 27.37
v 17.23 -7.41 27.13
v 17.23 -7.09 26.67
v 17.23 -7.04 26.11
v 17.23 -7.28 25.60
v 17.23 -7.74 25.29
v 17.23 -8.30 25.24
v 7.68 19.02 33.77
v 7.33 18.96 33.93
v 7.18 19.01 34.28
v 7.31 19.16 34.62
v 7.65 19.30 34.74
v 7.99 19.36 34.58
v 8.15 19.31 34.23
v 8.02 19.17 33.89
v 7.83 18.57 33.90
v 7.48 18.50 34.07
v 7.33 18.56 34.42
v 7.46 18.70 34.75
v 7.80 18.84 34.88
v 8.14 18.90 34.72
v 8.30 18.85 34.37
v 8.17 18.71 34.03
v 7.97 18.15 34.03
v 7.64 18.05 34.19
v 7.49 18.06 34.55
v 7.62 18.18 34.89
v 7.95 18.34 35.02
v 8.28 18.44 34.86
v 8.43 18.43 34.50
v 8.30 18.31 34.16
v 8.23 17.64 34.08
v 7.91 17.50 34.24
v 7.78 17.47 34.61
v 7.91 17.58 34.96
v 8.23 17.75 35.08
v 8.55 17.89 34.92
v 8.68 17.91 34.56
v 8.55 17.81 34.21
v 8.50 17.09 34.14
v 8.18 16.95 34.30
v 8.05 16.93 34.67
v 8.18 17.03 35.01
v 8.50 17.20 35.14
v 8.82 17.34 34.98
v 8.95 17.37 34.62
v 8.82 17.26 34.27
v 8.74 16.60 34.19
v 8.44 16.41 34.36
v 8.33 16.33 34.72
v 8.48 16.41 35.07
v 8.79 16.60 35.21
v 9.09 16.78 35.04
v 9.20 16.86 34.68
v 9.05 16.78 34.33
v 9.06 16.17 34.11
v 8.79 15.94 34.27
v 8.71 15.82 34.63
v 8.87 15.87 34.98
v 9.18 16.07 35.11
v 9.45 16.30 34.95
v 9.52 16.42 34.59
v 9.36 16.36 34.24
v 9.41 15.69 34.02
v 9.14 15.46 34.18
v 9.06 15.34 34.54
v 9.23 15.39 34.89
v 9.53 15.59 35.02
v 9.80 15.82 34.86
v 9.87 15.94 34.50
v 9.71 15.89 34.15
v 9.72 15.25 33.94
v 9.47 15.00 34.10
v 9.42 14.84 34.45
v 9.61 14.88 34.79
v 9.91 15.07 34.92
v 10.16 15.33 34.76
v 10.21 15.48 34.41
v 10.03 15.45 34.07
v 9.96 14.97 33.80
v 9.73 14.70 33.96
v 9.71 14.51 34.29
v 9.92 14.52 34.62
v 10.22 14.72 34.74
v 10.45 15.00 34.59
v 10.47 15.18 34.25
v 10.26 15.17 33.93
v 10.23 14.65 33.64
v 10.00 14.38 33.80
v 9.99 14.20 34.14
v 10.19 14.21 34.46
v 10.49 14.41 34.59
v 10.72 14.68 34.44
v 10.74 14.87 34.10
v 10.53 14.85 33.77
v 10.41 14.41 33.55
v 10.23 14.09 33.68
v 10.28 13.85 33.98
v 10.55 13.82 34.26
v 10.86 14.02 34.37
v 11.04 14.34 34.23
v 10.98 14.58 33.94
v 10.73 14.61 33.65
v 10.62 14.19 33.16
v 10.49 13.84 33.27
v 10.61 13.56 33.51
v 10.92 13.51 33.73
v 11.24 13.72 33.82
v 11.37 14.06 33.71
v 11.25 14.35 33.47
v 10.94 14.40 33.25
v 10.92 13.93 32.70
v 10.78 13.58 32.80
v 10.91 13.30 33.04
v 11.22 13.25 33.26
v 11.53 13.46 33.35
v 11.67 13.80 33.24
v 11.54 14.08 33.01
v 11.23 14.14 32.78
v 11.19 13.67 32.25
v 11.08 13.31 32.35
v 11.22 13.03 32.57
v 11.53 12.98 32.79
v 11.84 13.20 32.86
v 11.96 13.55 32.76
v 11.82 13.84 32.54
v 11.50 13.88 32.33
v 11.63 13.31 31.45
v 11.53 12.95 31.55
v 11.69 12.67 31.76
v 12.02 12.63 31.96
v 12.32 12.86 32.04
v 12.42 13.22 31.94
v 12.26 13.50 31.73
v 11.94 13.54 31.53
v 12.09 12.97 30.64
v 11.99 12.61 30.74
v 12.15 12.33 30.95
v 12.48 12.29 31.15
v 12.78 12.51 31.23
v 12.88 12.87 31.13
v 12.72 13.16 30.92
v 12.40 13.20 30.72
v 12.61 12.64 29.79
v 12.45 12.31 29.90
v 12.55 12.03 30.14
v 12.85 11.96 30.37
v 13.18 12.15 30.46
v 13.34 12.48 30.35
v 13.24 12.76 30.10
v 12.94 12.83 29.87
v 13.00 12.21 29.25
v 12.79 11.91 29.38
v 12.83 11.64 29.65
v 13.10 11.55 29.91
v 13.44 11.70 30.01
v 13.66 12.00 29.88
v 13.62 12.27 29.61
v 13.34 12.36 29.35
v 13.33 11.77 28.76
v 13.11 11.47 28.89
v 13.16 11.20 29.16
v 13.43 11.11 29.42
v 13.77 11.26 29.51
v 13.99 11.56 29.39
v 13.94 11.83 29.12
v 13.67 11.91 28.86
v 13.71 11.31 28.23
v 13.45 11.06 28.37
v 13.44 10.82 28.67
v 13.68 10.72 28.96
v 14.04 10.83 29.06
v 14.30 11.08 28.92
v 14.31 11.33 28.62
v 14.07 11.42 28.34
v 14.00 10.66 27.85
v 13.70 10.47 28.00
v 13.64 10.26 28.32
v 13.85 10.17 28.63
v 14.22 10.24 28.74
v 14.51 10.43 28.59
v 14.58 10.64 28.27
v 14.36 10.73 27.96
v 14.23 10.04 27.50
v 13.93 9.85 27.65
v 13.87 9.64 27.97
v 14.08 9.55 28.27
v 14.44 9.62 28.39
v 14.74 9.81 28.24
v 14.81 10.02 27.92
v 14.59 10.11 27.61
v 14.51 9.36 27.11
v 14.18 9.23 27.27
v 14.08 9.09 27.62
v 14.26 9.03 27.95
v 14.63 9.07 28.07
v 14.96 9.19 27.91
v 15.06 9.33 27.57
v 14.87 9.40 27.23
v 14.63 8.08 26.94
v 14.28 8.03 27.10
v 14.16 7.97 27.46
v 14.33 7.94 27.81
v 14.69 7.95 27.94
v 15.04 8.00 27.77
v 15.16 8.06 27.41
v 14.99 8.09 27.06
v 14.72 6.88 26.78
v 14.38 6.83 26.94
v 14.25 6.77 27.31
v 14.42 6.74 27.65
v 14.79 6.75 27.78
v 15.13 6.80 27.62
v 15.26 6.86 27.25
v 15.09 6.89 26.91
v 14.82 5.68 26.62
v 14.47 5.63 26.79
v 14.35 5.58 27.15
v 14.52 5.55 27.50
v 14.88 5.56 27.63
v 15.23 5.61 27.46
v 15.35 5.66 27.10
v 15.18 5.69 26.75
v 7.87 19.74 34.79
v 8.98 19.74 34.79
v 8.98 18.63 34.79
v 7.87 18.63 34.79
v 7.87 19.74 33.68
v 8.98 19.74 33.68
v 8.98 18.63 33.68
v 7.87 18.63 33.68
v 8.19 19.06 33.52
v 8.54 19.38 34.28
v 8.03 19.44 35.01
v 7.17 19.16 34.98
v 6.83 18.84 34.23
v 7.34 18.78 33.49
v 8.02 19.62 33.35
v 8.36 19.95 34.11
v 7.85 20.00 34.84
v 7.00 19.73 34.82
v 6.66 19.41 34.06
v 7.17 19.35 33.33
v 7.51 19.68 34.08
v 7.69 19.11 34.25
v 8.08 19.44 33.50
v 8.39 19.73 34.17
v 7.93 19.78 34.83
v 7.17 19.54 34.81
v 6.87 19.24 34.13
v 7.32 19.20 33.48
v 7.05 23.53 32.25
v 7.35 23.82 32.92
v 6.90 23.87 33.58
v 6.14 23.62 33.56
v 5.83 23.33 32.88
v 6.29 23.28 32.22
v 6.59 23.58 32.90
v 7.63 19.49 34.15
v 8.44 19.43 33.69
v 8.94 19.80 33.62
v 8.92 21.53 33.03
v 9.16 22.38 32.77
v 9.44 22.76 32.67
v 9.70 22.77 32.69
v 9.75 22.53 32.78
v 9.51 22.22 32.86
v 9.27 21.57 33.05
v 9.30 19.20 33.85
v 8.62 18.62 33.98
v 8.42 19.50 33.90
v 8.92 19.87 33.82
v 8.91 21.60 33.24
v 9.14 22.45 32.97
v 9.42 22.82 32.88
v 9.68 22.83 32.90
v 9.73 22.60 32.98
v 9.49 22.29 33.06
v 9.25 21.64 33.26
v 9.28 19.27 34.06
v 8.60 18.69 34.19
v 13.05 -7.71 27.62
v 13.10 -7.80 27.35
v 13.28 -7.86 27.16
v 14.29 -8.03 26.65
v 14.25 -8.11 26.42
v 13.05 -7.89 27.08
v 12.88 -7.80 27.33
v 12.83 -7.71 27.61
v 13.16 -7.20 29.15
v 13.39 -7.21 29.10
v 13.05 -7.55 27.57
v 13.10 -7.65 27.30
v 13.28 -7.71 27.11
v 14.29 -7.88 26.60
v 14.25 -7.96 26.37
v 13.05 -7.74 27.03
v 12.88 -7.65 27.28
v 12.83 -7.56 27.56
v 13.16 -7.04 29.10
v 13.39 -7.06 29.05
v 13.39 -7.47 28.75
v 13.93 -7.41 29.15
v 14.07 -6.94 29.61
v 13.69 -6.41 29.79
v 13.08 -6.22 29.55
v 12.71 -6.52 29.08
v 12.84 -7.07 28.72
v 13.16 -7.76 29.11
v 13.70 -7.69 29.51
v 13.84 -7.22 29.97
v 13.46 -6.69 30.15
v 12.86 -6.50 29.91
v 12.48 -6.80 29.44
v 12.61 -7.36 29.08
v 13.16 -7.14 29.60
v 13.39 -6.86 29.24
v 13.54 -1.31 29.63
v 13.94 -0.76 30.61
v 14.37 -1.12 31.66
v 14.57 -2.18 32.16
v 14.44 -3.31 31.83
v 14.04 -3.86 30.85
v 13.61 -3.50 29.80
v 13.40 -2.44 29.30
v 13.36 -0.95 29.24
v 13.90 -0.20 30.57
v 14.48 -0.70 32.00
v 14.76 -2.13 32.69
v 14.58 -3.68 32.23
v 14.03 -4.42 30.90
v 13.45 -3.92 29.47
v 13.17 -2.49 28.79
v 12.43 -0.95 29.62
v 12.97 -0.20 30.95
v 13.56 -0.70 32.38
v 13.83 -2.13 33.07
v 13.65 -3.68 32.61
v 13.10 -4.42 31.28
v 12.52 -3.92 29.85
v 12.24 -2.49 29.17
v 12.56 -1.24 29.94
v 12.99 -0.66 30.99
v 13.44 -1.04 32.11
v 13.66 -2.17 32.65
v 13.52 -3.38 32.29
v 13.09 -3.96 31.24
v 12.63 -3.58 30.13
v 12.41 -2.45 29.59
v 13.54 -1.31 29.63
v 13.94 -0.76 30.61
v 14.37 -1.12 31.66
v 14.57 -2.18 32.16
v 14.44 -3.31 31.83
v 14.04 -3.86 30.85
v 13.61 -3.50 29.80
v 13.40 -2.44 29.30
v 15.48 -1.31 28.83
v 15.88 -0.76 29.82
v 16.31 -1.12 30.86
v 16.52 -2.18 31.37
v 16.38 -3.31 31.03
v 15.98 -3.86 30.05
v 15.55 -3.50 29.00
v 15.34 -2.44 28.50
v 15.93 -2.31 29.93
v 12.72 -2.31 31.25
v 12.56 -1.24 29.94
v 12.99 -0.66 30.99
v 13.44 -1.04 32.11
v 13.66 -2.17 32.65
v 13.52 -3.38 32.29
v 13.09 -3.96 31.24
v 12.63 -3.58 30.13
v 12.41 -2.45 29.59
v 12.44 -1.69 30.57
v 12.69 -1.36 31.17
v 12.95 -1.58 31.82
v 13.08 -2.23 32.13
v 12.99 -2.93 31.92
v 12.75 -3.26 31.32
v 12.48 -3.04 30.68
v 12.36 -2.39 30.37
v 15.68 -2.57 29.75
v 15.83 -2.73 30.07
v 15.97 -2.55 30.38
v 16.00 -2.17 30.45
v 15.90 -1.88 30.22
v 15.74 -1.89 29.87
v 15.64 -2.20 29.66
v 16.20 -2.58 29.51
v 16.35 -2.73 29.83
v 16.50 -2.55 30.14
v 16.53 -2.17 30.20
v 16.42 -1.88 29.98
v 16.26 -1.89 29.62
v 16.16 -2.20 29.42
v 16.92 -1.61 27.72
v 16.54 -2.35 29.62
v 16.58 -2.40 29.71
v 16.61 -2.35 29.79
v 16.62 -2.25 29.81
v 16.59 -2.17 29.75
v 16.55 -2.17 29.65
v 16.52 -2.26 29.60
v 17.01 -2.22 29.13
v 17.09 -2.28 29.18
v 17.17 -2.25 29.25
v 17.19 -2.16 29.30
v 17.13 -2.08 29.29
v 17.04 -2.06 29.22
v 16.99 -2.12 29.15
v 17.46 -1.99 28.51
v 17.56 -2.03 28.51
v 17.65 -1.98 28.52
v 17.67 -1.89 28.56
v 17.60 -1.82 28.59
v 17.50 -1.82 28.58
v 17.44 -1.89 28.55
v 17.39 -1.80 28.00
v 17.48 -1.82 27.95
v 17.55 -1.76 27.92
v 17.57 -1.67 27.95
v 17.51 -1.60 28.01
v 17.42 -1.62 28.05
v 17.37 -1.71 28.05
v 16.89 -1.71 27.76
v 16.92 -1.72 27.67
v 16.95 -1.65 27.62
v 16.96 -1.55 27.64
v 16.94 -1.50 27.72
v 16.90 -1.53 27.80
v 16.88 -1.63 27.82
v 13.54 3.31 30.10
v 13.94 3.86 31.08
v 14.37 3.49 32.13
v 14.57 2.44 32.64
v 14.44 1.30 32.30
v 14.04 0.76 31.32
v 13.61 1.12 30.27
v 13.40 2.18 29.77
v 13.36 3.67 29.72
v 13.90 4.41 31.05
v 14.48 3.92 32.47
v 14.76 2.48 33.16
v 14.58 0.94 32.70
v 14.03 0.20 31.37
v 13.45 0.70 29.95
v 13.17 2.13 29.26
v 12.43 3.67 30.10
v 12.97 4.41 31.43
v 13.56 3.92 32.85
v 13.83 2.48 33.54
v 13.65 0.94 33.08
v 13.10 0.20 31.75
v 12.52 0.70 30.33
v 12.24 2.13 29.64
v 12.56 3.38 30.42
v 12.99 3.96 31.46
v 13.44 3.57 32.58
v 13.66 2.45 33.12
v 13.52 1.24 32.76
v 13.09 0.66 31.72
v 12.63 1.04 30.60
v 12.41 2.17 30.06
v 13.54 3.31 30.10
v 13.94 3.86 31.08
v 14.37 3.49 32.13
v 14.57 2.44 32.64
v 14.44 1.30 32.30
v 14.04 0.76 31.32
v 13.61 1.12 30.27
v 13.40 2.18 29.77
v 15.48 3.31 29.31
v 15.88 3.86 30.29
v 16.31 3.49 31.34
v 16.52 2.44 31.84
v 16.38 1.30 31.51
v 15.98 0.76 30.53
v 15.55 1.12 29.48
v 15.34 2.18 28.98
v 15.93 2.31 30.41
v 12.72 2.31 31.72
v 12.56 3.38 30.42
v 12.99 3.96 31.46
v 13.44 3.57 32.58
v 13.66 2.45 33.12
v 13.52 1.24 32.76
v 13.09 0.66 31.72
v 12.63 1.04 30.60
v 12.41 2.17 30.06
v 12.44 2.93 31.05
v 12.69 3.26 31.65
v 12.95 3.04 32.29
v 13.08 2.39 32.60
v 12.99 1.69 32.40
v 12.75 1.36 31.80
v 12.48 1.58 31.15
v 12.36 2.23 30.84
v 15.68 2.55 29.75
v 15.83 2.71 30.07
v 15.97 2.53 30.38
v 16.00 2.15 30.45
v 15.90 1.85 30.22
v 15.74 1.87 29.87
v 15.64 2.18 29.66
v 16.20 2.56 29.51
v 16.35 2.71 29.83
v 16.50 2.53 30.14
v 16.53 2.15 30.20
v 16.42 1.86 29.98
v 16.26 1.87 29.62
v 16.16 2.18 29.42
v 16.92 1.59 27.72
v 16.54 2.33 29.62
v 16.58 2.37 29.71
v 16.61 2.33 29.79
v 16.62 2.23 29.81
v 16.59 2.15 29.75
v 16.55 2.15 29.65
v 16.52 2.23 29.60
v 17.01 2.20 29.13
v 17.09 2.26 29.18
v 17.17 2.23 29.25
v 17.19 2.14 29.30
v 17.13 2.06 29.29
v 17.04 2.04 29.22
v 16.99 2.10 29.15
v 17.46 1.97 28.51
v 17.56 2.01 28.51
v 17.65 1.96 28.52
v 17.67 1.87 28.56
v 17.60 1.80 28.59
v 17.50 1.80 28.58
v 17.44 1.87 28.55
v 17.39 1.78 28.00
v 17.48 1.80 27.95
v 17.55 1.74 27.92
v 17.57 1.64 27.95
v 17.51 1.58 28.01
v 17.42 1.60 28.05
v 17.37 1.69 28.05
v 16.89 1.69 27.76
v 16.92 1.70 27.67
v 16.95 1.63 27.62
v 16.96 1.53 27.64
v 16.94 1.48 27.72
v 16.90 1.51 27.80
v 16.88 1.61 27.82
v 13.54 8.29 29.63
v 13.94 8.83 30.61
v 14.37 8.47 31.66
v 14.57 7.41 32.16
v 14.44 6.28 31.83
v 14.04 5.73 30.85
v 13.61 6.10 29.80
v 13.40 7.15 29.30
v 13.36 8.65 29.24
v 13.90 9.39 30.57
v 14.48 8.90 32.00
v 14.76 7.46 32.69
v 14.58 5.92 32.23
v 14.03 5.18 30.90
v 13.45 5.67 29.47
v 13.17 7.11 28.79
v 12.43 8.65 29.62
v 12.97 9.39 30.95
v 13.56 8.90 32.38
v 13.83 7.46 33.07
v 13.65 5.92 32.61
v 13.10 5.18 31.28
v 12.52 5.67 29.85
v 12.24 7.11 29.17
v 12.56 8.35 29.94
v 12.99 8.94 30.99
v 13.44 8.55 32.11
v 13.66 7.42 32.65
v 13.52 6.21 32.29
v 13.09 5.63 31.24
v 12.63 6.02 30.13
v 12.41 7.14 29.59
v 13.54 8.29 29.63
v 13.94 8.83 30.61
v 14.37 8.47 31.66
v 14.57 7.41 32.16
v 14.44 6.28 31.83
v 14.04 5.73 30.85
v 13.61 6.10 29.80
v 13.40 7.15 29.30
v 15.48 8.29 28.83
v 15.88 8.83 29.82
v 16.31 8.47 30.86
v 16.52 7.41 31.37
v 16.38 6.28 31.03
v 15.98 5.73 30.05
v 15.55 6.10 29.00
v 15.34 7.15 28.50
v 15.93 7.28 29.93
v 12.72 7.28 31.25
v 12.56 8.35 29.94
v 12.99 8.94 30.99
v 13.44 8.55 32.11
v 13.66 7.42 32.65
v 13.52 6.21 32.29
v 13.09 5.63 31.24
v 12.63 6.02 30.13
v 12.41 7.14 29.59
v 12.44 7.90 30.57
v 12.69 8.23 31.17
v 12.95 8.01 31.82
v 13.08 7.36 32.13
v 12.99 6.67 31.92
v 12.75 6.33 31.32
v 12.48 6.55 30.68
v 12.36 7.20 30.37
v 15.68 7.57 29.75
v 15.83 7.73 30.07
v 15.97 7.55 30.38
v 16.00 7.17 30.45
v 15.90 6.87 30.22
v 15.74 6.89 29.87
v 15.64 7.20 29.66
v 16.20 7.57 29.51
v 16.35 7.73 29.83
v 16.50 7.55 30.14
v 16.53 7.17 30.20
v 16.42 6.88 29.98
v 16.26 6.89 29.62
v 16.16 7.20 29.42
v 16.92 6.61 27.72
v 16.54 7.35 29.62
v 16.58 7.39 29.71
v 16.61 7.35 29.79
v 16.62 7.24 29.81
v 16.59 7.17 29.75
v 16.55 7.17 29.65
v 16.52 7.25 29.60
v 17.01 7.22 29.13
v 17.09 7.28 29.18
v 17.17 7.25 29.25
v 17.19 7.16 29.30
v 17.13 7.07 29.29
v 17.04 7.05 29.22
v 16.99 7.12 29.15
v 17.46 6.99 28.51
v 17.56 7.03 28.51
v 17.65 6.98 28.52
v 17.67 6.89 28.56
v 17.60 6.82 28.59
v 17.50 6.82 28.58
v 17.44 6.89 28.55
v 17.39 6.80 28.00
v 17.48 6.82 27.95
v 17.55 6.76 27.92
v 17.57 6.66 27.95
v 17.51 6.60 28.01
v 17.42 6.62 28.05
v 17.37 6.71 28.05
v 16.89 6.71 27.76
v 16.92 6.72 27.67
v 16.95 6.65 27.62
v 16.96 6.55 27.64
v 16.94 6.50 27.72
v 16.90 6.53 27.80
v 16.88 6.63 27.82
v 13.70 12.89 26.30
v 14.11 13.28 25.85
v 14.11 13.45 26.10
v 14.11 13.48 26.41
v 14.11 13.35 26.69
v 14.11 13.09 26.86
v 14.11 12.79 26.89
v 14.11 12.51 26.76
v 14.11 12.33 26.50
v 14.11 12.30 26.19
v 14.11 12.44 25.91
v 14.11 12.69 25.74
v 14.11 13.00 25.71
v 15.23 13.56 25.51
v 15.23 13.87 25.95
v 15.23 13.91 26.49
v 15.23 13.68 26.97
v 15.23 13.24 27.28
v 15.23 12.71 27.32
v 15.23 12.22 27.09
v 15.23 11.92 26.65
v 15.23 11.87 26.12
v 15.23 12.10 25.63
v 15.23 12.54 25.33
v 15.23 13.08 25.28
v 16.76 13.66 25.39
v 16.76 14.02 25.90
v 16.76 14.07 26.51
v 16.76 13.80 27.07
v 16.76 13.30 27.43
v 16.76 12.68 27.48
v 16.76 12.12 27.21
v 16.76 11.77 26.71
v 16.76 11.71 26.09
v 16.76 11.98 25.53
v 16.76 12.49 25.17
v 16.76 13.10 25.12
v 17.23 13.59 25.48
v 17.23 13.91 25.94
v 17.23 13.95 26.49
v 17.23 13.72 27.00
v 17.23 13.26 27.32
v 17.23 12.70 27.36
v 17.23 12.19 27.12
v 17.23 11.88 26.67
v 17.23 11.83 26.11
v 17.23 12.07 25.60
v 17.23 12.53 25.29
v 17.23 13.08 25.24
v 17.49 13.35 25.76
v 17.49 13.56 26.06
v 17.49 13.59 26.43
v 17.49 13.43 26.76
v 17.49 13.13 26.97
v 17.49 12.77 27.00
v 17.49 12.44 26.84
v 17.49 12.23 26.54
v 17.49 12.20 26.17
v 17.49 12.35 25.85
v 17.49 12.65 25.64
v 17.49 13.02 25.61
v 16.76 13.66 25.39
v 16.76 14.02 25.90
v 16.76 14.07 26.51
v 16.76 13.80 27.07
v 16.76 13.30 27.43
v 16.76 12.68 27.48
v 16.76 12.12 27.22
v 16.76 11.77 26.71
v 16.76 11.71 26.09
v 16.76 11.98 25.53
v 16.76 12.49 25.18
v 16.76 13.10 25.13
v 16.81 13.82 25.21
v 16.81 14.25 25.82
v 16.81 14.31 26.56
v 16.81 13.99 27.23
v 16.81 13.38 27.66
v 16.81 12.64 27.72
v 16.81 11.96 27.40
v 16.81 11.54 26.79
v 16.81 11.48 26.05
v 16.81 11.79 25.37
v 16.81 12.41 24.95
v 16.81 13.15 24.89
v 17.13 13.82 25.21
v 17.13 14.25 25.82
v 17.13 14.31 26.56
v 17.13 13.99 27.23
v 17.13 13.38 27.66
v 17.13 12.64 27.72
v 17.13 11.96 27.40
v 17.13 11.54 26.79
v 17.13 11.48 26.05
v 17.13 11.79 25.37
v 17.13 12.41 24.95
v 17.13 13.15 24.89
v 17.23 13.59 25.48
v 17.23 13.91 25.94
v 17.23 13.95 26.49
v 17.23 13.72 27.00
v 17.23 13.26 27.32
v 17.23 12.70 27.37
v 17.23 12.19 27.13
v 17.23 11.88 26.67
v 17.23 11.83 26.11
v 17.23 12.07 25.60
v 17.23 12.53 25.29
v 17.23 13.08 25.24
v 13.05 12.49 27.62
v 13.10 12.58 27.35
v 13.28 12.65 27.16
v 14.29 12.82 26.65
v 14.25 12.89 26.42
v 13.05 12.67 27.08
v 12.88 12.59 27.33
v 12.83 12.50 27.61
v 13.16 11.98 29.15
v 13.39 12.00 29.10
v 13.05 12.34 27.57
v 13.10 12.43 27.30
v 13.28 12.49 27.11
v 14.29 12.67 26.60
v 14.25 12.74 26.37
v 13.05 12.52 27.03
v 12.88 12.44 27.28
v 12.83 12.34 27.56
v 13.16 11.83 29.10
v 13.39 11.85 29.05
v 13.39 12.26 28.75
v 13.93 12.20 29.15
v 14.07 11.72 29.61
v 13.69 11.19 29.79
v 13.08 11.00 29.55
v 12.71 11.30 29.08
v 12.84 11.86 28.72
v 13.16 12.54 29.11
v 13.70 12.48 29.51
v 13.84 12.01 29.97
v 13.46 11.47 30.15
v 12.86 11.29 29.91
v 12.48 11.58 29.44
v 12.61 12.14 29.08
v 13.16 11.93 29.60
v 13.39 11.65 29.24
v 14.58 -8.11 26.30
v 14.93 -8.44 25.91
v 14.93 -8.59 26.13
v 14.93 -8.61 26.39
v 14.93 -8.50 26.63
v 14.93 -8.28 26.78
v 14.93 -8.01 26.81
v 14.93 -7.77 26.69
v 14.93 -7.62 26.48
v 14.93 -7.60 26.21
v 14.93 -7.71 25.97
v 14.93 -7.93 25.82
v 14.93 -8.20 25.80
v 15.89 -8.68 25.62
v 15.89 -8.94 26.00
v 15.89 -8.98 26.46
v 15.89 -8.78 26.88
v 15.89 -8.41 27.14
v 15.89 -7.95 27.18
v 15.89 -7.53 26.98
v 15.89 -7.27 26.60
v 15.89 -7.23 26.14
v 15.89 -7.43 25.73
v 15.89 -7.81 25.46
v 15.89 -8.26 25.43
v 17.21 -8.77 25.52
v 17.21 -9.07 25.95
v 17.21 -9.12 26.48
v 17.21 -8.89 26.96
v 17.21 -8.45 27.27
v 17.21 -7.92 27.31
v 17.21 -7.44 27.08
v 17.21 -7.14 26.65
v 17.21 -7.10 26.12
v 17.21 -7.32 25.64
v 17.21 -7.76 25.33
v 17.21 -8.29 25.29
v 20.42 0.47 20.50
v 20.45 -0.48 21.94
v 20.45 -0.59 23.67
v 20.43 0.18 25.23
v 20.40 1.62 26.19
v 20.36 3.36 26.30
v 20.33 4.91 25.52
v 20.31 5.87 24.08
v 20.31 5.98 22.35
v 20.33 5.20 20.80
v 20.35 3.76 19.83
v 20.39 2.03 19.73
v 20.56 0.09 20.05
v 20.58 -1.04 21.75
v 20.58 -1.17 23.79
v 20.57 -0.26 25.62
v 20.53 1.45 26.75
v 20.49 3.49 26.88
v 20.45 5.32 25.97
v 20.42 6.45 24.27
v 20.42 6.57 22.23
v 20.44 5.66 20.40
v 20.48 3.96 19.27
v 20.52 1.92 19.14
v 21.13 0.10 20.05
v 21.16 -1.03 21.75
v 21.16 -1.15 23.79
v 21.14 -0.24 25.62
v 21.10 1.46 26.75
v 21.06 3.50 26.88
v 21.02 5.33 25.97
v 20.99 6.46 24.27
v 20.99 6.59 22.23
v 21.01 5.68 20.40
v 21.05 3.97 19.27
v 21.09 1.93 19.14
v 21.37 0.51 20.50
v 21.39 -0.44 21.95
v 21.39 -0.55 23.67
v 21.38 0.22 25.23
v 21.34 1.66 26.18
v 21.31 3.39 26.29
v 21.28 4.94 25.52
v 21.25 5.90 24.08
v 21.25 6.01 22.35
v 21.27 5.24 20.80
v 21.30 3.79 19.84
v 21.34 2.06 19.73
v 16.26 2.63 23.01
v 16.84 1.53 21.76
v 16.85 1.05 22.48
v 16.85 1.00 23.34
v 16.84 1.38 24.12
v 16.83 2.11 24.60
v 16.81 2.97 24.65
v 16.79 3.75 24.27
v 16.78 4.23 23.55
v 16.78 4.28 22.68
v 16.79 3.90 21.90
v 16.80 3.18 21.42
v 16.82 2.31 21.37
v 18.36 0.74 20.83
v 18.38 -0.09 22.09
v 18.38 -0.18 23.59
v 18.37 0.49 24.93
v 18.34 1.74 25.76
v 18.31 3.24 25.86
v 18.28 4.58 25.19
v 18.26 5.41 23.94
v 18.26 5.51 22.44
v 18.28 4.84 21.09
v 18.30 3.59 20.26
v 18.33 2.09 20.17
v 20.42 0.47 20.50
v 20.45 -0.48 21.94
v 20.45 -0.59 23.67
v 20.43 0.18 25.23
v 20.40 1.62 26.19
v 20.36 3.36 26.30
v 20.33 4.91 25.52
v 20.31 5.87 24.08
v 20.31 5.98 22.35
v 20.33 5.20 20.80
v 20.35 3.76 19.83
v 20.39 2.03 19.73
v 21.37 0.51 20.50
v 21.39 -0.44 21.95
v 21.39 -0.55 23.67
v 21.38 0.22 25.23
v 21.34 1.66 26.18
v 21.31 3.39 26.29
v 21.28 4.94 25.52
v 21.25 5.90 24.08
v 21.25 6.01 22.35
v 21.27 5.24 20.80
v 21.30 3.79 19.84
v 21.34 2.06 19.73
v 22.01 1.28 21.34
v 22.02 0.64 22.30
v 22.03 0.57 23.45
v 22.01 1.08 24.49
v 21.99 2.04 25.12
v 21.97 3.19 25.20
v 21.95 4.23 24.68
v 21.93 4.86 23.72
v 21.93 4.94 22.57
v 21.94 4.42 21.54
v 21.96 3.46 20.90
v 21.99 2.31 20.83
v 22.32 2.20 22.37
v 22.32 1.96 22.74
v 22.33 1.93 23.18
v 22.32 2.12 23.57
v 22.31 2.49 23.82
v 22.30 2.93 23.84
v 22.30 3.32 23.65
v 22.29 3.57 23.28
v 22.29 3.59 22.84
v 22.29 3.40 22.45
v 22.30 3.03 22.21
v 22.31 2.59 22.18
v 17.30 2.64 23.01
v 17.85 1.57 21.80
v 17.86 1.11 22.49
v 17.87 1.05 23.33
v 17.86 1.43 24.08
v 17.84 2.13 24.55
v 17.82 2.96 24.60
v 17.81 3.72 24.23
v 17.80 4.18 23.53
v 17.80 4.23 22.69
v 17.80 3.86 21.94
v 17.82 3.16 21.48
v 17.84 2.32 21.42
v 19.33 0.81 20.90
v 19.34 0.00 22.12
v 19.35 -0.09 23.57
v 19.33 0.56 24.87
v 19.31 1.77 25.67
v 19.28 3.22 25.76
v 19.25 4.52 25.12
v 19.23 5.33 23.91
v 19.23 5.42 22.46
v 19.24 4.77 21.15
v 19.27 3.56 20.35
v 19.30 2.11 20.26
v 21.32 0.55 20.58
v 21.34 -0.38 21.98
v 21.35 -0.49 23.65
v 21.33 0.26 25.16
v 21.30 1.66 26.09
v 21.26 3.33 26.19
v 21.23 4.84 25.44
v 21.21 5.77 24.05
v 21.21 5.87 22.37
v 21.23 5.12 20.87
v 21.26 3.72 19.94
v 21.29 2.05 19.83
v 18.51 2.41 22.83
v 20.14 2.41 22.83
v 20.14 2.41 23.33
v 18.51 2.41 23.33
v 18.51 2.91 22.83
v 20.14 2.91 22.83
v 20.14 2.91 23.33
v 18.51 2.91 23.33
v 21.40 -0.42 27.24
v 14.96 -0.42 24.68
v 14.97 -0.42 25.14
v 16.51 -0.42 26.68
v 18.48 -0.42 27.58
v 20.65 -0.42 27.72
v 21.40 5.60 27.24
v 14.96 5.60 24.68
v 14.97 5.60 25.14
v 16.51 5.60 26.68
v 18.48 5.60 27.58
v 20.65 5.60 27.72
v 8.41 2.05 24.29
v 8.66 2.39 24.28
v 8.66 2.81 24.28
v 8.41 3.16 24.28
v 8.01 3.29 24.28
v 7.60 3.16 24.28
v 7.35 2.82 24.28
v 7.35 2.39 24.28
v 7.60 2.05 24.29
v 8.00 1.92 24.29
v 8.41 2.05 24.83
v 8.66 2.39 24.83
v 8.66 2.82 24.83
v 8.41 3.16 24.83
v 8.01 3.29 24.83
v 7.60 3.16 24.83
v 7.35 2.82 24.83
v 7.35 2.40 24.83
v 7.60 2.05 24.83
v 8.00 1.92 24.83
v 8.00 2.61 25.28
v 8.00 2.60 24.28
v 8.63 1.74 24.83
v 9.02 2.27 24.83
v 9.02 2.94 24.83
v 8.64 3.47 24.82
v 8.01 3.68 24.82
v 7.38 3.48 24.82
v 6.99 2.94 24.83
v 6.99 2.28 24.83
v 7.37 1.74 24.83
v 8.00 1.54 24.83
v 8.63 1.74 25.29
v 9.02 2.28 25.28
v 9.02 2.94 25.28
v 8.64 3.47 25.28
v 8.01 3.68 25.28
v 7.38 3.48 25.28
v 6.99 2.94 25.28
v 6.99 2.28 25.28
v 7.37 1.74 25.29
v 8.00 1.54 25.29
v 8.08 -14.55 33.47
v 8.39 -14.84 34.15
v 7.93 -14.89 34.80
v 7.17 -14.65 34.78
v 6.87 -14.35 34.10
v 7.32 -14.31 33.45
v 7.05 -18.64 32.22
v 7.35 -18.93 32.90
v 6.90 -18.98 33.55
v 6.14 -18.73 33.53
v 5.83 -18.44 32.85
v 6.29 -18.39 32.20
v 6.59 -18.69 32.87
v 7.63 -14.60 34.12
v 14.39 12.86 26.30
v 14.73 12.55 25.93
v 14.73 12.41 26.14
v 14.73 12.38 26.39
v 14.73 12.49 26.62
v 14.73 12.70 26.76
v 14.73 12.95 26.78
v 14.73 13.18 26.67
v 14.73 13.32 26.47
v 14.73 13.35 26.21
v 14.73 13.24 25.99
v 14.73 13.03 25.84
v 14.73 12.78 25.82
v 15.64 12.32 25.65
v 15.64 12.07 26.01
v 15.64 12.03 26.45
v 15.64 12.22 26.85
v 15.64 12.58 27.10
v 15.64 13.02 27.14
v 15.64 13.41 26.95
v 15.64 13.66 26.59
v 15.64 13.70 26.15
v 15.64 13.51 25.75
v 15.64 13.15 25.50
v 15.64 12.71 25.47
v 16.89 12.23 25.56
v 16.89 11.95 25.97
v 16.89 11.90 26.48
v 16.89 12.12 26.93
v 16.89 12.53 27.22
v 16.89 13.04 27.26
v 16.89 13.50 27.05
v 16.89 13.78 26.63
v 16.89 13.83 26.13
v 16.89 13.61 25.67
v 16.89 13.20 25.38
v 16.89 12.69 25.34
v 14.58 12.84 26.30
v 14.93 12.51 25.91
v 14.93 12.36 26.13
v 14.93 12.34 26.39
v 14.93 12.45 26.63
v 14.93 12.67 26.78
v 14.93 12.93 26.81
v 14.93 13.17 26.69
v 14.93 13.32 26.48
v 14.93 13.35 26.21
v 14.93 13.23 25.97
v 14.93 13.01 25.82
v 14.93 12.75 25.80
v 15.89 12.27 25.62
v 15.89 12.00 26.00
v 15.89 11.97 26.46
v 15.89 12.16 26.88
v 15.89 12.54 27.14
v 15.89 13.00 27.18
v 15.89 13.41 26.98
v 15.89 13.68 26.60
v 15.89 13.72 26.14
v 15.89 13.52 25.73
v 15.89 13.14 25.46
v 15.89 12.68 25.43
v 17.21 12.18 25.52
v 17.21 11.87 25.95
v 17.21 11.83 26.48
v 17.21 12.06 26.96
v 17.21 12.49 27.27
v 17.21 13.02 27.31
v 17.21 13.50 27.08
v 17.21 13.81 26.65
v 17.21 13.85 26.12
v 17.21 13.62 25.64
v 17.21 13.19 25.33
v 17.21 12.66 25.29
v 0.92 1.57 16.22
v 0.86 1.58 16.23
v 0.86 1.54 16.24
v 0.92 1.53 16.24
v 0.84 1.48 15.94
v 0.78 1.48 15.96
v 0.78 1.44 15.97
v 0.84 1.43 15.96
v 0.68 1.38 15.69
v 0.63 1.39 15.71
v 0.62 1.35 15.73
v 0.68 1.34 15.71
v 0.46 1.28 15.46
v 0.41 1.29 15.49
v 0.41 1.25 15.51
v 0.46 1.24 15.48
v 0.17 1.20 15.28
v 0.13 1.21 15.31
v 0.13 1.17 15.33
v 0.17 1.16 15.30
v -0.16 1.12 15.14
v -0.19 1.14 15.17
v -0.18 1.10 15.19
v -0.15 1.08 15.15
v -0.51 1.06 15.05
v -0.53 1.08 15.08
v -0.53 1.04 15.10
v -0.51 1.02 15.06
v -0.89 1.02 15.00
v -0.90 1.04 15.04
v -0.89 1.00 15.06
v -0.88 0.98 15.02
v -1.26 0.99 15.01
v -1.26 1.01 15.05
v -1.26 0.97 15.07
v -1.26 0.95 15.03
v -0.80 1.98 4.15
v -0.57 1.68 4.24
v 1.91 1.70 5.29
v 2.10 2.05 5.37
v 2.10 4.07 5.38
v 1.88 4.35 5.29
v -0.58 4.35 4.25
v -0.81 4.07 4.15
v -1.33 1.69 4.26
v -1.03 1.31 4.39
v 2.13 1.33 5.72
v 2.38 1.78 5.83
v 2.38 4.36 5.83
v 2.10 4.72 5.72
v -1.03 4.72 4.40
v -1.33 4.36 4.27
v -1.92 1.68 5.65
v -1.62 1.30 5.78
v 1.54 1.32 7.11
v 1.79 1.77 7.22
v 1.78 4.35 7.23
v 1.50 4.71 7.11
v -1.63 4.71 5.79
v -1.92 4.35 5.66
v -2.80 1.49 7.03
v -2.46 1.06 7.17
v 1.12 1.09 8.68
v 1.40 1.60 8.80
v 1.40 4.52 8.81
v 1.08 4.93 8.68
v -2.47 4.93 7.18
v -2.80 4.52 7.04
v -5.87 0.43 10.22
v -5.31 -0.30 10.46
v 0.75 -0.26 13.02
v 1.23 0.61 13.22
v 1.22 5.55 13.23
v 0.68 6.23 13.01
v -5.31 6.23 10.48
v -5.88 5.55 10.23
v -6.76 0.41 12.31
v -6.20 -0.32 12.55
v -0.14 -0.27 15.10
v 0.33 0.59 15.31
v 0.33 5.53 15.32
v -0.21 6.22 15.09
v -6.20 6.22 12.56
v -6.77 5.53 12.32
v -6.47 0.69 12.70
v -5.97 0.04 12.91
v -0.58 0.08 15.19
v -0.15 0.85 15.37
v -0.16 5.25 15.38
v -0.64 5.86 15.18
v -5.97 5.86 12.93
v -6.48 5.25 12.72
v -4.22 0.73 7.90
v -3.74 0.08 8.10
v 1.36 0.12 10.25
v 1.75 0.89 10.42
v 1.75 5.28 10.43
v 1.30 5.89 10.24
v -3.74 5.89 8.12
v -4.22 5.28 7.91
v -4.33 0.70 8.05
v -3.85 0.05 8.26
v 1.32 0.09 10.44
v 1.73 0.87 10.61
v 1.72 5.30 10.62
v 1.26 5.92 10.43
v -3.86 5.92 8.27
v -4.34 5.30 8.07
v -5.13 0.54 9.07
v -4.60 -0.16 9.29
v 1.10 -0.12 11.70
v 1.55 0.72 11.89
v 1.54 5.45 11.90
v 1.03 6.11 11.69
v -4.60 6.11 9.31
v -5.14 5.45 9.08
v -5.25 0.52 9.22
v -4.71 -0.19 9.45
v 1.07 -0.15 11.89
v 1.52 0.69 12.08
v 1.51 5.47 12.09
v 1.00 6.14 11.88
v -4.72 6.14 9.46
v -5.26 5.47 9.23
v -5.56 0.46 9.60
v -4.99 -0.27 9.84
v 0.99 -0.22 12.36
v 1.45 0.64 12.56
v 1.45 5.53 12.57
v 0.92 6.21 12.35
v -5.00 6.21 9.85
v -5.56 5.53 9.62
v -5.67 0.43 9.75
v -5.10 -0.30 9.99
v 0.95 -0.25 12.55
v 1.42 0.61 12.75
v 1.42 5.55 12.76
v 0.88 6.24 12.54
v -5.11 6.24 10.01
v -5.68 5.55 9.77
v -4.63 0.64 8.44
v -4.13 -0.03 8.65
v 1.24 0.01 10.92
v 1.66 0.81 11.09
v 1.65 5.36 11.11
v 1.17 5.99 10.91
v -4.14 5.99 8.66
v -4.64 5.36 8.45
v -4.75 0.62 8.59
v -4.24 -0.06 8.80
v 1.21 -0.02 11.10
v 1.63 0.79 11.28
v 1.62 5.38 11.30
v 1.14 6.02 11.09
v -4.25 6.02 8.82
v -4.76 5.38 8.60
v -3.76 0.82 7.32
v -3.31 0.19 7.51
v 1.49 0.23 9.53
v 1.86 0.98 9.69
v 1.85 5.20 9.70
v 1.43 5.78 9.52
v -3.32 5.78 7.52
v -3.77 5.20 7.33
v -3.88 0.80 7.47
v -3.42 0.16 7.66
v 1.45 0.20 9.72
v 1.83 0.95 9.88
v 1.83 5.22 9.89
v 1.40 5.81 9.71
v -3.43 5.81 7.67
v -3.88 5.22 7.48
v -3.34 0.90 6.78
v -2.92 0.30 6.96
v 1.61 0.34 8.87
v 1.96 1.05 9.02
v 1.95 5.12 9.03
v 1.55 5.69 8.86
v -2.93 5.69 6.97
v -3.35 5.12 6.79
v -3.46 0.88 6.93
v -3.03 0.27 7.11
v 1.57 0.31 9.06
v 1.93 1.03 9.21
v 1.92 5.14 9.22
v 1.52 5.71 9.05
v -3.04 5.71 7.13
v -3.47 5.14 6.94
v -2.93 0.99 6.24
v -2.53 0.41 6.41
v 1.73 0.44 8.21
v 2.06 1.13 8.35
v 2.05 5.04 8.36
v 1.68 5.59 8.20
v -2.54 5.59 6.42
v -2.93 5.04 6.25
v -3.05 0.96 6.40
v -2.64 0.38 6.57
v 1.69 0.41 8.39
v 2.03 1.11 8.54
v 2.03 5.07 8.55
v 1.64 5.61 8.39
v -2.65 5.61 6.58
v -3.05 5.07 6.40
v -2.52 1.07 5.71
v -2.14 0.51 5.86
v 1.85 0.55 7.55
v 2.16 1.21 7.68
v 2.16 4.97 7.69
v 1.80 5.49 7.54
v -2.15 5.49 5.88
v -2.52 4.97 5.72
v -2.63 1.05 5.86
v -2.25 0.48 6.02
v 1.82 0.52 7.73
v 2.13 1.19 7.87
v 2.13 4.99 7.88
v 1.77 5.52 7.73
v -2.26 5.52 6.03
v -2.64 4.99 5.87
v -2.14 1.15 5.22
v -1.79 0.61 5.36
v 1.96 0.64 6.95
v 2.25 1.28 7.07
v 2.25 4.90 7.08
v 1.92 5.40 6.94
v -1.79 5.40 5.38
v -2.15 4.90 5.23
v -2.26 1.12 5.37
v -1.90 0.58 5.52
v 1.93 0.61 7.13
v 2.23 1.26 7.26
v 2.22 4.92 7.27
v 1.88 5.43 7.13
v -1.90 5.43 5.53
v -2.26 4.92 5.38
v -5.92 1.04 12.89
v -3.33 1.04 13.98
v -4.14 1.47 14.37
v -5.64 1.47 13.74
v -5.92 5.10 12.89
v -3.33 5.10 13.98
v -4.14 4.67 14.37
v -5.64 4.67 13.74
v -3.27 1.04 14.01
v -0.68 1.04 15.10
v -1.49 1.47 15.49
v -2.99 1.47 14.86
v -3.27 5.10 14.01
v -0.68 5.10 15.10
v -1.49 4.67 15.49
v -2.99 4.67 14.86
v -4.44 -1.52 14.80
v -4.47 -1.85 15.28
v -4.68 -1.52 15.72
v -4.86 -1.05 15.68
v -4.84 -0.73 15.20
v -4.63 -1.05 14.75
v -4.44 5.49 14.80
v -4.47 5.76 15.28
v -4.68 5.51 15.72
v -4.86 4.99 15.68
v -4.84 4.73 15.20
v -4.63 4.98 14.75
v -5.33 -1.52 14.21
v -5.63 -1.85 14.59
v -6.06 -1.52 14.82
v -6.18 -1.05 14.69
v -5.88 -0.73 14.31
v -5.46 -1.05 14.07
v -5.82 -1.53 13.63
v -6.21 -1.86 13.92
v -6.68 -1.53 14.03
v -6.77 -1.07 13.87
v -6.38 -0.73 13.57
v -5.91 -1.07 13.46
v -6.21 -1.53 12.96
v -6.66 -1.86 13.12
v -7.15 -1.53 13.10
v -7.18 -1.07 12.92
v -6.74 -0.73 12.75
v -6.25 -1.07 12.76
v -6.18 -1.53 11.94
v -6.66 -1.86 12.03
v -7.14 -1.53 11.94
v -7.14 -1.07 11.75
v -6.67 -0.73 11.65
v -6.19 -1.07 11.74
v -6.18 -1.54 9.89
v -6.65 -1.87 9.98
v -7.13 -1.54 9.89
v -7.13 -1.09 9.70
v -6.66 -0.73 9.60
v -6.18 -1.09 9.69
v -6.46 -1.54 7.62
v -6.89 -1.86 7.83
v -7.38 -1.54 7.87
v -7.44 -1.08 7.70
v -7.01 -0.73 7.47
v -6.52 -1.08 7.43
v -7.08 -1.54 5.61
v -7.42 -1.87 5.95
v -7.87 -1.54 6.14
v -7.98 -1.10 5.99
v -7.65 -0.73 5.65
v -7.20 -1.10 5.45
v -8.11 -1.55 4.28
v -8.33 -1.88 4.71
v -8.70 -1.55 5.02
v -8.85 -1.13 4.92
v -8.64 -0.74 4.48
v -8.27 -1.12 4.16
v -9.64 -1.56 3.62
v -9.68 -1.89 4.10
v -9.91 -1.56 4.53
v -10.09 -1.14 4.49
v -10.06 -1.06 4.01
v -9.83 -1.14 3.57
v -11.29 -1.56 3.65
v -11.25 -1.89 4.13
v -11.39 -1.56 4.60
v -11.57 -1.32 4.59
v -11.63 -1.06 4.11
v -11.49 -1.31 3.64
v 9.45 -1.11 17.73
v 9.33 -1.39 18.18
v 9.22 -1.12 18.64
v 9.22 -0.57 18.64
v 9.34 -0.29 18.19
v 9.46 -0.57 17.73
v -1.00 -1.11 15.90
v -1.05 -1.38 16.37
v -1.10 -1.11 16.85
v -1.10 -0.56 16.85
v -1.05 -0.28 16.38
v -0.99 -0.56 15.91
v -4.44 -1.38 14.80
v -4.47 -1.65 15.28
v -4.68 -1.39 15.73
v -4.86 -0.88 15.69
v -4.84 -0.61 15.21
v -4.63 -0.87 14.76
v -7.54 -2.26 14.48
v -7.55 -2.53 14.96
v -7.68 -2.27 15.42
v -7.81 -1.73 15.41
v -7.81 -1.46 14.93
v -7.68 -1.73 14.47
v -9.12 -2.52 14.32
v -9.11 -2.79 14.79
v -9.16 -2.52 15.26
v -9.22 -1.98 15.27
v -9.24 -1.70 14.79
v -9.19 -1.97 14.32
v -10.64 -2.60 14.25
v -10.65 -2.88 14.73
v -10.67 -2.60 15.20
v -10.66 -2.05 15.20
v -10.65 -1.78 14.73
v -10.64 -2.05 14.25
v -12.12 -2.59 14.19
v -12.14 -2.87 14.66
v -12.15 -2.59 15.14
v -12.15 -2.05 15.14
v -12.13 -1.77 14.66
v -12.12 -2.04 14.19
v -20.84 -2.58 14.06
v -20.86 -2.86 14.54
v -20.88 -2.59 15.01
v -20.88 -2.04 15.01
v -20.86 -1.76 14.54
v -20.84 -2.03 14.07
v -21.88 -2.57 13.74
v -22.14 -2.85 14.14
v -22.39 -2.58 14.54
v -22.39 -2.03 14.54
v -22.14 -1.75 14.14
v -21.88 -2.02 13.74
v -22.60 -2.56 12.93
v -23.03 -2.84 13.14
v -23.45 -2.57 13.36
v -23.45 -2.02 13.36
v -23.03 -1.74 13.15
v -22.60 -2.02 12.93
v -22.81 -2.56 11.87
v -23.29 -2.83 11.83
v -23.76 -2.56 11.80
v -23.76 -2.01 11.80
v -23.29 -1.73 11.84
v -22.82 -2.01 11.87
v -22.45 -2.55 10.85
v -22.84 -2.82 10.58
v -23.23 -2.55 10.31
v -23.24 -2.00 10.31
v -22.85 -1.73 10.58
v -22.45 -2.00 10.85
v -21.62 -2.54 10.15
v -21.82 -2.82 9.72
v -22.02 -2.54 9.29
v -22.02 -1.99 9.29
v -21.82 -1.72 9.72
v -21.62 -1.99 10.15
v -19.74 -2.53 9.06
v -19.97 -2.81 8.64
v -20.20 -2.53 8.23
v -20.21 -1.99 8.23
v -19.98 -1.71 8.64
v -19.74 -1.98 9.06
v -18.80 -2.48 8.52
v -19.01 -2.75 8.10
v -19.26 -2.48 7.69
v -19.30 -1.94 7.71
v -19.09 -1.66 8.14
v -18.84 -1.93 8.54
v -17.52 -2.28 7.80
v -17.71 -2.55 7.36
v -17.99 -2.28 6.97
v -18.08 -1.74 7.02
v -17.89 -1.47 7.46
v -17.62 -1.74 7.85
v -16.27 -1.92 7.10
v -16.44 -2.19 6.65
v -16.74 -1.93 6.27
v -16.88 -1.40 6.34
v -16.72 -1.14 6.79
v -16.42 -1.39 7.17
v -15.07 -1.41 6.41
v -15.20 -1.67 5.95
v -15.53 -1.42 5.58
v -15.72 -0.91 5.68
v -15.58 -0.66 6.15
v -15.26 -0.91 6.52
v -11.10 -0.60 4.22
v -11.33 -0.88 3.81
v -11.57 -0.61 3.39
v -11.57 -0.06 3.39
v -11.34 0.22 3.80
v -11.11 -0.05 4.22
v -9.38 -0.59 3.25
v -9.61 -0.87 2.84
v -9.84 -0.60 2.42
v -9.84 -0.05 2.42
v -9.61 0.23 2.83
v -9.38 -0.04 3.25
v -7.65 -0.58 2.28
v -7.88 -0.86 1.87
v -8.11 -0.59 1.46
v -8.11 -0.04 1.46
v -7.88 0.24 1.87
v -7.65 -0.04 2.28
v -7.88 -0.31 1.87
v 9.33 -0.84 18.18
v 15.94 -1.35 20.07
v 16.19 -1.39 19.80
v 16.23 -1.55 19.91
v 15.98 -1.51 20.18
v 15.55 -2.03 19.45
v 15.82 -2.04 19.20
v 15.86 -2.22 19.28
v 15.59 -2.21 19.53
v 15.49 -2.65 18.28
v 15.75 -2.62 18.08
v 15.80 -2.81 18.12
v 15.53 -2.83 18.32
v 15.75 -3.07 16.64
v 16.01 -3.04 16.50
v 16.05 -3.23 16.49
v 15.79 -3.27 16.63
v 16.33 -3.24 14.67
v 16.57 -3.21 14.62
v 16.60 -3.40 14.58
v 16.37 -3.43 14.62
v 17.18 -3.14 12.62
v 17.39 -3.12 12.63
v 17.42 -3.30 12.55
v 17.22 -3.32 12.53
v 18.28 -2.82 10.60
v 18.45 -2.82 10.68
v 18.47 -3.00 10.56
v 18.30 -2.99 10.48
v 19.55 -2.35 8.74
v 19.69 -2.39 8.86
v 19.71 -2.55 8.73
v 19.57 -2.51 8.60
v 20.96 -1.83 7.07
v 21.06 -1.89 7.23
v 21.07 -2.04 7.08
v 20.98 -1.97 6.91
v 22.47 -1.31 5.62
v 22.51 -1.39 5.80
v 22.52 -1.53 5.64
v 22.47 -1.44 5.45
v 24.01 -0.83 4.34
v 24.02 -0.93 4.54
v 24.02 -1.06 4.37
v 24.01 -0.96 4.17
v 25.56 -0.42 3.25
v 25.53 -0.52 3.46
v 25.53 -0.65 3.30
v 25.56 -0.54 3.08
v -5.51 10.49 -0.18
v -8.39 9.18 1.52
v -6.99 7.91 0.49
v -4.82 8.14 -0.02
v -5.52 12.89 -0.24
v -7.49 12.80 0.78
v -8.64 11.26 1.57
v -5.90 10.30 -1.03
v -8.96 8.99 0.48
v -7.70 7.72 -0.45
v -5.44 7.95 -1.01
v -6.23 12.70 -1.32
v -8.11 12.62 -0.21
v -9.26 11.07 0.58
v -5.51 -5.01 -0.18
v -8.39 -3.71 1.52
v -6.99 -2.43 0.49
v -4.82 -2.66 -0.02
v -5.52 -7.41 -0.24
v -7.49 -7.33 0.78
v -8.64 -5.78 1.57
v -5.90 -4.83 -1.03
v -8.96 -3.52 0.48
v -7.70 -2.24 -0.45
v -5.44 -2.47 -1.01
v -6.23 -7.22 -1.32
v -8.11 -7.14 -0.21
v -9.26 -5.59 0.58
v -13.64 0.93 -7.65
v -13.57 0.93 -7.65
v -13.49 0.93 -7.66
v -13.20 0.93 -7.44
v -12.88 0.93 -7.54
v -12.72 0.93 -7.83
v -12.82 0.93 -8.15
v -13.11 0.93 -8.31
v -13.42 0.93 -8.16
v -13.54 0.93 -8.15
v -13.66 0.93 -8.15
v -13.97 0.93 -8.32
v -14.27 0.93 -8.18
v -14.39 0.93 -7.87
v -14.26 0.93 -7.57
v -13.95 0.93 -7.45
v -13.64 1.65 -7.65
v -13.57 1.65 -7.65
v -13.49 1.65 -7.66
v -13.20 1.65 -7.44
v -12.88 1.65 -7.54
v -12.72 1.65 -7.83
v -12.82 1.65 -8.15
v -13.11 1.65 -8.31
v -13.42 1.65 -8.16
v -13.54 1.65 -8.15
v -13.66 1.65 -8.15
v -13.97 1.65 -8.32
v -14.27 1.65 -8.18
v -14.39 1.65 -7.87
v -14.26 1.65 -7.57
v -13.95 1.65 -7.45
v -13.09 0.81 -7.79
v -13.27 0.81 -7.79
v -13.27 0.81 -7.97
v -13.10 0.81 -7.97
v -13.09 0.99 -7.79
v -13.27 0.99 -7.79
v -13.27 0.99 -7.97
v -13.10 0.99 -7.97
v -13.88 0.84 -7.82
v -14.02 0.84 -7.82
v -14.02 0.84 -7.96
v -13.88 0.84 -7.97
v -13.88 0.99 -7.82
v -14.02 0.99 -7.82
v -14.02 0.99 -7.96
v -13.88 0.99 -7.97
v -15.33 0.93 -7.65
v -15.26 0.93 -7.65
v -15.18 0.93 -7.66
v -14.89 0.93 -7.44
v -14.57 0.93 -7.54
v -14.41 0.93 -7.83
v -14.51 0.93 -8.15
v -14.80 0.93 -8.31
v -15.11 0.93 -8.16
v -15.23 0.93 -8.15
v -15.35 0.93 -8.15
v -15.66 0.93 -8.32
v -15.96 0.93 -8.18
v -16.08 0.93 -7.87
v -15.94 0.93 -7.57
v -15.63 0.93 -7.45
v -15.33 1.65 -7.65
v -15.26 1.65 -7.65
v -15.18 1.65 -7.66
v -14.89 1.65 -7.44
v -14.57 1.65 -7.54
v -14.41 1.65 -7.83
v -14.51 1.65 -8.15
v -14.80 1.65 -8.31
v -15.11 1.65 -8.16
v -15.23 1.65 -8.15
v -15.35 1.65 -8.15
v -15.66 1.65 -8.32
v -15.96 1.65 -8.18
v -16.08 1.65 -7.87
v -15.94 1.65 -7.57
v -15.63 1.65 -7.45
v -14.78 0.81 -7.79
v -14.96 0.81 -7.79
v -14.96 0.81 -7.97
v -14.79 0.81 -7.97
v -14.78 0.99 -7.79
v -14.96 0.99 -7.79
v -14.96 0.99 -7.97
v -14.79 0.99 -7.97
v -15.57 0.84 -7.82
v -15.72 0.84 -7.82
v -15.72 0.84 -7.96
v -15.57 0.84 -7.97
v -15.57 0.99 -7.82
v -15.72 0.99 -7.82
v -15.72 0.99 -7.96
v -15.57 0.99 -7.97
v -18.83 0.93 -7.65
v -18.76 0.93 -7.65
v -18.68 0.93 -7.66
v -18.39 0.93 -7.44
v -18.07 0.93 -7.54
v -17.91 0.93 -7.83
v -18.01 0.93 -8.15
v -18.29 0.93 -8.31
v -18.61 0.93 -8.16
v -18.73 0.93 -8.15
v -18.85 0.93 -8.15
v -19.16 0.93 -8.32
v -19.46 0.93 -8.18
v -19.58 0.93 -7.87
v -19.44 0.93 -7.57
v -19.13 0.93 -7.45
v -18.83 1.65 -7.65
v -18.76 1.65 -7.65
v -18.68 1.65 -7.66
v -18.39 1.65 -7.44
v -18.07 1.65 -7.54
v -17.91 1.65 -7.83
v -18.01 1.65 -8.15
v -18.29 1.65 -8.31
v -18.61 1.65 -8.16
v -18.73 1.65 -8.15
v -18.85 1.65 -8.15
v -19.16 1.65 -8.32
v -19.46 1.65 -8.18
v -19.58 1.65 -7.87
v -19.44 1.65 -7.57
v -19.13 1.65 -7.45
v -18.28 0.81 -7.79
v -18.46 0.81 -7.79
v -18.46 0.81 -7.97
v -18.29 0.81 -7.97
v -18.28 0.99 -7.79
v -18.46 0.99 -7.79
v -18.46 0.99 -7.97
v -18.29 0.99 -7.97
v -19.07 0.84 -7.82
v -19.21 0.84 -7.82
v -19.22 0.84 -7.96
v -19.07 0.84 -7.97
v -19.07 0.99 -7.82
v -19.21 0.99 -7.82
v -19.22 0.99 -7.96
v -19.07 0.99 -7.97
v -20.56 0.93 -7.65
v -20.49 0.93 -7.65
v -20.41 0.93 -7.66
v -20.12 0.93 -7.44
v -19.80 0.93 -7.54
v -19.64 0.93 -7.83
v -19.74 0.93 -8.15
v -20.03 0.93 -8.31
v -20.34 0.93 -8.16
v -20.46 0.93 -8.15
v -20.58 0.93 -8.15
v -20.89 0.93 -8.32
v -21.20 0.93 -8.18
v -21.31 0.93 -7.87
v -21.18 0.93 -7.57
v -20.86 0.93 -7.45
v -20.56 1.65 -7.65
v -20.49 1.65 -7.65
v -20.41 1.65 -7.66
v -20.12 1.65 -7.44
v -19.80 1.65 -7.54
v -19.64 1.65 -7.83
v -19.74 1.65 -8.15
v -20.03 1.65 -8.31
v -20.34 1.65 -8.16
v -20.46 1.65 -8.15
v -20.58 1.65 -8.15
v -20.89 1.65 -8.32
v -21.20 1.65 -8.18
v -21.31 1.65 -7.87
v -21.18 1.65 -7.57
v -20.86 1.65 -7.45
v -20.02 0.81 -7.79
v -20.19 0.81 -7.79
v -20.19 0.81 -7.97
v -20.02 0.81 -7.97
v -20.02 0.99 -7.79
v -20.19 0.99 -7.79
v -20.19 0.99 -7.97
v -20.02 0.99 -7.97
v -20.80 0.84 -7.82
v -20.95 0.84 -7.82
v -20.95 0.84 -7.96
v -20.80 0.84 -7.97
v -20.80 0.99 -7.82
v -20.95 0.99 -7.82
v -20.95 0.99 -7.96
v -20.80 0.99 -7.97
v -17.06 0.93 -7.65
v -16.99 0.93 -7.65
v -16.91 0.93 -7.66
v -16.62 0.93 -7.44
v -16.30 0.93 -7.54
v -16.14 0.93 -7.83
v -16.24 0.93 -8.15
v -16.53 0.93 -8.31
v -16.84 0.93 -8.16
v -16.97 0.93 -8.15
v -17.08 0.93 -8.15
v -17.39 0.93 -8.32
v -17.70 0.93 -8.18
v -17.81 0.93 -7.87
v -17.68 0.93 -7.57
v -17.37 0.93 -7.45
v -17.06 1.65 -7.65
v -16.99 1.65 -7.65
v -16.91 1.65 -7.66
v -16.62 1.65 -7.44
v -16.30 1.65 -7.54
v -16.14 1.65 -7.83
v -16.24 1.65 -8.15
v -16.53 1.65 -8.31
v -16.84 1.65 -8.16
v -16.97 1.65 -8.15
v -17.08 1.65 -8.15
v -17.39 1.65 -8.32
v -17.70 1.65 -8.18
v -17.81 1.65 -7.87
v -17.68 1.65 -7.57
v -17.37 1.65 -7.45
v -16.52 0.81 -7.79
v -16.69 0.81 -7.79
v -16.69 0.81 -7.97
v -16.52 0.81 -7.97
v -16.52 0.99 -7.79
v -16.69 0.99 -7.79
v -16.69 0.99 -7.97
v -16.52 0.99 -7.97
v -17.30 0.84 -7.82
v -17.45 0.84 -7.82
v -17.45 0.84 -7.96
v -17.30 0.84 -7.97
v -17.30 0.99 -7.82
v -17.45 0.99 -7.82
v -17.45 0.99 -7.96
v -17.30 0.99 -7.97
v -35.16 0.93 -5.57
v -35.11 0.93 -5.63
v -35.07 0.93 -5.69
v -34.71 0.93 -5.76
v -34.57 0.93 -6.06
v -34.68 0.93 -6.38
v -34.98 0.93 -6.52
v -35.29 0.93 -6.41
v -35.40 0.93 -6.08
v -35.47 0.93 -5.99
v -35.55 0.93 -5.89
v -35.88 0.93 -5.78
v -35.99 0.93 -5.46
v -35.83 0.93 -5.17
v -35.52 0.93 -5.07
v -35.22 0.93 -5.22
v -35.16 1.65 -5.57
v -35.11 1.65 -5.63
v -35.07 1.65 -5.69
v -34.71 1.65 -5.76
v -34.57 1.65 -6.06
v -34.68 1.65 -6.38
v -34.98 1.65 -6.52
v -35.29 1.65 -6.41
v -35.40 1.65 -6.08
v -35.47 1.65 -5.99
v -35.55 1.65 -5.89
v -35.88 1.65 -5.78
v -35.99 1.65 -5.46
v -35.83 1.65 -5.17
v -35.52 1.65 -5.07
v -35.22 1.65 -5.22
v -34.91 0.81 -6.08
v -35.02 0.81 -5.95
v -35.16 0.81 -6.06
v -35.04 0.81 -6.20
v -34.91 0.99 -6.08
v -35.02 0.99 -5.95
v -35.16 0.99 -6.06
v -35.04 0.99 -6.20
v -35.45 0.84 -5.51
v -35.54 0.84 -5.40
v -35.65 0.84 -5.50
v -35.56 0.84 -5.61
v -35.45 0.99 -5.51
v -35.54 0.99 -5.40
v -35.65 0.99 -5.50
v -35.56 0.99 -5.61
v -36.46 0.93 -2.67
v -36.45 0.93 -2.75
v -36.44 0.93 -2.82
v -36.18 0.93 -3.07
v -36.21 0.93 -3.40
v -36.47 0.93 -3.61
v -36.80 0.93 -3.58
v -37.01 0.93 -3.32
v -36.92 0.93 -2.98
v -36.94 0.93 -2.86
v -36.95 0.93 -2.74
v -37.18 0.93 -2.47
v -37.10 0.93 -2.15
v -36.81 0.93 -1.98
v -36.49 0.93 -2.06
v -36.32 0.93 -2.34
v -36.46 1.65 -2.67
v -36.45 1.65 -2.75
v -36.44 1.65 -2.82
v -36.18 1.65 -3.07
v -36.21 1.65 -3.40
v -36.47 1.65 -3.61
v -36.80 1.65 -3.58
v -37.01 1.65 -3.32
v -36.92 1.65 -2.98
v -36.94 1.65 -2.86
v -36.95 1.65 -2.74
v -37.18 1.65 -2.47
v -37.10 1.65 -2.15
v -36.81 1.65 -1.98
v -36.49 1.65 -2.06
v -36.32 1.65 -2.34
v -36.51 0.81 -3.24
v -36.54 0.81 -3.06
v -36.71 0.81 -3.09
v -36.68 0.81 -3.27
v -36.51 0.99 -3.24
v -36.54 0.99 -3.06
v -36.71 0.99 -3.09
v -36.68 0.99 -3.27
v -36.67 0.84 -2.47
v -36.69 0.84 -2.33
v -36.84 0.84 -2.35
v -36.81 0.84 -2.50
v -36.67 0.99 -2.47
v -36.69 0.99 -2.33
v -36.84 0.99 -2.35
v -36.81 0.99 -2.50
v -26.36 0.93 3.94
v -26.28 0.93 3.92
v -26.21 0.93 3.90
v -25.89 0.93 4.07
v -25.59 0.93 3.92
v -25.48 0.93 3.61
v -25.62 0.93 3.31
v -25.93 0.93 3.20
v -26.22 0.93 3.40
v -26.34 0.93 3.42
v -26.46 0.93 3.44
v -26.79 0.93 3.32
v -27.07 0.93 3.51
v -27.13 0.93 3.83
v -26.95 0.93 4.11
v -26.63 0.93 4.17
v -26.36 1.65 3.94
v -26.28 1.65 3.92
v -26.21 1.65 3.90
v -25.89 1.65 4.07
v -25.59 1.65 3.92
v -25.48 1.65 3.61
v -25.62 1.65 3.31
v -25.93 1.65 3.20
v -26.22 1.65 3.40
v -26.34 1.65 3.42
v -26.46 1.65 3.44
v -26.79 1.65 3.32
v -27.07 1.65 3.51
v -27.13 1.65 3.83
v -26.95 1.65 4.11
v -26.63 1.65 4.17
v -25.84 0.81 3.70
v -26.01 0.81 3.73
v -26.04 0.81 3.56
v -25.87 0.81 3.53
v -25.84 0.99 3.70
v -26.01 0.99 3.73
v -26.04 0.99 3.56
v -25.87 0.99 3.53
v -26.62 0.84 3.80
v -26.76 0.84 3.83
v -26.79 0.84 3.68
v -26.64 0.84 3.66
v -26.62 0.99 3.80
v -26.76 0.99 3.83
v -26.79 0.99 3.68
v -26.64 0.99 3.66
v -24.72 0.93 3.59
v -24.65 0.93 3.57
v -24.58 0.93 3.56
v -24.25 0.93 3.72
v -23.95 0.93 3.58
v -23.84 0.93 3.26
v -23.99 0.93 2.97
v -24.30 0.93 2.85
v -24.59 0.93 3.05
v -24.70 0.93 3.08
v -24.82 0.93 3.10
v -25.16 0.93 2.98
v -25.43 0.93 3.16
v -25.50 0.93 3.49
v -25.31 0.93 3.76
v -24.99 0.93 3.83
v -24.72 1.65 3.59
v -24.65 1.65 3.57
v -24.58 1.65 3.56
v -24.25 1.65 3.72
v -23.95 1.65 3.58
v -23.84 1.65 3.26
v -23.99 1.65 2.97
v -24.30 1.65 2.85
v -24.59 1.65 3.05
v -24.70 1.65 3.08
v -24.82 1.65 3.10
v -25.16 1.65 2.98
v -25.43 1.65 3.16
v -25.50 1.65 3.49
v -25.31 1.65 3.76
v -24.99 1.65 3.83
v -24.20 0.81 3.36
v -24.38 0.81 3.39
v -24.41 0.81 3.21
v -24.24 0.81 3.18
v -24.20 0.99 3.36
v -24.38 0.99 3.39
v -24.41 0.99 3.21
v -24.24 0.99 3.18
v -24.98 0.84 3.46
v -25.13 0.84 3.48
v -25.15 0.84 3.34
v -25.01 0.84 3.32
v -24.98 0.99 3.46
v -25.13 0.99 3.48
v -25.15 0.99 3.34
v -25.01 0.99 3.32
v -29.54 0.93 3.94
v -29.62 0.93 3.95
v -29.70 0.93 3.96
v -30.00 0.93 3.76
v -30.31 0.93 3.87
v -30.45 0.93 4.17
v -30.34 0.93 4.48
v -30.05 0.93 4.63
v -29.74 0.93 4.46
v -29.62 0.93 4.45
v -29.50 0.93 4.44
v -29.18 0.93 4.60
v -28.89 0.93 4.45
v -28.79 0.93 4.13
v -28.94 0.93 3.83
v -29.26 0.93 3.73
v -29.54 1.65 3.94
v -29.62 1.65 3.95
v -29.70 1.65 3.96
v -30.00 1.65 3.76
v -30.31 1.65 3.87
v -30.45 1.65 4.17
v -30.34 1.65 4.48
v -30.05 1.65 4.63
v -29.74 1.65 4.46
v -29.62 1.65 4.45
v -29.50 1.65 4.44
v -29.18 1.65 4.60
v -28.89 1.65 4.45
v -28.79 1.65 4.13
v -28.94 1.65 3.83
v -29.26 1.65 3.73
v -30.09 0.81 4.12
v -29.91 0.81 4.11
v -29.90 0.81 4.28
v -30.07 0.81 4.30
v -30.09 0.99 4.12
v -29.91 0.99 4.11
v -29.90 0.99 4.28
v -30.07 0.99 4.30
v -29.30 0.84 4.10
v -29.16 0.84 4.09
v -29.15 0.84 4.24
v -29.29 0.84 4.25
v -29.30 0.99 4.10
v -29.16 0.99 4.09
v -29.15 0.99 4.24
v -29.29 0.99 4.25
v -28.05 0.93 4.23
v -27.98 0.93 4.22
v -27.90 0.93 4.21
v -27.59 0.93 4.39
v -27.28 0.93 4.27
v -27.15 0.93 3.96
v -27.27 0.93 3.66
v -27.58 0.93 3.53
v -27.88 0.93 3.70
v -28.00 0.93 3.72
v -28.12 0.93 3.74
v -28.44 0.93 3.59
v -28.73 0.93 3.76
v -28.82 0.93 4.08
v -28.65 0.93 4.37
v -28.33 0.93 4.45
v -28.05 1.65 4.23
v -27.98 1.65 4.22
v -27.90 1.65 4.21
v -27.59 1.65 4.39
v -27.28 1.65 4.27
v -27.15 1.65 3.96
v -27.27 1.65 3.66
v -27.58 1.65 3.53
v -27.88 1.65 3.70
v -28.00 1.65 3.72
v -28.12 1.65 3.74
v -28.44 1.65 3.59
v -28.73 1.65 3.76
v -28.82 1.65 4.08
v -28.65 1.65 4.37
v -28.33 1.65 4.45
v -27.52 0.81 4.03
v -27.70 0.81 4.05
v -27.71 0.81 3.87
v -27.54 0.81 3.86
v -27.52 0.99 4.03
v -27.70 0.99 4.05
v -27.71 0.99 3.87
v -27.54 0.99 3.86
v -28.30 0.84 4.08
v -28.45 0.84 4.10
v -28.46 0.84 3.95
v -28.32 0.84 3.94
v -28.30 0.99 4.08
v -28.45 0.99 4.10
v -28.46 0.99 3.95
v -28.32 0.99 3.94
v -18.18 0.93 2.42
v -18.11 0.93 2.40
v -18.03 0.93 2.39
v -17.71 0.93 2.55
v -17.41 0.93 2.41
v -17.30 0.93 2.10
v -17.45 0.93 1.80
v -17.76 0.93 1.69
v -18.05 0.93 1.89
v -18.17 0.93 1.91
v -18.28 0.93 1.93
v -18.61 0.93 1.81
v -18.89 0.93 1.99
v -18.96 0.93 2.32
v -18.77 0.93 2.60
v -18.45 0.93 2.66
v -18.18 1.65 2.42
v -18.11 1.65 2.40
v -18.03 1.65 2.39
v -17.71 1.65 2.55
v -17.41 1.65 2.41
v -17.30 1.65 2.10
v -17.45 1.65 1.80
v -17.76 1.65 1.69
v -18.05 1.65 1.89
v -18.17 1.65 1.91
v -18.28 1.65 1.93
v -18.61 1.65 1.81
v -18.89 1.65 1.99
v -18.96 1.65 2.32
v -18.77 1.65 2.60
v -18.45 1.65 2.66
v -17.67 0.81 2.19
v -17.84 0.81 2.22
v -17.87 0.81 2.04
v -17.69 0.81 2.01
v -17.67 0.99 2.19
v -17.84 0.99 2.22
v -17.87 0.99 2.04
v -17.69 0.99 2.01
v -18.44 0.84 2.29
v -18.59 0.84 2.32
v -18.61 0.84 2.17
v -18.47 0.84 2.15
v -18.44 0.99 2.29
v -18.59 0.99 2.32
v -18.61 0.99 2.17
v -18.47 0.99 2.15
v -16.58 0.93 2.14
v -16.51 0.93 2.12
v -16.43 0.93 2.11
v -16.11 0.93 2.27
v -15.81 0.93 2.13
v -15.70 0.93 1.82
v -15.84 0.93 1.52
v -16.16 0.93 1.40
v -16.45 0.93 1.60
v -16.56 0.93 1.63
v -16.68 0.93 1.65
v -17.02 0.93 1.53
v -17.29 0.93 1.71
v -17.36 0.93 2.04
v -17.17 0.93 2.32
v -16.85 0.93 2.38
v -16.58 1.65 2.14
v -16.51 1.65 2.12
v -16.43 1.65 2.11
v -16.11 1.65 2.27
v -15.81 1.65 2.13
v -15.70 1.65 1.82
v -15.84 1.65 1.52
v -16.16 1.65 1.40
v -16.45 1.65 1.60
v -16.56 1.65 1.63
v -16.68 1.65 1.65
v -17.02 1.65 1.53
v -17.29 1.65 1.71
v -17.36 1.65 2.04
v -17.17 1.65 2.32
v -16.85 1.65 2.38
v -16.07 0.81 1.90
v -16.24 0.81 1.94
v -16.27 0.81 1.76
v -16.09 0.81 1.73
v -16.07 0.99 1.90
v -16.24 0.99 1.94
v -16.27 0.99 1.76
v -16.09 0.99 1.73
v -16.84 0.84 2.01
v -16.99 0.84 2.03
v -17.01 0.84 1.89
v -16.87 0.84 1.87
v -16.84 0.99 2.01
v -16.99 0.99 2.03
v -17.01 0.99 1.89
v -16.87 0.99 1.87
v -23.12 0.93 3.32
v -23.05 0.93 3.30
v -22.97 0.93 3.28
v -22.65 0.93 3.44
v -22.35 0.93 3.30
v -22.24 0.93 2.99
v -22.38 0.93 2.69
v -22.70 0.93 2.58
v -22.99 0.93 2.78
v -23.10 0.93 2.80
v -23.22 0.93 2.82
v -23.55 0.93 2.70
v -23.83 0.93 2.89
v -23.90 0.93 3.21
v -23.71 0.93 3.49
v -23.39 0.93 3.55
v -23.12 1.65 3.32
v -23.05 1.65 3.30
v -22.97 1.65 3.28
v -22.65 1.65 3.44
v -22.35 1.65 3.30
v -22.24 1.65 2.99
v -22.38 1.65 2.69
v -22.70 1.65 2.58
v -22.99 1.65 2.78
v -23.10 1.65 2.80
v -23.22 1.65 2.82
v -23.55 1.65 2.70
v -23.83 1.65 2.89
v -23.90 1.65 3.21
v -23.71 1.65 3.49
v -23.39 1.65 3.55
v -22.60 0.81 3.08
v -22.78 0.81 3.11
v -22.81 0.81 2.94
v -22.63 0.81 2.90
v -22.60 0.99 3.08
v -22.78 0.99 3.11
v -22.81 0.99 2.94
v -22.63 0.99 2.90
v -23.38 0.84 3.18
v -23.52 0.84 3.21
v -23.55 0.84 3.06
v -23.41 0.84 3.04
v -23.38 0.99 3.18
v -23.52 0.99 3.21
v -23.55 0.99 3.06
v -23.41 0.99 3.04
v -21.46 0.93 3.04
v -21.39 0.93 3.02
v -21.31 0.93 3.00
v -20.99 0.93 3.17
v -20.69 0.93 3.02
v -20.58 0.93 2.71
v -20.72 0.93 2.41
v -21.04 0.93 2.30
v -21.33 0.93 2.50
v -21.44 0.93 2.52
v -21.56 0.93 2.55
v -21.89 0.93 2.42
v -22.17 0.93 2.61
v -22.24 0.93 2.93
v -22.05 0.93 3.21
v -21.73 0.93 3.28
v -21.46 1.65 3.04
v -21.39 1.65 3.02
v -21.31 1.65 3.00
v -20.99 1.65 3.17
v -20.69 1.65 3.02
v -20.58 1.65 2.71
v -20.72 1.65 2.41
v -21.04 1.65 2.30
v -21.33 1.65 2.50
v -21.44 1.65 2.52
v -21.56 1.65 2.55
v -21.89 1.65 2.42
v -22.17 1.65 2.61
v -22.24 1.65 2.93
v -22.05 1.65 3.21
v -21.73 1.65 3.28
v -20.94 0.81 2.80
v -21.12 0.81 2.83
v -21.15 0.81 2.66
v -20.97 0.81 2.63
v -20.94 0.99 2.80
v -21.12 0.99 2.83
v -21.15 0.99 2.66
v -20.97 0.99 2.63
v -21.72 0.84 2.90
v -21.86 0.84 2.93
v -21.89 0.84 2.78
v -21.74 0.84 2.76
v -21.72 0.99 2.90
v -21.86 0.99 2.93
v -21.89 0.99 2.78
v -21.74 0.99 2.76
v -19.81 0.93 2.70
v -19.74 0.93 2.68
v -19.66 0.93 2.66
v -19.34 0.93 2.83
v -19.04 0.93 2.69
v -18.93 0.93 2.37
v -19.07 0.93 2.07
v -19.38 0.93 1.96
v -19.67 0.93 2.16
v -19.79 0.93 2.18
v -19.91 0.93 2.21
v -20.24 0.93 2.09
v -20.52 0.93 2.27
v -20.58 0.93 2.60
v -20.40 0.93 2.87
v -20.08 0.93 2.94
v -19.81 1.65 2.70
v -19.74 1.65 2.68
v -19.66 1.65 2.66
v -19.34 1.65 2.83
v -19.04 1.65 2.69
v -18.93 1.65 2.37
v -19.07 1.65 2.07
v -19.38 1.65 1.96
v -19.67 1.65 2.16
v -19.79 1.65 2.18
v -19.91 1.65 2.21
v -20.24 1.65 2.09
v -20.52 1.65 2.27
v -20.58 1.65 2.60
v -20.40 1.65 2.87
v -20.08 1.65 2.94
v -19.29 0.81 2.46
v -19.47 0.81 2.49
v -19.50 0.81 2.32
v -19.32 0.81 2.29
v -19.29 0.99 2.46
v -19.47 0.99 2.49
v -19.50 0.99 2.32
v -19.32 0.99 2.29
v -20.07 0.84 2.57
v -20.21 0.84 2.59
v -20.24 0.84 2.45
v -20.09 0.84 2.42
v -20.07 0.99 2.57
v -20.21 0.99 2.59
v -20.24 0.99 2.45
v -20.09 0.99 2.42
v -14.95 0.93 1.87
v -14.88 0.93 1.85
v -14.80 0.93 1.84
v -14.48 0.93 2.00
v -14.18 0.93 1.86
v -14.07 0.93 1.55
v -14.22 0.93 1.25
v -14.53 0.93 1.14
v -14.82 0.93 1.33
v -14.93 0.93 1.36
v -15.05 0.93 1.38
v -15.38 0.93 1.26
v -15.66 0.93 1.44
v -15.73 0.93 1.77
v -15.54 0.93 2.05
v -15.22 0.93 2.11
v -14.95 1.65 1.87
v -14.88 1.65 1.85
v -14.80 1.65 1.84
v -14.48 1.65 2.00
v -14.18 1.65 1.86
v -14.07 1.65 1.55
v -14.22 1.65 1.25
v -14.53 1.65 1.14
v -14.82 1.65 1.33
v -14.93 1.65 1.36
v -15.05 1.65 1.38
v -15.38 1.65 1.26
v -15.66 1.65 1.44
v -15.73 1.65 1.77
v -15.54 1.65 2.05
v -15.22 1.65 2.11
v -14.43 0.81 1.64
v -14.61 0.81 1.67
v -14.64 0.81 1.49
v -14.47 0.81 1.46
v -14.43 0.99 1.64
v -14.61 0.99 1.67
v -14.64 0.99 1.49
v -14.47 0.99 1.46
v -15.21 0.84 1.74
v -15.36 0.84 1.76
v -15.38 0.84 1.62
v -15.24 0.84 1.60
v -15.21 0.99 1.74
v -15.36 0.99 1.76
v -15.38 0.99 1.62
v -15.24 0.99 1.60
v -11.74 0.93 1.34
v -11.67 0.93 1.32
v -11.59 0.93 1.30
v -11.27 0.93 1.47
v -10.97 0.93 1.32
v -10.86 0.93 1.01
v -11.01 0.93 0.71
v -11.32 0.93 0.60
v -11.61 0.93 0.80
v -11.73 0.93 0.82
v -11.84 0.93 0.84
v -12.18 0.93 0.72
v -12.45 0.93 0.91
v -12.52 0.93 1.23
v -12.34 0.93 1.51
v -12.01 0.93 1.57
v -11.74 1.65 1.34
v -11.67 1.65 1.32
v -11.59 1.65 1.30
v -11.27 1.65 1.47
v -10.97 1.65 1.32
v -10.86 1.65 1.01
v -11.01 1.65 0.71
v -11.32 1.65 0.60
v -11.61 1.65 0.80
v -11.73 1.65 0.82
v -11.84 1.65 0.84
v -12.18 1.65 0.72
v -12.45 1.65 0.91
v -12.52 1.65 1.23
v -12.34 1.65 1.51
v -12.01 1.65 1.57
v -11.23 0.81 1.10
v -11.40 0.81 1.13
v -11.43 0.81 0.96
v -11.26 0.81 0.93
v -11.23 0.99 1.10
v -11.40 0.99 1.13
v -11.43 0.99 0.96
v -11.26 0.99 0.93
v -12.01 0.84 1.20
v -12.15 0.84 1.23
v -12.17 0.84 1.08
v -12.03 0.84 1.06
v -12.01 0.99 1.20
v -12.15 0.99 1.23
v -12.17 0.99 1.08
v -12.03 0.99 1.06
v -31.18 0.93 3.94
v -31.26 0.93 3.94
v -31.34 0.93 3.93
v -31.60 0.93 3.69
v -31.93 0.93 3.74
v -32.12 0.93 4.01
v -32.07 0.93 4.34
v -31.80 0.93 4.53
v -31.46 0.93 4.42
v -31.34 0.93 4.43
v -31.23 0.93 4.44
v -30.94 0.93 4.65
v -30.62 0.93 4.55
v -30.47 0.93 4.26
v -30.57 0.93 3.94
v -30.86 0.93 3.79
v -31.18 1.65 3.94
v -31.26 1.65 3.94
v -31.34 1.65 3.93
v -31.60 1.65 3.69
v -31.93 1.65 3.74
v -32.12 1.65 4.01
v -32.07 1.65 4.34
v -31.80 1.65 4.53
v -31.46 1.65 4.42
v -31.34 1.65 4.43
v -31.23 1.65 4.44
v -30.94 1.65 4.65
v -30.62 1.65 4.55
v -30.47 1.65 4.26
v -30.57 1.65 3.94
v -30.86 1.65 3.79
v -31.75 0.81 4.03
v -31.57 0.81 4.05
v -31.59 0.81 4.22
v -31.77 0.81 4.20
v -31.75 0.99 4.03
v -31.57 0.99 4.05
v -31.59 0.99 4.22
v -31.77 0.99 4.20
v -30.97 0.84 4.14
v -30.83 0.84 4.16
v -30.84 0.84 4.30
v -30.99 0.84 4.29
v -30.97 0.99 4.14
v -30.83 0.99 4.16
v -30.84 0.99 4.30
v -30.99 0.99 4.29
v -32.69 0.93 3.61
v -32.76 0.93 3.59
v -32.84 0.93 3.57
v -33.02 0.93 3.26
v -33.35 0.93 3.23
v -33.61 0.93 3.44
v -33.65 0.93 3.76
v -33.43 0.93 4.02
v -33.09 0.93 4.00
v -32.97 0.93 4.05
v -32.86 0.93 4.08
v -32.64 0.93 4.36
v -32.31 0.93 4.35
v -32.08 0.93 4.10
v -32.09 0.93 3.77
v -32.34 0.93 3.55
v -32.69 1.65 3.61
v -32.76 1.65 3.59
v -32.84 1.65 3.57
v -33.02 1.65 3.26
v -33.35 1.65 3.23
v -33.61 1.65 3.44
v -33.65 1.65 3.76
v -33.43 1.65 4.02
v -33.09 1.65 4.00
v -32.97 1.65 4.05
v -32.86 1.65 4.08
v -32.64 1.65 4.36
v -32.31 1.65 4.35
v -32.08 1.65 4.10
v -32.09 1.65 3.77
v -32.34 1.65 3.55
v -33.26 0.81 3.55
v -33.09 0.81 3.61
v -33.16 0.81 3.78
v -33.32 0.81 3.71
v -33.26 0.99 3.55
v -33.09 0.99 3.61
v -33.16 0.99 3.78
v -33.32 0.99 3.71
v -32.54 0.84 3.86
v -32.40 0.84 3.91
v -32.45 0.84 4.05
v -32.59 0.84 4.00
v -32.54 0.99 3.86
v -32.40 0.99 3.91
v -32.45 0.99 4.05
v -32.59 0.99 4.00
v -34.08 0.93 2.89
v -34.14 0.93 2.84
v -34.20 0.93 2.80
v -34.31 0.93 2.45
v -34.61 0.93 2.33
v -34.92 0.93 2.47
v -35.04 0.93 2.78
v -34.90 0.93 3.08
v -34.56 0.93 3.16
v -34.47 0.93 3.23
v -34.37 0.93 3.30
v -34.23 0.93 3.62
v -33.90 0.93 3.70
v -33.62 0.93 3.52
v -33.55 0.93 3.20
v -33.72 0.93 2.92
v -34.08 1.65 2.89
v -34.14 1.65 2.84
v -34.20 1.65 2.80
v -34.31 1.65 2.45
v -34.61 1.65 2.33
v -34.92 1.65 2.47
v -35.04 1.65 2.78
v -34.90 1.65 3.08
v -34.56 1.65 3.16
v -34.47 1.65 3.23
v -34.37 1.65 3.30
v -34.23 1.65 3.62
v -33.90 1.65 3.70
v -33.62 1.65 3.52
v -33.55 1.65 3.20
v -33.72 1.65 2.92
v -34.60 0.81 2.67
v -34.46 0.81 2.78
v -34.57 0.81 2.92
v -34.71 0.81 2.81
v -34.60 0.99 2.67
v -34.46 0.99 2.78
v -34.57 0.99 2.92
v -34.71 0.99 2.81
v -34.00 0.84 3.17
v -33.88 0.84 3.25
v -33.97 0.84 3.37
v -34.08 0.84 3.28
v -34.00 0.99 3.17
v -33.88 0.99 3.25
v -33.97 0.99 3.37
v -34.08 0.99 3.28
v -35.20 0.93 1.83
v -35.25 0.93 1.78
v -35.30 0.93 1.72
v -35.31 0.93 1.36
v -35.58 0.93 1.16
v -35.90 0.93 1.21
v -36.10 0.93 1.48
v -36.05 0.93 1.80
v -35.74 0.93 1.97
v -35.67 0.93 2.06
v -35.59 0.93 2.15
v -35.54 0.93 2.50
v -35.25 0.93 2.66
v -34.93 0.93 2.57
v -34.77 0.93 2.28
v -34.87 0.93 1.96
v -35.20 1.65 1.83
v -35.25 1.65 1.78
v -35.30 1.65 1.72
v -35.31 1.65 1.36
v -35.58 1.65 1.16
v -35.90 1.65 1.21
v -36.10 1.65 1.48
v -36.05 1.65 1.80
v -35.74 1.65 1.97
v -35.67 1.65 2.06
v -35.59 1.65 2.15
v -35.54 1.65 2.50
v -35.25 1.65 2.66
v -34.93 1.65 2.57
v -34.77 1.65 2.28
v -34.87 1.65 1.96
v -35.65 0.81 1.49
v -35.54 0.81 1.63
v -35.68 0.81 1.74
v -35.79 0.81 1.60
v -35.65 0.99 1.49
v -35.54 0.99 1.63
v -35.68 0.99 1.74
v -35.79 0.99 1.60
v -35.20 0.84 2.13
v -35.11 0.84 2.24
v -35.22 0.84 2.33
v -35.31 0.84 2.22
v -35.20 0.99 2.13
v -35.11 0.99 2.24
v -35.22 0.99 2.33
v -35.31 0.99 2.22
v -36.03 0.93 0.48
v -36.07 0.93 0.41
v -36.10 0.93 0.34
v -36.01 0.93 -0.01
v -36.21 0.93 -0.27
v -36.54 0.93 -0.31
v -36.80 0.93 -0.11
v -36.84 0.93 0.22
v -36.59 0.93 0.46
v -36.54 0.93 0.57
v -36.49 0.93 0.68
v -36.54 0.93 1.03
v -36.30 0.93 1.26
v -35.97 0.93 1.26
v -35.74 0.93 1.02
v -35.74 0.93 0.69
v -36.03 1.65 0.48
v -36.07 1.65 0.41
v -36.10 1.65 0.34
v -36.01 1.65 -0.01
v -36.21 1.65 -0.27
v -36.54 1.65 -0.31
v -36.80 1.65 -0.11
v -36.84 1.65 0.22
v -36.59 1.65 0.46
v -36.54 1.65 0.57
v -36.49 1.65 0.68
v -36.54 1.65 1.03
v -36.30 1.65 1.26
v -35.97 1.65 1.26
v -35.74 1.65 1.02
v -35.74 1.65 0.69
v -36.37 0.81 0.02
v -36.31 0.81 0.18
v -36.47 0.81 0.25
v -36.54 0.81 0.09
v -36.37 0.99 0.02
v -36.31 0.99 0.18
v -36.47 0.99 0.25
v -36.54 0.99 0.09
v -36.11 0.84 0.76
v -36.05 0.84 0.89
v -36.19 0.84 0.95
v -36.24 0.84 0.82
v -36.11 0.99 0.76
v -36.05 0.99 0.89
v -36.19 0.99 0.95
v -36.24 0.99 0.82
v -32.51 0.93 -7.36
v -32.44 0.93 -7.39
v -32.37 0.93 -7.42
v -32.03 0.93 -7.29
v -31.75 0.93 -7.47
v -31.68 0.93 -7.79
v -31.85 0.93 -8.07
v -32.18 0.93 -8.15
v -32.44 0.93 -7.92
v -32.55 0.93 -7.88
v -32.67 0.93 -7.84
v -33.01 0.93 -7.92
v -33.27 0.93 -7.71
v -33.29 0.93 -7.38
v -33.08 0.93 -7.12
v -32.75 0.93 -7.10
v -32.51 1.65 -7.36
v -32.44 1.65 -7.39
v -32.37 1.65 -7.42
v -32.03 1.65 -7.29
v -31.75 1.65 -7.47
v -31.68 1.65 -7.79
v -31.85 1.65 -8.07
v -32.18 1.65 -8.15
v -32.44 1.65 -7.92
v -32.55 1.65 -7.88
v -32.67 1.65 -7.84
v -33.01 1.65 -7.92
v -33.27 1.65 -7.71
v -33.29 1.65 -7.38
v -33.08 1.65 -7.12
v -32.75 1.65 -7.10
v -32.02 0.81 -7.66
v -32.19 0.81 -7.61
v -32.24 0.81 -7.78
v -32.08 0.81 -7.83
v -32.02 0.99 -7.66
v -32.19 0.99 -7.61
v -32.24 0.99 -7.78
v -32.08 0.99 -7.83
v -32.79 0.84 -7.47
v -32.92 0.84 -7.42
v -32.97 0.84 -7.56
v -32.83 0.84 -7.61
v -32.79 0.99 -7.47
v -32.92 0.99 -7.42
v -32.97 0.99 -7.56
v -32.83 0.99 -7.61
v -25.76 0.93 -7.65
v -25.68 0.93 -7.65
v -25.61 0.93 -7.66
v -25.32 0.93 -7.44
v -25.00 0.93 -7.54
v -24.84 0.93 -7.83
v -24.93 0.93 -8.15
v -25.22 0.93 -8.31
v -25.54 0.93 -8.16
v -25.66 0.93 -8.15
v -25.78 0.93 -8.15
v -26.09 0.93 -8.32
v -26.39 0.93 -8.18
v -26.51 0.93 -7.87
v -26.37 0.93 -7.57
v -26.06 0.93 -7.45
v -25.76 1.65 -7.65
v -25.68 1.65 -7.65
v -25.61 1.65 -7.66
v -25.32 1.65 -7.44
v -25.00 1.65 -7.54
v -24.84 1.65 -7.83
v -24.93 1.65 -8.15
v -25.22 1.65 -8.31
v -25.54 1.65 -8.16
v -25.66 1.65 -8.15
v -25.78 1.65 -8.15
v -26.09 1.65 -8.32
v -26.39 1.65 -8.18
v -26.51 1.65 -7.87
v -26.37 1.65 -7.57
v -26.06 1.65 -7.45
v -25.21 0.81 -7.79
v -25.39 0.81 -7.79
v -25.39 0.81 -7.97
v -25.21 0.81 -7.97
v -25.21 0.99 -7.79
v -25.39 0.99 -7.79
v -25.39 0.99 -7.97
v -25.21 0.99 -7.97
v -26.00 0.84 -7.82
v -26.14 0.84 -7.82
v -26.14 0.84 -7.96
v -26.00 0.84 -7.97
v -26.00 0.99 -7.82
v -26.14 0.99 -7.82
v -26.14 0.99 -7.96
v -26.00 0.99 -7.97
v -27.46 0.93 -7.65
v -27.38 0.93 -7.65
v -27.31 0.93 -7.66
v -27.01 0.93 -7.44
v -26.69 0.93 -7.54
v -26.54 0.93 -7.83
v -26.63 0.93 -8.15
v -26.92 0.93 -8.31
v -27.24 0.93 -8.16
v -27.36 0.93 -8.15
v -27.47 0.93 -8.15
v -27.79 0.93 -8.32
v -28.09 0.93 -8.18
v -28.20 0.93 -7.87
v -28.07 0.93 -7.57
v -27.76 0.93 -7.45
v -27.46 1.65 -7.65
v -27.38 1.65 -7.65
v -27.31 1.65 -7.66
v -27.01 1.65 -7.44
v -26.69 1.65 -7.54
v -26.54 1.65 -7.83
v -26.63 1.65 -8.15
v -26.92 1.65 -8.31
v -27.24 1.65 -8.16
v -27.36 1.65 -8.15
v -27.47 1.65 -8.15
v -27.79 1.65 -8.32
v -28.09 1.65 -8.18
v -28.20 1.65 -7.87
v -28.07 1.65 -7.57
v -27.76 1.65 -7.45
v -26.91 0.81 -7.79
v -27.08 0.81 -7.79
v -27.09 0.81 -7.97
v -26.91 0.81 -7.97
v -26.91 0.99 -7.79
v -27.08 0.99 -7.79
v -27.09 0.99 -7.97
v -26.91 0.99 -7.97
v -27.69 0.84 -7.82
v -27.84 0.84 -7.82
v -27.84 0.84 -7.96
v -27.69 0.84 -7.97
v -27.69 0.99 -7.82
v -27.84 0.99 -7.82
v -27.84 0.99 -7.96
v -27.69 0.99 -7.97
v -22.23 0.93 -7.65
v -22.15 0.93 -7.65
v -22.07 0.93 -7.66
v -21.78 0.93 -7.44
v -21.46 0.93 -7.54
v -21.31 0.93 -7.83
v -21.40 0.93 -8.15
v -21.69 0.93 -8.31
v -22.01 0.93 -8.16
v -22.13 0.93 -8.15
v -22.24 0.93 -8.15
v -22.55 0.93 -8.32
v -22.86 0.93 -8.18
v -22.97 0.93 -7.87
v -22.84 0.93 -7.57
v -22.53 0.93 -7.45
v -22.23 1.65 -7.65
v -22.15 1.65 -7.65
v -22.07 1.65 -7.66
v -21.78 1.65 -7.44
v -21.46 1.65 -7.54
v -21.31 1.65 -7.83
v -21.40 1.65 -8.15
v -21.69 1.65 -8.31
v -22.01 1.65 -8.16
v -22.13 1.65 -8.15
v -22.24 1.65 -8.15
v -22.55 1.65 -8.32
v -22.86 1.65 -8.18
v -22.97 1.65 -7.87
v -22.84 1.65 -7.57
v -22.53 1.65 -7.45
v -21.68 0.81 -7.79
v -21.85 0.81 -7.79
v -21.86 0.81 -7.97
v -21.68 0.81 -7.97
v -21.68 0.99 -7.79
v -21.85 0.99 -7.79
v -21.86 0.99 -7.97
v -21.68 0.99 -7.97
v -22.46 0.84 -7.82
v -22.61 0.84 -7.82
v -22.61 0.84 -7.96
v -22.46 0.84 -7.97
v -22.46 0.99 -7.82
v -22.61 0.99 -7.82
v -22.61 0.99 -7.96
v -22.46 0.99 -7.97
v -23.99 0.93 -7.65
v -23.92 0.93 -7.65
v -23.84 0.93 -7.66
v -23.55 0.93 -7.44
v -23.23 0.93 -7.54
v -23.07 0.93 -7.83
v -23.17 0.93 -8.15
v -23.45 0.93 -8.31
v -23.77 0.93 -8.16
v -23.89 0.93 -8.15
v -24.01 0.93 -8.15
v -24.32 0.93 -8.32
v -24.62 0.93 -8.18
v -24.74 0.93 -7.87
v -24.60 0.93 -7.57
v -24.29 0.93 -7.45
v -23.99 1.65 -7.65
v -23.92 1.65 -7.65
v -23.84 1.65 -7.66
v -23.55 1.65 -7.44
v -23.23 1.65 -7.54
v -23.07 1.65 -7.83
v -23.17 1.65 -8.15
v -23.45 1.65 -8.31
v -23.77 1.65 -8.16
v -23.89 1.65 -8.15
v -24.01 1.65 -8.15
v -24.32 1.65 -8.32
v -24.62 1.65 -8.18
v -24.74 1.65 -7.87
v -24.60 1.65 -7.57
v -24.29 1.65 -7.45
v -23.44 0.81 -7.79
v -23.62 0.81 -7.79
v -23.62 0.81 -7.97
v -23.45 0.81 -7.97
v -23.44 0.99 -7.79
v -23.62 0.99 -7.79
v -23.62 0.99 -7.97
v -23.45 0.99 -7.97
v -24.23 0.84 -7.82
v -24.37 0.84 -7.82
v -24.38 0.84 -7.96
v -24.23 0.84 -7.97
v -24.23 0.99 -7.82
v -24.37 0.99 -7.82
v -24.38 0.99 -7.96
v -24.23 0.99 -7.97
v -30.92 0.93 -7.65
v -30.84 0.93 -7.65
v -30.77 0.93 -7.66
v -30.48 0.93 -7.44
v -30.16 0.93 -7.54
v -30.00 0.93 -7.83
v -30.09 0.93 -8.15
v -30.38 0.93 -8.31
v -30.70 0.93 -8.16
v -30.82 0.93 -8.15
v -30.94 0.93 -8.15
v -31.25 0.93 -8.32
v -31.55 0.93 -8.18
v -31.67 0.93 -7.87
v -31.53 0.93 -7.57
v -31.22 0.93 -7.45
v -30.92 1.65 -7.65
v -30.84 1.65 -7.65
v -30.77 1.65 -7.66
v -30.48 1.65 -7.44
v -30.16 1.65 -7.54
v -30.00 1.65 -7.83
v -30.09 1.65 -8.15
v -30.38 1.65 -8.31
v -30.70 1.65 -8.16
v -30.82 1.65 -8.15
v -30.94 1.65 -8.15
v -31.25 1.65 -8.32
v -31.55 1.65 -8.18
v -31.67 1.65 -7.87
v -31.53 1.65 -7.57
v -31.22 1.65 -7.45
v -31.16 0.84 -7.82
v -31.30 0.84 -7.82
v -31.30 0.84 -7.96
v -31.16 0.84 -7.97
v -31.16 0.99 -7.82
v -31.30 0.99 -7.82
v -31.30 0.99 -7.96
v -31.16 0.99 -7.97
v -30.37 0.81 -7.79
v -30.55 0.81 -7.79
v -30.55 0.81 -7.97
v -30.37 0.81 -7.97
v -30.37 0.99 -7.79
v -30.55 0.99 -7.79
v -30.55 0.99 -7.97
v -30.37 0.99 -7.97
v -36.01 0.93 -4.22
v -35.98 0.93 -4.29
v -35.95 0.93 -4.36
v -35.63 0.93 -4.53
v -35.57 0.93 -4.86
v -35.76 0.93 -5.13
v -36.09 0.93 -5.19
v -36.36 0.93 -5.00
v -36.37 0.93 -4.65
v -36.42 0.93 -4.54
v -36.47 0.93 -4.43
v -36.76 0.93 -4.23
v -36.77 0.93 -3.90
v -36.54 0.93 -3.65
v -36.21 0.93 -3.64
v -35.97 0.93 -3.87
v -36.01 1.65 -4.22
v -35.98 1.65 -4.29
v -35.95 1.65 -4.36
v -35.63 1.65 -4.53
v -35.57 1.65 -4.86
v -35.76 1.65 -5.13
v -36.09 1.65 -5.19
v -36.36 1.65 -5.00
v -36.37 1.65 -4.65
v -36.42 1.65 -4.54
v -36.47 1.65 -4.43
v -36.76 1.65 -4.23
v -36.77 1.65 -3.90
v -36.54 1.65 -3.65
v -36.21 1.65 -3.64
v -35.97 1.65 -3.87
v -35.90 0.81 -4.78
v -35.97 0.81 -4.62
v -36.13 0.81 -4.70
v -36.06 0.81 -4.86
v -35.90 0.99 -4.78
v -35.97 0.99 -4.62
v -36.13 0.99 -4.70
v -36.06 0.99 -4.86
v -36.27 0.84 -4.09
v -36.33 0.84 -3.96
v -36.46 0.84 -4.02
v -36.40 0.84 -4.15
v -36.27 0.99 -4.09
v -36.33 0.99 -3.96
v -36.46 0.99 -4.02
v -36.40 0.99 -4.15
v -36.47 0.93 -1.11
v -36.48 0.93 -1.18
v -36.49 0.93 -1.26
v -36.31 0.93 -1.57
v -36.43 0.93 -1.87
v -36.73 0.93 -2.01
v -37.04 0.93 -1.88
v -37.17 0.93 -1.58
v -37.00 0.93 -1.28
v -36.98 0.93 -1.16
v -36.97 0.93 -1.04
v -37.11 0.93 -0.72
v -36.95 0.93 -0.43
v -36.63 0.93 -0.34
v -36.34 0.93 -0.50
v -36.25 0.93 -0.82
v -36.47 1.65 -1.11
v -36.48 1.65 -1.18
v -36.49 1.65 -1.26
v -36.31 1.65 -1.57
v -36.43 1.65 -1.87
v -36.73 1.65 -2.01
v -37.04 1.65 -1.88
v -37.17 1.65 -1.58
v -37.00 1.65 -1.28
v -36.98 1.65 -1.16
v -36.97 1.65 -1.04
v -37.11 1.65 -0.72
v -36.95 1.65 -0.43
v -36.63 1.65 -0.34
v -36.34 1.65 -0.50
v -36.25 1.65 -0.82
v -36.67 0.81 -1.64
v -36.65 0.81 -1.46
v -36.83 0.81 -1.44
v -36.84 0.81 -1.62
v -36.67 0.99 -1.64
v -36.65 0.99 -1.46
v -36.83 0.99 -1.44
v -36.84 0.99 -1.62
v -36.62 0.84 -0.86
v -36.60 0.84 -0.71
v -36.75 0.84 -0.70
v -36.76 0.84 -0.84
v -36.62 0.99 -0.86
v -36.60 0.99 -0.71
v -36.75 0.99 -0.70
v -36.76 0.99 -0.84
v -33.94 0.93 -6.67
v -33.88 0.93 -6.71
v -33.82 0.93 -6.76
v -33.46 0.93 -6.73
v -33.24 0.93 -6.97
v -33.26 0.93 -7.31
v -33.50 0.93 -7.53
v -33.83 0.93 -7.51
v -34.02 0.93 -7.22
v -34.12 0.93 -7.15
v -34.22 0.93 -7.09
v -34.58 0.93 -7.07
v -34.76 0.93 -6.79
v -34.70 0.93 -6.47
v -34.42 0.93 -6.28
v -34.10 0.93 -6.35
v -33.94 1.65 -6.67
v -33.88 1.65 -6.71
v -33.82 1.65 -6.76
v -33.46 1.65 -6.73
v -33.24 1.65 -6.97
v -33.26 1.65 -7.31
v -33.50 1.65 -7.53
v -33.83 1.65 -7.51
v -34.02 1.65 -7.22
v -34.12 1.65 -7.15
v -34.22 1.65 -7.09
v -34.58 1.65 -7.07
v -34.76 1.65 -6.79
v -34.70 1.65 -6.47
v -34.42 1.65 -6.28
v -34.10 1.65 -6.35
v -33.55 0.81 -7.08
v -33.70 0.81 -6.99
v -33.80 0.81 -7.14
v -33.65 0.81 -7.23
v -33.55 0.99 -7.08
v -33.70 0.99 -6.99
v -33.80 0.99 -7.14
v -33.65 0.99 -7.23
v -34.23 0.84 -6.69
v -34.36 0.84 -6.61
v -34.43 0.84 -6.74
v -34.31 0.84 -6.81
v -34.23 0.99 -6.69
v -34.36 0.99 -6.61
v -34.43 0.99 -6.74
v -34.31 0.99 -6.81
v -29.26 0.93 -7.71
v -29.18 0.93 -7.71
v -29.10 0.93 -7.72
v -28.82 0.93 -7.49
v -28.50 0.93 -7.58
v -28.33 0.93 -7.86
v -28.41 0.93 -8.18
v -28.70 0.93 -8.35
v -29.02 0.93 -8.21
v -29.14 0.93 -8.21
v -29.26 0.93 -8.21
v -29.56 0.93 -8.39
v -29.87 0.93 -8.27
v -30.00 0.93 -7.96
v -29.87 0.93 -7.65
v -29.56 0.93 -7.53
v -29.26 1.65 -7.71
v -29.18 1.65 -7.71
v -29.10 1.65 -7.72
v -28.82 1.65 -7.49
v -28.50 1.65 -7.58
v -28.33 1.65 -7.86
v -28.41 1.65 -8.18
v -28.70 1.65 -8.35
v -29.02 1.65 -8.21
v -29.14 1.65 -8.21
v -29.26 1.65 -8.21
v -29.56 1.65 -8.39
v -29.87 1.65 -8.27
v -30.00 1.65 -7.96
v -29.87 1.65 -7.65
v -29.56 1.65 -7.53
v -28.70 0.81 -7.84
v -28.88 0.81 -7.85
v -28.88 0.81 -8.02
v -28.70 0.81 -8.02
v -28.70 0.99 -7.84
v -28.88 0.99 -7.85
v -28.88 0.99 -8.02
v -28.70 0.99 -8.02
v -29.49 0.84 -7.89
v -29.63 0.84 -7.89
v -29.63 0.84 -8.04
v -29.48 0.84 -8.04
v -29.49 0.99 -7.89
v -29.63 0.99 -7.89
v -29.63 0.99 -8.04
v -29.48 0.99 -8.04
v -13.35 0.93 1.60
v -13.27 0.93 1.58
v -13.20 0.93 1.56
v -12.88 0.93 1.72
v -12.58 0.93 1.58
v -12.47 0.93 1.27
v -12.61 0.93 0.97
v -12.92 0.93 0.86
v -13.21 0.93 1.06
v -13.33 0.93 1.08
v -13.45 0.93 1.10
v -13.78 0.93 0.98
v -14.06 0.93 1.16
v -14.12 0.93 1.49
v -13.94 0.93 1.77
v -13.61 0.93 1.83
v -13.35 1.65 1.60
v -13.27 1.65 1.58
v -13.20 1.65 1.56
v -12.88 1.65 1.72
v -12.58 1.65 1.58
v -12.47 1.65 1.27
v -12.61 1.65 0.97
v -12.92 1.65 0.86
v -13.21 1.65 1.06
v -13.33 1.65 1.08
v -13.45 1.65 1.10
v -13.78 1.65 0.98
v -14.06 1.65 1.16
v -14.12 1.65 1.49
v -13.94 1.65 1.77
v -13.61 1.65 1.83
v -12.83 0.81 1.36
v -13.01 0.81 1.39
v -13.03 0.81 1.21
v -12.86 0.81 1.18
v -12.83 0.99 1.36
v -13.01 0.99 1.39
v -13.03 0.99 1.21
v -12.86 0.99 1.18
v -13.61 0.84 1.46
v -13.75 0.84 1.49
v -13.77 0.84 1.34
v -13.63 0.84 1.32
v -13.61 0.99 1.46
v -13.75 0.99 1.49
v -13.77 0.99 1.34
v -13.63 0.99 1.32
f 2 4 3
f 1 2 9
f 1 9 8
f 2 3 10
f 2 10 9
f 3 4 11
f 3 11 10
f 4 5 12
f 4 12 11
f 5 6 12
f 7 8 15
f 7 15 14
f 8 9 16
f 8 16 15
f 9 10 17
f 9 17 16
f 10 11 18
f 10 18 17
f 11 12 19
f 11 19 18
f 12 6 13
f 12 13 19
f 14 15 22
f 14 22 21
f 15 16 23
f 15 23 22
f 16 17 24
f 16 24 23
f 17 18 25
f 17 25 24
f 18 19 26
f 18 26 25
f 19 13 20
f 19 20 26
f 21 22 29
f 21 29 28
f 22 23 30
f 22 30 29
f 23 24 31
f 23 31 30
f 24 25 32
f 24 32 31
f 25 26 33
f 25 33 32
f 26 20 27
f 26 27 33
f 28 29 36
f 28 36 35
f 29 30 37
f 29 37 36
f 30 31 38
f 30 38 37
f 31 32 39
f 31 39 38
f 32 33 40
f 32 40 39
f 33 27 34
f 33 34 40
f 35 36 43
f 35 43 42
f 36 37 44
f 36 44 43
f 37 38 45
f 37 45 44
f 38 39 46
f 38 46 45
f 39 40 47
f 39 47 46
f 40 34 41
f 40 41 47
f 42 43 50
f 42 50 49
f 43 44 51
f 43 51 50
f 44 45 52
f 44 52 51
f 45 46 53
f 45 53 52
f 46 47 54
f 46 54 53
f 47 41 48
f 47 48 54
f 49 50 57
f 49 57 56
f 50 51 58
f 50 58 57
f 51 52 59
f 51 59 58
f 52 53 60
f 52 60 59
f 53 54 61
f 53 61 60
f 54 48 55
f 54 55 61
f 56 57 64
f 56 64 63
f 57 58 65
f 57 65 64
f 58 59 66
f 58 66 65
f 59 60 67
f 59 67 66
f 60 61 68
f 60 68 67
f 61 55 62
f 61 62 68
f 63 64 71
f 63 71 70
f 64 65 72
f 64 72 71
f 65 66 73
f 65 73 72
f 66 67 74
f 66 74 73
f 67 68 75
f 67 75 74
f 68 62 69
f 68 69 75
f 70 71 78
f 70 78 77
f 71 72 79
f 71 79 78
f 72 73 80
f 72 80 79
f 73 74 81
f 73 81 80
f 74 75 82
f 74 82 81
f 75 69 76
f 75 76 82
f 77 78 85
f 77 85 84
f 78 79 86
f 78 86 85
f 79 80 87
f 79 87 86
f 80 81 88
f 80 88 87
f 81 82 89
f 81 89 88
f 82 76 83
f 82 83 89
f 84 85 92
f 84 92 91
f 85 86 93
f 85 93 92
f 86 87 94
f 86 94 93
f 87 88 95
f 87 95 94
f 88 89 96
f 88 96 95
f 89 83 90
f 89 90 96
f 91 92 99
f 91 99 98
f 92 93 100
f 92 100 99
f 93 94 101
f 93 101 100
f 94 95 102
f 94 102 101
f 95 96 103
f 95 103 102
f 96 90 97
f 96 97 103
f 98 99 106
f 98 106 105
f 99 100 107
f 99 107 106
f 100 101 108
f 100 108 107
f 101 102 109
f 101 109 108
f 102 103 110
f 102 110 109
f 103 97 104
f 103 104 110
f 105 106 113
f 105 113 112
f 106 107 114
f 106 114 113
f 107 108 115
f 107 115 114
f 108 109 116
f 108 116 115
f 109 110 117
f 109 117 116
f 110 104 111
f 110 111 117
f 112 113 120
f 112 120 119
f 113 114 121
f 113 121 120
f 114 115 122
f 114 122 121
f 115 116 123
f 115 123 122
f 116 117 124
f 116 124 123
f 117 111 118
f 117 118 124
f 119 120 127
f 119 127 126
f 120 121 128
f 120 128 127
f 121 122 129
f 121 129 128
f 122 123 130
f 122 130 129
f 123 124 131
f 123 131 130
f 124 118 125
f 124 125 131
f 126 127 134
f 126 134 133
f 127 128 135
f 127 135 134
f 128 129 136
f 128 136 135
f 129 130 137
f 129 137 136
f 130 131 138
f 130 138 137
f 131 125 132
f 131 132 138
f 133 134 141
f 133 141 140
f 134 135 142
f 134 142 141
f 135 136 143
f 135 143 142
f 136 137 144
f 136 144 143
f 137 138 145
f 137 145 144
f 138 132 139
f 138 139 145
f 140 141 148
f 140 148 147
f 141 142 149
f 141 149 148
f 142 143 150
f 142 150 149
f 143 144 151
f 143 151 150
f 144 145 152
f 144 152 151
f 145 139 146
f 145 146 152
f 147 148 153
f 148 149 154
f 148 154 153
f 149 150 155
f 149 155 154
f 150 151 156
f 150 156 155
f 151 152 157
f 151 157 156
f 155 156 154
f 7 1 8
f 146 157 152
f 158 166 159
f 158 165 166
f 159 167 160
f 159 166 167
f 160 168 161
f 160 167 168
f 410 413 411
f 410 412 413
f 162 170 163
f 162 169 170
f 163 171 164
f 163 170 171
f 164 165 158
f 164 171 165
f 165 173 166
f 165 172 173
f 166 174 167
f 166 173 174
f 167 175 168
f 167 174 175
f 412 415 413
f 412 414 415
f 169 177 170
f 169 176 177
f 170 178 171
f 170 177 178
f 171 172 165
f 171 178 172
f 172 180 173
f 172 179 180
f 173 181 174
f 173 180 181
f 174 182 175
f 174 181 182
f 414 417 415
f 414 416 417
f 176 184 177
f 176 183 184
f 177 185 178
f 177 184 185
f 178 179 172
f 178 185 179
f 179 187 180
f 179 186 187
f 180 188 181
f 180 187 188
f 181 189 182
f 181 188 189
f 416 419 417
f 416 418 419
f 183 191 184
f 183 190 191
f 184 192 185
f 184 191 192
f 185 186 179
f 185 192 186
f 186 194 187
f 186 193 194
f 187 195 188
f 187 194 195
f 188 196 189
f 188 195 196
f 418 421 419
f 418 420 421
f 190 198 191
f 190 197 198
f 191 199 192
f 191 198 199
f 192 193 186
f 192 199 193
f 193 201 194
f 193 200 201
f 194 202 195
f 194 201 202
f 195 203 196
f 195 202 203
f 420 423 421
f 420 422 423
f 197 205 198
f 197 204 205
f 198 206 199
f 198 205 206
f 199 200 193
f 199 206 200
f 200 208 201
f 200 207 208
f 201 209 202
f 201 208 209
f 202 210 203
f 202 209 210
f 422 425 423
f 422 424 425
f 204 212 205
f 204 211 212
f 205 213 206
f 205 212 213
f 206 207 200
f 206 213 207
f 207 215 208
f 207 214 215
f 208 216 209
f 208 215 216
f 209 217 210
f 209 216 217
f 424 427 425
f 424 426 427
f 211 219 212
f 211 218 219
f 212 220 213
f 212 219 220
f 213 214 207
f 213 220 214
f 214 222 215
f 214 221 222
f 215 223 216
f 215 222 223
f 216 224 217
f 216 223 224
f 426 429 427
f 426 428 429
f 218 226 219
f 218 225 226
f 219 227 220
f 219 226 227
f 220 221 214
f 220 227 221
f 221 229 222
f 221 228 229
f 222 230 223
f 222 229 230
f 223 231 224
f 223 230 231
f 428 431 429
f 428 430 431
f 225 233 226
f 225 232 233
f 226 234 227
f 226 233 234
f 227 228 221
f 227 234 228
f 228 236 229
f 228 235 236
f 229 237 230
f 229 236 237
f 230 238 231
f 230 237 238
f 430 433 431
f 430 432 433
f 232 240 233
f 232 239 240
f 233 241 234
f 233 240 241
f 234 235 228
f 234 241 235
f 235 243 236
f 235 242 243
f 236 244 237
f 236 243 244
f 237 245 238
f 237 244 245
f 432 435 433
f 432 434 435
f 239 247 240
f 239 246 247
f 240 248 241
f 240 247 248
f 241 242 235
f 241 248 242
f 242 250 243
f 242 249 250
f 243 251 244
f 243 250 251
f 244 252 245
f 244 251 252
f 434 437 435
f 434 436 437
f 246 254 247
f 246 253 254
f 247 255 248
f 247 254 255
f 248 249 242
f 248 255 249
f 249 257 250
f 249 256 257
f 250 258 251
f 250 257 258
f 251 259 252
f 251 258 259
f 436 439 437
f 436 438 439
f 253 261 254
f 253 260 261
f 254 262 255
f 254 261 262
f 255 256 249
f 255 262 256
f 256 264 257
f 256 263 264
f 257 265 258
f 257 264 265
f 258 266 259
f 258 265 266
f 438 441 439
f 438 440 441
f 260 268 261
f 260 267 268
f 261 269 262
f 261 268 269
f 262 263 256
f 262 269 263
f 263 271 264
f 263 270 271
f 264 272 265
f 264 271 272
f 265 273 266
f 265 272 273
f 440 443 441
f 440 442 443
f 267 275 268
f 267 274 275
f 268 276 269
f 268 275 276
f 269 270 263
f 269 276 270
f 270 278 271
f 270 277 278
f 271 279 272
f 271 278 279
f 272 280 273
f 272 279 280
f 442 445 443
f 442 444 445
f 274 282 275
f 274 281 282
f 275 283 276
f 275 282 283
f 276 277 270
f 276 283 277
f 277 285 278
f 277 284 285
f 278 286 279
f 278 285 286
f 279 287 280
f 279 286 287
f 444 447 445
f 444 446 447
f 281 289 282
f 281 288 289
f 282 290 283
f 282 289 290
f 283 284 277
f 283 290 284
f 284 292 285
f 284 291 292
f 285 293 286
f 285 292 293
f 286 294 287
f 286 293 294
f 446 449 447
f 446 448 449
f 288 296 289
f 288 295 296
f 289 297 290
f 289 296 297
f 290 291 284
f 290 297 291
f 291 299 292
f 291 298 299
f 292 300 293
f 292 299 300
f 293 301 294
f 293 300 301
f 448 451 449
f 448 450 451
f 295 303 296
f 295 302 303
f 296 304 297
f 296 303 304
f 297 298 291
f 297 304 298
f 298 306 299
f 298 305 306
f 299 307 300
f 299 306 307
f 300 308 301
f 300 307 308
f 450 453 451
f 450 452 453
f 302 310 303
f 302 309 310
f 303 311 304
f 303 310 311
f 304 305 298
f 304 311 305
f 305 313 306
f 305 312 313
f 306 314 307
f 306 313 314
f 307 315 308
f 307 314 315
f 452 455 453
f 452 454 455
f 309 317 310
f 309 316 317
f 310 318 311
f 310 317 318
f 311 312 305
f 311 318 312
f 312 320 313
f 312 319 320
f 313 321 314
f 313 320 321
f 314 322 315
f 314 321 322
f 454 457 455
f 454 456 457
f 316 324 317
f 316 323 324
f 317 325 318
f 317 324 325
f 318 319 312
f 318 325 319
f 319 327 320
f 319 326 327
f 320 328 321
f 320 327 328
f 321 329 322
f 321 328 329
f 456 459 457
f 456 458 459
f 323 331 324
f 323 330 331
f 324 332 325
f 324 331 332
f 325 326 319
f 325 332 326
f 326 334 327
f 326 333 334
f 327 335 328
f 327 334 335
f 328 336 329
f 328 335 336
f 458 461 459
f 458 460 461
f 330 338 331
f 330 337 338
f 331 339 332
f 331 338 339
f 332 333 326
f 332 339 333
f 333 341 334
f 333 340 341
f 334 342 335
f 334 341 342
f 335 343 336
f 335 342 343
f 460 463 461
f 460 462 463
f 337 345 338
f 337 344 345
f 338 346 339
f 338 345 346
f 339 340 333
f 339 346 340
f 340 348 341
f 340 347 348
f 341 349 342
f 341 348 349
f 342 350 343
f 342 349 350
f 462 465 463
f 462 464 465
f 344 352 345
f 344 351 352
f 345 353 346
f 345 352 353
f 346 347 340
f 346 353 347
f 347 355 348
f 347 354 355
f 348 356 349
f 348 355 356
f 349 357 350
f 349 356 357
f 464 467 465
f 464 466 467
f 351 359 352
f 351 358 359
f 352 360 353
f 352 359 360
f 353 354 347
f 353 360 354
f 354 362 355
f 354 361 362
f 355 363 356
f 355 362 363
f 356 364 357
f 356 363 364
f 466 469 467
f 466 468 469
f 358 366 359
f 358 365 366
f 359 367 360
f 359 366 367
f 360 361 354
f 360 367 361
f 361 369 362
f 361 368 369
f 362 370 363
f 362 369 370
f 363 371 364
f 363 370 371
f 468 471 469
f 468 470 471
f 365 373 366
f 365 372 373
f 366 374 367
f 366 373 374
f 367 368 361
f 367 374 368
f 368 376 369
f 368 375 376
f 369 377 370
f 369 376 377
f 370 378 371
f 370 377 378
f 470 473 471
f 470 472 473
f 372 380 373
f 372 379 380
f 373 381 374
f 373 380 381
f 374 375 368
f 374 381 375
f 375 383 376
f 375 382 383
f 376 384 377
f 376 383 384
f 377 385 378
f 377 384 385
f 472 475 473
f 472 474 475
f 379 387 380
f 379 386 387
f 380 388 381
f 380 387 388
f 381 382 375
f 381 388 382
f 382 390 383
f 382 389 390
f 383 391 384
f 383 390 391
f 384 392 385
f 384 391 392
f 474 477 475
f 474 476 477
f 386 394 387
f 386 393 394
f 387 395 388
f 387 394 395
f 388 389 382
f 388 395 389
f 389 397 390
f 389 396 397
f 390 398 391
f 390 397 398
f 391 399 392
f 391 398 399
f 476 479 477
f 476 478 479
f 393 401 394
f 393 400 401
f 394 402 395
f 394 401 402
f 395 396 389
f 395 402 396
f 396 404 397
f 396 403 404
f 397 405 398
f 397 404 405
f 398 406 399
f 398 405 406
f 478 481 479
f 478 480 481
f 400 408 401
f 400 407 408
f 401 409 402
f 401 408 409
f 402 403 396
f 402 409 403
f 403 159 404
f 403 158 159
f 404 160 405
f 404 159 160
f 405 161 406
f 405 160 161
f 480 411 481
f 480 410 411
f 407 163 408
f 407 162 163
f 408 164 409
f 408 163 164
f 409 158 403
f 409 164 158
f 413 169 162
f 162 411 413
f 410 161 168
f 168 412 410
f 415 176 169
f 169 413 415
f 412 168 175
f 175 414 412
f 417 183 176
f 176 415 417
f 414 175 182
f 182 416 414
f 419 190 183
f 183 417 419
f 416 182 189
f 189 418 416
f 421 197 190
f 190 419 421
f 418 189 196
f 196 420 418
f 423 204 197
f 197 421 423
f 420 196 203
f 203 422 420
f 425 211 204
f 204 423 425
f 422 203 210
f 210 424 422
f 427 218 211
f 211 425 427
f 424 210 217
f 217 426 424
f 429 225 218
f 218 427 429
f 426 217 224
f 224 428 426
f 431 232 225
f 225 429 431
f 428 224 231
f 231 430 428
f 433 239 232
f 232 431 433
f 430 231 238
f 238 432 430
f 435 246 239
f 239 433 435
f 432 238 245
f 245 434 432
f 437 253 246
f 246 435 437
f 434 245 252
f 252 436 434
f 439 260 253
f 253 437 439
f 436 252 259
f 259 438 436
f 441 267 260
f 260 439 441
f 438 259 266
f 266 440 438
f 443 274 267
f 267 441 443
f 440 266 273
f 273 442 440
f 445 281 274
f 274 443 445
f 442 273 280
f 280 444 442
f 447 288 281
f 281 445 447
f 444 280 287
f 287 446 444
f 449 295 288
f 288 447 449
f 446 287 294
f 294 448 446
f 451 302 295
f 295 449 451
f 448 294 301
f 301 450 448
f 453 309 302
f 302 451 453
f 450 301 308
f 308 452 450
f 455 316 309
f 309 453 455
f 452 308 315
f 315 454 452
f 457 323 316
f 316 455 457
f 454 315 322
f 322 456 454
f 459 330 323
f 323 457 459
f 456 322 329
f 329 458 456
f 461 337 330
f 330 459 461
f 458 329 336
f 336 460 458
f 463 344 337
f 337 461 463
f 460 336 343
f 343 462 460
f 465 351 344
f 344 463 465
f 462 343 350
f 350 464 462
f 467 358 351
f 351 465 467
f 464 350 357
f 357 466 464
f 469 365 358
f 358 467 469
f 466 357 364
f 364 468 466
f 471 372 365
f 365 469 471
f 468 364 371
f 371 470 468
f 473 379 372
f 372 471 473
f 470 371 378
f 378 472 470
f 475 386 379
f 379 473 475
f 472 378 385
f 385 474 472
f 477 393 386
f 386 475 477
f 474 385 392
f 392 476 474
f 479 400 393
f 393 477 479
f 476 392 399
f 399 478 476
f 481 407 400
f 400 479 481
f 478 399 406
f 406 480 478
f 411 162 407
f 407 481 411
f 480 406 161
f 161 410 480
f 603 602 635
f 630 629 518
f 537 536 563
f 492 491 641
f 633 632 587
f 604 603 635
f 633 587 586
f 636 635 602
f 631 630 518
f 564 563 536
f 538 537 563
f 632 631 518
f 637 636 602
f 565 564 536
f 492 641 661
f 513 512 674
f 514 513 674
f 605 604 635
f 494 514 674
f 539 538 563
f 634 633 586
f 492 661 660
f 634 586 585
f 642 641 491
f 643 642 491
f 644 643 491
f 587 632 518
f 638 637 602
f 566 565 536
f 635 634 585
f 635 585 584
f 492 660 659
f 558 557 590
f 558 590 589
f 495 494 674
f 495 674 673
f 482 620 640
f 559 558 589
f 559 589 588
f 496 495 673
f 496 673 672
f 560 559 588
f 560 588 587
f 497 496 672
f 497 672 671
f 482 640 639
f 498 497 521
f 498 521 520
f 482 639 638
f 482 638 602
f 482 602 601
f 482 601 600
f 482 600 599
f 483 482 599
f 483 599 619
f 483 619 618
f 483 618 617
f 483 617 616
f 483 616 615
f 483 615 614
f 484 483 614
f 484 614 613
f 484 613 612
f 492 659 658
f 493 492 658
f 493 658 657
f 493 657 656
f 493 656 655
f 493 655 654
f 493 654 653
f 493 653 652
f 561 560 587
f 561 587 518
f 562 561 518
f 563 562 518
f 540 539 563
f 540 563 518
f 541 540 518
f 542 541 518
f 542 518 517
f 543 542 517
f 544 543 517
f 544 517 516
f 545 544 516
f 545 516 515
f 606 605 635
f 606 635 584
f 607 606 584
f 608 607 584
f 609 608 584
f 609 584 583
f 610 609 583
f 610 583 582
f 611 610 582
f 611 582 581
f 611 581 580
f 612 611 580
f 612 580 579
f 612 579 578
f 484 612 578
f 484 578 598
f 484 598 597
f 484 597 596
f 484 596 595
f 497 671 670
f 521 497 670
f 521 670 669
f 521 669 668
f 521 668 667
f 522 521 667
f 523 522 667
f 523 667 666
f 524 523 666
f 524 666 665
f 525 524 665
f 525 665 664
f 499 498 520
f 526 525 664
f 526 664 663
f 527 526 663
f 527 663 662
f 545 515 535
f 675 674 512
f 499 520 519
f 591 590 557
f 566 536 556
f 567 566 556
f 567 556 555
f 568 567 555
f 568 555 554
f 569 568 554
f 493 652 651
f 545 535 534
f 546 545 534
f 546 534 533
f 547 546 533
f 676 675 512
f 621 620 482
f 591 557 577
f 592 591 577
f 592 577 576
f 593 592 576
f 593 576 575
f 548 547 533
f 677 676 512
f 484 595 594
f 485 484 594
f 485 594 593
f 485 593 575
f 485 575 574
f 485 574 573
f 486 485 573
f 486 573 572
f 486 572 571
f 486 571 570
f 486 570 569
f 486 569 554
f 487 486 554
f 487 554 553
f 487 553 552
f 487 552 551
f 487 551 550
f 487 550 549
f 487 549 548
f 488 487 548
f 488 548 533
f 488 533 532
f 488 532 531
f 488 531 530
f 488 530 529
f 488 529 528
f 489 488 528
f 489 528 527
f 489 527 662
f 489 662 682
f 489 682 681
f 490 489 681
f 490 681 680
f 490 680 679
f 490 679 678
f 490 678 677
f 490 677 512
f 491 490 512
f 491 512 511
f 491 511 510
f 491 510 509
f 491 509 508
f 491 508 507
f 491 507 506
f 644 491 506
f 644 506 505
f 644 505 504
f 644 504 503
f 645 644 503
f 645 503 502
f 646 645 502
f 646 502 501
f 647 646 501
f 647 501 500
f 648 647 500
f 648 500 499
f 648 499 519
f 649 648 519
f 650 649 519
f 650 519 518
f 650 518 629
f 651 650 629
f 493 651 629
f 493 629 628
f 493 628 627
f 493 627 626
f 493 626 625
f 493 625 624
f 482 493 624
f 482 624 623
f 482 623 622
f 621 482 622
f 494 495 696
f 494 696 695
f 495 496 697
f 495 697 696
f 496 497 698
f 496 698 697
f 497 498 699
f 497 699 698
f 498 499 700
f 498 700 699
f 499 500 701
f 499 701 700
f 500 501 702
f 500 702 701
f 501 502 703
f 501 703 702
f 502 503 704
f 502 704 703
f 503 504 705
f 503 705 704
f 504 505 706
f 504 706 705
f 505 506 707
f 505 707 706
f 506 507 708
f 506 708 707
f 507 508 709
f 507 709 708
f 508 509 710
f 508 710 709
f 509 510 711
f 509 711 710
f 510 511 712
f 510 712 711
f 511 512 713
f 511 713 712
f 512 513 714
f 512 714 713
f 513 514 715
f 513 715 714
f 514 494 695
f 514 695 715
f 515 516 717
f 515 717 716
f 516 517 718
f 516 718 717
f 517 518 719
f 517 719 718
f 518 519 720
f 518 720 719
f 519 520 721
f 519 721 720
f 520 521 722
f 520 722 721
f 521 522 723
f 521 723 722
f 522 523 724
f 522 724 723
f 523 524 725
f 523 725 724
f 524 525 726
f 524 726 725
f 525 526 727
f 525 727 726
f 526 527 728
f 526 728 727
f 527 528 729
f 527 729 728
f 528 529 730
f 528 730 729
f 529 530 731
f 529 731 730
f 530 531 732
f 530 732 731
f 531 532 733
f 531 733 732
f 532 533 734
f 532 734 733
f 533 534 735
f 533 735 734
f 534 535 736
f 534 736 735
f 535 515 716
f 535 716 736
f 536 537 738
f 536 738 737
f 537 538 739
f 537 739 738
f 538 539 740
f 538 740 739
f 539 540 741
f 539 741 740
f 540 541 742
f 540 742 741
f 541 542 743
f 541 743 742
f 542 543 744
f 542 744 743
f 543 544 745
f 543 745 744
f 544 545 746
f 544 746 745
f 545 546 747
f 545 747 746
f 546 547 748
f 546 748 747
f 547 548 749
f 547 749 748
f 548 549 750
f 548 750 749
f 549 550 751
f 549 751 750
f 550 551 752
f 550 752 751
f 551 552 753
f 551 753 752
f 552 553 754
f 552 754 753
f 553 554 755
f 553 755 754
f 554 555 756
f 554 756 755
f 555 556 757
f 555 757 756
f 556 536 737
f 556 737 757
f 557 558 759
f 557 759 758
f 558 559 760
f 558 760 759
f 559 560 761
f 559 761 760
f 560 561 762
f 560 762 761
f 561 562 763
f 561 763 762
f 562 563 764
f 562 764 763
f 563 564 765
f 563 765 764
f 564 565 766
f 564 766 765
f 565 566 767
f 565 767 766
f 566 567 768
f 566 768 767
f 567 568 769
f 567 769 768
f 568 569 770
f 568 770 769
f 569 570 771
f 569 771 770
f 570 571 772
f 570 772 771
f 571 572 773
f 571 773 772
f 572 573 774
f 572 774 773
f 573 574 775
f 573 775 774
f 574 575 776
f 574 776 775
f 575 576 777
f 575 777 776
f 576 577 778
f 576 778 777
f 577 557 758
f 577 758 778
f 578 579 780
f 578 780 779
f 579 580 781
f 579 781 780
f 580 581 782
f 580 782 781
f 581 582 783
f 581 783 782
f 582 583 784
f 582 784 783
f 583 584 785
f 583 785 784
f 584 585 786
f 584 786 785
f 585 586 787
f 585 787 786
f 586 587 788
f 586 788 787
f 587 588 789
f 587 789 788
f 588 589 790
f 588 790 789
f 589 590 791
f 589 791 790
f 590 591 792
f 590 792 791
f 591 592 793
f 591 793 792
f 592 593 794
f 592 794 793
f 593 594 795
f 593 795 794
f 594 595 796
f 594 796 795
f 595 596 797
f 595 797 796
f 596 597 798
f 596 798 797
f 597 598 799
f 597 799 798
f 598 578 779
f 598 779 799
f 599 600 801
f 599 801 800
f 600 601 802
f 600 802 801
f 601 602 803
f 601 803 802
f 602 603 804
f 602 804 803
f 603 604 805
f 603 805 804
f 604 605 806
f 604 806 805
f 605 606 807
f 605 807 806
f 606 607 808
f 606 808 807
f 607 608 809
f 607 809 808
f 608 609 810
f 608 810 809
f 609 610 811
f 609 811 810
f 610 611 812
f 610 812 811
f 611 612 813
f 611 813 812
f 612 613 814
f 612 814 813
f 613 614 815
f 613 815 814
f 614 615 816
f 614 816 815
f 615 616 817
f 615 817 816
f 616 617 818
f 616 818 817
f 617 618 819
f 617 819 818
f 618 619 820
f 618 820 819
f 619 599 800
f 619 800 820
f 620 621 822
f 620 822 821
f 621 622 823
f 621 823 822
f 622 623 824
f 622 824 823
f 623 624 825
f 623 825 824
f 624 625 826
f 624 826 825
f 625 626 827
f 625 827 826
f 626 627 828
f 626 828 827
f 627 628 829
f 627 829 828
f 628 629 830
f 628 830 829
f 629 630 831
f 629 831 830
f 630 631 832
f 630 832 831
f 631 632 833
f 631 833 832
f 632 633 834
f 632 834 833
f 633 634 835
f 633 835 834
f 634 635 836
f 634 836 835
f 635 636 837
f 635 837 836
f 636 637 838
f 636 838 837
f 637 638 839
f 637 839 838
f 638 639 840
f 638 840 839
f 639 640 841
f 639 841 840
f 640 620 821
f 640 821 841
f 641 642 843
f 641 843 842
f 642 643 844
f 642 844 843
f 643 644 845
f 643 845 844
f 644 645 846
f 644 846 845
f 645 646 847
f 645 847 846
f 646 647 848
f 646 848 847
f 647 648 849
f 647 849 848
f 648 649 850
f 648 850 849
f 649 650 851
f 649 851 850
f 650 651 852
f 650 852 851
f 651 652 853
f 651 853 852
f 652 653 854
f 652 854 853
f 653 654 855
f 653 855 854
f 654 655 856
f 654 856 855
f 655 656 857
f 655 857 856
f 656 657 858
f 656 858 857
f 657 658 859
f 657 859 858
f 658 659 860
f 658 860 859
f 659 660 861
f 659 861 860
f 660 661 862
f 660 862 861
f 661 641 842
f 661 842 862
f 662 663 864
f 662 864 863
f 663 664 865
f 663 865 864
f 664 665 866
f 664 866 865
f 665 666 867
f 665 867 866
f 666 667 868
f 666 868 867
f 667 668 869
f 667 869 868
f 668 669 870
f 668 870 869
f 669 670 871
f 669 871 870
f 670 671 872
f 670 872 871
f 671 672 873
f 671 873 872
f 672 673 874
f 672 874 873
f 673 674 875
f 673 875 874
f 674 675 876
f 674 876 875
f 675 676 877
f 675 877 876
f 676 677 878
f 676 878 877
f 677 678 879
f 677 879 878
f 678 679 880
f 678 880 879
f 679 680 881
f 679 881 880
f 680 681 882
f 680 882 881
f 681 682 883
f 681 883 882
f 682 662 863
f 682 863 883
f 836 803 804
f 719 830 831
f 764 737 738
f 842 692 693
f 788 833 834
f 836 804 805
f 787 788 834
f 803 836 837
f 719 831 832
f 737 764 765
f 764 738 739
f 719 832 833
f 803 837 838
f 737 765 766
f 862 842 693
f 875 713 714
f 875 714 715
f 836 805 806
f 875 715 695
f 764 739 740
f 787 834 835
f 861 862 693
f 786 787 835
f 692 842 843
f 692 843 844
f 692 844 845
f 719 833 788
f 803 838 839
f 737 766 767
f 786 835 836
f 785 786 836
f 860 861 693
f 791 758 759
f 790 791 759
f 875 695 696
f 874 875 696
f 841 821 683
f 790 759 760
f 789 790 760
f 874 696 697
f 873 874 697
f 789 760 761
f 788 789 761
f 873 697 698
f 872 873 698
f 840 841 683
f 722 698 699
f 721 722 699
f 839 840 683
f 803 839 683
f 802 803 683
f 801 802 683
f 800 801 683
f 800 683 684
f 820 800 684
f 819 820 684
f 818 819 684
f 817 818 684
f 816 817 684
f 815 816 684
f 815 684 685
f 814 815 685
f 813 814 685
f 859 860 693
f 859 693 694
f 858 859 694
f 857 858 694
f 856 857 694
f 855 856 694
f 854 855 694
f 853 854 694
f 788 761 762
f 719 788 762
f 719 762 763
f 719 763 764
f 764 740 741
f 719 764 741
f 719 741 742
f 719 742 743
f 718 719 743
f 718 743 744
f 718 744 745
f 717 718 745
f 717 745 746
f 716 717 746
f 836 806 807
f 785 836 807
f 785 807 808
f 785 808 809
f 785 809 810
f 784 785 810
f 784 810 811
f 783 784 811
f 783 811 812
f 782 783 812
f 781 782 812
f 781 812 813
f 780 781 813
f 779 780 813
f 779 813 685
f 799 779 685
f 798 799 685
f 797 798 685
f 796 797 685
f 871 872 698
f 871 698 722
f 870 871 722
f 869 870 722
f 868 869 722
f 868 722 723
f 868 723 724
f 867 868 724
f 867 724 725
f 866 867 725
f 866 725 726
f 865 866 726
f 721 699 700
f 865 726 727
f 864 865 727
f 864 727 728
f 863 864 728
f 736 716 746
f 713 875 876
f 720 721 700
f 758 791 792
f 757 737 767
f 757 767 768
f 756 757 768
f 756 768 769
f 755 756 769
f 755 769 770
f 852 853 694
f 735 736 746
f 735 746 747
f 734 735 747
f 734 747 748
f 713 876 877
f 683 821 822
f 778 758 792
f 778 792 793
f 777 778 793
f 777 793 794
f 776 777 794
f 734 748 749
f 713 877 878
f 795 796 685
f 795 685 686
f 794 795 686
f 776 794 686
f 775 776 686
f 774 775 686
f 774 686 687
f 773 774 687
f 772 773 687
f 771 772 687
f 770 771 687
f 755 770 687
f 755 687 688
f 754 755 688
f 753 754 688
f 752 753 688
f 751 752 688
f 750 751 688
f 749 750 688
f 749 688 689
f 734 749 689
f 733 734 689
f 732 733 689
f 731 732 689
f 730 731 689
f 729 730 689
f 729 689 690
f 728 729 690
f 863 728 690
f 883 863 690
f 882 883 690
f 882 690 691
f 881 882 691
f 880 881 691
f 879 880 691
f 878 879 691
f 713 878 691
f 713 691 692
f 712 713 692
f 711 712 692
f 710 711 692
f 709 710 692
f 708 709 692
f 707 708 692
f 707 692 845
f 706 707 845
f 705 706 845
f 704 705 845
f 704 845 846
f 703 704 846
f 703 846 847
f 702 703 847
f 702 847 848
f 701 702 848
f 701 848 849
f 700 701 849
f 720 700 849
f 720 849 850
f 720 850 851
f 719 720 851
f 830 719 851
f 830 851 852
f 830 852 694
f 829 830 694
f 828 829 694
f 827 828 694
f 826 827 694
f 825 826 694
f 825 694 683
f 824 825 683
f 823 824 683
f 823 683 822
f 884 885 886
f 884 886 887
f 884 888 889
f 884 889 885
f 885 889 890
f 885 890 886
f 886 890 891
f 886 891 887
f 887 891 888
f 887 888 884
f 888 891 890
f 888 890 889
f 892 893 894
f 892 894 895
f 892 896 897
f 892 897 893
f 893 897 898
f 893 898 894
f 894 898 899
f 894 899 895
f 895 899 896
f 895 896 892
f 896 899 898
f 896 898 897
f 900 901 902
f 900 902 903
f 900 904 905
f 900 905 901
f 901 905 906
f 901 906 902
f 902 906 907
f 902 907 903
f 903 907 904
f 903 904 900
f 904 907 906
f 904 906 905
f 908 909 910
f 908 910 911
f 908 912 913
f 908 913 909
f 909 913 914
f 909 914 910
f 910 914 915
f 910 915 911
f 911 915 912
f 911 912 908
f 912 915 914
f 912 914 913
f 916 917 918
f 916 918 919
f 916 920 921
f 916 921 917
f 917 921 922
f 917 922 918
f 918 922 923
f 918 923 919
f 919 923 920
f 919 920 916
f 920 923 922
f 920 922 921
f 924 925 926
f 924 926 927
f 924 928 929
f 924 929 925
f 925 929 930
f 925 930 926
f 926 930 931
f 926 931 927
f 927 931 928
f 927 928 924
f 928 931 930
f 928 930 929
f 932 933 934
f 932 934 935
f 932 936 937
f 932 937 933
f 933 937 938
f 933 938 934
f 934 938 939
f 934 939 935
f 935 939 936
f 935 936 932
f 936 939 938
f 936 938 937
f 940 941 942
f 940 942 943
f 940 944 945
f 940 945 941
f 941 945 946
f 941 946 942
f 942 946 947
f 942 947 943
f 943 947 944
f 943 944 940
f 944 947 946
f 944 946 945
f 948 949 950
f 948 950 951
f 948 952 953
f 948 953 949
f 949 953 954
f 949 954 950
f 950 954 955
f 950 955 951
f 951 955 952
f 951 952 948
f 952 955 954
f 952 954 953
f 981 957 956
f 980 981 956
f 982 958 957
f 981 982 957
f 983 959 958
f 982 983 958
f 984 960 959
f 983 984 959
f 985 961 960
f 984 985 960
f 986 962 961
f 985 986 961
f 987 963 962
f 986 987 962
f 988 964 963
f 987 988 963
f 989 965 964
f 988 989 964
f 990 966 965
f 989 990 965
f 991 967 966
f 990 991 966
f 992 968 967
f 991 992 967
f 993 969 968
f 992 993 968
f 994 970 969
f 993 994 969
f 995 971 970
f 994 995 970
f 996 972 971
f 995 996 971
f 997 973 972
f 996 997 972
f 998 974 973
f 997 998 973
f 999 975 974
f 998 999 974
f 1000 976 975
f 999 1000 975
f 1001 977 976
f 1000 1001 976
f 1002 978 977
f 1001 1002 977
f 1003 979 978
f 1002 1003 978
f 980 956 979
f 1003 980 979
f 1005 956 957
f 1005 957 958
f 1005 958 959
f 1005 959 960
f 1005 960 961
f 1005 961 962
f 1005 962 963
f 1005 963 964
f 1005 964 965
f 1005 965 966
f 1005 966 967
f 1005 967 968
f 1005 968 969
f 1005 969 970
f 1005 970 971
f 1005 971 972
f 1005 972 973
f 1005 973 974
f 1005 974 975
f 1005 975 976
f 1005 976 977
f 1005 977 978
f 1005 978 979
f 1005 979 956
f 1004 981 980
f 1004 982 981
f 1004 983 982
f 1004 984 983
f 1004 985 984
f 1004 986 985
f 1004 987 986
f 1004 988 987
f 1004 989 988
f 1004 990 989
f 1004 991 990
f 1004 992 991
f 1004 993 992
f 1004 994 993
f 1004 995 994
f 1004 996 995
f 1004 997 996
f 1004 998 997
f 1004 999 998
f 1004 1000 999
f 1004 1001 1000
f 1004 1002 1001
f 1004 1003 1002
f 1004 980 1003
f 1109 1108 1084
f 1196 1195 1159
f 1160 1159 1195
f 1109 1084 1083
f 1110 1109 1083
f 1197 1196 1159
f 1161 1160 1195
f 1031 1030 1090
f 1091 1090 1030
f 1013 1012 1198
f 1110 1083 1082
f 1111 1110 1082
f 1061 1060 1096
f 1097 1096 1060
f 1014 1013 1198
f 1014 1198 1221
f 1014 1221 1220
f 1139 1138 1180
f 1174 1197 1159
f 1006 1174 1159
f 1006 1159 1158
f 1006 1158 1157
f 1162 1161 1195
f 1006 1157 1156
f 1007 1006 1156
f 1007 1156 1155
f 1007 1155 1154
f 1007 1154 1153
f 1014 1220 1219
f 1032 1031 1090
f 1092 1091 1030
f 1111 1082 1081
f 1112 1111 1081
f 1098 1097 1060
f 1133 1132 1102
f 1140 1139 1180
f 1175 1174 1006
f 1163 1162 1195
f 1062 1061 1096
f 1007 1153 1152
f 1133 1102 1125
f 1112 1081 1080
f 1033 1032 1090
f 1093 1092 1030
f 1113 1112 1080
f 1014 1219 1218
f 1134 1133 1125
f 1099 1098 1060
f 1141 1140 1180
f 1176 1175 1006
f 1164 1163 1195
f 1141 1180 1179
f 1134 1125 1124
f 1113 1080 1079
f 1114 1113 1079
f 1034 1033 1090
f 1094 1093 1030
f 1007 1152 1151
f 1008 1007 1151
f 1008 1151 1150
f 1008 1150 1173
f 1008 1173 1172
f 1008 1172 1171
f 1008 1171 1170
f 1135 1134 1124
f 1014 1218 1217
f 1015 1014 1217
f 1015 1217 1216
f 1015 1216 1215
f 1015 1215 1214
f 1015 1214 1213
f 1142 1141 1179
f 1100 1099 1060
f 1015 1213 1212
f 1063 1062 1096
f 1177 1176 1006
f 1165 1164 1195
f 1142 1179 1178
f 1135 1124 1123
f 1114 1079 1078
f 1115 1114 1078
f 1035 1034 1090
f 1095 1094 1030
f 1136 1135 1123
f 1008 1170 1169
f 1016 1015 1212
f 1016 1212 1211
f 1016 1211 1210
f 1016 1210 1209
f 1016 1209 1208
f 1143 1142 1178
f 1101 1100 1060
f 1178 1177 1006
f 1143 1178 1006
f 1143 1006 1029
f 1144 1143 1029
f 1145 1144 1029
f 1146 1145 1029
f 1147 1146 1029
f 1148 1147 1029
f 1149 1148 1029
f 1149 1029 1028
f 1126 1149 1028
f 1127 1126 1028
f 1128 1127 1028
f 1129 1128 1028
f 1130 1129 1028
f 1130 1028 1027
f 1131 1130 1027
f 1132 1131 1027
f 1102 1132 1027
f 1102 1027 1026
f 1103 1102 1026
f 1104 1103 1026
f 1104 1026 1025
f 1105 1104 1025
f 1106 1105 1025
f 1107 1106 1025
f 1108 1107 1025
f 1084 1108 1025
f 1084 1025 1024
f 1084 1024 1023
f 1084 1023 1022
f 1085 1084 1022
f 1085 1022 1021
f 1086 1085 1021
f 1087 1086 1021
f 1088 1087 1021
f 1089 1088 1021
f 1090 1089 1021
f 1035 1090 1021
f 1035 1021 1020
f 1035 1020 1019
f 1036 1035 1019
f 1037 1036 1019
f 1037 1019 1018
f 1038 1037 1018
f 1039 1038 1018
f 1040 1039 1018
f 1041 1040 1018
f 1042 1041 1018
f 1042 1018 1017
f 1043 1042 1017
f 1044 1043 1017
f 1045 1044 1017
f 1046 1045 1017
f 1047 1046 1017
f 1166 1165 1195
f 1136 1123 1122
f 1115 1078 1101
f 1115 1101 1060
f 1116 1115 1060
f 1116 1060 1059
f 1117 1116 1059
f 1118 1117 1059
f 1118 1059 1058
f 1119 1118 1058
f 1120 1119 1058
f 1137 1136 1122
f 1096 1095 1030
f 1063 1096 1030
f 1064 1063 1030
f 1065 1064 1030
f 1066 1065 1030
f 1067 1066 1030
f 1067 1030 1053
f 1067 1053 1052
f 1016 1208 1207
f 1048 1047 1017
f 1009 1008 1169
f 1009 1169 1168
f 1009 1168 1167
f 1009 1167 1166
f 1009 1166 1195
f 1010 1009 1195
f 1011 1010 1195
f 1012 1011 1195
f 1012 1195 1194
f 1012 1194 1193
f 1012 1193 1192
f 1012 1192 1191
f 1012 1191 1190
f 1012 1190 1189
f 1198 1012 1189
f 1198 1189 1188
f 1198 1188 1187
f 1198 1187 1186
f 1198 1186 1185
f 1198 1185 1184
f 1199 1198 1184
f 1121 1120 1058
f 1121 1058 1057
f 1199 1184 1183
f 1122 1121 1057
f 1137 1122 1057
f 1137 1057 1056
f 1138 1137 1056
f 1138 1056 1055
f 1067 1052 1051
f 1068 1067 1051
f 1068 1051 1050
f 1181 1180 1138
f 1138 1055 1054
f 1016 1207 1206
f 1200 1199 1183
f 1048 1017 1016
f 1049 1048 1016
f 1049 1016 1206
f 1050 1049 1206
f 1068 1050 1206
f 1068 1206 1205
f 1068 1205 1204
f 1069 1068 1204
f 1069 1204 1203
f 1069 1203 1202
f 1069 1202 1201
f 1070 1069 1201
f 1070 1201 1200
f 1070 1200 1183
f 1071 1070 1183
f 1072 1071 1183
f 1072 1183 1182
f 1073 1072 1182
f 1073 1182 1181
f 1074 1073 1181
f 1075 1074 1181
f 1138 1054 1077
f 1181 1138 1077
f 1181 1077 1076
f 1075 1181 1076
f 1006 1007 1223
f 1006 1223 1222
f 1007 1008 1224
f 1007 1224 1223
f 1008 1009 1225
f 1008 1225 1224
f 1009 1010 1226
f 1009 1226 1225
f 1010 1011 1227
f 1010 1227 1226
f 1011 1012 1228
f 1011 1228 1227
f 1012 1013 1229
f 1012 1229 1228
f 1013 1014 1230
f 1013 1230 1229
f 1014 1015 1231
f 1014 1231 1230
f 1015 1016 1232
f 1015 1232 1231
f 1016 1017 1233
f 1016 1233 1232
f 1017 1018 1234
f 1017 1234 1233
f 1018 1019 1235
f 1018 1235 1234
f 1019 1020 1236
f 1019 1236 1235
f 1020 1021 1237
f 1020 1237 1236
f 1021 1022 1238
f 1021 1238 1237
f 1022 1023 1239
f 1022 1239 1238
f 1023 1024 1240
f 1023 1240 1239
f 1024 1025 1241
f 1024 1241 1240
f 1025 1026 1242
f 1025 1242 1241
f 1026 1027 1243
f 1026 1243 1242
f 1027 1028 1244
f 1027 1244 1243
f 1028 1029 1245
f 1028 1245 1244
f 1029 1006 1222
f 1029 1222 1245
f 1030 1031 1247
f 1030 1247 1246
f 1031 1032 1248
f 1031 1248 1247
f 1032 1033 1249
f 1032 1249 1248
f 1033 1034 1250
f 1033 1250 1249
f 1034 1035 1251
f 1034 1251 1250
f 1035 1036 1252
f 1035 1252 1251
f 1036 1037 1253
f 1036 1253 1252
f 1037 1038 1254
f 1037 1254 1253
f 1038 1039 1255
f 1038 1255 1254
f 1039 1040 1256
f 1039 1256 1255
f 1040 1041 1257
f 1040 1257 1256
f 1041 1042 1258
f 1041 1258 1257
f 1042 1043 1259
f 1042 1259 1258
f 1043 1044 1260
f 1043 1260 1259
f 1044 1045 1261
f 1044 1261 1260
f 1045 1046 1262
f 1045 1262 1261
f 1046 1047 1263
f 1046 1263 1262
f 1047 1048 1264
f 1047 1264 1263
f 1048 1049 1265
f 1048 1265 1264
f 1049 1050 1266
f 1049 1266 1265
f 1050 1051 1267
f 1050 1267 1266
f 1051 1052 1268
f 1051 1268 1267
f 1052 1053 1269
f 1052 1269 1268
f 1053 1030 1246
f 1053 1246 1269
f 1054 1055 1271
f 1054 1271 1270
f 1055 1056 1272
f 1055 1272 1271
f 1056 1057 1273
f 1056 1273 1272
f 1057 1058 1274
f 1057 1274 1273
f 1058 1059 1275
f 1058 1275 1274
f 1059 1060 1276
f 1059 1276 1275
f 1060 1061 1277
f 1060 1277 1276
f 1061 1062 1278
f 1061 1278 1277
f 1062 1063 1279
f 1062 1279 1278
f 1063 1064 1280
f 1063 1280 1279
f 1064 1065 1281
f 1064 1281 1280
f 1065 1066 1282
f 1065 1282 1281
f 1066 1067 1283
f 1066 1283 1282
f 1067 1068 1284
f 1067 1284 1283
f 1068 1069 1285
f 1068 1285 1284
f 1069 1070 1286
f 1069 1286 1285
f 1070 1071 1287
f 1070 1287 1286
f 1071 1072 1288
f 1071 1288 1287
f 1072 1073 1289
f 1072 1289 1288
f 1073 1074 1290
f 1073 1290 1289
f 1074 1075 1291
f 1074 1291 1290
f 1075 1076 1292
f 1075 1292 1291
f 1076 1077 1293
f 1076 1293 1292
f 1077 1054 1270
f 1077 1270 1293
f 1078 1079 1295
f 1078 1295 1294
f 1079 1080 1296
f 1079 1296 1295
f 1080 1081 1297
f 1080 1297 1296
f 1081 1082 1298
f 1081 1298 1297
f 1082 1083 1299
f 1082 1299 1298
f 1083 1084 1300
f 1083 1300 1299
f 1084 1085 1301
f 1084 1301 1300
f 1085 1086 1302
f 1085 1302 1301
f 1086 1087 1303
f 1086 1303 1302
f 1087 1088 1304
f 1087 1304 1303
f 1088 1089 1305
f 1088 1305 1304
f 1089 1090 1306
f 1089 1306 1305
f 1090 1091 1307
f 1090 1307 1306
f 1091 1092 1308
f 1091 1308 1307
f 1092 1093 1309
f 1092 1309 1308
f 1093 1094 1310
f 1093 1310 1309
f 1094 1095 1311
f 1094 1311 1310
f 1095 1096 1312
f 1095 1312 1311
f 1096 1097 1313
f 1096 1313 1312
f 1097 1098 1314
f 1097 1314 1313
f 1098 1099 1315
f 1098 1315 1314
f 1099 1100 1316
f 1099 1316 1315
f 1100 1101 1317
f 1100 1317 1316
f 1101 1078 1294
f 1101 1294 1317
f 1102 1103 1319
f 1102 1319 1318
f 1103 1104 1320
f 1103 1320 1319
f 1104 1105 1321
f 1104 1321 1320
f 1105 1106 1322
f 1105 1322 1321
f 1106 1107 1323
f 1106 1323 1322
f 1107 1108 1324
f 1107 1324 1323
f 1108 1109 1325
f 1108 1325 1324
f 1109 1110 1326
f 1109 1326 1325
f 1110 1111 1327
f 1110 1327 1326
f 1111 1112 1328
f 1111 1328 1327
f 1112 1113 1329
f 1112 1329 1328
f 1113 1114 1330
f 1113 1330 1329
f 1114 1115 1331
f 1114 1331 1330
f 1115 1116 1332
f 1115 1332 1331
f 1116 1117 1333
f 1116 1333 1332
f 1117 1118 1334
f 1117 1334 1333
f 1118 1119 1335
f 1118 1335 1334
f 1119 1120 1336
f 1119 1336 1335
f 1120 1121 1337
f 1120 1337 1336
f 1121 1122 1338
f 1121 1338 1337
f 1122 1123 1339
f 1122 1339 1338
f 1123 1124 1340
f 1123 1340 1339
f 1124 1125 1341
f 1124 1341 1340
f 1125 1102 1318
f 1125 1318 1341
f 1126 1127 1343
f 1126 1343 1342
f 1127 1128 1344
f 1127 1344 1343
f 1128 1129 1345
f 1128 1345 1344
f 1129 1130 1346
f 1129 1346 1345
f 1130 1131 1347
f 1130 1347 1346
f 1131 1132 1348
f 1131 1348 1347
f 1132 1133 1349
f 1132 1349 1348
f 1133 1134 1350
f 1133 1350 1349
f 1134 1135 1351
f 1134 1351 1350
f 1135 1136 1352
f 1135 1352 1351
f 1136 1137 1353
f 1136 1353 1352
f 1137 1138 1354
f 1137 1354 1353
f 1138 1139 1355
f 1138 1355 1354
f 1139 1140 1356
f 1139 1356 1355
f 1140 1141 1357
f 1140 1357 1356
f 1141 1142 1358
f 1141 1358 1357
f 1142 1143 1359
f 1142 1359 1358
f 1143 1144 1360
f 1143 1360 1359
f 1144 1145 1361
f 1144 1361 1360
f 1145 1146 1362
f 1145 1362 1361
f 1146 1147 1363
f 1146 1363 1362
f 1147 1148 1364
f 1147 1364 1363
f 1148 1149 1365
f 1148 1365 1364
f 1149 1126 1342
f 1149 1342 1365
f 1150 1151 1367
f 1150 1367 1366
f 1151 1152 1368
f 1151 1368 1367
f 1152 1153 1369
f 1152 1369 1368
f 1153 1154 1370
f 1153 1370 1369
f 1154 1155 1371
f 1154 1371 1370
f 1155 1156 1372
f 1155 1372 1371
f 1156 1157 1373
f 1156 1373 1372
f 1157 1158 1374
f 1157 1374 1373
f 1158 1159 1375
f 1158 1375 1374
f 1159 1160 1376
f 1159 1376 1375
f 1160 1161 1377
f 1160 1377 1376
f 1161 1162 1378
f 1161 1378 1377
f 1162 1163 1379
f 1162 1379 1378
f 1163 1164 1380
f 1163 1380 1379
f 1164 1165 1381
f 1164 1381 1380
f 1165 1166 1382
f 1165 1382 1381
f 1166 1167 1383
f 1166 1383 1382
f 1167 1168 1384
f 1167 1384 1383
f 1168 1169 1385
f 1168 1385 1384
f 1169 1170 1386
f 1169 1386 1385
f 1170 1171 1387
f 1170 1387 1386
f 1171 1172 1388
f 1171 1388 1387
f 1172 1173 1389
f 1172 1389 1388
f 1173 1150 1366
f 1173 1366 1389
f 1174 1175 1391
f 1174 1391 1390
f 1175 1176 1392
f 1175 1392 1391
f 1176 1177 1393
f 1176 1393 1392
f 1177 1178 1394
f 1177 1394 1393
f 1178 1179 1395
f 1178 1395 1394
f 1179 1180 1396
f 1179 1396 1395
f 1180 1181 1397
f 1180 1397 1396
f 1181 1182 1398
f 1181 1398 1397
f 1182 1183 1399
f 1182 1399 1398
f 1183 1184 1400
f 1183 1400 1399
f 1184 1185 1401
f 1184 1401 1400
f 1185 1186 1402
f 1185 1402 1401
f 1186 1187 1403
f 1186 1403 1402
f 1187 1188 1404
f 1187 1404 1403
f 1188 1189 1405
f 1188 1405 1404
f 1189 1190 1406
f 1189 1406 1405
f 1190 1191 1407
f 1190 1407 1406
f 1191 1192 1408
f 1191 1408 1407
f 1192 1193 1409
f 1192 1409 1408
f 1193 1194 1410
f 1193 1410 1409
f 1194 1195 1411
f 1194 1411 1410
f 1195 1196 1412
f 1195 1412 1411
f 1196 1197 1413
f 1196 1413 1412
f 1197 1174 1390
f 1197 1390 1413
f 1198 1199 1415
f 1198 1415 1414
f 1199 1200 1416
f 1199 1416 1415
f 1200 1201 1417
f 1200 1417 1416
f 1201 1202 1418
f 1201 1418 1417
f 1202 1203 1419
f 1202 1419 1418
f 1203 1204 1420
f 1203 1420 1419
f 1204 1205 1421
f 1204 1421 1420
f 1205 1206 1422
f 1205 1422 1421
f 1206 1207 1423
f 1206 1423 1422
f 1207 1208 1424
f 1207 1424 1423
f 1208 1209 1425
f 1208 1425 1424
f 1209 1210 1426
f 1209 1426 1425
f 1210 1211 1427
f 1210 1427 1426
f 1211 1212 1428
f 1211 1428 1427
f 1212 1213 1429
f 1212 1429 1428
f 1213 1214 1430
f 1213 1430 1429
f 1214 1215 1431
f 1214 1431 1430
f 1215 1216 1432
f 1215 1432 1431
f 1216 1217 1433
f 1216 1433 1432
f 1217 1218 1434
f 1217 1434 1433
f 1218 1219 1435
f 1218 1435 1434
f 1219 1220 1436
f 1219 1436 1435
f 1220 1221 1437
f 1220 1437 1436
f 1221 1198 1414
f 1221 1414 1437
f 1300 1324 1325
f 1375 1411 1412
f 1411 1375 1376
f 1299 1300 1325
f 1299 1325 1326
f 1375 1412 1413
f 1411 1376 1377
f 1306 1246 1247
f 1246 1306 1307
f 1414 1228 1229
f 1298 1299 1326
f 1298 1326 1327
f 1312 1276 1277
f 1276 1312 1313
f 1414 1229 1230
f 1437 1414 1230
f 1436 1437 1230
f 1396 1354 1355
f 1375 1413 1390
f 1375 1390 1222
f 1374 1375 1222
f 1373 1374 1222
f 1411 1377 1378
f 1372 1373 1222
f 1372 1222 1223
f 1371 1372 1223
f 1370 1371 1223
f 1369 1370 1223
f 1435 1436 1230
f 1306 1247 1248
f 1246 1307 1308
f 1297 1298 1327
f 1297 1327 1328
f 1276 1313 1314
f 1318 1348 1349
f 1396 1355 1356
f 1222 1390 1391
f 1411 1378 1379
f 1312 1277 1278
f 1368 1369 1223
f 1341 1318 1349
f 1296 1297 1328
f 1306 1248 1249
f 1246 1308 1309
f 1296 1328 1329
f 1434 1435 1230
f 1341 1349 1350
f 1276 1314 1315
f 1396 1356 1357
f 1222 1391 1392
f 1411 1379 1380
f 1395 1396 1357
f 1340 1341 1350
f 1295 1296 1329
f 1295 1329 1330
f 1306 1249 1250
f 1246 1309 1310
f 1367 1368 1223
f 1367 1223 1224
f 1366 1367 1224
f 1389 1366 1224
f 1388 1389 1224
f 1387 1388 1224
f 1386 1387 1224
f 1340 1350 1351
f 1433 1434 1230
f 1433 1230 1231
f 1432 1433 1231
f 1431 1432 1231
f 1430 1431 1231
f 1429 1430 1231
f 1395 1357 1358
f 1276 1315 1316
f 1428 1429 1231
f 1312 1278 1279
f 1222 1392 1393
f 1411 1380 1381
f 1394 1395 1358
f 1339 1340 1351
f 1294 1295 1330
f 1294 1330 1331
f 1306 1250 1251
f 1246 1310 1311
f 1339 1351 1352
f 1385 1386 1224
f 1428 1231 1232
f 1427 1428 1232
f 1426 1427 1232
f 1425 1426 1232
f 1424 1425 1232
f 1394 1358 1359
f 1276 1316 1317
f 1222 1393 1394
f 1222 1394 1359
f 1245 1222 1359
f 1245 1359 1360
f 1245 1360 1361
f 1245 1361 1362
f 1245 1362 1363
f 1245 1363 1364
f 1245 1364 1365
f 1244 1245 1365
f 1244 1365 1342
f 1244 1342 1343
f 1244 1343 1344
f 1244 1344 1345
f 1244 1345 1346
f 1243 1244 1346
f 1243 1346 1347
f 1243 1347 1348
f 1243 1348 1318
f 1242 1243 1318
f 1242 1318 1319
f 1242 1319 1320
f 1241 1242 1320
f 1241 1320 1321
f 1241 1321 1322
f 1241 1322 1323
f 1241 1323 1324
f 1241 1324 1300
f 1240 1241 1300
f 1239 1240 1300
f 1238 1239 1300
f 1238 1300 1301
f 1237 1238 1301
f 1237 1301 1302
f 1237 1302 1303
f 1237 1303 1304
f 1237 1304 1305
f 1237 1305 1306
f 1237 1306 1251
f 1236 1237 1251
f 1235 1236 1251
f 1235 1251 1252
f 1235 1252 1253
f 1234 1235 1253
f 1234 1253 1254
f 1234 1254 1255
f 1234 1255 1256
f 1234 1256 1257
f 1234 1257 1258
f 1233 1234 1258
f 1233 1258 1259
f 1233 1259 1260
f 1233 1260 1261
f 1233 1261 1262
f 1233 1262 1263
f 1411 1381 1382
f 1338 1339 1352
f 1317 1294 1331
f 1276 1317 1331
f 1276 1331 1332
f 1275 1276 1332
f 1275 1332 1333
f 1275 1333 1334
f 1274 1275 1334
f 1274 1334 1335
f 1274 1335 1336
f 1338 1352 1353
f 1246 1311 1312
f 1246 1312 1279
f 1246 1279 1280
f 1246 1280 1281
f 1246 1281 1282
f 1246 1282 1283
f 1269 1246 1283
f 1268 1269 1283
f 1423 1424 1232
f 1233 1263 1264
f 1385 1224 1225
f 1384 1385 1225
f 1383 1384 1225
f 1382 1383 1225
f 1411 1382 1225
f 1411 1225 1226
f 1411 1226 1227
f 1411 1227 1228
f 1410 1411 1228
f 1409 1410 1228
f 1408 1409 1228
f 1407 1408 1228
f 1406 1407 1228
f 1405 1406 1228
f 1405 1228 1414
f 1404 1405 1414
f 1403 1404 1414
f 1402 1403 1414
f 1401 1402 1414
f 1400 1401 1414
f 1400 1414 1415
f 1274 1336 1337
f 1273 1274 1337
f 1399 1400 1415
f 1273 1337 1338
f 1273 1338 1353
f 1272 1273 1353
f 1272 1353 1354
f 1271 1272 1354
f 1267 1268 1283
f 1267 1283 1284
f 1266 1267 1284
f 1354 1396 1397
f 1270 1271 1354
f 1422 1423 1232
f 1399 1415 1416
f 1232 1233 1264
f 1232 1264 1265
f 1422 1232 1265
f 1422 1265 1266
f 1422 1266 1284
f 1421 1422 1284
f 1420 1421 1284
f 1420 1284 1285
f 1419 1420 1285
f 1418 1419 1285
f 1417 1418 1285
f 1417 1285 1286
f 1416 1417 1286
f 1399 1416 1286
f 1399 1286 1287
f 1399 1287 1288
f 1398 1399 1288
f 1398 1288 1289
f 1397 1398 1289
f 1397 1289 1290
f 1397 1290 1291
f 1293 1270 1354
f 1293 1354 1397
f 1292 1293 1397
f 1292 1397 1291
f 1438 1439 1447
f 1438 1447 1446
f 1439 1440 1448
f 1439 1448 1447
f 1440 1441 1449
f 1440 1449 1448
f 1441 1442 1450
f 1441 1450 1449
f 1442 1443 1451
f 1442 1451 1450
f 1443 1444 1452
f 1443 1452 1451
f 1444 1445 1453
f 1444 1453 1452
f 1445 1438 1446
f 1445 1446 1453
f 1446 1447 1455
f 1446 1455 1454
f 1447 1448 1456
f 1447 1456 1455
f 1448 1449 1457
f 1448 1457 1456
f 1449 1450 1458
f 1449 1458 1457
f 1450 1451 1459
f 1450 1459 1458
f 1451 1452 1460
f 1451 1460 1459
f 1452 1453 1461
f 1452 1461 1460
f 1453 1446 1454
f 1453 1454 1461
f 1454 1455 1463
f 1454 1463 1462
f 1455 1456 1464
f 1455 1464 1463
f 1456 1457 1465
f 1456 1465 1464
f 1457 1458 1466
f 1457 1466 1465
f 1458 1459 1467
f 1458 1467 1466
f 1459 1460 1468
f 1459 1468 1467
f 1460 1461 1469
f 1460 1469 1468
f 1461 1454 1462
f 1461 1462 1469
f 1462 1463 1471
f 1462 1471 1470
f 1463 1464 1472
f 1463 1472 1471
f 1464 1465 1473
f 1464 1473 1472
f 1465 1466 1474
f 1465 1474 1473
f 1466 1467 1475
f 1466 1475 1474
f 1467 1468 1476
f 1467 1476 1475
f 1468 1469 1477
f 1468 1477 1476
f 1469 1462 1470
f 1469 1470 1477
f 1470 1471 1479
f 1470 1479 1478
f 1471 1472 1480
f 1471 1480 1479
f 1472 1473 1481
f 1472 1481 1480
f 1473 1474 1482
f 1473 1482 1481
f 1474 1475 1483
f 1474 1483 1482
f 1475 1476 1484
f 1475 1484 1483
f 1476 1477 1485
f 1476 1485 1484
f 1477 1470 1478
f 1477 1478 1485
f 1478 1479 1487
f 1478 1487 1486
f 1479 1480 1488
f 1479 1488 1487
f 1480 1481 1489
f 1480 1489 1488
f 1481 1482 1490
f 1481 1490 1489
f 1482 1483 1491
f 1482 1491 1490
f 1483 1484 1492
f 1483 1492 1491
f 1484 1485 1493
f 1484 1493 1492
f 1485 1478 1486
f 1485 1486 1493
f 1494 1503 1495
f 1494 1502 1503
f 1495 1504 1496
f 1495 1503 1504
f 1496 1505 1497
f 1496 1504 1505
f 1497 1506 1498
f 1497 1505 1506
f 1498 1507 1499
f 1498 1506 1507
f 1499 1508 1500
f 1499 1507 1508
f 1500 1509 1501
f 1500 1508 1509
f 1501 1502 1494
f 1501 1509 1502
f 1502 1511 1503
f 1502 1510 1511
f 1503 1512 1504
f 1503 1511 1512
f 1504 1513 1505
f 1504 1512 1513
f 1505 1514 1506
f 1505 1513 1514
f 1506 1515 1507
f 1506 1514 1515
f 1507 1516 1508
f 1507 1515 1516
f 1508 1517 1509
f 1508 1516 1517
f 1509 1510 1502
f 1509 1517 1510
f 1510 1519 1511
f 1510 1518 1519
f 1511 1520 1512
f 1511 1519 1520
f 1512 1521 1513
f 1512 1520 1521
f 1513 1522 1514
f 1513 1521 1522
f 1514 1523 1515
f 1514 1522 1523
f 1515 1524 1516
f 1515 1523 1524
f 1516 1525 1517
f 1516 1524 1525
f 1517 1518 1510
f 1517 1525 1518
f 1518 1527 1519
f 1518 1526 1527
f 1519 1528 1520
f 1519 1527 1528
f 1520 1529 1521
f 1520 1528 1529
f 1521 1530 1522
f 1521 1529 1530
f 1522 1531 1523
f 1522 1530 1531
f 1523 1532 1524
f 1523 1531 1532
f 1524 1533 1525
f 1524 1532 1533
f 1525 1526 1518
f 1525 1533 1526
f 1526 1535 1527
f 1526 1534 1535
f 1527 1536 1528
f 1527 1535 1536
f 1528 1537 1529
f 1528 1536 1537
f 1529 1538 1530
f 1529 1537 1538
f 1530 1539 1531
f 1530 1538 1539
f 1531 1540 1532
f 1531 1539 1540
f 1532 1541 1533
f 1532 1540 1541
f 1533 1534 1526
f 1533 1541 1534
f 1534 1543 1535
f 1534 1542 1543
f 1535 1544 1536
f 1535 1543 1544
f 1536 1545 1537
f 1536 1544 1545
f 1537 1546 1538
f 1537 1545 1546
f 1538 1547 1539
f 1538 1546 1547
f 1539 1548 1540
f 1539 1547 1548
f 1540 1549 1541
f 1540 1548 1549
f 1541 1542 1534
f 1541 1549 1542
f 1438 1494 1495
f 1438 1495 1439
f 1439 1495 1496
f 1439 1496 1440
f 1440 1496 1497
f 1440 1497 1441
f 1441 1497 1498
f 1441 1498 1442
f 1442 1498 1499
f 1442 1499 1443
f 1443 1499 1500
f 1443 1500 1444
f 1444 1500 1501
f 1444 1501 1445
f 1445 1501 1494
f 1445 1494 1438
f 1574 1575 1583
f 1574 1583 1582
f 1575 1576 1584
f 1575 1584 1583
f 1576 1577 1585
f 1576 1585 1584
f 1577 1578 1586
f 1577 1586 1585
f 1578 1579 1587
f 1578 1587 1586
f 1579 1580 1588
f 1579 1588 1587
f 1580 1581 1589
f 1580 1589 1588
f 1581 1574 1582
f 1581 1582 1589
f 1550 1551 1552
f 1550 1552 1553
f 1550 1554 1555
f 1550 1555 1551
f 1551 1555 1556
f 1551 1556 1552
f 1552 1556 1557
f 1552 1557 1553
f 1553 1557 1554
f 1553 1554 1550
f 1554 1557 1556
f 1554 1556 1555
f 1558 1486 1487
f 1487 1559 1558
f 1567 1543 1542
f 1542 1566 1567
f 1559 1487 1488
f 1488 1560 1559
f 1568 1544 1543
f 1543 1567 1568
f 1560 1488 1489
f 1489 1561 1560
f 1569 1545 1544
f 1544 1568 1569
f 1561 1489 1490
f 1490 1562 1561
f 1570 1546 1545
f 1545 1569 1570
f 1562 1490 1491
f 1491 1563 1562
f 1571 1547 1546
f 1546 1570 1571
f 1563 1491 1492
f 1492 1564 1563
f 1572 1548 1547
f 1547 1571 1572
f 1564 1492 1493
f 1493 1565 1564
f 1573 1549 1548
f 1548 1572 1573
f 1565 1493 1486
f 1486 1558 1565
f 1566 1542 1549
f 1549 1573 1566
f 1574 1558 1559
f 1559 1575 1574
f 1583 1567 1566
f 1566 1582 1583
f 1575 1559 1560
f 1560 1576 1575
f 1584 1568 1567
f 1567 1583 1584
f 1576 1560 1561
f 1561 1577 1576
f 1585 1569 1568
f 1568 1584 1585
f 1577 1561 1562
f 1562 1578 1577
f 1586 1570 1569
f 1569 1585 1586
f 1578 1562 1563
f 1563 1579 1578
f 1587 1571 1570
f 1570 1586 1587
f 1579 1563 1564
f 1564 1580 1579
f 1588 1572 1571
f 1571 1587 1588
f 1580 1564 1565
f 1565 1581 1580
f 1589 1573 1572
f 1572 1588 1589
f 1581 1565 1558
f 1558 1574 1581
f 1582 1566 1573
f 1573 1589 1582
f 1599 1591 1590
f 1598 1599 1590
f 1600 1592 1591
f 1599 1600 1591
f 1601 1593 1592
f 1600 1601 1592
f 1602 1594 1593
f 1601 1602 1593
f 1603 1595 1594
f 1602 1603 1594
f 1604 1596 1595
f 1603 1604 1595
f 1605 1597 1596
f 1604 1605 1596
f 1598 1590 1597
f 1605 1598 1597
f 1607 1599 1598
f 1606 1607 1598
f 1608 1600 1599
f 1607 1608 1599
f 1609 1601 1600
f 1608 1609 1600
f 1610 1602 1601
f 1609 1610 1601
f 1611 1603 1602
f 1610 1611 1602
f 1612 1604 1603
f 1611 1612 1603
f 1613 1605 1604
f 1612 1613 1604
f 1606 1598 1605
f 1613 1606 1605
f 1615 1607 1606
f 1614 1615 1606
f 1616 1608 1607
f 1615 1616 1607
f 1617 1609 1608
f 1616 1617 1608
f 1618 1610 1609
f 1617 1618 1609
f 1619 1611 1610
f 1618 1619 1610
f 1620 1612 1611
f 1619 1620 1611
f 1621 1613 1612
f 1620 1621 1612
f 1614 1606 1613
f 1621 1614 1613
f 1623 1615 1614
f 1622 1623 1614
f 1624 1616 1615
f 1623 1624 1615
f 1625 1617 1616
f 1624 1625 1616
f 1626 1618 1617
f 1625 1626 1617
f 1627 1619 1618
f 1626 1627 1618
f 1628 1620 1619
f 1627 1628 1619
f 1629 1621 1620
f 1628 1629 1620
f 1622 1614 1621
f 1629 1622 1621
f 1631 1623 1622
f 1630 1631 1622
f 1632 1624 1623
f 1631 1632 1623
f 1633 1625 1624
f 1632 1633 1624
f 1634 1626 1625
f 1633 1634 1625
f 1635 1627 1626
f 1634 1635 1626
f 1636 1628 1627
f 1635 1636 1627
f 1637 1629 1628
f 1636 1637 1628
f 1630 1622 1629
f 1637 1630 1629
f 1639 1631 1630
f 1638 1639 1630
f 1640 1632 1631
f 1639 1640 1631
f 1641 1633 1632
f 1640 1641 1632
f 1642 1634 1633
f 1641 1642 1633
f 1643 1635 1634
f 1642 1643 1634
f 1644 1636 1635
f 1643 1644 1635
f 1645 1637 1636
f 1644 1645 1636
f 1638 1630 1637
f 1645 1638 1637
f 1647 1655 1646
f 1655 1654 1646
f 1648 1656 1647
f 1656 1655 1647
f 1649 1657 1648
f 1657 1656 1648
f 1650 1658 1649
f 1658 1657 1649
f 1651 1659 1650
f 1659 1658 1650
f 1652 1660 1651
f 1660 1659 1651
f 1653 1661 1652
f 1661 1660 1652
f 1646 1654 1653
f 1654 1661 1653
f 1655 1663 1654
f 1663 1662 1654
f 1656 1664 1655
f 1664 1663 1655
f 1657 1665 1656
f 1665 1664 1656
f 1658 1666 1657
f 1666 1665 1657
f 1659 1667 1658
f 1667 1666 1658
f 1660 1668 1659
f 1668 1667 1659
f 1661 1669 1660
f 1669 1668 1660
f 1654 1662 1661
f 1662 1669 1661
f 1663 1671 1662
f 1671 1670 1662
f 1664 1672 1663
f 1672 1671 1663
f 1665 1673 1664
f 1673 1672 1664
f 1666 1674 1665
f 1674 1673 1665
f 1667 1675 1666
f 1675 1674 1666
f 1668 1676 1667
f 1676 1675 1667
f 1669 1677 1668
f 1677 1676 1668
f 1662 1670 1669
f 1670 1677 1669
f 1671 1679 1670
f 1679 1678 1670
f 1672 1680 1671
f 1680 1679 1671
f 1673 1681 1672
f 1681 1680 1672
f 1674 1682 1673
f 1682 1681 1673
f 1675 1683 1674
f 1683 1682 1674
f 1676 1684 1675
f 1684 1683 1675
f 1677 1685 1676
f 1685 1684 1676
f 1670 1678 1677
f 1678 1685 1677
f 1679 1687 1678
f 1687 1686 1678
f 1680 1688 1679
f 1688 1687 1679
f 1681 1689 1680
f 1689 1688 1680
f 1682 1690 1681
f 1690 1689 1681
f 1683 1691 1682
f 1691 1690 1682
f 1684 1692 1683
f 1692 1691 1683
f 1685 1693 1684
f 1693 1692 1684
f 1678 1686 1685
f 1686 1693 1685
f 1687 1695 1686
f 1695 1694 1686
f 1688 1696 1687
f 1696 1695 1687
f 1689 1697 1688
f 1697 1696 1688
f 1690 1698 1689
f 1698 1697 1689
f 1691 1699 1690
f 1699 1698 1690
f 1692 1700 1691
f 1700 1699 1691
f 1693 1701 1692
f 1701 1700 1692
f 1686 1694 1693
f 1694 1701 1693
f 1647 1646 1590
f 1591 1647 1590
f 1648 1647 1591
f 1592 1648 1591
f 1649 1648 1592
f 1593 1649 1592
f 1650 1649 1593
f 1594 1650 1593
f 1651 1650 1594
f 1595 1651 1594
f 1652 1651 1595
f 1596 1652 1595
f 1653 1652 1596
f 1597 1653 1596
f 1646 1653 1597
f 1590 1646 1597
f 1735 1727 1726
f 1734 1735 1726
f 1736 1728 1727
f 1735 1736 1727
f 1737 1729 1728
f 1736 1737 1728
f 1738 1730 1729
f 1737 1738 1729
f 1739 1731 1730
f 1738 1739 1730
f 1740 1732 1731
f 1739 1740 1731
f 1741 1733 1732
f 1740 1741 1732
f 1734 1726 1733
f 1741 1734 1733
f 1704 1703 1702
f 1705 1704 1702
f 1707 1706 1702
f 1703 1707 1702
f 1708 1707 1703
f 1704 1708 1703
f 1709 1708 1704
f 1705 1709 1704
f 1706 1709 1705
f 1702 1706 1705
f 1708 1709 1706
f 1707 1708 1706
f 1639 1638 1710
f 1710 1711 1639
f 1694 1695 1719
f 1719 1718 1694
f 1640 1639 1711
f 1711 1712 1640
f 1695 1696 1720
f 1720 1719 1695
f 1641 1640 1712
f 1712 1713 1641
f 1696 1697 1721
f 1721 1720 1696
f 1642 1641 1713
f 1713 1714 1642
f 1697 1698 1722
f 1722 1721 1697
f 1643 1642 1714
f 1714 1715 1643
f 1698 1699 1723
f 1723 1722 1698
f 1644 1643 1715
f 1715 1716 1644
f 1699 1700 1724
f 1724 1723 1699
f 1645 1644 1716
f 1716 1717 1645
f 1700 1701 1725
f 1725 1724 1700
f 1638 1645 1717
f 1717 1710 1638
f 1701 1694 1718
f 1718 1725 1701
f 1711 1710 1726
f 1726 1727 1711
f 1718 1719 1735
f 1735 1734 1718
f 1712 1711 1727
f 1727 1728 1712
f 1719 1720 1736
f 1736 1735 1719
f 1713 1712 1728
f 1728 1729 1713
f 1720 1721 1737
f 1737 1736 1720
f 1714 1713 1729
f 1729 1730 1714
f 1721 1722 1738
f 1738 1737 1721
f 1715 1714 1730
f 1730 1731 1715
f 1722 1723 1739
f 1739 1738 1722
f 1716 1715 1731
f 1731 1732 1716
f 1723 1724 1740
f 1740 1739 1723
f 1717 1716 1732
f 1732 1733 1717
f 1724 1725 1741
f 1741 1740 1724
f 1710 1717 1733
f 1733 1726 1710
f 1725 1718 1734
f 1734 1741 1725
f 1742 1743 1751
f 1742 1751 1750
f 1743 1744 1752
f 1743 1752 1751
f 1744 1745 1753
f 1744 1753 1752
f 1745 1746 1754
f 1745 1754 1753
f 1746 1747 1755
f 1746 1755 1754
f 1747 1748 1756
f 1747 1756 1755
f 1748 1749 1757
f 1748 1757 1756
f 1749 1742 1750
f 1749 1750 1757
f 1750 1751 1759
f 1750 1759 1758
f 1751 1752 1760
f 1751 1760 1759
f 1752 1753 1761
f 1752 1761 1760
f 1753 1754 1762
f 1753 1762 1761
f 1754 1755 1763
f 1754 1763 1762
f 1755 1756 1764
f 1755 1764 1763
f 1756 1757 1765
f 1756 1765 1764
f 1757 1750 1758
f 1757 1758 1765
f 1758 1759 1767
f 1758 1767 1766
f 1759 1760 1768
f 1759 1768 1767
f 1760 1761 1769
f 1760 1769 1768
f 1761 1762 1770
f 1761 1770 1769
f 1762 1763 1771
f 1762 1771 1770
f 1763 1764 1772
f 1763 1772 1771
f 1764 1765 1773
f 1764 1773 1772
f 1765 1758 1766
f 1765 1766 1773
f 1766 1767 1775
f 1766 1775 1774
f 1767 1768 1776
f 1767 1776 1775
f 1768 1769 1777
f 1768 1777 1776
f 1769 1770 1778
f 1769 1778 1777
f 1770 1771 1779
f 1770 1779 1778
f 1771 1772 1780
f 1771 1780 1779
f 1772 1773 1781
f 1772 1781 1780
f 1773 1766 1774
f 1773 1774 1781
f 1774 1775 1783
f 1774 1783 1782
f 1775 1776 1784
f 1775 1784 1783
f 1776 1777 1785
f 1776 1785 1784
f 1777 1778 1786
f 1777 1786 1785
f 1778 1779 1787
f 1778 1787 1786
f 1779 1780 1788
f 1779 1788 1787
f 1780 1781 1789
f 1780 1789 1788
f 1781 1774 1782
f 1781 1782 1789
f 1782 1783 1791
f 1782 1791 1790
f 1783 1784 1792
f 1783 1792 1791
f 1784 1785 1793
f 1784 1793 1792
f 1785 1786 1794
f 1785 1794 1793
f 1786 1787 1795
f 1786 1795 1794
f 1787 1788 1796
f 1787 1796 1795
f 1788 1789 1797
f 1788 1797 1796
f 1789 1782 1790
f 1789 1790 1797
f 1790 1791 1799
f 1790 1799 1798
f 1791 1792 1800
f 1791 1800 1799
f 1792 1793 1801
f 1792 1801 1800
f 1793 1794 1802
f 1793 1802 1801
f 1794 1795 1803
f 1794 1803 1802
f 1795 1796 1804
f 1795 1804 1803
f 1796 1797 1805
f 1796 1805 1804
f 1797 1790 1798
f 1797 1798 1805
f 1798 1799 1807
f 1798 1807 1806
f 1799 1800 1808
f 1799 1808 1807
f 1800 1801 1809
f 1800 1809 1808
f 1801 1802 1810
f 1801 1810 1809
f 1802 1803 1811
f 1802 1811 1810
f 1803 1804 1812
f 1803 1812 1811
f 1804 1805 1813
f 1804 1813 1812
f 1805 1798 1806
f 1805 1806 1813
f 1806 1807 1815
f 1806 1815 1814
f 1807 1808 1816
f 1807 1816 1815
f 1808 1809 1817
f 1808 1817 1816
f 1809 1810 1818
f 1809 1818 1817
f 1810 1811 1819
f 1810 1819 1818
f 1811 1812 1820
f 1811 1820 1819
f 1812 1813 1821
f 1812 1821 1820
f 1813 1806 1814
f 1813 1814 1821
f 1822 1823 1831
f 1822 1831 1830
f 1823 1824 1832
f 1823 1832 1831
f 1824 1825 1833
f 1824 1833 1832
f 1825 1826 1834
f 1825 1834 1833
f 1826 1827 1835
f 1826 1835 1834
f 1827 1828 1836
f 1827 1836 1835
f 1828 1829 1837
f 1828 1837 1836
f 1829 1822 1830
f 1829 1830 1837
f 1838 1839 1840
f 1838 1840 1841
f 1841 1845 1842
f 1841 1842 1838
f 1842 1845 1844
f 1842 1844 1843
f 1855 1847 1846
f 1854 1855 1846
f 1856 1848 1847
f 1855 1856 1847
f 1857 1849 1848
f 1856 1857 1848
f 1858 1850 1849
f 1857 1858 1849
f 1859 1851 1850
f 1858 1859 1850
f 1860 1852 1851
f 1859 1860 1851
f 1861 1853 1852
f 1860 1861 1852
f 1854 1846 1853
f 1861 1854 1853
f 1863 1855 1854
f 1862 1863 1854
f 1864 1856 1855
f 1863 1864 1855
f 1865 1857 1856
f 1864 1865 1856
f 1866 1858 1857
f 1865 1866 1857
f 1867 1859 1858
f 1866 1867 1858
f 1868 1860 1859
f 1867 1868 1859
f 1869 1861 1860
f 1868 1869 1860
f 1862 1854 1861
f 1869 1862 1861
f 1871 1863 1862
f 1870 1871 1862
f 1872 1864 1863
f 1871 1872 1863
f 1873 1865 1864
f 1872 1873 1864
f 1874 1866 1865
f 1873 1874 1865
f 1875 1867 1866
f 1874 1875 1866
f 1876 1868 1867
f 1875 1876 1867
f 1877 1869 1868
f 1876 1877 1868
f 1870 1862 1869
f 1877 1870 1869
f 1879 1871 1870
f 1878 1879 1870
f 1880 1872 1871
f 1879 1880 1871
f 1881 1873 1872
f 1880 1881 1872
f 1882 1874 1873
f 1881 1882 1873
f 1883 1875 1874
f 1882 1883 1874
f 1884 1876 1875
f 1883 1884 1875
f 1885 1877 1876
f 1884 1885 1876
f 1878 1870 1877
f 1885 1878 1877
f 1887 1879 1878
f 1886 1887 1878
f 1888 1880 1879
f 1887 1888 1879
f 1889 1881 1880
f 1888 1889 1880
f 1890 1882 1881
f 1889 1890 1881
f 1891 1883 1882
f 1890 1891 1882
f 1892 1884 1883
f 1891 1892 1883
f 1893 1885 1884
f 1892 1893 1884
f 1886 1878 1885
f 1893 1886 1885
f 1895 1887 1886
f 1894 1895 1886
f 1896 1888 1887
f 1895 1896 1887
f 1897 1889 1888
f 1896 1897 1888
f 1898 1890 1889
f 1897 1898 1889
f 1899 1891 1890
f 1898 1899 1890
f 1900 1892 1891
f 1899 1900 1891
f 1901 1893 1892
f 1900 1901 1892
f 1894 1886 1893
f 1901 1894 1893
f 1903 1895 1894
f 1902 1903 1894
f 1904 1896 1895
f 1903 1904 1895
f 1905 1897 1896
f 1904 1905 1896
f 1906 1898 1897
f 1905 1906 1897
f 1907 1899 1898
f 1906 1907 1898
f 1908 1900 1899
f 1907 1908 1899
f 1909 1901 1900
f 1908 1909 1900
f 1902 1894 1901
f 1909 1902 1901
f 1911 1903 1902
f 1910 1911 1902
f 1912 1904 1903
f 1911 1912 1903
f 1913 1905 1904
f 1912 1913 1904
f 1914 1906 1905
f 1913 1914 1905
f 1915 1907 1906
f 1914 1915 1906
f 1916 1908 1907
f 1915 1916 1907
f 1917 1909 1908
f 1916 1917 1908
f 1910 1902 1909
f 1917 1910 1909
f 1919 1911 1910
f 1918 1919 1910
f 1920 1912 1911
f 1919 1920 1911
f 1921 1913 1912
f 1920 1921 1912
f 1922 1914 1913
f 1921 1922 1913
f 1923 1915 1914
f 1922 1923 1914
f 1924 1916 1915
f 1923 1924 1915
f 1925 1917 1916
f 1924 1925 1916
f 1918 1910 1917
f 1925 1918 1917
f 1935 1927 1926
f 1934 1935 1926
f 1936 1928 1927
f 1935 1936 1927
f 1937 1929 1928
f 1936 1937 1928
f 1938 1930 1929
f 1937 1938 1929
f 1939 1931 1930
f 1938 1939 1930
f 1940 1932 1931
f 1939 1940 1931
f 1941 1933 1932
f 1940 1941 1932
f 1934 1926 1933
f 1941 1934 1933
f 1944 1943 1942
f 1945 1944 1942
f 1946 1949 1945
f 1942 1946 1945
f 1948 1949 1946
f 1947 1948 1946
f 1991 1983 1982
f 1990 1991 1982
f 1992 1984 1983
f 1991 1992 1983
f 1993 1985 1984
f 1992 1993 1984
f 1994 1986 1985
f 1993 1994 1985
f 1995 1987 1986
f 1994 1995 1986
f 1996 1988 1987
f 1995 1996 1987
f 1997 1989 1988
f 1996 1997 1988
f 1990 1982 1989
f 1997 1990 1989
f 1951 1950 1966
f 1966 1967 1951
f 1958 1959 1975
f 1975 1974 1958
f 1952 1951 1967
f 1967 1968 1952
f 1959 1960 1976
f 1976 1975 1959
f 1953 1952 1968
f 1968 1969 1953
f 1960 1961 1977
f 1977 1976 1960
f 1954 1953 1969
f 1969 1970 1954
f 1961 1962 1978
f 1978 1977 1961
f 1955 1954 1970
f 1970 1971 1955
f 1962 1963 1979
f 1979 1978 1962
f 1956 1955 1971
f 1971 1972 1956
f 1963 1964 1980
f 1980 1979 1963
f 1957 1956 1972
f 1972 1973 1957
f 1964 1965 1981
f 1981 1980 1964
f 1950 1957 1973
f 1973 1966 1950
f 1965 1958 1974
f 1974 1981 1965
f 1967 1966 1982
f 1982 1983 1967
f 1974 1975 1991
f 1991 1990 1974
f 1968 1967 1983
f 1983 1984 1968
f 1975 1976 1992
f 1992 1991 1975
f 1969 1968 1984
f 1984 1985 1969
f 1976 1977 1993
f 1993 1992 1976
f 1970 1969 1985
f 1985 1986 1970
f 1977 1978 1994
f 1994 1993 1977
f 1971 1970 1986
f 1986 1987 1971
f 1978 1979 1995
f 1995 1994 1978
f 1972 1971 1987
f 1987 1988 1972
f 1979 1980 1996
f 1996 1995 1979
f 1973 1972 1988
f 1988 1989 1973
f 1980 1981 1997
f 1997 1996 1980
f 1966 1973 1989
f 1989 1982 1966
f 1981 1974 1990
f 1990 1997 1981
f 2009 1999 1998
f 2008 2009 1998
f 2010 2000 1999
f 2009 2010 1999
f 2011 2001 2000
f 2010 2011 2000
f 2012 2002 2001
f 2011 2012 2001
f 2013 2003 2002
f 2012 2013 2002
f 2014 2004 2003
f 2013 2014 2003
f 2015 2005 2004
f 2014 2015 2004
f 2016 2006 2005
f 2015 2016 2005
f 2017 2007 2006
f 2016 2017 2006
f 2008 1998 2007
f 2017 2008 2007
f 2019 1998 1999
f 2019 1999 2000
f 2019 2000 2001
f 2019 2001 2002
f 2019 2002 2003
f 2019 2003 2004
f 2019 2004 2005
f 2019 2005 2006
f 2019 2006 2007
f 2019 2007 1998
f 2018 2009 2008
f 2018 2010 2009
f 2018 2011 2010
f 2018 2012 2011
f 2018 2013 2012
f 2018 2014 2013
f 2018 2015 2014
f 2018 2016 2015
f 2018 2017 2016
f 2018 2008 2017
f 2029 2021 2020
f 2028 2029 2020
f 2030 2022 2021
f 2029 2030 2021
f 2031 2023 2022
f 2030 2031 2022
f 2032 2024 2023
f 2031 2032 2023
f 2033 2025 2024
f 2032 2033 2024
f 2034 2026 2025
f 2033 2034 2025
f 2035 2027 2026
f 2034 2035 2026
f 2028 2020 2027
f 2035 2028 2027
f 2037 2045 2036
f 2045 2044 2036
f 2038 2046 2037
f 2046 2045 2037
f 2039 2047 2038
f 2047 2046 2038
f 2040 2048 2039
f 2048 2047 2039
f 2041 2049 2040
f 2049 2048 2040
f 2042 2050 2041
f 2050 2049 2041
f 2043 2051 2042
f 2051 2050 2042
f 2036 2044 2043
f 2044 2051 2043
f 2045 2029 2028
f 2044 2045 2028
f 2046 2030 2029
f 2045 2046 2029
f 2047 2031 2030
f 2046 2047 2030
f 2048 2032 2031
f 2047 2048 2031
f 2049 2033 2032
f 2048 2049 2032
f 2050 2034 2033
f 2049 2050 2033
f 2051 2035 2034
f 2050 2051 2034
f 2044 2028 2035
f 2051 2044 2035
f 2063 2053 2052
f 2062 2063 2052
f 2064 2054 2053
f 2063 2064 2053
f 2065 2055 2054
f 2064 2065 2054
f 2066 2056 2055
f 2065 2066 2055
f 2067 2057 2056
f 2066 2067 2056
f 2068 2058 2057
f 2067 2068 2057
f 2069 2059 2058
f 2068 2069 2058
f 2070 2060 2059
f 2069 2070 2059
f 2071 2061 2060
f 2070 2071 2060
f 2062 2052 2061
f 2071 2062 2061
f 2073 2052 2053
f 2073 2053 2054
f 2073 2054 2055
f 2073 2055 2056
f 2073 2056 2057
f 2073 2057 2058
f 2073 2058 2059
f 2073 2059 2060
f 2073 2060 2061
f 2073 2061 2052
f 2072 2063 2062
f 2072 2064 2063
f 2072 2065 2064
f 2072 2066 2065
f 2072 2067 2066
f 2072 2068 2067
f 2072 2069 2068
f 2072 2070 2069
f 2072 2071 2070
f 2072 2062 2071
f 2106 2107 2115
f 2106 2115 2114
f 2107 2108 2116
f 2107 2116 2115
f 2108 2109 2117
f 2108 2117 2116
f 2109 2110 2118
f 2109 2118 2117
f 2110 2111 2119
f 2110 2119 2118
f 2111 2112 2120
f 2111 2120 2119
f 2112 2113 2121
f 2112 2121 2120
f 2113 2106 2114
f 2113 2114 2121
f 2090 2074 2075
f 2075 2091 2090
f 2099 2083 2082
f 2082 2098 2099
f 2091 2075 2076
f 2076 2092 2091
f 2100 2084 2083
f 2083 2099 2100
f 2092 2076 2077
f 2077 2093 2092
f 2101 2085 2084
f 2084 2100 2101
f 2093 2077 2078
f 2078 2094 2093
f 2102 2086 2085
f 2085 2101 2102
f 2094 2078 2079
f 2079 2095 2094
f 2103 2087 2086
f 2086 2102 2103
f 2095 2079 2080
f 2080 2096 2095
f 2104 2088 2087
f 2087 2103 2104
f 2096 2080 2081
f 2081 2097 2096
f 2105 2089 2088
f 2088 2104 2105
f 2097 2081 2074
f 2074 2090 2097
f 2098 2082 2089
f 2089 2105 2098
f 2106 2090 2091
f 2091 2107 2106
f 2115 2099 2098
f 2098 2114 2115
f 2107 2091 2092
f 2092 2108 2107
f 2116 2100 2099
f 2099 2115 2116
f 2108 2092 2093
f 2093 2109 2108
f 2117 2101 2100
f 2100 2116 2117
f 2109 2093 2094
f 2094 2110 2109
f 2118 2102 2101
f 2101 2117 2118
f 2110 2094 2095
f 2095 2111 2110
f 2119 2103 2102
f 2102 2118 2119
f 2111 2095 2096
f 2096 2112 2111
f 2120 2104 2103
f 2103 2119 2120
f 2112 2096 2097
f 2097 2113 2112
f 2121 2105 2104
f 2104 2120 2121
f 2113 2097 2090
f 2090 2106 2113
f 2114 2098 2105
f 2105 2121 2114
f 2122 2123 2133
f 2122 2133 2132
f 2123 2124 2134
f 2123 2134 2133
f 2124 2125 2135
f 2124 2135 2134
f 2125 2126 2136
f 2125 2136 2135
f 2126 2127 2137
f 2126 2137 2136
f 2127 2128 2138
f 2127 2138 2137
f 2128 2129 2139
f 2128 2139 2138
f 2129 2130 2140
f 2129 2140 2139
f 2130 2131 2141
f 2130 2141 2140
f 2131 2122 2132
f 2131 2132 2141
f 2123 2122 2143
f 2124 2123 2143
f 2125 2124 2143
f 2126 2125 2143
f 2127 2126 2143
f 2128 2127 2143
f 2129 2128 2143
f 2130 2129 2143
f 2131 2130 2143
f 2122 2131 2143
f 2132 2133 2142
f 2133 2134 2142
f 2134 2135 2142
f 2135 2136 2142
f 2136 2137 2142
f 2137 2138 2142
f 2138 2139 2142
f 2139 2140 2142
f 2140 2141 2142
f 2141 2132 2142
f 2144 2145 2153
f 2144 2153 2152
f 2145 2146 2154
f 2145 2154 2153
f 2146 2147 2155
f 2146 2155 2154
f 2147 2148 2156
f 2147 2156 2155
f 2148 2149 2157
f 2148 2157 2156
f 2149 2150 2158
f 2149 2158 2157
f 2150 2151 2159
f 2150 2159 2158
f 2151 2144 2152
f 2151 2152 2159
f 2160 2169 2161
f 2160 2168 2169
f 2161 2170 2162
f 2161 2169 2170
f 2162 2171 2163
f 2162 2170 2171
f 2163 2172 2164
f 2163 2171 2172
f 2164 2173 2165
f 2164 2172 2173
f 2165 2174 2166
f 2165 2173 2174
f 2166 2175 2167
f 2166 2174 2175
f 2167 2168 2160
f 2167 2175 2168
f 2152 2153 2169
f 2152 2169 2168
f 2153 2154 2170
f 2153 2170 2169
f 2154 2155 2171
f 2154 2171 2170
f 2155 2156 2172
f 2155 2172 2171
f 2156 2157 2173
f 2156 2173 2172
f 2157 2158 2174
f 2157 2174 2173
f 2158 2159 2175
f 2158 2175 2174
f 2159 2152 2168
f 2159 2168 2175
f 2176 2177 2187
f 2176 2187 2186
f 2177 2178 2188
f 2177 2188 2187
f 2178 2179 2189
f 2178 2189 2188
f 2179 2180 2190
f 2179 2190 2189
f 2180 2181 2191
f 2180 2191 2190
f 2181 2182 2192
f 2181 2192 2191
f 2182 2183 2193
f 2182 2193 2192
f 2183 2184 2194
f 2183 2194 2193
f 2184 2185 2195
f 2184 2195 2194
f 2185 2176 2186
f 2185 2186 2195
f 2177 2176 2197
f 2178 2177 2197
f 2179 2178 2197
f 2180 2179 2197
f 2181 2180 2197
f 2182 2181 2197
f 2183 2182 2197
f 2184 2183 2197
f 2185 2184 2197
f 2176 2185 2197
f 2186 2187 2196
f 2187 2188 2196
f 2188 2189 2196
f 2189 2190 2196
f 2190 2191 2196
f 2191 2192 2196
f 2192 2193 2196
f 2193 2194 2196
f 2194 2195 2196
f 2195 2186 2196
f 2198 2199 2205
f 2198 2205 2204
f 2199 2200 2206
f 2199 2206 2205
f 2200 2201 2207
f 2200 2207 2206
f 2201 2202 2208
f 2201 2208 2207
f 2202 2203 2209
f 2202 2209 2208
f 2203 2198 2204
f 2203 2204 2209
f 2204 2205 2210
f 2205 2206 2210
f 2206 2207 2210
f 2207 2208 2210
f 2208 2209 2210
f 2209 2204 2210
f 2212 2213 2219
f 2212 2219 2218
f 2213 2214 2220
f 2213 2220 2219
f 2214 2215 2221
f 2214 2221 2220
f 2215 2216 2222
f 2215 2222 2221
f 2216 2217 2223
f 2216 2223 2222
f 2217 2212 2218
f 2217 2218 2223
f 2218 2219 2224
f 2219 2220 2224
f 2220 2221 2224
f 2221 2222 2224
f 2222 2223 2224
f 2223 2218 2224
f 2227 2228 2226
f 2228 2229 2226
f 2231 2232 2227
f 2232 2228 2227
f 2232 2233 2228
f 2233 2229 2228
f 2233 2230 2229
f 2230 2226 2229
f 2236 2235 2234
f 2237 2236 2234
f 2240 2239 2235
f 2236 2240 2235
f 2238 2241 2237
f 2234 2238 2237
f 2240 2241 2238
f 2239 2240 2238
f 2244 2243 2242
f 2245 2244 2242
f 2248 2247 2243
f 2244 2248 2243
f 2249 2248 2244
f 2245 2249 2244
f 2246 2249 2245
f 2242 2246 2245
f 2250 2251 2252
f 2250 2252 2253
f 2251 2255 2256
f 2251 2256 2252
f 2252 2256 2257
f 2252 2257 2253
f 2253 2257 2254
f 2253 2254 2250
f 2254 2257 2256
f 2254 2256 2255
f 2258 2259 2260
f 2258 2260 2261
f 2258 2262 2263
f 2258 2263 2259
f 2259 2263 2264
f 2259 2264 2260
f 2260 2264 2265
f 2260 2265 2261
f 2261 2265 2262
f 2261 2262 2258
f 2262 2265 2264
f 2262 2264 2263
f 2266 2267 2274
f 2266 2274 2273
f 2267 2268 2275
f 2267 2275 2274
f 2268 2269 2276
f 2268 2276 2275
f 2269 2270 2277
f 2269 2277 2276
f 2270 2271 2278
f 2270 2278 2277
f 2271 2272 2279
f 2271 2279 2278
f 2272 2266 2273
f 2272 2273 2279
f 2273 2274 2281
f 2273 2281 2280
f 2274 2275 2282
f 2274 2282 2281
f 2275 2276 2283
f 2275 2283 2282
f 2276 2277 2284
f 2276 2284 2283
f 2277 2278 2285
f 2277 2285 2284
f 2278 2279 2286
f 2278 2286 2285
f 2279 2273 2280
f 2279 2280 2286
f 2280 2281 2288
f 2280 2288 2287
f 2281 2282 2289
f 2281 2289 2288
f 2282 2283 2290
f 2282 2290 2289
f 2283 2284 2291
f 2283 2291 2290
f 2284 2285 2292
f 2284 2292 2291
f 2285 2286 2293
f 2285 2293 2292
f 2286 2280 2287
f 2286 2287 2293
f 2287 2288 2295
f 2287 2295 2294
f 2288 2289 2296
f 2288 2296 2295
f 2289 2290 2297
f 2289 2297 2296
f 2290 2291 2298
f 2290 2298 2297
f 2291 2292 2299
f 2291 2299 2298
f 2292 2293 2300
f 2292 2300 2299
f 2293 2287 2294
f 2293 2294 2300
f 2294 2295 2302
f 2294 2302 2301
f 2295 2296 2303
f 2295 2303 2302
f 2296 2297 2304
f 2296 2304 2303
f 2297 2298 2305
f 2297 2305 2304
f 2298 2299 2306
f 2298 2306 2305
f 2299 2300 2307
f 2299 2307 2306
f 2300 2294 2301
f 2300 2301 2307
f 2308 2316 2309
f 2308 2315 2316
f 2309 2317 2310
f 2309 2316 2317
f 2310 2318 2311
f 2310 2317 2318
f 2311 2319 2312
f 2311 2318 2319
f 2312 2320 2313
f 2312 2319 2320
f 2313 2321 2314
f 2313 2320 2321
f 2314 2315 2308
f 2314 2321 2315
f 2315 2323 2316
f 2315 2322 2323
f 2316 2324 2317
f 2316 2323 2324
f 2317 2325 2318
f 2317 2324 2325
f 2318 2326 2319
f 2318 2325 2326
f 2319 2327 2320
f 2319 2326 2327
f 2320 2328 2321
f 2320 2327 2328
f 2321 2322 2315
f 2321 2328 2322
f 2322 2330 2323
f 2322 2329 2330
f 2323 2331 2324
f 2323 2330 2331
f 2324 2332 2325
f 2324 2331 2332
f 2325 2333 2326
f 2325 2332 2333
f 2326 2334 2327
f 2326 2333 2334
f 2327 2335 2328
f 2327 2334 2335
f 2328 2329 2322
f 2328 2335 2329
f 2329 2337 2330
f 2329 2336 2337
f 2330 2338 2331
f 2330 2337 2338
f 2331 2339 2332
f 2331 2338 2339
f 2332 2340 2333
f 2332 2339 2340
f 2333 2341 2334
f 2333 2340 2341
f 2334 2342 2335
f 2334 2341 2342
f 2335 2336 2329
f 2335 2342 2336
f 2336 2344 2337
f 2336 2343 2344
f 2337 2345 2338
f 2337 2344 2345
f 2338 2346 2339
f 2338 2345 2346
f 2339 2347 2340
f 2339 2346 2347
f 2340 2348 2341
f 2340 2347 2348
f 2341 2349 2342
f 2341 2348 2349
f 2342 2343 2336
f 2342 2349 2343
f 2301 2302 2344
f 2301 2344 2343
f 2302 2303 2345
f 2302 2345 2344
f 2303 2304 2346
f 2303 2346 2345
f 2304 2305 2347
f 2304 2347 2346
f 2305 2306 2348
f 2305 2348 2347
f 2306 2307 2349
f 2306 2349 2348
f 2307 2301 2343
f 2307 2343 2349
f 2350 2351 2358
f 2350 2358 2357
f 2351 2352 2359
f 2351 2359 2358
f 2352 2353 2360
f 2352 2360 2359
f 2353 2354 2361
f 2353 2361 2360
f 2354 2355 2362
f 2354 2362 2361
f 2355 2356 2363
f 2355 2363 2362
f 2356 2350 2357
f 2356 2357 2363
f 2357 2358 2365
f 2357 2365 2364
f 2358 2359 2366
f 2358 2366 2365
f 2359 2360 2367
f 2359 2367 2366
f 2360 2361 2368
f 2360 2368 2367
f 2361 2362 2369
f 2361 2369 2368
f 2362 2363 2370
f 2362 2370 2369
f 2363 2357 2364
f 2363 2364 2370
f 2364 2365 2372
f 2364 2372 2371
f 2365 2366 2373
f 2365 2373 2372
f 2366 2367 2374
f 2366 2374 2373
f 2367 2368 2375
f 2367 2375 2374
f 2368 2369 2376
f 2368 2376 2375
f 2369 2370 2377
f 2369 2377 2376
f 2370 2364 2371
f 2370 2371 2377
f 2371 2372 2379
f 2371 2379 2378
f 2372 2373 2380
f 2372 2380 2379
f 2373 2374 2381
f 2373 2381 2380
f 2374 2375 2382
f 2374 2382 2381
f 2375 2376 2383
f 2375 2383 2382
f 2376 2377 2384
f 2376 2384 2383
f 2377 2371 2378
f 2377 2378 2384
f 2378 2379 2386
f 2378 2386 2385
f 2379 2380 2387
f 2379 2387 2386
f 2380 2381 2388
f 2380 2388 2387
f 2381 2382 2389
f 2381 2389 2388
f 2382 2383 2390
f 2382 2390 2389
f 2383 2384 2391
f 2383 2391 2390
f 2384 2378 2385
f 2384 2385 2391
f 2392 2400 2393
f 2392 2399 2400
f 2393 2401 2394
f 2393 2400 2401
f 2394 2402 2395
f 2394 2401 2402
f 2395 2403 2396
f 2395 2402 2403
f 2396 2404 2397
f 2396 2403 2404
f 2397 2405 2398
f 2397 2404 2405
f 2398 2399 2392
f 2398 2405 2399
f 2399 2407 2400
f 2399 2406 2407
f 2400 2408 2401
f 2400 2407 2408
f 2401 2409 2402
f 2401 2408 2409
f 2402 2410 2403
f 2402 2409 2410
f 2403 2411 2404
f 2403 2410 2411
f 2404 2412 2405
f 2404 2411 2412
f 2405 2406 2399
f 2405 2412 2406
f 2406 2414 2407
f 2406 2413 2414
f 2407 2415 2408
f 2407 2414 2415
f 2408 2416 2409
f 2408 2415 2416
f 2409 2417 2410
f 2409 2416 2417
f 2410 2418 2411
f 2410 2417 2418
f 2411 2419 2412
f 2411 2418 2419
f 2412 2413 2406
f 2412 2419 2413
f 2413 2421 2414
f 2413 2420 2421
f 2414 2422 2415
f 2414 2421 2422
f 2415 2423 2416
f 2415 2422 2423
f 2416 2424 2417
f 2416 2423 2424
f 2417 2425 2418
f 2417 2424 2425
f 2418 2426 2419
f 2418 2425 2426
f 2419 2420 2413
f 2419 2426 2420
f 2420 2428 2421
f 2420 2427 2428
f 2421 2429 2422
f 2421 2428 2429
f 2422 2430 2423
f 2422 2429 2430
f 2423 2431 2424
f 2423 2430 2431
f 2424 2432 2425
f 2424 2431 2432
f 2425 2433 2426
f 2425 2432 2433
f 2426 2427 2420
f 2426 2433 2427
f 2385 2386 2428
f 2385 2428 2427
f 2386 2387 2429
f 2386 2429 2428
f 2387 2388 2430
f 2387 2430 2429
f 2388 2389 2431
f 2388 2431 2430
f 2389 2390 2432
f 2389 2432 2431
f 2390 2391 2433
f 2390 2433 2432
f 2391 2385 2427
f 2391 2427 2433
f 2435 2436 2437
f 2435 2437 2438
f 2435 2438 2439
f 2435 2439 2440
f 2434 2435 2440
f 2441 2434 2440
f 2443 2435 2434
f 2442 2443 2434
f 2444 2436 2435
f 2443 2444 2435
f 2445 2437 2436
f 2444 2445 2436
f 2446 2438 2437
f 2445 2446 2437
f 2447 2439 2438
f 2446 2447 2438
f 2448 2440 2439
f 2447 2448 2439
f 2449 2441 2440
f 2448 2449 2440
f 2442 2434 2441
f 2449 2442 2441
f 2451 2443 2442
f 2450 2451 2442
f 2452 2444 2443
f 2451 2452 2443
f 2453 2445 2444
f 2452 2453 2444
f 2454 2446 2445
f 2453 2454 2445
f 2455 2447 2446
f 2454 2455 2446
f 2456 2448 2447
f 2455 2456 2447
f 2457 2449 2448
f 2456 2457 2448
f 2450 2442 2449
f 2457 2450 2449
f 2459 2451 2450
f 2458 2459 2450
f 2460 2452 2451
f 2459 2460 2451
f 2461 2453 2452
f 2460 2461 2452
f 2462 2454 2453
f 2461 2462 2453
f 2463 2455 2454
f 2462 2463 2454
f 2464 2456 2455
f 2463 2464 2455
f 2465 2457 2456
f 2464 2465 2456
f 2458 2450 2457
f 2465 2458 2457
f 2467 2459 2458
f 2466 2467 2458
f 2468 2460 2459
f 2467 2468 2459
f 2469 2461 2460
f 2468 2469 2460
f 2470 2462 2461
f 2469 2470 2461
f 2471 2463 2462
f 2470 2471 2462
f 2472 2464 2463
f 2471 2472 2463
f 2473 2465 2464
f 2472 2473 2464
f 2466 2458 2465
f 2473 2466 2465
f 2475 2467 2466
f 2474 2475 2466
f 2476 2468 2467
f 2475 2476 2467
f 2477 2469 2468
f 2476 2477 2468
f 2478 2470 2469
f 2477 2478 2469
f 2479 2471 2470
f 2478 2479 2470
f 2480 2472 2471
f 2479 2480 2471
f 2481 2473 2472
f 2480 2481 2472
f 2474 2466 2473
f 2481 2474 2473
f 2483 2475 2474
f 2482 2483 2474
f 2484 2476 2475
f 2483 2484 2475
f 2485 2477 2476
f 2484 2485 2476
f 2486 2478 2477
f 2485 2486 2477
f 2487 2479 2478
f 2486 2487 2478
f 2488 2480 2479
f 2487 2488 2479
f 2489 2481 2480
f 2488 2489 2480
f 2482 2474 2481
f 2489 2482 2481
f 2485 2484 2483
f 2486 2485 2483
f 2487 2486 2483
f 2488 2487 2483
f 2488 2483 2482
f 2488 2482 2489
f 2491 2492 2493
f 2491 2493 2494
f 2491 2494 2495
f 2491 2495 2496
f 2490 2491 2496
f 2497 2490 2496
f 2499 2491 2490
f 2498 2499 2490
f 2500 2492 2491
f 2499 2500 2491
f 2501 2493 2492
f 2500 2501 2492
f 2502 2494 2493
f 2501 2502 2493
f 2503 2495 2494
f 2502 2503 2494
f 2504 2496 2495
f 2503 2504 2495
f 2505 2497 2496
f 2504 2505 2496
f 2498 2490 2497
f 2505 2498 2497
f 2501 2500 2499
f 2502 2501 2499
f 2503 2502 2499
f 2504 2503 2499
f 2504 2499 2498
f 2504 2498 2505
f 2507 2508 2509
f 2507 2509 2510
f 2507 2510 2511
f 2507 2511 2512
f 2506 2507 2512
f 2513 2506 2512
f 2515 2507 2506
f 2514 2515 2506
f 2516 2508 2507
f 2515 2516 2507
f 2517 2509 2508
f 2516 2517 2508
f 2518 2510 2509
f 2517 2518 2509
f 2519 2511 2510
f 2518 2519 2510
f 2520 2512 2511
f 2519 2520 2511
f 2521 2513 2512
f 2520 2521 2512
f 2514 2506 2513
f 2521 2514 2513
f 2517 2516 2515
f 2518 2517 2515
f 2519 2518 2515
f 2520 2519 2515
f 2520 2515 2514
f 2520 2514 2521
f 2523 2524 2525
f 2523 2525 2526
f 2523 2526 2527
f 2523 2527 2528
f 2522 2523 2528
f 2529 2522 2528
f 2531 2523 2522
f 2530 2531 2522
f 2532 2524 2523
f 2531 2532 2523
f 2533 2525 2524
f 2532 2533 2524
f 2534 2526 2525
f 2533 2534 2525
f 2535 2527 2526
f 2534 2535 2526
f 2536 2528 2527
f 2535 2536 2527
f 2537 2529 2528
f 2536 2537 2528
f 2530 2522 2529
f 2537 2530 2529
f 2533 2532 2531
f 2534 2533 2531
f 2535 2534 2531
f 2536 2535 2531
f 2536 2531 2530
f 2536 2530 2537
f 2539 2540 2541
f 2539 2541 2542
f 2539 2542 2543
f 2539 2543 2544
f 2538 2539 2544
f 2545 2538 2544
f 2547 2539 2538
f 2546 2547 2538
f 2548 2540 2539
f 2547 2548 2539
f 2549 2541 2540
f 2548 2549 2540
f 2550 2542 2541
f 2549 2550 2541
f 2551 2543 2542
f 2550 2551 2542
f 2552 2544 2543
f 2551 2552 2543
f 2553 2545 2544
f 2552 2553 2544
f 2546 2538 2545
f 2553 2546 2545
f 2549 2548 2547
f 2550 2549 2547
f 2551 2550 2547
f 2552 2551 2547
f 2552 2547 2546
f 2552 2546 2553
f 2555 2556 2557
f 2555 2557 2558
f 2555 2558 2559
f 2555 2559 2560
f 2554 2555 2560
f 2561 2554 2560
f 2563 2555 2554
f 2562 2563 2554
f 2564 2556 2555
f 2563 2564 2555
f 2565 2557 2556
f 2564 2565 2556
f 2566 2558 2557
f 2565 2566 2557
f 2567 2559 2558
f 2566 2567 2558
f 2568 2560 2559
f 2567 2568 2559
f 2569 2561 2560
f 2568 2569 2560
f 2562 2554 2561
f 2569 2562 2561
f 2565 2564 2563
f 2566 2565 2563
f 2567 2566 2563
f 2568 2567 2563
f 2568 2563 2562
f 2568 2562 2569
f 2571 2572 2573
f 2571 2573 2574
f 2571 2574 2575
f 2571 2575 2576
f 2570 2571 2576
f 2577 2570 2576
f 2579 2571 2570
f 2578 2579 2570
f 2580 2572 2571
f 2579 2580 2571
f 2581 2573 2572
f 2580 2581 2572
f 2582 2574 2573
f 2581 2582 2573
f 2583 2575 2574
f 2582 2583 2574
f 2584 2576 2575
f 2583 2584 2575
f 2585 2577 2576
f 2584 2585 2576
f 2578 2570 2577
f 2585 2578 2577
f 2581 2580 2579
f 2582 2581 2579
f 2583 2582 2579
f 2584 2583 2579
f 2584 2579 2578
f 2584 2578 2585
f 2587 2588 2589
f 2587 2589 2590
f 2587 2590 2591
f 2587 2591 2592
f 2586 2587 2592
f 2593 2586 2592
f 2595 2587 2586
f 2594 2595 2586
f 2596 2588 2587
f 2595 2596 2587
f 2597 2589 2588
f 2596 2597 2588
f 2598 2590 2589
f 2597 2598 2589
f 2599 2591 2590
f 2598 2599 2590
f 2600 2592 2591
f 2599 2600 2591
f 2601 2593 2592
f 2600 2601 2592
f 2594 2586 2593
f 2601 2594 2593
f 2597 2596 2595
f 2598 2597 2595
f 2599 2598 2595
f 2600 2599 2595
f 2600 2595 2594
f 2600 2594 2601
f 2603 2604 2605
f 2603 2605 2606
f 2603 2606 2607
f 2603 2607 2608
f 2602 2603 2608
f 2609 2602 2608
f 2611 2603 2602
f 2610 2611 2602
f 2612 2604 2603
f 2611 2612 2603
f 2613 2605 2604
f 2612 2613 2604
f 2614 2606 2605
f 2613 2614 2605
f 2615 2607 2606
f 2614 2615 2606
f 2616 2608 2607
f 2615 2616 2607
f 2617 2609 2608
f 2616 2617 2608
f 2610 2602 2609
f 2617 2610 2609
f 2613 2612 2611
f 2614 2613 2611
f 2615 2614 2611
f 2616 2615 2611
f 2616 2611 2610
f 2616 2610 2617
f 2619 2620 2621
f 2619 2621 2622
f 2619 2622 2623
f 2619 2623 2624
f 2618 2619 2624
f 2625 2618 2624
f 2627 2619 2618
f 2626 2627 2618
f 2628 2620 2619
f 2627 2628 2619
f 2629 2621 2620
f 2628 2629 2620
f 2630 2622 2621
f 2629 2630 2621
f 2631 2623 2622
f 2630 2631 2622
f 2632 2624 2623
f 2631 2632 2623
f 2633 2625 2624
f 2632 2633 2624
f 2626 2618 2625
f 2633 2626 2625
f 2629 2628 2627
f 2630 2629 2627
f 2631 2630 2627
f 2632 2631 2627
f 2632 2627 2626
f 2632 2626 2633
f 2636 2635 2634
f 2637 2636 2634
f 2639 2638 2634
f 2635 2639 2634
f 2640 2639 2635
f 2636 2640 2635
f 2641 2640 2636
f 2637 2641 2636
f 2638 2641 2637
f 2634 2638 2637
f 2640 2641 2638
f 2639 2640 2638
f 2650 2643 2642
f 2649 2650 2642
f 2651 2644 2643
f 2650 2651 2643
f 2652 2645 2644
f 2651 2652 2644
f 2653 2646 2645
f 2652 2653 2645
f 2654 2647 2646
f 2653 2654 2646
f 2655 2648 2647
f 2654 2655 2647
f 2649 2642 2648
f 2655 2649 2648
f 2657 2650 2649
f 2656 2657 2649
f 2658 2651 2650
f 2657 2658 2650
f 2659 2652 2651
f 2658 2659 2651
f 2660 2653 2652
f 2659 2660 2652
f 2661 2654 2653
f 2660 2661 2653
f 2662 2655 2654
f 2661 2662 2654
f 2656 2649 2655
f 2662 2656 2655
f 2664 2657 2656
f 2663 2664 2656
f 2665 2658 2657
f 2664 2665 2657
f 2666 2659 2658
f 2665 2666 2658
f 2667 2660 2659
f 2666 2667 2659
f 2668 2661 2660
f 2667 2668 2660
f 2669 2662 2661
f 2668 2669 2661
f 2663 2656 2662
f 2669 2663 2662
f 2671 2664 2663
f 2670 2671 2663
f 2672 2665 2664
f 2671 2672 2664
f 2673 2666 2665
f 2672 2673 2665
f 2674 2667 2666
f 2673 2674 2666
f 2675 2668 2667
f 2674 2675 2667
f 2676 2669 2668
f 2675 2676 2668
f 2670 2663 2669
f 2676 2670 2669
f 2678 2671 2670
f 2677 2678 2670
f 2679 2672 2671
f 2678 2679 2671
f 2680 2673 2672
f 2679 2680 2672
f 2681 2674 2673
f 2680 2681 2673
f 2682 2675 2674
f 2681 2682 2674
f 2683 2676 2675
f 2682 2683 2675
f 2677 2670 2676
f 2683 2677 2676
f 2685 2692 2684
f 2692 2691 2684
f 2686 2693 2685
f 2693 2692 2685
f 2687 2694 2686
f 2694 2693 2686
f 2688 2695 2687
f 2695 2694 2687
f 2689 2696 2688
f 2696 2695 2688
f 2690 2697 2689
f 2697 2696 2689
f 2684 2691 2690
f 2691 2697 2690
f 2692 2699 2691
f 2699 2698 2691
f 2693 2700 2692
f 2700 2699 2692
f 2694 2701 2693
f 2701 2700 2693
f 2695 2702 2694
f 2702 2701 2694
f 2696 2703 2695
f 2703 2702 2695
f 2697 2704 2696
f 2704 2703 2696
f 2691 2698 2697
f 2698 2704 2697
f 2699 2706 2698
f 2706 2705 2698
f 2700 2707 2699
f 2707 2706 2699
f 2701 2708 2700
f 2708 2707 2700
f 2702 2709 2701
f 2709 2708 2701
f 2703 2710 2702
f 2710 2709 2702
f 2704 2711 2703
f 2711 2710 2703
f 2698 2705 2704
f 2705 2711 2704
f 2706 2713 2705
f 2713 2712 2705
f 2707 2714 2706
f 2714 2713 2706
f 2708 2715 2707
f 2715 2714 2707
f 2709 2716 2708
f 2716 2715 2708
f 2710 2717 2709
f 2717 2716 2709
f 2711 2718 2710
f 2718 2717 2710
f 2705 2712 2711
f 2712 2718 2711
f 2713 2720 2712
f 2720 2719 2712
f 2714 2721 2713
f 2721 2720 2713
f 2715 2722 2714
f 2722 2721 2714
f 2716 2723 2715
f 2723 2722 2715
f 2717 2724 2716
f 2724 2723 2716
f 2718 2725 2717
f 2725 2724 2717
f 2712 2719 2718
f 2719 2725 2718
f 2720 2678 2677
f 2719 2720 2677
f 2721 2679 2678
f 2720 2721 2678
f 2722 2680 2679
f 2721 2722 2679
f 2723 2681 2680
f 2722 2723 2680
f 2724 2682 2681
f 2723 2724 2681
f 2725 2683 2682
f 2724 2725 2682
f 2719 2677 2683
f 2725 2719 2683
f 2734 2727 2726
f 2733 2734 2726
f 2735 2728 2727
f 2734 2735 2727
f 2736 2729 2728
f 2735 2736 2728
f 2737 2730 2729
f 2736 2737 2729
f 2738 2731 2730
f 2737 2738 2730
f 2739 2732 2731
f 2738 2739 2731
f 2733 2726 2732
f 2739 2733 2732
f 2741 2734 2733
f 2740 2741 2733
f 2742 2735 2734
f 2741 2742 2734
f 2743 2736 2735
f 2742 2743 2735
f 2744 2737 2736
f 2743 2744 2736
f 2745 2738 2737
f 2744 2745 2737
f 2746 2739 2738
f 2745 2746 2738
f 2740 2733 2739
f 2746 2740 2739
f 2748 2741 2740
f 2747 2748 2740
f 2749 2742 2741
f 2748 2749 2741
f 2750 2743 2742
f 2749 2750 2742
f 2751 2744 2743
f 2750 2751 2743
f 2752 2745 2744
f 2751 2752 2744
f 2753 2746 2745
f 2752 2753 2745
f 2747 2740 2746
f 2753 2747 2746
f 2755 2748 2747
f 2754 2755 2747
f 2756 2749 2748
f 2755 2756 2748
f 2757 2750 2749
f 2756 2757 2749
f 2758 2751 2750
f 2757 2758 2750
f 2759 2752 2751
f 2758 2759 2751
f 2760 2753 2752
f 2759 2760 2752
f 2754 2747 2753
f 2760 2754 2753
f 2762 2755 2754
f 2761 2762 2754
f 2763 2756 2755
f 2762 2763 2755
f 2764 2757 2756
f 2763 2764 2756
f 2765 2758 2757
f 2764 2765 2757
f 2766 2759 2758
f 2765 2766 2758
f 2767 2760 2759
f 2766 2767 2759
f 2761 2754 2760
f 2767 2761 2760
f 2769 2776 2768
f 2776 2775 2768
f 2770 2777 2769
f 2777 2776 2769
f 2771 2778 2770
f 2778 2777 2770
f 2772 2779 2771
f 2779 2778 2771
f 2773 2780 2772
f 2780 2779 2772
f 2774 2781 2773
f 2781 2780 2773
f 2768 2775 2774
f 2775 2781 2774
f 2776 2783 2775
f 2783 2782 2775
f 2777 2784 2776
f 2784 2783 2776
f 2778 2785 2777
f 2785 2784 2777
f 2779 2786 2778
f 2786 2785 2778
f 2780 2787 2779
f 2787 2786 2779
f 2781 2788 2780
f 2788 2787 2780
f 2775 2782 2781
f 2782 2788 2781
f 2783 2790 2782
f 2790 2789 2782
f 2784 2791 2783
f 2791 2790 2783
f 2785 2792 2784
f 2792 2791 2784
f 2786 2793 2785
f 2793 2792 2785
f 2787 2794 2786
f 2794 2793 2786
f 2788 2795 2787
f 2795 2794 2787
f 2782 2789 2788
f 2789 2795 2788
f 2790 2797 2789
f 2797 2796 2789
f 2791 2798 2790
f 2798 2797 2790
f 2792 2799 2791
f 2799 2798 2791
f 2793 2800 2792
f 2800 2799 2792
f 2794 2801 2793
f 2801 2800 2793
f 2795 2802 2794
f 2802 2801 2794
f 2789 2796 2795
f 2796 2802 2795
f 2797 2804 2796
f 2804 2803 2796
f 2798 2805 2797
f 2805 2804 2797
f 2799 2806 2798
f 2806 2805 2798
f 2800 2807 2799
f 2807 2806 2799
f 2801 2808 2800
f 2808 2807 2800
f 2802 2809 2801
f 2809 2808 2801
f 2796 2803 2802
f 2803 2809 2802
f 2804 2762 2761
f 2803 2804 2761
f 2805 2763 2762
f 2804 2805 2762
f 2806 2764 2763
f 2805 2806 2763
f 2807 2765 2764
f 2806 2807 2764
f 2808 2766 2765
f 2807 2808 2765
f 2809 2767 2766
f 2808 2809 2766
f 2803 2761 2767
f 2809 2803 2767
f 2812 2811 2810
f 2813 2812 2810
f 2816 2815 2811
f 2812 2816 2811
f 2817 2816 2812
f 2813 2817 2812
f 2814 2817 2813
f 2810 2814 2813
f 2816 2817 2814
f 2815 2816 2814
f 2820 2819 2818
f 2821 2820 2818
f 2824 2823 2819
f 2820 2824 2819
f 2825 2824 2820
f 2821 2825 2820
f 2822 2825 2821
f 2818 2822 2821
f 2824 2825 2822
f 2823 2824 2822
f 2827 2828 2835
f 2827 2835 2834
f 2828 2829 2836
f 2828 2836 2835
f 2829 2830 2837
f 2829 2837 2836
f 2830 2831 2838
f 2830 2838 2837
f 2831 2832 2839
f 2831 2839 2838
f 2833 2827 2834
f 2833 2834 2840
f 2834 2835 2842
f 2834 2842 2841
f 2835 2836 2843
f 2835 2843 2842
f 2836 2837 2844
f 2836 2844 2843
f 2837 2838 2845
f 2837 2845 2844
f 2838 2839 2846
f 2838 2846 2845
f 2840 2834 2841
f 2840 2841 2847
f 2841 2842 2849
f 2841 2849 2848
f 2842 2843 2850
f 2842 2850 2849
f 2843 2844 2851
f 2843 2851 2850
f 2844 2845 2852
f 2844 2852 2851
f 2845 2846 2853
f 2845 2853 2852
f 2847 2841 2848
f 2847 2848 2854
f 2848 2849 2856
f 2848 2856 2855
f 2849 2850 2857
f 2849 2857 2856
f 2850 2851 2858
f 2850 2858 2857
f 2851 2852 2859
f 2851 2859 2858
f 2852 2853 2860
f 2852 2860 2859
f 2854 2848 2855
f 2854 2855 2861
f 2855 2856 2863
f 2855 2863 2862
f 2856 2857 2864
f 2856 2864 2863
f 2857 2858 2865
f 2857 2865 2864
f 2858 2859 2866
f 2858 2866 2865
f 2859 2860 2867
f 2859 2867 2866
f 2861 2855 2862
f 2861 2862 2868
f 2862 2863 2870
f 2862 2870 2869
f 2863 2864 2871
f 2863 2871 2870
f 2864 2865 2872
f 2864 2872 2871
f 2865 2866 2873
f 2865 2873 2872
f 2866 2867 2874
f 2866 2874 2873
f 2868 2862 2869
f 2868 2869 2875
f 2869 2870 2876
f 2870 2871 2876
f 2871 2872 2876
f 2872 2873 2876
f 2873 2874 2876
f 2875 2869 2876
f 2878 2828 2827
f 2827 2877 2878
f 2879 2829 2828
f 2828 2878 2879
f 2880 2830 2829
f 2829 2879 2880
f 2881 2831 2830
f 2830 2880 2881
f 2882 2832 2831
f 2831 2881 2882
f 2877 2827 2833
f 2826 2882 2881
f 2826 2881 2880
f 2879 2826 2880
f 2878 2826 2879
f 2877 2826 2878
f 2884 2891 2883
f 2891 2890 2883
f 2885 2892 2884
f 2892 2891 2884
f 2886 2893 2885
f 2893 2892 2885
f 2887 2894 2886
f 2894 2893 2886
f 2888 2895 2887
f 2895 2894 2887
f 2883 2890 2889
f 2890 2896 2889
f 2883 2898 2884
f 2884 2898 2885
f 2885 2898 2886
f 2886 2898 2887
f 2887 2898 2888
f 2889 2898 2883
f 2890 2891 2897
f 2891 2892 2897
f 2892 2893 2897
f 2893 2894 2897
f 2894 2895 2897
f 2896 2890 2897
f 2899 2900 2901
f 2899 2901 2902
f 2899 2902 2903
f 2899 2903 2904
f 2899 2904 2905
f 2899 2905 2906
f 2899 2906 2907
f 2899 2907 2908
f 2899 2908 2909
f 2899 2909 2910
f 2899 2910 2911
f 2899 2911 2900
f 2900 2912 2913
f 2900 2913 2901
f 2901 2913 2914
f 2901 2914 2902
f 2902 2914 2915
f 2902 2915 2903
f 2903 2915 2916
f 2903 2916 2904
f 2904 2916 2917
f 2904 2917 2905
f 2905 2917 2918
f 2905 2918 2906
f 2906 2918 2919
f 2906 2919 2907
f 2907 2919 2920
f 2907 2920 2908
f 2908 2920 2921
f 2908 2921 2909
f 2909 2921 2922
f 2909 2922 2910
f 2910 2922 2923
f 2910 2923 2911
f 2911 2923 2912
f 2911 2912 2900
f 2912 2924 2925
f 2912 2925 2913
f 2913 2925 2926
f 2913 2926 2914
f 2914 2926 2927
f 2914 2927 2915
f 2915 2927 2928
f 2915 2928 2916
f 2916 2928 2929
f 2916 2929 2917
f 2917 2929 2930
f 2917 2930 2918
f 2918 2930 2931
f 2918 2931 2919
f 2919 2931 2932
f 2919 2932 2920
f 2920 2932 2933
f 2920 2933 2921
f 2921 2933 2934
f 2921 2934 2922
f 2922 2934 2935
f 2922 2935 2923
f 2923 2935 2924
f 2923 2924 2912
f 2936 2937 2938
f 2936 2938 2939
f 2936 2939 2940
f 2936 2940 2941
f 2936 2941 2942
f 2936 2942 2943
f 2936 2943 2944
f 2936 2944 2945
f 2936 2945 2946
f 2936 2946 2947
f 2936 2947 2948
f 2936 2948 2937
f 2937 2949 2950
f 2937 2950 2938
f 2938 2950 2951
f 2938 2951 2939
f 2939 2951 2952
f 2939 2952 2940
f 2940 2952 2953
f 2940 2953 2941
f 2941 2953 2954
f 2941 2954 2942
f 2942 2954 2955
f 2942 2955 2943
f 2943 2955 2956
f 2943 2956 2944
f 2944 2956 2957
f 2944 2957 2945
f 2945 2957 2958
f 2945 2958 2946
f 2946 2958 2959
f 2946 2959 2947
f 2947 2959 2960
f 2947 2960 2948
f 2948 2960 2949
f 2948 2949 2937
f 2949 2961 2962
f 2949 2962 2950
f 2950 2962 2963
f 2950 2963 2951
f 2951 2963 2964
f 2951 2964 2952
f 2952 2964 2965
f 2952 2965 2953
f 2953 2965 2966
f 2953 2966 2954
f 2954 2966 2967
f 2954 2967 2955
f 2955 2967 2968
f 2955 2968 2956
f 2956 2968 2969
f 2956 2969 2957
f 2957 2969 2970
f 2957 2970 2958
f 2958 2970 2971
f 2958 2971 2959
f 2959 2971 2972
f 2959 2972 2960
f 2960 2972 2961
f 2960 2961 2949
f 2973 2974 2978
f 2973 2978 2977
f 2974 2975 2979
f 2974 2979 2978
f 2975 2976 2980
f 2975 2980 2979
f 2976 2981 2980
f 2977 2978 2984
f 2977 2984 2983
f 2978 2979 2985
f 2978 2985 2984
f 2979 2980 2986
f 2979 2986 2985
f 2980 2981 2987
f 2980 2987 2986
f 2982 2977 2983
f 2982 2983 2988
f 2983 2984 2990
f 2983 2990 2989
f 2984 2985 2991
f 2984 2991 2990
f 2985 2986 2992
f 2985 2992 2991
f 2986 2987 2993
f 2986 2993 2992
f 2988 2983 2989
f 2988 2989 2994
f 2989 2990 2996
f 2989 2996 2995
f 2990 2991 2997
f 2990 2997 2996
f 2991 2992 2998
f 2991 2998 2997
f 2992 2993 2999
f 2992 2999 2998
f 2994 2989 2995
f 2994 2995 3000
f 2995 2996 3002
f 2995 3002 3001
f 2996 2997 3003
f 2996 3003 3002
f 2997 2998 3004
f 2997 3004 3003
f 2998 2999 3005
f 2998 3005 3004
f 3000 2995 3001
f 3000 3001 3006
f 3001 3002 3008
f 3001 3008 3007
f 3002 3003 3009
f 3002 3009 3008
f 3003 3004 3010
f 3003 3010 3009
f 3004 3005 3011
f 3004 3011 3010
f 3006 3001 3007
f 3006 3007 3012
f 3007 3008 3014
f 3007 3014 3013
f 3008 3009 3015
f 3008 3015 3014
f 3009 3010 3016
f 3009 3016 3015
f 3010 3011 3017
f 3010 3017 3016
f 3012 3007 3013
f 3012 3013 3018
f 3013 3014 3020
f 3013 3020 3019
f 3014 3015 3021
f 3014 3021 3020
f 3015 3016 3022
f 3015 3022 3021
f 3016 3017 3023
f 3016 3023 3022
f 3018 3013 3019
f 3018 3019 3024
f 3019 3020 3026
f 3019 3026 3025
f 3020 3021 3027
f 3020 3027 3026
f 3021 3022 3028
f 3021 3028 3027
f 3022 3023 3029
f 3022 3029 3028
f 3024 3019 3025
f 3024 3025 3030
f 3025 3026 3032
f 3025 3032 3031
f 3026 3027 3033
f 3026 3033 3032
f 3027 3028 3034
f 3027 3034 3033
f 3028 3029 3035
f 3028 3035 3034
f 3030 3025 3031
f 3030 3031 3036
f 3031 3032 3038
f 3031 3038 3037
f 3032 3033 3039
f 3032 3039 3038
f 3033 3034 3040
f 3033 3040 3039
f 3034 3035 3041
f 3034 3041 3040
f 3036 3031 3037
f 3036 3037 3042
f 3037 3038 3044
f 3037 3044 3043
f 3038 3039 3045
f 3038 3045 3044
f 3039 3040 3046
f 3039 3046 3045
f 3040 3041 3047
f 3040 3047 3046
f 3042 3037 3043
f 3042 3043 3048
f 3043 3044 3050
f 3043 3050 3049
f 3044 3045 3051
f 3044 3051 3050
f 3045 3046 3052
f 3045 3052 3051
f 3046 3047 3053
f 3046 3053 3052
f 3048 3043 3049
f 3048 3049 3054
f 3049 3050 3056
f 3049 3056 3055
f 3050 3051 3057
f 3050 3057 3056
f 3051 3052 3058
f 3051 3058 3057
f 3052 3053 3059
f 3052 3059 3058
f 3054 3049 3055
f 3054 3055 3060
f 3055 3056 3062
f 3055 3062 3061
f 3056 3057 3063
f 3056 3063 3062
f 3057 3058 3064
f 3057 3064 3063
f 3058 3059 3065
f 3058 3065 3064
f 3060 3055 3061
f 3060 3061 3066
f 3061 3062 3068
f 3061 3068 3067
f 3062 3063 3069
f 3062 3069 3068
f 3063 3064 3070
f 3063 3070 3069
f 3064 3065 3071
f 3064 3071 3070
f 3066 3061 3067
f 3066 3067 3072
f 3067 3068 3074
f 3067 3074 3073
f 3068 3069 3075
f 3068 3075 3074
f 3069 3070 3076
f 3069 3076 3075
f 3072 3067 3073
f 2982 2973 2977
f 3076 3070 3071
f 3077 3078 3150
f 3077 3150 3149
f 3078 3079 3151
f 3078 3151 3150
f 3079 3080 3152
f 3079 3152 3151
f 3080 3081 3153
f 3080 3153 3152
f 3081 3082 3154
f 3081 3154 3153
f 3082 3083 3155
f 3082 3155 3154
f 3083 3084 3156
f 3083 3156 3155
f 3084 3085 3157
f 3084 3157 3156
f 3085 3086 3158
f 3085 3158 3157
f 3086 3087 3159
f 3086 3159 3158
f 3087 3088 3160
f 3087 3160 3159
f 3088 3089 3161
f 3088 3161 3160
f 3089 3090 3162
f 3089 3162 3161
f 3090 3091 3163
f 3090 3163 3162
f 3091 3092 3164
f 3091 3164 3163
f 3092 3093 3165
f 3092 3165 3164
f 3093 3094 3166
f 3093 3166 3165
f 3094 3095 3167
f 3094 3167 3166
f 3095 3096 3168
f 3095 3168 3167
f 3096 3097 3169
f 3096 3169 3168
f 3097 3098 3170
f 3097 3170 3169
f 3098 3099 3171
f 3098 3171 3170
f 3099 3100 3172
f 3099 3172 3171
f 3100 3101 3173
f 3100 3173 3172
f 3101 3102 3174
f 3101 3174 3173
f 3102 3103 3175
f 3102 3175 3174
f 3103 3104 3176
f 3103 3176 3175
f 3104 3105 3177
f 3104 3177 3176
f 3105 3106 3178
f 3105 3178 3177
f 3106 3107 3179
f 3106 3179 3178
f 3107 3108 3180
f 3107 3180 3179
f 3108 3109 3181
f 3108 3181 3180
f 3109 3110 3182
f 3109 3182 3181
f 3110 3111 3183
f 3110 3183 3182
f 3111 3112 3184
f 3111 3184 3183
f 3112 3113 3185
f 3112 3185 3184
f 3113 3114 3186
f 3113 3186 3185
f 3114 3115 3187
f 3114 3187 3186
f 3115 3116 3188
f 3115 3188 3187
f 3116 3117 3189
f 3116 3189 3188
f 3117 3118 3190
f 3117 3190 3189
f 3118 3119 3191
f 3118 3191 3190
f 3119 3120 3192
f 3119 3192 3191
f 3120 3121 3193
f 3120 3193 3192
f 3121 3122 3194
f 3121 3194 3193
f 3122 3123 3195
f 3122 3195 3194
f 3123 3124 3196
f 3123 3196 3195
f 3124 3125 3197
f 3124 3197 3196
f 3125 3126 3198
f 3125 3198 3197
f 3126 3127 3199
f 3126 3199 3198
f 3127 3128 3200
f 3127 3200 3199
f 3128 3129 3201
f 3128 3201 3200
f 3129 3130 3202
f 3129 3202 3201
f 3130 3131 3203
f 3130 3203 3202
f 3131 3132 3204
f 3131 3204 3203
f 3132 3133 3205
f 3132 3205 3204
f 3133 3134 3206
f 3133 3206 3205
f 3134 3135 3207
f 3134 3207 3206
f 3135 3136 3208
f 3135 3208 3207
f 3136 3137 3209
f 3136 3209 3208
f 3137 3138 3210
f 3137 3210 3209
f 3138 3139 3211
f 3138 3211 3210
f 3139 3140 3212
f 3139 3212 3211
f 3140 3141 3213
f 3140 3213 3212
f 3141 3142 3214
f 3141 3214 3213
f 3142 3143 3215
f 3142 3215 3214
f 3143 3144 3216
f 3143 3216 3215
f 3144 3145 3217
f 3144 3217 3216
f 3145 3146 3218
f 3145 3218 3217
f 3146 3147 3219
f 3146 3219 3218
f 3147 3148 3220
f 3147 3220 3219
f 3148 3077 3149
f 3148 3149 3220
f 3149 3150 3222
f 3149 3222 3221
f 3150 3151 3223
f 3150 3223 3222
f 3151 3152 3224
f 3151 3224 3223
f 3152 3153 3225
f 3152 3225 3224
f 3153 3154 3226
f 3153 3226 3225
f 3154 3155 3227
f 3154 3227 3226
f 3155 3156 3228
f 3155 3228 3227
f 3156 3157 3229
f 3156 3229 3228
f 3157 3158 3230
f 3157 3230 3229
f 3158 3159 3231
f 3158 3231 3230
f 3159 3160 3232
f 3159 3232 3231
f 3160 3161 3233
f 3160 3233 3232
f 3161 3162 3234
f 3161 3234 3233
f 3162 3163 3235
f 3162 3235 3234
f 3163 3164 3236
f 3163 3236 3235
f 3164 3165 3237
f 3164 3237 3236
f 3165 3166 3238
f 3165 3238 3237
f 3166 3167 3239
f 3166 3239 3238
f 3167 3168 3240
f 3167 3240 3239
f 3168 3169 3241
f 3168 3241 3240
f 3169 3170 3242
f 3169 3242 3241
f 3170 3171 3243
f 3170 3243 3242
f 3171 3172 3244
f 3171 3244 3243
f 3172 3173 3245
f 3172 3245 3244
f 3173 3174 3246
f 3173 3246 3245
f 3174 3175 3247
f 3174 3247 3246
f 3175 3176 3248
f 3175 3248 3247
f 3176 3177 3249
f 3176 3249 3248
f 3177 3178 3250
f 3177 3250 3249
f 3178 3179 3251
f 3178 3251 3250
f 3179 3180 3252
f 3179 3252 3251
f 3180 3181 3253
f 3180 3253 3252
f 3181 3182 3254
f 3181 3254 3253
f 3182 3183 3255
f 3182 3255 3254
f 3183 3184 3256
f 3183 3256 3255
f 3184 3185 3257
f 3184 3257 3256
f 3185 3186 3258
f 3185 3258 3257
f 3186 3187 3259
f 3186 3259 3258
f 3187 3188 3260
f 3187 3260 3259
f 3188 3189 3261
f 3188 3261 3260
f 3189 3190 3262
f 3189 3262 3261
f 3190 3191 3263
f 3190 3263 3262
f 3191 3192 3264
f 3191 3264 3263
f 3192 3193 3265
f 3192 3265 3264
f 3193 3194 3266
f 3193 3266 3265
f 3194 3195 3267
f 3194 3267 3266
f 3195 3196 3268
f 3195 3268 3267
f 3196 3197 3269
f 3196 3269 3268
f 3197 3198 3270
f 3197 3270 3269
f 3198 3199 3271
f 3198 3271 3270
f 3199 3200 3272
f 3199 3272 3271
f 3200 3201 3273
f 3200 3273 3272
f 3201 3202 3274
f 3201 3274 3273
f 3202 3203 3275
f 3202 3275 3274
f 3203 3204 3276
f 3203 3276 3275
f 3204 3205 3277
f 3204 3277 3276
f 3205 3206 3278
f 3205 3278 3277
f 3206 3207 3279
f 3206 3279 3278
f 3207 3208 3280
f 3207 3280 3279
f 3208 3209 3281
f 3208 3281 3280
f 3209 3210 3282
f 3209 3282 3281
f 3210 3211 3283
f 3210 3283 3282
f 3211 3212 3284
f 3211 3284 3283
f 3212 3213 3285
f 3212 3285 3284
f 3213 3214 3286
f 3213 3286 3285
f 3214 3215 3287
f 3214 3287 3286
f 3215 3216 3288
f 3215 3288 3287
f 3216 3217 3289
f 3216 3289 3288
f 3217 3218 3290
f 3217 3290 3289
f 3218 3219 3291
f 3218 3291 3290
f 3219 3220 3292
f 3219 3292 3291
f 3220 3149 3221
f 3220 3221 3292
f 3221 3222 3294
f 3221 3294 3293
f 3222 3223 3295
f 3222 3295 3294
f 3223 3224 3296
f 3223 3296 3295
f 3224 3225 3297
f 3224 3297 3296
f 3225 3226 3298
f 3225 3298 3297
f 3226 3227 3299
f 3226 3299 3298
f 3227 3228 3300
f 3227 3300 3299
f 3228 3229 3301
f 3228 3301 3300
f 3229 3230 3302
f 3229 3302 3301
f 3230 3231 3303
f 3230 3303 3302
f 3231 3232 3304
f 3231 3304 3303
f 3232 3233 3305
f 3232 3305 3304
f 3233 3234 3306
f 3233 3306 3305
f 3234 3235 3307
f 3234 3307 3306
f 3235 3236 3308
f 3235 3308 3307
f 3236 3237 3309
f 3236 3309 3308
f 3237 3238 3310
f 3237 3310 3309
f 3238 3239 3311
f 3238 3311 3310
f 3239 3240 3312
f 3239 3312 3311
f 3240 3241 3313
f 3240 3313 3312
f 3241 3242 3314
f 3241 3314 3313
f 3242 3243 3315
f 3242 3315 3314
f 3243 3244 3316
f 3243 3316 3315
f 3244 3245 3317
f 3244 3317 3316
f 3245 3246 3318
f 3245 3318 3317
f 3246 3247 3319
f 3246 3319 3318
f 3247 3248 3320
f 3247 3320 3319
f 3248 3249 3321
f 3248 3321 3320
f 3249 3250 3322
f 3249 3322 3321
f 3250 3251 3323
f 3250 3323 3322
f 3251 3252 3324
f 3251 3324 3323
f 3252 3253 3325
f 3252 3325 3324
f 3253 3254 3326
f 3253 3326 3325
f 3254 3255 3327
f 3254 3327 3326
f 3255 3256 3328
f 3255 3328 3327
f 3256 3257 3329
f 3256 3329 3328
f 3257 3258 3330
f 3257 3330 3329
f 3258 3259 3331
f 3258 3331 3330
f 3259 3260 3332
f 3259 3332 3331
f 3260 3261 3333
f 3260 3333 3332
f 3261 3262 3334
f 3261 3334 3333
f 3262 3263 3335
f 3262 3335 3334
f 3263 3264 3336
f 3263 3336 3335
f 3264 3265 3337
f 3264 3337 3336
f 3265 3266 3338
f 3265 3338 3337
f 3266 3267 3339
f 3266 3339 3338
f 3267 3268 3340
f 3267 3340 3339
f 3268 3269 3341
f 3268 3341 3340
f 3269 3270 3342
f 3269 3342 3341
f 3270 3271 3343
f 3270 3343 3342
f 3271 3272 3344
f 3271 3344 3343
f 3272 3273 3345
f 3272 3345 3344
f 3273 3274 3346
f 3273 3346 3345
f 3274 3275 3347
f 3274 3347 3346
f 3275 3276 3348
f 3275 3348 3347
f 3276 3277 3349
f 3276 3349 3348
f 3277 3278 3350
f 3277 3350 3349
f 3278 3279 3351
f 3278 3351 3350
f 3279 3280 3352
f 3279 3352 3351
f 3280 3281 3353
f 3280 3353 3352
f 3281 3282 3354
f 3281 3354 3353
f 3282 3283 3355
f 3282 3355 3354
f 3283 3284 3356
f 3283 3356 3355
f 3284 3285 3357
f 3284 3357 3356
f 3285 3286 3358
f 3285 3358 3357
f 3286 3287 3359
f 3286 3359 3358
f 3287 3288 3360
f 3287 3360 3359
f 3288 3289 3361
f 3288 3361 3360
f 3289 3290 3362
f 3289 3362 3361
f 3290 3291 3363
f 3290 3363 3362
f 3291 3292 3364
f 3291 3364 3363
f 3292 3221 3293
f 3292 3293 3364
f 3293 3294 3366
f 3293 3366 3365
f 3294 3295 3367
f 3294 3367 3366
f 3295 3296 3368
f 3295 3368 3367
f 3296 3297 3369
f 3296 3369 3368
f 3297 3298 3370
f 3297 3370 3369
f 3298 3299 3371
f 3298 3371 3370
f 3299 3300 3372
f 3299 3372 3371
f 3300 3301 3373
f 3300 3373 3372
f 3301 3302 3374
f 3301 3374 3373
f 3302 3303 3375
f 3302 3375 3374
f 3303 3304 3376
f 3303 3376 3375
f 3304 3305 3377
f 3304 3377 3376
f 3305 3306 3378
f 3305 3378 3377
f 3306 3307 3379
f 3306 3379 3378
f 3307 3308 3380
f 3307 3380 3379
f 3308 3309 3381
f 3308 3381 3380
f 3309 3310 3382
f 3309 3382 3381
f 3310 3311 3383
f 3310 3383 3382
f 3311 3312 3384
f 3311 3384 3383
f 3312 3313 3385
f 3312 3385 3384
f 3313 3314 3386
f 3313 3386 3385
f 3314 3315 3387
f 3314 3387 3386
f 3315 3316 3388
f 3315 3388 3387
f 3316 3317 3389
f 3316 3389 3388
f 3317 3318 3390
f 3317 3390 3389
f 3318 3319 3391
f 3318 3391 3390
f 3319 3320 3392
f 3319 3392 3391
f 3320 3321 3393
f 3320 3393 3392
f 3321 3322 3394
f 3321 3394 3393
f 3322 3323 3395
f 3322 3395 3394
f 3323 3324 3396
f 3323 3396 3395
f 3324 3325 3397
f 3324 3397 3396
f 3325 3326 3398
f 3325 3398 3397
f 3326 3327 3399
f 3326 3399 3398
f 3327 3328 3400
f 3327 3400 3399
f 3328 3329 3401
f 3328 3401 3400
f 3329 3330 3402
f 3329 3402 3401
f 3330 3331 3403
f 3330 3403 3402
f 3331 3332 3404
f 3331 3404 3403
f 3332 3333 3405
f 3332 3405 3404
f 3333 3334 3406
f 3333 3406 3405
f 3334 3335 3407
f 3334 3407 3406
f 3335 3336 3408
f 3335 3408 3407
f 3336 3337 3409
f 3336 3409 3408
f 3337 3338 3410
f 3337 3410 3409
f 3338 3339 3411
f 3338 3411 3410
f 3339 3340 3412
f 3339 3412 3411
f 3340 3341 3413
f 3340 3413 3412
f 3341 3342 3414
f 3341 3414 3413
f 3342 3343 3415
f 3342 3415 3414
f 3343 3344 3416
f 3343 3416 3415
f 3344 3345 3417
f 3344 3417 3416
f 3345 3346 3418
f 3345 3418 3417
f 3346 3347 3419
f 3346 3419 3418
f 3347 3348 3420
f 3347 3420 3419
f 3348 3349 3421
f 3348 3421 3420
f 3349 3350 3422
f 3349 3422 3421
f 3350 3351 3423
f 3350 3423 3422
f 3351 3352 3424
f 3351 3424 3423
f 3352 3353 3425
f 3352 3425 3424
f 3353 3354 3426
f 3353 3426 3425
f 3354 3355 3427
f 3354 3427 3426
f 3355 3356 3428
f 3355 3428 3427
f 3356 3357 3429
f 3356 3429 3428
f 3357 3358 3430
f 3357 3430 3429
f 3358 3359 3431
f 3358 3431 3430
f 3359 3360 3432
f 3359 3432 3431
f 3360 3361 3433
f 3360 3433 3432
f 3361 3362 3434
f 3361 3434 3433
f 3362 3363 3435
f 3362 3435 3434
f 3363 3364 3436
f 3363 3436 3435
f 3364 3293 3365
f 3364 3365 3436
f 3365 3366 3438
f 3365 3438 3437
f 3366 3367 3439
f 3366 3439 3438
f 3367 3368 3440
f 3367 3440 3439
f 3368 3369 3441
f 3368 3441 3440
f 3369 3370 3442
f 3369 3442 3441
f 3370 3371 3443
f 3370 3443 3442
f 3371 3372 3444
f 3371 3444 3443
f 3372 3373 3445
f 3372 3445 3444
f 3373 3374 3446
f 3373 3446 3445
f 3374 3375 3447
f 3374 3447 3446
f 3375 3376 3448
f 3375 3448 3447
f 3376 3377 3449
f 3376 3449 3448
f 3377 3378 3450
f 3377 3450 3449
f 3378 3379 3451
f 3378 3451 3450
f 3379 3380 3452
f 3379 3452 3451
f 3380 3381 3453
f 3380 3453 3452
f 3381 3382 3454
f 3381 3454 3453
f 3382 3383 3455
f 3382 3455 3454
f 3383 3384 3456
f 3383 3456 3455
f 3384 3385 3457
f 3384 3457 3456
f 3385 3386 3458
f 3385 3458 3457
f 3386 3387 3459
f 3386 3459 3458
f 3387 3388 3460
f 3387 3460 3459
f 3388 3389 3461
f 3388 3461 3460
f 3389 3390 3462
f 3389 3462 3461
f 3390 3391 3463
f 3390 3463 3462
f 3391 3392 3464
f 3391 3464 3463
f 3392 3393 3465
f 3392 3465 3464
f 3393 3394 3466
f 3393 3466 3465
f 3394 3395 3467
f 3394 3467 3466
f 3395 3396 3468
f 3395 3468 3467
f 3396 3397 3469
f 3396 3469 3468
f 3397 3398 3470
f 3397 3470 3469
f 3398 3399 3471
f 3398 3471 3470
f 3399 3400 3472
f 3399 3472 3471
f 3400 3401 3473
f 3400 3473 3472
f 3401 3402 3474
f 3401 3474 3473
f 3402 3403 3475
f 3402 3475 3474
f 3403 3404 3476
f 3403 3476 3475
f 3404 3405 3477
f 3404 3477 3476
f 3405 3406 3478
f 3405 3478 3477
f 3406 3407 3479
f 3406 3479 3478
f 3407 3408 3480
f 3407 3480 3479
f 3408 3409 3481
f 3408 3481 3480
f 3409 3410 3482
f 3409 3482 3481
f 3410 3411 3483
f 3410 3483 3482
f 3411 3412 3484
f 3411 3484 3483
f 3412 3413 3485
f 3412 3485 3484
f 3413 3414 3486
f 3413 3486 3485
f 3414 3415 3487
f 3414 3487 3486
f 3415 3416 3488
f 3415 3488 3487
f 3416 3417 3489
f 3416 3489 3488
f 3417 3418 3490
f 3417 3490 3489
f 3418 3419 3491
f 3418 3491 3490
f 3419 3420 3492
f 3419 3492 3491
f 3420 3421 3493
f 3420 3493 3492
f 3421 3422 3494
f 3421 3494 3493
f 3422 3423 3495
f 3422 3495 3494
f 3423 3424 3496
f 3423 3496 3495
f 3424 3425 3497
f 3424 3497 3496
f 3425 3426 3498
f 3425 3498 3497
f 3426 3427 3499
f 3426 3499 3498
f 3427 3428 3500
f 3427 3500 3499
f 3428 3429 3501
f 3428 3501 3500
f 3429 3430 3502
f 3429 3502 3501
f 3430 3431 3503
f 3430 3503 3502
f 3431 3432 3504
f 3431 3504 3503
f 3432 3433 3505
f 3432 3505 3504
f 3433 3434 3506
f 3433 3506 3505
f 3434 3435 3507
f 3434 3507 3506
f 3435 3436 3508
f 3435 3508 3507
f 3436 3365 3437
f 3436 3437 3508
f 3437 3438 3510
f 3437 3510 3509
f 3438 3439 3511
f 3438 3511 3510
f 3439 3440 3512
f 3439 3512 3511
f 3441 3442 3513
f 3443 3444 3514
f 3445 3446 3515
f 3446 3447 3516
f 3446 3516 3515
f 3447 3448 3517
f 3447 3517 3516
f 3448 3449 3518
f 3448 3518 3517
f 3449 3450 3519
f 3449 3519 3518
f 3451 3452 3520
f 3453 3454 3521
f 3455 3456 3522
f 3456 3457 3523
f 3456 3523 3522
f 3458 3459 3524
f 3460 3461 3525
f 3462 3463 3526
f 3464 3465 3527
f 3465 3466 3528
f 3465 3528 3527
f 3466 3467 3529
f 3466 3529 3528
f 3468 3469 3530
f 3470 3471 3531
f 3472 3473 3532
f 3473 3474 3533
f 3473 3533 3532
f 3474 3475 3534
f 3474 3534 3533
f 3475 3476 3535
f 3475 3535 3534
f 3476 3477 3536
f 3476 3536 3535
f 3478 3479 3537
f 3480 3481 3538
f 3482 3483 3539
f 3483 3484 3540
f 3483 3540 3539
f 3485 3486 3541
f 3487 3488 3542
f 3489 3490 3543
f 3491 3492 3544
f 3492 3493 3545
f 3492 3545 3544
f 3494 3495 3546
f 3496 3497 3547
f 3498 3499 3548
f 3499 3500 3549
f 3499 3549 3548
f 3500 3501 3550
f 3500 3550 3549
f 3501 3502 3551
f 3501 3551 3550
f 3502 3503 3552
f 3502 3552 3551
f 3504 3505 3553
f 3506 3507 3554
f 3508 3437 3509
f 3536 3478 3537
f 3536 3477 3478
f 3480 3537 3479
f 3538 3537 3480
f 3482 3539 3538
f 3538 3481 3482
f 3532 3531 3472
f 3531 3471 3472
f 3531 3530 3470
f 3530 3469 3470
f 3530 3529 3468
f 3529 3467 3468
f 3527 3463 3464
f 3526 3463 3527
f 3526 3525 3462
f 3525 3461 3462
f 3525 3524 3460
f 3524 3459 3460
f 3524 3523 3458
f 3523 3457 3458
f 3489 3542 3488
f 3489 3543 3542
f 3542 3541 3487
f 3487 3541 3486
f 3541 3540 3485
f 3485 3540 3484
f 3491 3543 3490
f 3491 3544 3543
f 3443 3513 3442
f 3443 3514 3513
f 3441 3513 3512
f 3512 3440 3441
f 3444 3445 3514
f 3514 3445 3515
f 3509 3554 3508
f 3508 3554 3507
f 3506 3554 3553
f 3553 3505 3506
f 3504 3553 3552
f 3552 3503 3504
f 3521 3455 3522
f 3521 3454 3455
f 3521 3520 3453
f 3520 3452 3453
f 3520 3519 3451
f 3519 3450 3451
f 3548 3547 3498
f 3498 3547 3497
f 3547 3546 3496
f 3496 3546 3495
f 3546 3545 3494
f 3494 3545 3493
f 3555 3533 3534
f 3555 3532 3533
f 3555 3531 3532
f 3555 3530 3531
f 3556 3529 3530
f 3557 3528 3529
f 3557 3527 3528
f 3558 3526 3527
f 3558 3525 3526
f 3559 3525 3558
f 3558 3527 3557
f 3557 3529 3556
f 3556 3530 3555
f 3560 3525 3559
f 3560 3524 3525
f 3560 3561 3523
f 3523 3524 3560
f 3561 3562 3523
f 3562 3522 3523
f 3562 3563 3522
f 3563 3521 3522
f 3563 3564 3520
f 3520 3521 3563
f 3564 3565 3520
f 3565 3519 3520
f 3565 3566 3518
f 3518 3519 3565
f 3566 3567 3518
f 3567 3517 3518
f 3567 3568 3517
f 3568 3516 3517
f 3568 3569 3516
f 3569 3515 3516
f 3569 3570 3515
f 3570 3514 3515
f 3570 3513 3514
f 3570 3512 3513
f 3570 3511 3512
f 3570 3510 3511
f 3570 3509 3510
f 3570 3554 3509
f 3570 3553 3554
f 3570 3552 3553
f 3570 3569 3552
f 3552 3569 3568
f 3552 3568 3551
f 3551 3568 3567
f 3551 3567 3550
f 3550 3567 3566
f 3550 3566 3549
f 3549 3566 3565
f 3549 3565 3548
f 3548 3565 3564
f 3548 3564 3547
f 3547 3564 3563
f 3547 3563 3546
f 3546 3563 3562
f 3546 3562 3545
f 3545 3562 3561
f 3545 3561 3544
f 3544 3561 3560
f 3544 3560 3543
f 3543 3560 3559
f 3543 3559 3542
f 3542 3559 3558
f 3542 3558 3541
f 3541 3558 3557
f 3541 3557 3540
f 3540 3557 3556
f 3540 3556 3539
f 3539 3556 3538
f 3538 3556 3555
f 3538 3555 3537
f 3555 3536 3537
f 3536 3555 3535
f 3535 3555 3534
f 3989 3988 3987
f 3989 3987 3986
f 3989 3986 3985
f 3989 3985 3984
f 3989 3984 3983
f 3989 3983 3982
f 3989 3982 3981
f 3989 3981 3980
f 3989 3980 3979
f 3989 3979 3978
f 3989 3978 3977
f 3989 3977 3976
f 3989 3976 3975
f 3989 3975 3974
f 3989 3974 3973
f 3989 3973 3972
f 3989 3972 3971
f 3989 3971 3970
f 3989 3970 3969
f 3989 3969 3968
f 3989 3968 3967
f 3989 3967 3966
f 3989 3966 3965
f 3989 3965 3964
f 3989 3964 3963
f 3989 3963 3962
f 3989 3962 3961
f 3989 3961 3960
f 3989 3960 3959
f 3990 3989 3959
f 3990 3959 3958
f 3990 3958 3957
f 3990 3957 3956
f 3990 3956 3955
f 3990 3955 3954
f 3991 3990 3954
f 3991 3954 3953
f 3991 3953 3952
f 3991 3952 3951
f 3991 3951 3950
f 3991 3950 3949
f 3991 3949 4002
f 3991 4002 4001
f 3992 3991 4001
f 3992 4001 4000
f 3992 4000 3999
f 3992 3999 3998
f 3993 3992 3998
f 3993 3998 3997
f 3993 3997 3996
f 3993 3996 3995
f 3994 3993 3995
f 3571 3572 3626
f 3571 3626 3625
f 3572 3573 3627
f 3572 3627 3626
f 3573 3574 3628
f 3573 3628 3627
f 3574 3575 3629
f 3574 3629 3628
f 3575 3576 3630
f 3575 3630 3629
f 3576 3577 3631
f 3576 3631 3630
f 3577 3578 3632
f 3577 3632 3631
f 3578 3579 3633
f 3578 3633 3632
f 3579 3580 3634
f 3579 3634 3633
f 3580 3581 3635
f 3580 3635 3634
f 3581 3582 3636
f 3581 3636 3635
f 3582 3583 3637
f 3582 3637 3636
f 3583 3584 3638
f 3583 3638 3637
f 3584 3585 3639
f 3584 3639 3638
f 3585 3586 3640
f 3585 3640 3639
f 3586 3587 3641
f 3586 3641 3640
f 3587 3588 3642
f 3587 3642 3641
f 3588 3589 3643
f 3588 3643 3642
f 3589 3590 3644
f 3589 3644 3643
f 3590 3591 3645
f 3590 3645 3644
f 3591 3592 3646
f 3591 3646 3645
f 3592 3593 3647
f 3592 3647 3646
f 3593 3594 3648
f 3593 3648 3647
f 3594 3595 3649
f 3594 3649 3648
f 3595 3596 3650
f 3595 3650 3649
f 3596 3597 3651
f 3596 3651 3650
f 3597 3598 3652
f 3597 3652 3651
f 3598 3599 3653
f 3598 3653 3652
f 3599 3600 3654
f 3599 3654 3653
f 3600 3601 3655
f 3600 3655 3654
f 3601 3602 3656
f 3601 3656 3655
f 3602 3603 3657
f 3602 3657 3656
f 3603 3604 3658
f 3603 3658 3657
f 3604 3605 3659
f 3604 3659 3658
f 3605 3606 3660
f 3605 3660 3659
f 3606 3607 3661
f 3606 3661 3660
f 3607 3608 3662
f 3607 3662 3661
f 3608 3609 3663
f 3608 3663 3662
f 3609 3610 3664
f 3609 3664 3663
f 3610 3611 3665
f 3610 3665 3664
f 3611 3612 3666
f 3611 3666 3665
f 3612 3613 3667
f 3612 3667 3666
f 3613 3614 3668
f 3613 3668 3667
f 3614 3615 3669
f 3614 3669 3668
f 3615 3616 3670
f 3615 3670 3669
f 3616 3617 3671
f 3616 3671 3670
f 3617 3618 3672
f 3617 3672 3671
f 3618 3619 3673
f 3618 3673 3672
f 3619 3620 3674
f 3619 3674 3673
f 3620 3621 3675
f 3620 3675 3674
f 3621 3622 3676
f 3621 3676 3675
f 3622 3623 3677
f 3622 3677 3676
f 3623 3624 3678
f 3623 3678 3677
f 3624 3571 3625
f 3624 3625 3678
f 3625 3626 3680
f 3625 3680 3679
f 3626 3627 3681
f 3626 3681 3680
f 3627 3628 3682
f 3627 3682 3681
f 3628 3629 3683
f 3628 3683 3682
f 3629 3630 3684
f 3629 3684 3683
f 3630 3631 3685
f 3630 3685 3684
f 3631 3632 3686
f 3631 3686 3685
f 3632 3633 3687
f 3632 3687 3686
f 3633 3634 3688
f 3633 3688 3687
f 3634 3635 3689
f 3634 3689 3688
f 3635 3636 3690
f 3635 3690 3689
f 3636 3637 3691
f 3636 3691 3690
f 3637 3638 3692
f 3637 3692 3691
f 3638 3639 3693
f 3638 3693 3692
f 3639 3640 3694
f 3639 3694 3693
f 3640 3641 3695
f 3640 3695 3694
f 3641 3642 3696
f 3641 3696 3695
f 3642 3643 3697
f 3642 3697 3696
f 3643 3644 3698
f 3643 3698 3697
f 3644 3645 3699
f 3644 3699 3698
f 3645 3646 3700
f 3645 3700 3699
f 3646 3647 3701
f 3646 3701 3700
f 3647 3648 3702
f 3647 3702 3701
f 3648 3649 3703
f 3648 3703 3702
f 3649 3650 3704
f 3649 3704 3703
f 3650 3651 3705
f 3650 3705 3704
f 3651 3652 3706
f 3651 3706 3705
f 3652 3653 3707
f 3652 3707 3706
f 3653 3654 3708
f 3653 3708 3707
f 3654 3655 3709
f 3654 3709 3708
f 3655 3656 3710
f 3655 3710 3709
f 3656 3657 3711
f 3656 3711 3710
f 3657 3658 3712
f 3657 3712 3711
f 3658 3659 3713
f 3658 3713 3712
f 3659 3660 3714
f 3659 3714 3713
f 3660 3661 3715
f 3660 3715 3714
f 3661 3662 3716
f 3661 3716 3715
f 3662 3663 3717
f 3662 3717 3716
f 3663 3664 3718
f 3663 3718 3717
f 3664 3665 3719
f 3664 3719 3718
f 3665 3666 3720
f 3665 3720 3719
f 3666 3667 3721
f 3666 3721 3720
f 3667 3668 3722
f 3667 3722 3721
f 3668 3669 3723
f 3668 3723 3722
f 3669 3670 3724
f 3669 3724 3723
f 3670 3671 3725
f 3670 3725 3724
f 3671 3672 3726
f 3671 3726 3725
f 3672 3673 3727
f 3672 3727 3726
f 3673 3674 3728
f 3673 3728 3727
f 3674 3675 3729
f 3674 3729 3728
f 3675 3676 3730
f 3675 3730 3729
f 3676 3677 3731
f 3676 3731 3730
f 3677 3678 3732
f 3677 3732 3731
f 3678 3625 3679
f 3678 3679 3732
f 3679 3680 3734
f 3679 3734 3733
f 3680 3681 3735
f 3680 3735 3734
f 3681 3682 3736
f 3681 3736 3735
f 3682 3683 3737
f 3682 3737 3736
f 3683 3684 3738
f 3683 3738 3737
f 3684 3685 3739
f 3684 3739 3738
f 3685 3686 3740
f 3685 3740 3739
f 3686 3687 3741
f 3686 3741 3740
f 3687 3688 3742
f 3687 3742 3741
f 3688 3689 3743
f 3688 3743 3742
f 3689 3690 3744
f 3689 3744 3743
f 3690 3691 3745
f 3690 3745 3744
f 3691 3692 3746
f 3691 3746 3745
f 3692 3693 3747
f 3692 3747 3746
f 3693 3694 3748
f 3693 3748 3747
f 3694 3695 3749
f 3694 3749 3748
f 3695 3696 3750
f 3695 3750 3749
f 3696 3697 3751
f 3696 3751 3750
f 3697 3698 3752
f 3697 3752 3751
f 3698 3699 3753
f 3698 3753 3752
f 3699 3700 3754
f 3699 3754 3753
f 3700 3701 3755
f 3700 3755 3754
f 3701 3702 3756
f 3701 3756 3755
f 3702 3703 3757
f 3702 3757 3756
f 3703 3704 3758
f 3703 3758 3757
f 3704 3705 3759
f 3704 3759 3758
f 3705 3706 3760
f 3705 3760 3759
f 3706 3707 3761
f 3706 3761 3760
f 3707 3708 3762
f 3707 3762 3761
f 3708 3709 3763
f 3708 3763 3762
f 3709 3710 3764
f 3709 3764 3763
f 3710 3711 3765
f 3710 3765 3764
f 3711 3712 3766
f 3711 3766 3765
f 3712 3713 3767
f 3712 3767 3766
f 3713 3714 3768
f 3713 3768 3767
f 3714 3715 3769
f 3714 3769 3768
f 3715 3716 3770
f 3715 3770 3769
f 3716 3717 3771
f 3716 3771 3770
f 3717 3718 3772
f 3717 3772 3771
f 3718 3719 3773
f 3718 3773 3772
f 3719 3720 3774
f 3719 3774 3773
f 3720 3721 3775
f 3720 3775 3774
f 3721 3722 3776
f 3721 3776 3775
f 3722 3723 3777
f 3722 3777 3776
f 3723 3724 3778
f 3723 3778 3777
f 3724 3725 3779
f 3724 3779 3778
f 3725 3726 3780
f 3725 3780 3779
f 3726 3727 3781
f 3726 3781 3780
f 3727 3728 3782
f 3727 3782 3781
f 3728 3729 3783
f 3728 3783 3782
f 3729 3730 3784
f 3729 3784 3783
f 3730 3731 3785
f 3730 3785 3784
f 3731 3732 3786
f 3731 3786 3785
f 3732 3679 3733
f 3732 3733 3786
f 3933 3934 3935
f 3932 3933 3935
f 3931 3932 3935
f 3930 3931 3935
f 3929 3930 3935
f 3928 3929 3935
f 3927 3928 3935
f 3926 3927 3935
f 3925 3926 3935
f 3924 3925 3935
f 3923 3924 3935
f 3922 3923 3935
f 3921 3922 3935
f 3920 3921 3935
f 3919 3920 3935
f 3918 3919 3935
f 3917 3918 3935
f 3916 3917 3935
f 3915 3916 3935
f 3914 3915 3935
f 3913 3914 3935
f 3912 3913 3935
f 3911 3912 3935
f 3910 3911 3935
f 3909 3910 3935
f 3908 3909 3935
f 3907 3908 3935
f 3906 3907 3935
f 3905 3906 3935
f 3905 3935 3936
f 3904 3905 3936
f 3903 3904 3936
f 3902 3903 3936
f 3901 3902 3936
f 3900 3901 3936
f 3900 3936 3937
f 3899 3900 3937
f 3898 3899 3937
f 3897 3898 3937
f 3896 3897 3937
f 3895 3896 3937
f 3948 3895 3937
f 3947 3948 3937
f 3947 3937 3938
f 3946 3947 3938
f 3945 3946 3938
f 3944 3945 3938
f 3944 3938 3939
f 3943 3944 3939
f 3942 3943 3939
f 3941 3942 3939
f 3941 3939 3940
f 3825 3771 3772
f 3772 3826 3825
f 3826 3772 3773
f 3773 3827 3826
f 3824 3770 3771
f 3771 3825 3824
f 3823 3769 3770
f 3770 3824 3823
f 3822 3768 3769
f 3769 3823 3822
f 3821 3767 3768
f 3768 3822 3821
f 3820 3766 3767
f 3767 3821 3820
f 3819 3765 3766
f 3766 3820 3819
f 3818 3764 3765
f 3765 3819 3818
f 3817 3763 3764
f 3764 3818 3817
f 3816 3762 3763
f 3763 3817 3816
f 3815 3761 3762
f 3762 3816 3815
f 3814 3760 3761
f 3761 3815 3814
f 3813 3759 3760
f 3760 3814 3813
f 3812 3758 3759
f 3759 3813 3812
f 3811 3757 3758
f 3758 3812 3811
f 3810 3756 3757
f 3757 3811 3810
f 3809 3755 3756
f 3756 3810 3809
f 3808 3754 3755
f 3755 3809 3808
f 3807 3753 3754
f 3754 3808 3807
f 3806 3752 3753
f 3753 3807 3806
f 3805 3751 3752
f 3752 3806 3805
f 3804 3750 3751
f 3751 3805 3804
f 3803 3749 3750
f 3750 3804 3803
f 3802 3748 3749
f 3749 3803 3802
f 3801 3747 3748
f 3748 3802 3801
f 3800 3746 3747
f 3747 3801 3800
f 3799 3745 3746
f 3746 3800 3799
f 3798 3744 3745
f 3745 3799 3798
f 3797 3743 3744
f 3744 3798 3797
f 3827 3773 3774
f 3774 3828 3827
f 3796 3742 3743
f 3743 3797 3796
f 3795 3741 3742
f 3742 3796 3795
f 3794 3740 3741
f 3741 3795 3794
f 3793 3739 3740
f 3740 3794 3793
f 3792 3738 3739
f 3739 3793 3792
f 3828 3774 3775
f 3775 3829 3828
f 3791 3737 3738
f 3738 3792 3791
f 3790 3736 3737
f 3737 3791 3790
f 3789 3735 3736
f 3736 3790 3789
f 3788 3734 3735
f 3735 3789 3788
f 3787 3733 3734
f 3734 3788 3787
f 3840 3786 3733
f 3733 3787 3840
f 3839 3785 3786
f 3786 3840 3839
f 3829 3775 3776
f 3776 3830 3829
f 3838 3784 3785
f 3785 3839 3838
f 3837 3783 3784
f 3784 3838 3837
f 3836 3782 3783
f 3783 3837 3836
f 3830 3776 3777
f 3777 3831 3830
f 3835 3781 3782
f 3782 3836 3835
f 3834 3780 3781
f 3781 3835 3834
f 3833 3779 3780
f 3780 3834 3833
f 3831 3777 3778
f 3778 3832 3831
f 3832 3778 3779
f 3779 3833 3832
f 3881 3611 3610
f 3610 3880 3881
f 3880 3610 3609
f 3609 3879 3880
f 3879 3609 3608
f 3608 3878 3879
f 3878 3608 3607
f 3607 3877 3878
f 3877 3607 3606
f 3606 3876 3877
f 3876 3606 3605
f 3605 3875 3876
f 3875 3605 3604
f 3604 3874 3875
f 3874 3604 3603
f 3603 3873 3874
f 3873 3603 3602
f 3602 3872 3873
f 3872 3602 3601
f 3601 3871 3872
f 3871 3601 3600
f 3600 3870 3871
f 3870 3600 3599
f 3599 3869 3870
f 3869 3599 3598
f 3598 3868 3869
f 3868 3598 3597
f 3597 3867 3868
f 3867 3597 3596
f 3596 3866 3867
f 3866 3596 3595
f 3595 3865 3866
f 3865 3595 3594
f 3594 3864 3865
f 3864 3594 3593
f 3593 3863 3864
f 3863 3593 3592
f 3592 3862 3863
f 3862 3592 3591
f 3591 3861 3862
f 3861 3591 3590
f 3590 3860 3861
f 3860 3590 3589
f 3589 3859 3860
f 3859 3589 3588
f 3588 3858 3859
f 3858 3588 3587
f 3587 3857 3858
f 3857 3587 3586
f 3586 3856 3857
f 3856 3586 3585
f 3585 3855 3856
f 3855 3585 3584
f 3584 3854 3855
f 3854 3584 3583
f 3583 3853 3854
f 3853 3583 3582
f 3582 3852 3853
f 3852 3582 3581
f 3581 3851 3852
f 3882 3612 3611
f 3611 3881 3882
f 3851 3581 3580
f 3580 3850 3851
f 3850 3580 3579
f 3579 3849 3850
f 3849 3579 3578
f 3578 3848 3849
f 3848 3578 3577
f 3577 3847 3848
f 3847 3577 3576
f 3576 3846 3847
f 3883 3613 3612
f 3612 3882 3883
f 3846 3576 3575
f 3575 3845 3846
f 3845 3575 3574
f 3574 3844 3845
f 3844 3574 3573
f 3573 3843 3844
f 3843 3573 3572
f 3572 3842 3843
f 3842 3572 3571
f 3571 3841 3842
f 3841 3571 3624
f 3624 3894 3841
f 3894 3624 3623
f 3623 3893 3894
f 3884 3614 3613
f 3613 3883 3884
f 3893 3623 3622
f 3622 3892 3893
f 3892 3622 3621
f 3621 3891 3892
f 3891 3621 3620
f 3620 3890 3891
f 3885 3615 3614
f 3614 3884 3885
f 3890 3620 3619
f 3619 3889 3890
f 3889 3619 3618
f 3618 3888 3889
f 3888 3618 3617
f 3617 3887 3888
f 3886 3616 3615
f 3615 3885 3886
f 3887 3617 3616
f 3616 3886 3887
f 3933 3825 3826
f 3826 3934 3933
f 3934 3826 3827
f 3827 3935 3934
f 3932 3824 3825
f 3825 3933 3932
f 3931 3823 3824
f 3824 3932 3931
f 3930 3822 3823
f 3823 3931 3930
f 3929 3821 3822
f 3822 3930 3929
f 3928 3820 3821
f 3821 3929 3928
f 3927 3819 3820
f 3820 3928 3927
f 3926 3818 3819
f 3819 3927 3926
f 3925 3817 3818
f 3818 3926 3925
f 3924 3816 3817
f 3817 3925 3924
f 3923 3815 3816
f 3816 3924 3923
f 3922 3814 3815
f 3815 3923 3922
f 3921 3813 3814
f 3814 3922 3921
f 3920 3812 3813
f 3813 3921 3920
f 3919 3811 3812
f 3812 3920 3919
f 3918 3810 3811
f 3811 3919 3918
f 3917 3809 3810
f 3810 3918 3917
f 3916 3808 3809
f 3809 3917 3916
f 3915 3807 3808
f 3808 3916 3915
f 3914 3806 3807
f 3807 3915 3914
f 3913 3805 3806
f 3806 3914 3913
f 3912 3804 3805
f 3805 3913 3912
f 3911 3803 3804
f 3804 3912 3911
f 3910 3802 3803
f 3803 3911 3910
f 3909 3801 3802
f 3802 3910 3909
f 3908 3800 3801
f 3801 3909 3908
f 3907 3799 3800
f 3800 3908 3907
f 3906 3798 3799
f 3799 3907 3906
f 3905 3797 3798
f 3798 3906 3905
f 3935 3827 3828
f 3828 3936 3935
f 3904 3796 3797
f 3797 3905 3904
f 3903 3795 3796
f 3796 3904 3903
f 3902 3794 3795
f 3795 3903 3902
f 3901 3793 3794
f 3794 3902 3901
f 3900 3792 3793
f 3793 3901 3900
f 3936 3828 3829
f 3829 3937 3936
f 3899 3791 3792
f 3792 3900 3899
f 3898 3790 3791
f 3791 3899 3898
f 3897 3789 3790
f 3790 3898 3897
f 3896 3788 3789
f 3789 3897 3896
f 3895 3787 3788
f 3788 3896 3895
f 3948 3840 3787
f 3787 3895 3948
f 3947 3839 3840
f 3840 3948 3947
f 3937 3829 3830
f 3830 3938 3937
f 3946 3838 3839
f 3839 3947 3946
f 3945 3837 3838
f 3838 3946 3945
f 3944 3836 3837
f 3837 3945 3944
f 3938 3830 3831
f 3831 3939 3938
f 3943 3835 3836
f 3836 3944 3943
f 3942 3834 3835
f 3835 3943 3942
f 3941 3833 3834
f 3834 3942 3941
f 3939 3831 3832
f 3832 3940 3939
f 3940 3832 3833
f 3833 3941 3940
f 3989 3881 3880
f 3880 3988 3989
f 3988 3880 3879
f 3879 3987 3988
f 3987 3879 3878
f 3878 3986 3987
f 3986 3878 3877
f 3877 3985 3986
f 3985 3877 3876
f 3876 3984 3985
f 3984 3876 3875
f 3875 3983 3984
f 3983 3875 3874
f 3874 3982 3983
f 3982 3874 3873
f 3873 3981 3982
f 3981 3873 3872
f 3872 3980 3981
f 3980 3872 3871
f 3871 3979 3980
f 3979 3871 3870
f 3870 3978 3979
f 3978 3870 3869
f 3869 3977 3978
f 3977 3869 3868
f 3868 3976 3977
f 3976 3868 3867
f 3867 3975 3976
f 3975 3867 3866
f 3866 3974 3975
f 3974 3866 3865
f 3865 3973 3974
f 3973 3865 3864
f 3864 3972 3973
f 3972 3864 3863
f 3863 3971 3972
f 3971 3863 3862
f 3862 3970 3971
f 3970 3862 3861
f 3861 3969 3970
f 3969 3861 3860
f 3860 3968 3969
f 3968 3860 3859
f 3859 3967 3968
f 3967 3859 3858
f 3858 3966 3967
f 3966 3858 3857
f 3857 3965 3966
f 3965 3857 3856
f 3856 3964 3965
f 3964 3856 3855
f 3855 3963 3964
f 3963 3855 3854
f 3854 3962 3963
f 3962 3854 3853
f 3853 3961 3962
f 3961 3853 3852
f 3852 3960 3961
f 3960 3852 3851
f 3851 3959 3960
f 3990 3882 3881
f 3881 3989 3990
f 3959 3851 3850
f 3850 3958 3959
f 3958 3850 3849
f 3849 3957 3958
f 3957 3849 3848
f 3848 3956 3957
f 3956 3848 3847
f 3847 3955 3956
f 3955 3847 3846
f 3846 3954 3955
f 3991 3883 3882
f 3882 3990 3991
f 3954 3846 3845
f 3845 3953 3954
f 3953 3845 3844
f 3844 3952 3953
f 3952 3844 3843
f 3843 3951 3952
f 3951 3843 3842
f 3842 3950 3951
f 3950 3842 3841
f 3841 3949 3950
f 3949 3841 3894
f 3894 4002 3949
f 4002 3894 3893
f 3893 4001 4002
f 3992 3884 3883
f 3883 3991 3992
f 4001 3893 3892
f 3892 4000 4001
f 4000 3892 3891
f 3891 3999 4000
f 3999 3891 3890
f 3890 3998 3999
f 3993 3885 3884
f 3884 3992 3993
f 3998 3890 3889
f 3889 3997 3998
f 3997 3889 3888
f 3888 3996 3997
f 3996 3888 3887
f 3887 3995 3996
f 3994 3886 3885
f 3885 3993 3994
f 3995 3887 3886
f 3886 3994 3995
f 4003 4004 4012
f 4003 4012 4011
f 4004 4005 4013
f 4004 4013 4012
f 4005 4006 4014
f 4005 4014 4013
f 4006 4007 4015
f 4006 4015 4014
f 4007 4008 4016
f 4007 4016 4015
f 4008 4009 4017
f 4008 4017 4016
f 4009 4010 4018
f 4009 4018 4017
f 4010 4003 4011
f 4010 4011 4018
f 4019 4020 4028
f 4019 4028 4027
f 4020 4021 4029
f 4020 4029 4028
f 4021 4022 4030
f 4021 4030 4029
f 4022 4023 4031
f 4022 4031 4030
f 4023 4024 4032
f 4023 4032 4031
f 4024 4025 4033
f 4024 4033 4032
f 4025 4026 4034
f 4025 4034 4033
f 4026 4019 4027
f 4026 4027 4034
f 4027 4028 4036
f 4027 4036 4035
f 4028 4029 4037
f 4028 4037 4036
f 4029 4030 4038
f 4029 4038 4037
f 4030 4031 4039
f 4030 4039 4038
f 4031 4032 4040
f 4031 4040 4039
f 4032 4033 4041
f 4032 4041 4040
f 4033 4034 4042
f 4033 4042 4041
f 4034 4027 4035
f 4034 4035 4042
f 4035 4036 4044
f 4035 4044 4043
f 4036 4037 4045
f 4036 4045 4044
f 4037 4038 4046
f 4037 4046 4045
f 4038 4039 4047
f 4038 4047 4046
f 4039 4040 4048
f 4039 4048 4047
f 4040 4041 4049
f 4040 4049 4048
f 4041 4042 4050
f 4041 4050 4049
f 4042 4035 4043
f 4042 4043 4050
f 4043 4044 4052
f 4043 4052 4051
f 4044 4045 4053
f 4044 4053 4052
f 4045 4046 4054
f 4045 4054 4053
f 4046 4047 4055
f 4046 4055 4054
f 4047 4048 4056
f 4047 4056 4055
f 4048 4049 4057
f 4048 4057 4056
f 4049 4050 4058
f 4049 4058 4057
f 4050 4043 4051
f 4050 4051 4058
f 4051 4052 4060
f 4051 4060 4059
f 4052 4053 4061
f 4052 4061 4060
f 4053 4054 4062
f 4053 4062 4061
f 4054 4055 4063
f 4054 4063 4062
f 4055 4056 4064
f 4055 4064 4063
f 4056 4057 4065
f 4056 4065 4064
f 4057 4058 4066
f 4057 4066 4065
f 4058 4051 4059
f 4058 4059 4066
f 4059 4060 4068
f 4059 4068 4067
f 4060 4061 4069
f 4060 4069 4068
f 4061 4062 4070
f 4061 4070 4069
f 4062 4063 4071
f 4062 4071 4070
f 4063 4064 4072
f 4063 4072 4071
f 4064 4065 4073
f 4064 4073 4072
f 4065 4066 4074
f 4065 4074 4073
f 4066 4059 4067
f 4066 4067 4074
f 4067 4068 4076
f 4067 4076 4075
f 4068 4069 4077
f 4068 4077 4076
f 4069 4070 4078
f 4069 4078 4077
f 4070 4071 4079
f 4070 4079 4078
f 4071 4072 4080
f 4071 4080 4079
f 4072 4073 4081
f 4072 4081 4080
f 4073 4074 4082
f 4073 4082 4081
f 4074 4067 4075
f 4074 4075 4082
f 4075 4076 4084
f 4075 4084 4083
f 4076 4077 4085
f 4076 4085 4084
f 4077 4078 4086
f 4077 4086 4085
f 4078 4079 4087
f 4078 4087 4086
f 4079 4080 4088
f 4079 4088 4087
f 4080 4081 4089
f 4080 4089 4088
f 4081 4082 4090
f 4081 4090 4089
f 4082 4075 4083
f 4082 4083 4090
f 4083 4084 4092
f 4083 4092 4091
f 4084 4085 4093
f 4084 4093 4092
f 4085 4086 4094
f 4085 4094 4093
f 4086 4087 4095
f 4086 4095 4094
f 4087 4088 4096
f 4087 4096 4095
f 4088 4089 4097
f 4088 4097 4096
f 4089 4090 4098
f 4089 4098 4097
f 4090 4083 4091
f 4090 4091 4098
f 4091 4092 4100
f 4091 4100 4099
f 4092 4093 4101
f 4092 4101 4100
f 4093 4094 4102
f 4093 4102 4101
f 4094 4095 4103
f 4094 4103 4102
f 4095 4096 4104
f 4095 4104 4103
f 4096 4097 4105
f 4096 4105 4104
f 4097 4098 4106
f 4097 4106 4105
f 4098 4091 4099
f 4098 4099 4106
f 4099 4100 4108
f 4099 4108 4107
f 4100 4101 4109
f 4100 4109 4108
f 4101 4102 4110
f 4101 4110 4109
f 4102 4103 4111
f 4102 4111 4110
f 4103 4104 4112
f 4103 4112 4111
f 4104 4105 4113
f 4104 4113 4112
f 4105 4106 4114
f 4105 4114 4113
f 4106 4099 4107
f 4106 4107 4114
f 4107 4108 4116
f 4107 4116 4115
f 4108 4109 4117
f 4108 4117 4116
f 4109 4110 4118
f 4109 4118 4117
f 4110 4111 4119
f 4110 4119 4118
f 4111 4112 4120
f 4111 4120 4119
f 4112 4113 4121
f 4112 4121 4120
f 4113 4114 4122
f 4113 4122 4121
f 4114 4107 4115
f 4114 4115 4122
f 4115 4116 4124
f 4115 4124 4123
f 4116 4117 4125
f 4116 4125 4124
f 4117 4118 4126
f 4117 4126 4125
f 4118 4119 4127
f 4118 4127 4126
f 4119 4120 4128
f 4119 4128 4127
f 4120 4121 4129
f 4120 4129 4128
f 4121 4122 4130
f 4121 4130 4129
f 4122 4115 4123
f 4122 4123 4130
f 4123 4124 4132
f 4123 4132 4131
f 4124 4125 4133
f 4124 4133 4132
f 4125 4126 4134
f 4125 4134 4133
f 4126 4127 4135
f 4126 4135 4134
f 4127 4128 4136
f 4127 4136 4135
f 4128 4129 4137
f 4128 4137 4136
f 4129 4130 4138
f 4129 4138 4137
f 4130 4123 4131
f 4130 4131 4138
f 4131 4132 4140
f 4131 4140 4139
f 4132 4133 4141
f 4132 4141 4140
f 4133 4134 4142
f 4133 4142 4141
f 4134 4135 4143
f 4134 4143 4142
f 4135 4136 4144
f 4135 4144 4143
f 4136 4137 4145
f 4136 4145 4144
f 4137 4138 4146
f 4137 4146 4145
f 4138 4131 4139
f 4138 4139 4146
f 4139 4140 4148
f 4139 4148 4147
f 4140 4141 4149
f 4140 4149 4148
f 4141 4142 4150
f 4141 4150 4149
f 4142 4143 4151
f 4142 4151 4150
f 4143 4144 4152
f 4143 4152 4151
f 4144 4145 4153
f 4144 4153 4152
f 4145 4146 4154
f 4145 4154 4153
f 4146 4139 4147
f 4146 4147 4154
f 4147 4148 4156
f 4147 4156 4155
f 4148 4149 4157
f 4148 4157 4156
f 4149 4150 4158
f 4149 4158 4157
f 4150 4151 4159
f 4150 4159 4158
f 4151 4152 4160
f 4151 4160 4159
f 4152 4153 4161
f 4152 4161 4160
f 4153 4154 4162
f 4153 4162 4161
f 4154 4147 4155
f 4154 4155 4162
f 4020 4019 4163
f 4021 4020 4163
f 4022 4021 4163
f 4023 4022 4163
f 4024 4023 4163
f 4025 4024 4163
f 4026 4025 4163
f 4019 4026 4163
f 4164 4165 4173
f 4164 4173 4172
f 4165 4166 4174
f 4165 4174 4173
f 4166 4167 4175
f 4166 4175 4174
f 4167 4168 4176
f 4167 4176 4175
f 4168 4169 4177
f 4168 4177 4176
f 4169 4170 4178
f 4169 4178 4177
f 4170 4171 4179
f 4170 4179 4178
f 4171 4164 4172
f 4171 4172 4179
f 4172 4173 4181
f 4172 4181 4180
f 4173 4174 4182
f 4173 4182 4181
f 4174 4175 4183
f 4174 4183 4182
f 4175 4176 4184
f 4175 4184 4183
f 4176 4177 4185
f 4176 4185 4184
f 4177 4178 4186
f 4177 4186 4185
f 4178 4179 4187
f 4178 4187 4186
f 4179 4172 4180
f 4179 4180 4187
f 4180 4181 4189
f 4180 4189 4188
f 4181 4182 4190
f 4181 4190 4189
f 4182 4183 4191
f 4182 4191 4190
f 4183 4184 4192
f 4183 4192 4191
f 4184 4185 4193
f 4184 4193 4192
f 4185 4186 4194
f 4185 4194 4193
f 4186 4187 4195
f 4186 4195 4194
f 4187 4180 4188
f 4187 4188 4195
f 4188 4189 4197
f 4188 4197 4196
f 4189 4190 4198
f 4189 4198 4197
f 4190 4191 4199
f 4190 4199 4198
f 4191 4192 4200
f 4191 4200 4199
f 4192 4193 4201
f 4192 4201 4200
f 4193 4194 4202
f 4193 4202 4201
f 4194 4195 4203
f 4194 4203 4202
f 4195 4188 4196
f 4195 4196 4203
f 4196 4197 4205
f 4196 4205 4204
f 4197 4198 4206
f 4197 4206 4205
f 4198 4199 4207
f 4198 4207 4206
f 4199 4200 4208
f 4199 4208 4207
f 4200 4201 4209
f 4200 4209 4208
f 4201 4202 4210
f 4201 4210 4209
f 4202 4203 4211
f 4202 4211 4210
f 4203 4196 4204
f 4203 4204 4211
f 4204 4205 4213
f 4204 4213 4212
f 4205 4206 4214
f 4205 4214 4213
f 4206 4207 4215
f 4206 4215 4214
f 4207 4208 4216
f 4207 4216 4215
f 4208 4209 4217
f 4208 4217 4216
f 4209 4210 4218
f 4209 4218 4217
f 4210 4211 4219
f 4210 4219 4218
f 4211 4204 4212
f 4211 4212 4219
f 4212 4213 4221
f 4212 4221 4220
f 4213 4214 4222
f 4213 4222 4221
f 4214 4215 4223
f 4214 4223 4222
f 4215 4216 4224
f 4215 4224 4223
f 4216 4217 4225
f 4216 4225 4224
f 4217 4218 4226
f 4217 4226 4225
f 4218 4219 4227
f 4218 4227 4226
f 4219 4212 4220
f 4219 4220 4227
f 4220 4221 4229
f 4220 4229 4228
f 4221 4222 4230
f 4221 4230 4229
f 4222 4223 4231
f 4222 4231 4230
f 4223 4224 4232
f 4223 4232 4231
f 4224 4225 4233
f 4224 4233 4232
f 4225 4226 4234
f 4225 4234 4233
f 4226 4227 4235
f 4226 4235 4234
f 4227 4220 4228
f 4227 4228 4235
f 4228 4229 4237
f 4228 4237 4236
f 4229 4230 4238
f 4229 4238 4237
f 4230 4231 4239
f 4230 4239 4238
f 4231 4232 4240
f 4231 4240 4239
f 4232 4233 4241
f 4232 4241 4240
f 4233 4234 4242
f 4233 4242 4241
f 4234 4235 4243
f 4234 4243 4242
f 4235 4228 4236
f 4235 4236 4243
f 4236 4237 4245
f 4236 4245 4244
f 4237 4238 4246
f 4237 4246 4245
f 4238 4239 4247
f 4238 4247 4246
f 4239 4240 4248
f 4239 4248 4247
f 4240 4241 4249
f 4240 4249 4248
f 4241 4242 4250
f 4241 4250 4249
f 4242 4243 4251
f 4242 4251 4250
f 4243 4236 4244
f 4243 4244 4251
f 4244 4245 4253
f 4244 4253 4252
f 4245 4246 4254
f 4245 4254 4253
f 4246 4247 4255
f 4246 4255 4254
f 4247 4248 4256
f 4247 4256 4255
f 4248 4249 4257
f 4248 4257 4256
f 4249 4250 4258
f 4249 4258 4257
f 4250 4251 4259
f 4250 4259 4258
f 4251 4244 4252
f 4251 4252 4259
f 4252 4253 4261
f 4252 4261 4260
f 4253 4254 4262
f 4253 4262 4261
f 4254 4255 4263
f 4254 4263 4262
f 4255 4256 4264
f 4255 4264 4263
f 4256 4257 4265
f 4256 4265 4264
f 4257 4258 4266
f 4257 4266 4265
f 4258 4259 4267
f 4258 4267 4266
f 4259 4252 4260
f 4259 4260 4267
f 4260 4261 4269
f 4260 4269 4268
f 4261 4262 4270
f 4261 4270 4269
f 4262 4263 4271
f 4262 4271 4270
f 4263 4264 4272
f 4263 4272 4271
f 4264 4265 4273
f 4264 4273 4272
f 4265 4266 4274
f 4265 4274 4273
f 4266 4267 4275
f 4266 4275 4274
f 4267 4260 4268
f 4267 4268 4275
f 4268 4269 4277
f 4268 4277 4276
f 4269 4270 4278
f 4269 4278 4277
f 4270 4271 4279
f 4270 4279 4278
f 4271 4272 4280
f 4271 4280 4279
f 4272 4273 4281
f 4272 4281 4280
f 4273 4274 4282
f 4273 4282 4281
f 4274 4275 4283
f 4274 4283 4282
f 4275 4268 4276
f 4275 4276 4283
f 4276 4277 4285
f 4276 4285 4284
f 4277 4278 4286
f 4277 4286 4285
f 4278 4279 4287
f 4278 4287 4286
f 4279 4280 4288
f 4279 4288 4287
f 4280 4281 4289
f 4280 4289 4288
f 4281 4282 4290
f 4281 4290 4289
f 4282 4283 4291
f 4282 4291 4290
f 4283 4276 4284
f 4283 4284 4291
f 4284 4285 4293
f 4284 4293 4292
f 4285 4286 4294
f 4285 4294 4293
f 4286 4287 4295
f 4286 4295 4294
f 4287 4288 4296
f 4287 4296 4295
f 4288 4289 4297
f 4288 4297 4296
f 4289 4290 4298
f 4289 4298 4297
f 4290 4291 4299
f 4290 4299 4298
f 4291 4284 4292
f 4291 4292 4299
f 4292 4293 4301
f 4292 4301 4300
f 4293 4294 4302
f 4293 4302 4301
f 4294 4295 4303
f 4294 4303 4302
f 4295 4296 4304
f 4295 4304 4303
f 4296 4297 4305
f 4296 4305 4304
f 4297 4298 4306
f 4297 4306 4305
f 4298 4299 4307
f 4298 4307 4306
f 4299 4292 4300
f 4299 4300 4307
f 4308 4316 4315
f 4309 4308 4315
f 4309 4315 4314
f 4310 4309 4314
f 4310 4314 4313
f 4310 4313 4312
f 4310 4312 4311
f 4308 4309 4318
f 4308 4318 4317
f 4309 4310 4319
f 4309 4319 4318
f 4310 4311 4320
f 4310 4320 4319
f 4311 4312 4321
f 4311 4321 4320
f 4312 4313 4322
f 4312 4322 4321
f 4313 4314 4323
f 4313 4323 4322
f 4314 4315 4324
f 4314 4324 4323
f 4315 4316 4325
f 4315 4325 4324
f 4317 4316 4308
f 4317 4325 4316
f 4344 4327 4326
f 4343 4344 4326
f 4345 4328 4327
f 4344 4345 4327
f 4346 4329 4328
f 4345 4346 4328
f 4347 4330 4329
f 4346 4347 4329
f 4348 4331 4330
f 4347 4348 4330
f 4349 4332 4331
f 4348 4349 4331
f 4350 4333 4332
f 4349 4350 4332
f 4351 4334 4333
f 4350 4351 4333
f 4352 4335 4334
f 4351 4352 4334
f 4353 4336 4335
f 4352 4353 4335
f 4354 4337 4336
f 4353 4354 4336
f 4355 4338 4337
f 4354 4355 4337
f 4356 4339 4338
f 4355 4356 4338
f 4357 4340 4339
f 4356 4357 4339
f 4358 4341 4340
f 4357 4358 4340
f 4359 4342 4341
f 4358 4359 4341
f 4343 4326 4342
f 4359 4343 4342
f 4328 4329 4363
f 4363 4362 4328
f 4327 4328 4362
f 4362 4361 4327
f 4329 4330 4364
f 4364 4363 4329
f 4330 4331 4365
f 4365 4364 4330
f 4326 4327 4361
f 4361 4360 4326
f 4331 4332 4366
f 4366 4365 4331
f 4332 4333 4367
f 4367 4366 4332
f 4333 4334 4368
f 4368 4367 4333
f 4334 4335 4369
f 4369 4368 4334
f 4335 4336 4370
f 4370 4369 4335
f 4336 4337 4371
f 4371 4370 4336
f 4337 4338 4372
f 4372 4371 4337
f 4338 4339 4373
f 4373 4372 4338
f 4339 4340 4374
f 4374 4373 4339
f 4340 4341 4375
f 4375 4374 4340
f 4342 4326 4360
f 4360 4376 4342
f 4341 4342 4376
f 4376 4375 4341
f 4362 4363 4380
f 4380 4379 4362
f 4361 4362 4379
f 4379 4378 4361
f 4363 4364 4381
f 4381 4380 4363
f 4364 4365 4382
f 4382 4381 4364
f 4360 4361 4378
f 4378 4377 4360
f 4365 4366 4383
f 4383 4382 4365
f 4366 4367 4384
f 4384 4383 4366
f 4367 4368 4385
f 4385 4384 4367
f 4368 4369 4386
f 4386 4385 4368
f 4369 4370 4387
f 4387 4386 4369
f 4370 4371 4388
f 4388 4387 4370
f 4371 4372 4389
f 4389 4388 4371
f 4372 4373 4390
f 4390 4389 4372
f 4373 4374 4391
f 4391 4390 4373
f 4374 4375 4392
f 4392 4391 4374
f 4376 4360 4377
f 4377 4393 4376
f 4375 4376 4393
f 4393 4392 4375
f 4386 4395 4385
f 4387 4395 4386
f 4388 4395 4387
f 4389 4395 4388
f 4390 4396 4389
f 4391 4396 4390
f 4397 4396 4391
f 4392 4397 4391
f 4393 4397 4392
f 4377 4397 4393
f 4377 4394 4397
f 4377 4378 4394
f 4378 4379 4394
f 4379 4380 4394
f 4380 4381 4394
f 4381 4382 4394
f 4382 4383 4394
f 4384 4385 4395
f 4395 4383 4384
f 4394 4383 4395
f 4389 4396 4395
f 4396 4397 4395
f 4394 4395 4397
f 4405 4399 4398
f 4404 4405 4398
f 4406 4400 4399
f 4405 4406 4399
f 4407 4401 4400
f 4406 4407 4400
f 4408 4402 4401
f 4407 4408 4401
f 4409 4403 4402
f 4408 4409 4402
f 4404 4398 4403
f 4409 4404 4403
f 4411 4405 4404
f 4410 4411 4404
f 4412 4406 4405
f 4411 4412 4405
f 4413 4407 4406
f 4412 4413 4406
f 4414 4408 4407
f 4413 4414 4407
f 4415 4409 4408
f 4414 4415 4408
f 4410 4404 4409
f 4415 4410 4409
f 4417 4411 4410
f 4416 4417 4410
f 4418 4412 4411
f 4417 4418 4411
f 4419 4413 4412
f 4418 4419 4412
f 4420 4414 4413
f 4419 4420 4413
f 4421 4415 4414
f 4420 4421 4414
f 4416 4410 4415
f 4421 4416 4415
f 4423 4417 4416
f 4422 4423 4416
f 4424 4418 4417
f 4423 4424 4417
f 4425 4419 4418
f 4424 4425 4418
f 4426 4420 4419
f 4425 4426 4419
f 4427 4421 4420
f 4426 4427 4420
f 4422 4416 4421
f 4427 4422 4421
f 4429 4423 4422
f 4428 4429 4422
f 4430 4424 4423
f 4429 4430 4423
f 4431 4425 4424
f 4430 4431 4424
f 4432 4426 4425
f 4431 4432 4425
f 4433 4427 4426
f 4432 4433 4426
f 4428 4422 4427
f 4433 4428 4427
f 4435 4429 4428
f 4434 4435 4428
f 4436 4430 4429
f 4435 4436 4429
f 4437 4431 4430
f 4436 4437 4430
f 4438 4432 4431
f 4437 4438 4431
f 4439 4433 4432
f 4438 4439 4432
f 4434 4428 4433
f 4439 4434 4433
f 4441 4435 4434
f 4440 4441 4434
f 4442 4436 4435
f 4441 4442 4435
f 4443 4437 4436
f 4442 4443 4436
f 4444 4438 4437
f 4443 4444 4437
f 4445 4439 4438
f 4444 4445 4438
f 4440 4434 4439
f 4445 4440 4439
f 4447 4441 4440
f 4446 4447 4440
f 4448 4442 4441
f 4447 4448 4441
f 4449 4443 4442
f 4448 4449 4442
f 4450 4444 4443
f 4449 4450 4443
f 4451 4445 4444
f 4450 4451 4444
f 4446 4440 4445
f 4451 4446 4445
f 4453 4447 4446
f 4452 4453 4446
f 4454 4448 4447
f 4453 4454 4447
f 4455 4449 4448
f 4454 4455 4448
f 4456 4450 4449
f 4455 4456 4449
f 4457 4451 4450
f 4456 4457 4450
f 4452 4446 4451
f 4457 4452 4451
f 4459 4453 4452
f 4458 4459 4452
f 4460 4454 4453
f 4459 4460 4453
f 4461 4455 4454
f 4460 4461 4454
f 4462 4456 4455
f 4461 4462 4455
f 4463 4457 4456
f 4462 4463 4456
f 4458 4452 4457
f 4463 4458 4457
f 4465 4459 4458
f 4464 4465 4458
f 4466 4460 4459
f 4465 4466 4459
f 4467 4461 4460
f 4466 4467 4460
f 4468 4462 4461
f 4467 4468 4461
f 4469 4463 4462
f 4468 4469 4462
f 4464 4458 4463
f 4469 4464 4463
f 4471 4465 4464
f 4470 4471 4464
f 4472 4466 4465
f 4471 4472 4465
f 4473 4467 4466
f 4472 4473 4466
f 4474 4468 4467
f 4473 4474 4467
f 4475 4469 4468
f 4474 4475 4468
f 4470 4464 4469
f 4475 4470 4469
f 4477 4471 4470
f 4476 4477 4470
f 4478 4472 4471
f 4477 4478 4471
f 4479 4473 4472
f 4478 4479 4472
f 4480 4474 4473
f 4479 4480 4473
f 4481 4475 4474
f 4480 4481 4474
f 4476 4470 4475
f 4481 4476 4475
f 4483 4477 4476
f 4482 4483 4476
f 4484 4478 4477
f 4483 4484 4477
f 4485 4479 4478
f 4484 4485 4478
f 4486 4480 4479
f 4485 4486 4479
f 4487 4481 4480
f 4486 4487 4480
f 4482 4476 4481
f 4487 4482 4481
f 4489 4483 4482
f 4488 4489 4482
f 4490 4484 4483
f 4489 4490 4483
f 4491 4485 4484
f 4490 4491 4484
f 4492 4486 4485
f 4491 4492 4485
f 4493 4487 4486
f 4492 4493 4486
f 4488 4482 4487
f 4493 4488 4487
f 4495 4489 4488
f 4494 4495 4488
f 4496 4490 4489
f 4495 4496 4489
f 4497 4491 4490
f 4496 4497 4490
f 4498 4492 4491
f 4497 4498 4491
f 4499 4493 4492
f 4498 4499 4492
f 4494 4488 4493
f 4499 4494 4493
f 4501 4495 4494
f 4500 4501 4494
f 4502 4496 4495
f 4501 4502 4495
f 4503 4497 4496
f 4502 4503 4496
f 4504 4498 4497
f 4503 4504 4497
f 4505 4499 4498
f 4504 4505 4498
f 4500 4494 4499
f 4505 4500 4499
f 4507 4501 4500
f 4506 4507 4500
f 4508 4502 4501
f 4507 4508 4501
f 4509 4503 4502
f 4508 4509 4502
f 4510 4504 4503
f 4509 4510 4503
f 4511 4505 4504
f 4510 4511 4504
f 4506 4500 4505
f 4511 4506 4505
f 4513 4507 4506
f 4512 4513 4506
f 4514 4508 4507
f 4513 4514 4507
f 4515 4509 4508
f 4514 4515 4508
f 4516 4510 4509
f 4515 4516 4509
f 4517 4511 4510
f 4516 4517 4510
f 4512 4506 4511
f 4517 4512 4511
f 4519 4513 4512
f 4518 4519 4512
f 4520 4514 4513
f 4519 4520 4513
f 4521 4515 4514
f 4520 4521 4514
f 4522 4516 4515
f 4521 4522 4515
f 4523 4517 4516
f 4522 4523 4516
f 4518 4512 4517
f 4523 4518 4517
f 4525 4398 4399
f 4525 4399 4400
f 4525 4400 4401
f 4525 4401 4402
f 4525 4402 4403
f 4525 4403 4398
f 4524 4519 4518
f 4524 4520 4519
f 4524 4521 4520
f 4524 4522 4521
f 4524 4523 4522
f 4524 4518 4523
f 4551 4550 4549
f 4533 4532 4531
f 4551 4549 4548
f 4534 4533 4531
f 4527 4526 4561
f 4551 4548 4547
f 4557 4556 4555
f 4552 4551 4547
f 4552 4547 4546
f 4552 4546 4545
f 4535 4534 4531
f 4535 4531 4530
f 4536 4535 4530
f 4552 4545 4544
f 4553 4552 4544
f 4553 4544 4543
f 4553 4543 4542
f 4537 4536 4530
f 4554 4553 4542
f 4554 4542 4541
f 4554 4541 4540
f 4537 4530 4529
f 4538 4537 4529
f 4539 4538 4529
f 4555 4554 4540
f 4557 4555 4540
f 4558 4557 4540
f 4559 4558 4540
f 4559 4540 4539
f 4559 4539 4529
f 4559 4529 4528
f 4560 4559 4528
f 4560 4528 4527
f 4560 4527 4561
f 4526 4527 4563
f 4526 4563 4562
f 4527 4528 4564
f 4527 4564 4563
f 4528 4529 4565
f 4528 4565 4564
f 4529 4530 4566
f 4529 4566 4565
f 4530 4531 4567
f 4530 4567 4566
f 4531 4532 4568
f 4531 4568 4567
f 4532 4533 4569
f 4532 4569 4568
f 4533 4534 4570
f 4533 4570 4569
f 4534 4535 4571
f 4534 4571 4570
f 4535 4536 4572
f 4535 4572 4571
f 4536 4537 4573
f 4536 4573 4572
f 4537 4538 4574
f 4537 4574 4573
f 4538 4539 4575
f 4538 4575 4574
f 4539 4540 4576
f 4539 4576 4575
f 4540 4541 4577
f 4540 4577 4576
f 4541 4542 4578
f 4541 4578 4577
f 4542 4543 4579
f 4542 4579 4578
f 4543 4544 4580
f 4543 4580 4579
f 4544 4545 4581
f 4544 4581 4580
f 4545 4546 4582
f 4545 4582 4581
f 4546 4547 4583
f 4546 4583 4582
f 4547 4548 4584
f 4547 4584 4583
f 4548 4549 4585
f 4548 4585 4584
f 4549 4550 4586
f 4549 4586 4585
f 4550 4551 4587
f 4550 4587 4586
f 4551 4552 4588
f 4551 4588 4587
f 4552 4553 4589
f 4552 4589 4588
f 4553 4554 4590
f 4553 4590 4589
f 4554 4555 4591
f 4554 4591 4590
f 4555 4556 4592
f 4555 4592 4591
f 4556 4557 4593
f 4556 4593 4592
f 4557 4558 4594
f 4557 4594 4593
f 4558 4559 4595
f 4558 4595 4594
f 4559 4560 4596
f 4559 4596 4595
f 4560 4561 4597
f 4560 4597 4596
f 4561 4526 4562
f 4561 4562 4597
f 4585 4586 4587
f 4567 4568 4569
f 4584 4585 4587
f 4567 4569 4570
f 4597 4562 4563
f 4583 4584 4587
f 4591 4592 4593
f 4583 4587 4588
f 4582 4583 4588
f 4581 4582 4588
f 4567 4570 4571
f 4566 4567 4571
f 4566 4571 4572
f 4580 4581 4588
f 4580 4588 4589
f 4579 4580 4589
f 4578 4579 4589
f 4566 4572 4573
f 4578 4589 4590
f 4577 4578 4590
f 4576 4577 4590
f 4565 4566 4573
f 4565 4573 4574
f 4565 4574 4575
f 4576 4590 4591
f 4576 4591 4593
f 4576 4593 4594
f 4576 4594 4595
f 4575 4576 4595
f 4565 4575 4595
f 4564 4565 4595
f 4564 4595 4596
f 4563 4564 4596
f 4597 4563 4596
f 4598 4599 4600
f 4598 4600 4601
f 4599 4603 4604
f 4599 4604 4600
f 4601 4605 4602
f 4601 4602 4598
f 4606 4607 4608
f 4606 4608 4609
f 4606 4610 4611
f 4606 4611 4607
f 4607 4611 4612
f 4607 4612 4608
f 4608 4612 4613
f 4608 4613 4609
f 4609 4613 4610
f 4609 4610 4606
f 4614 4615 4616
f 4614 4616 4617
f 4614 4618 4619
f 4614 4619 4615
f 4615 4619 4620
f 4615 4620 4616
f 4616 4620 4621
f 4616 4621 4617
f 4617 4621 4618
f 4617 4618 4614
f 4622 4623 4624
f 4622 4624 4625
f 4622 4626 4627
f 4622 4627 4623
f 4623 4627 4628
f 4623 4628 4624
f 4624 4628 4629
f 4624 4629 4625
f 4625 4629 4626
f 4625 4626 4622
f 4630 4631 4632
f 4630 4632 4633
f 4630 4634 4635
f 4630 4635 4631
f 4631 4635 4636
f 4631 4636 4632
f 4632 4636 4637
f 4632 4637 4633
f 4633 4637 4634
f 4633 4634 4630
f 4638 4639 4640
f 4638 4640 4641
f 4638 4642 4643
f 4638 4643 4639
f 4639 4643 4644
f 4639 4644 4640
f 4640 4644 4645
f 4640 4645 4641
f 4641 4645 4642
f 4641 4642 4638
f 4646 4647 4648
f 4646 4648 4649
f 4646 4650 4651
f 4646 4651 4647
f 4647 4651 4652
f 4647 4652 4648
f 4648 4652 4653
f 4648 4653 4649
f 4649 4653 4650
f 4649 4650 4646
f 4654 4655 4656
f 4654 4656 4657
f 4654 4658 4659
f 4654 4659 4655
f 4655 4659 4660
f 4655 4660 4656
f 4656 4660 4661
f 4656 4661 4657
f 4657 4661 4658
f 4657 4658 4654
f 4662 4663 4664
f 4662 4664 4665
f 4662 4666 4667
f 4662 4667 4663
f 4663 4667 4668
f 4663 4668 4664
f 4664 4668 4669
f 4664 4669 4665
f 4665 4669 4666
f 4665 4666 4662
f 4670 4671 4677
f 4670 4677 4676
f 4671 4672 4678
f 4671 4678 4677
f 4672 4673 4679
f 4672 4679 4678
f 4673 4674 4680
f 4673 4680 4679
f 4674 4675 4681
f 4674 4681 4680
f 4675 4670 4676
f 4675 4676 4681
f 4676 4677 4682
f 4677 4678 4682
f 4678 4679 4682
f 4679 4680 4682
f 4680 4681 4682
f 4681 4676 4682
f 4684 4685 4691
f 4684 4691 4690
f 4685 4686 4692
f 4685 4692 4691
f 4686 4687 4693
f 4686 4693 4692
f 4687 4688 4694
f 4687 4694 4693
f 4688 4689 4695
f 4688 4695 4694
f 4689 4684 4690
f 4689 4690 4695
f 4690 4691 4696
f 4691 4692 4696
f 4692 4693 4696
f 4693 4694 4696
f 4694 4695 4696
f 4695 4690 4696
f 4698 4699 4700
f 4698 4700 4701
f 4698 4702 4703
f 4698 4703 4699
f 4699 4703 4704
f 4699 4704 4700
f 4700 4704 4705
f 4700 4705 4701
f 4701 4705 4702
f 4701 4702 4698
f 4706 4707 4708
f 4706 4708 4709
f 4706 4710 4711
f 4706 4711 4707
f 4707 4711 4712
f 4707 4712 4708
f 4708 4712 4713
f 4708 4713 4709
f 4709 4713 4710
f 4709 4710 4706
f 4719 4718 4717
f 4719 4717 4716
f 4720 4719 4716
f 4720 4716 4715
f 4721 4720 4715
f 4721 4715 4714
f 4714 4715 4723
f 4714 4723 4722
f 4715 4716 4724
f 4715 4724 4723
f 4716 4717 4725
f 4716 4725 4724
f 4718 4719 4727
f 4718 4727 4726
f 4719 4720 4728
f 4719 4728 4727
f 4720 4721 4729
f 4720 4729 4728
f 4725 4726 4727
f 4724 4725 4727
f 4724 4727 4728
f 4723 4724 4728
f 4723 4728 4729
f 4722 4723 4729
f 4730 4731 4739
f 4730 4739 4738
f 4731 4732 4740
f 4731 4740 4739
f 4732 4733 4741
f 4732 4741 4740
f 4733 4734 4742
f 4733 4742 4741
f 4734 4735 4743
f 4734 4743 4742
f 4735 4736 4744
f 4735 4744 4743
f 4736 4737 4745
f 4736 4745 4744
f 4737 4730 4738
f 4737 4738 4745
f 4738 4739 4746
f 4739 4740 4746
f 4740 4741 4746
f 4741 4742 4746
f 4742 4743 4746
f 4743 4744 4746
f 4744 4745 4746
f 4745 4738 4746
f 4748 4749 4757
f 4748 4757 4756
f 4749 4750 4758
f 4749 4758 4757
f 4750 4751 4759
f 4750 4759 4758
f 4751 4752 4760
f 4751 4760 4759
f 4752 4753 4761
f 4752 4761 4760
f 4753 4754 4762
f 4753 4762 4761
f 4754 4755 4763
f 4754 4763 4762
f 4755 4748 4756
f 4755 4756 4763
f 4756 4757 4764
f 4757 4758 4764
f 4758 4759 4764
f 4759 4760 4764
f 4760 4761 4764
f 4761 4762 4764
f 4762 4763 4764
f 4763 4756 4764
f 4766 4767 4784
f 4766 4784 4783
f 4767 4768 4785
f 4767 4785 4784
f 4768 4769 4786
f 4768 4786 4785
f 4769 4770 4787
f 4769 4787 4786
f 4770 4771 4788
f 4770 4788 4787
f 4771 4772 4789
f 4771 4789 4788
f 4772 4773 4790
f 4772 4790 4789
f 4773 4774 4791
f 4773 4791 4790
f 4774 4775 4792
f 4774 4792 4791
f 4775 4776 4793
f 4775 4793 4792
f 4776 4777 4794
f 4776 4794 4793
f 4777 4778 4795
f 4777 4795 4794
f 4778 4779 4796
f 4778 4796 4795
f 4779 4780 4797
f 4779 4797 4796
f 4780 4781 4798
f 4780 4798 4797
f 4781 4782 4799
f 4781 4799 4798
f 4782 4766 4783
f 4782 4783 4799
f 4803 4769 4768
f 4768 4802 4803
f 4802 4768 4767
f 4767 4801 4802
f 4804 4770 4769
f 4769 4803 4804
f 4805 4771 4770
f 4770 4804 4805
f 4801 4767 4766
f 4766 4800 4801
f 4806 4772 4771
f 4771 4805 4806
f 4807 4773 4772
f 4772 4806 4807
f 4808 4774 4773
f 4773 4807 4808
f 4809 4775 4774
f 4774 4808 4809
f 4810 4776 4775
f 4775 4809 4810
f 4811 4777 4776
f 4776 4810 4811
f 4812 4778 4777
f 4777 4811 4812
f 4813 4779 4778
f 4778 4812 4813
f 4814 4780 4779
f 4779 4813 4814
f 4815 4781 4780
f 4780 4814 4815
f 4800 4766 4782
f 4782 4816 4800
f 4816 4782 4781
f 4781 4815 4816
f 4820 4803 4802
f 4802 4819 4820
f 4819 4802 4801
f 4801 4818 4819
f 4821 4804 4803
f 4803 4820 4821
f 4822 4805 4804
f 4804 4821 4822
f 4818 4801 4800
f 4800 4817 4818
f 4823 4806 4805
f 4805 4822 4823
f 4824 4807 4806
f 4806 4823 4824
f 4825 4808 4807
f 4807 4824 4825
f 4826 4809 4808
f 4808 4825 4826
f 4827 4810 4809
f 4809 4826 4827
f 4828 4811 4810
f 4810 4827 4828
f 4829 4812 4811
f 4811 4828 4829
f 4830 4813 4812
f 4812 4829 4830
f 4831 4814 4813
f 4813 4830 4831
f 4832 4815 4814
f 4814 4831 4832
f 4817 4800 4816
f 4816 4833 4817
f 4833 4816 4815
f 4815 4832 4833
f 4825 4835 4826
f 4826 4835 4827
f 4827 4835 4828
f 4828 4835 4829
f 4829 4836 4830
f 4830 4836 4831
f 4831 4836 4837
f 4831 4837 4832
f 4832 4837 4833
f 4833 4837 4817
f 4837 4834 4817
f 4834 4818 4817
f 4834 4819 4818
f 4834 4820 4819
f 4834 4821 4820
f 4834 4822 4821
f 4834 4823 4822
f 4835 4825 4824
f 4824 4823 4835
f 4835 4823 4834
f 4835 4836 4829
f 4835 4837 4836
f 4837 4835 4834
f 4838 4839 4851
f 4838 4851 4850
f 4839 4840 4852
f 4839 4852 4851
f 4840 4841 4853
f 4840 4853 4852
f 4841 4842 4854
f 4841 4854 4853
f 4842 4843 4855
f 4842 4855 4854
f 4843 4844 4856
f 4843 4856 4855
f 4844 4845 4857
f 4844 4857 4856
f 4845 4846 4858
f 4845 4858 4857
f 4846 4847 4859
f 4846 4859 4858
f 4847 4848 4860
f 4847 4860 4859
f 4848 4849 4861
f 4848 4861 4860
f 4849 4838 4850
f 4849 4850 4861
f 4850 4851 4862
f 4851 4852 4862
f 4852 4853 4862
f 4853 4854 4862
f 4854 4855 4862
f 4855 4856 4862
f 4856 4857 4862
f 4857 4858 4862
f 4858 4859 4862
f 4859 4860 4862
f 4860 4861 4862
f 4861 4850 4862
f 4863 4921 4922
f 4863 4922 4923
f 4863 4923 4924
f 4863 4924 4925
f 4863 4925 4926
f 4863 4926 4927
f 4864 4871 4872
f 4864 4872 4865
f 4865 4872 4873
f 4865 4873 4866
f 4866 4873 4874
f 4866 4874 4867
f 4867 4874 4875
f 4867 4875 4868
f 4868 4875 4876
f 4868 4876 4869
f 4869 4876 4877
f 4869 4877 4870
f 4871 4878 4879
f 4871 4879 4872
f 4872 4879 4880
f 4872 4880 4873
f 4873 4880 4881
f 4873 4881 4874
f 4874 4881 4882
f 4874 4882 4875
f 4875 4882 4883
f 4875 4883 4876
f 4876 4883 4884
f 4876 4884 4877
f 4929 4928 4885
f 4930 4929 4885
f 4931 4930 4885
f 4932 4931 4885
f 4933 4932 4885
f 4934 4933 4885
f 4894 4893 4886
f 4887 4894 4886
f 4895 4894 4887
f 4888 4895 4887
f 4896 4895 4888
f 4889 4896 4888
f 4897 4896 4889
f 4890 4897 4889
f 4898 4897 4890
f 4891 4898 4890
f 4899 4898 4891
f 4892 4899 4891
f 4901 4900 4893
f 4894 4901 4893
f 4902 4901 4894
f 4895 4902 4894
f 4903 4902 4895
f 4896 4903 4895
f 4904 4903 4896
f 4897 4904 4896
f 4905 4904 4897
f 4898 4905 4897
f 4906 4905 4898
f 4899 4906 4898
f 4871 4893 4878
f 4893 4900 4878
f 4864 4886 4893
f 4864 4893 4871
f 4863 4885 4928
f 4863 4928 4921
f 4927 4885 4863
f 4927 4934 4885
f 4877 4899 4892
f 4877 4892 4870
f 4884 4899 4877
f 4884 4906 4899
f 4910 4881 4909
f 4881 4880 4909
f 4909 4880 4879
f 4909 4879 4908
f 4911 4882 4881
f 4911 4881 4910
f 4912 4883 4882
f 4912 4882 4911
f 4912 4913 4883
f 4913 4884 4883
f 4920 4906 4913
f 4906 4884 4913
f 4908 4879 4878
f 4908 4878 4907
f 4907 4878 4900
f 4907 4900 4914
f 4914 4900 4901
f 4914 4901 4915
f 4902 4916 4901
f 4916 4915 4901
f 4903 4917 4916
f 4903 4916 4902
f 4904 4918 4903
f 4918 4917 4903
f 4905 4919 4904
f 4919 4918 4904
f 4920 4905 4906
f 4920 4919 4905
f 4921 4864 4865
f 4865 4922 4921
f 4922 4865 4866
f 4866 4923 4922
f 4923 4866 4867
f 4867 4924 4923
f 4924 4867 4868
f 4868 4925 4924
f 4925 4868 4869
f 4869 4926 4925
f 4926 4869 4870
f 4870 4927 4926
f 4929 4887 4886
f 4886 4928 4929
f 4930 4888 4887
f 4887 4929 4930
f 4931 4889 4888
f 4888 4930 4931
f 4932 4890 4889
f 4889 4931 4932
f 4933 4891 4890
f 4890 4932 4933
f 4934 4892 4891
f 4891 4933 4934
f 4928 4886 4864
f 4864 4921 4928
f 4927 4870 4892
f 4892 4934 4927
f 4944 4936 4935
f 4943 4944 4935
f 4945 4937 4936
f 4944 4945 4936
f 4946 4938 4937
f 4945 4946 4937
f 4947 4939 4938
f 4946 4947 4938
f 4948 4940 4939
f 4947 4948 4939
f 4949 4941 4940
f 4948 4949 4940
f 4950 4942 4941
f 4949 4950 4941
f 4943 4935 4942
f 4950 4943 4942
f 4960 4952 4951
f 4959 4960 4951
f 4961 4953 4952
f 4960 4961 4952
f 4962 4954 4953
f 4961 4962 4953
f 4963 4955 4954
f 4962 4963 4954
f 4964 4956 4955
f 4963 4964 4955
f 4965 4957 4956
f 4964 4965 4956
f 4966 4958 4957
f 4965 4966 4957
f 4959 4951 4958
f 4966 4959 4958
f 4968 4960 4959
f 4967 4968 4959
f 4969 4961 4960
f 4968 4969 4960
f 4970 4962 4961
f 4969 4970 4961
f 4971 4963 4962
f 4970 4971 4962
f 4972 4964 4963
f 4971 4972 4963
f 4973 4965 4964
f 4972 4973 4964
f 4974 4966 4965
f 4973 4974 4965
f 4967 4959 4966
f 4974 4967 4966
f 4976 4968 4967
f 4975 4976 4967
f 4977 4969 4968
f 4976 4977 4968
f 4978 4970 4969
f 4977 4978 4969
f 4979 4971 4970
f 4978 4979 4970
f 4980 4972 4971
f 4979 4980 4971
f 4981 4973 4972
f 4980 4981 4972
f 4982 4974 4973
f 4981 4982 4973
f 4975 4967 4974
f 4982 4975 4974
f 4984 4976 4975
f 4983 4984 4975
f 4985 4977 4976
f 4984 4985 4976
f 4986 4978 4977
f 4985 4986 4977
f 4987 4979 4978
f 4986 4987 4978
f 4988 4980 4979
f 4987 4988 4979
f 4989 4981 4980
f 4988 4989 4980
f 4990 4982 4981
f 4989 4990 4981
f 4983 4975 4982
f 4990 4983 4982
f 4992 4984 4983
f 4991 4992 4983
f 4993 4985 4984
f 4992 4993 4984
f 4994 4986 4985
f 4993 4994 4985
f 4995 4987 4986
f 4994 4995 4986
f 4996 4988 4987
f 4995 4996 4987
f 4997 4989 4988
f 4996 4997 4988
f 4998 4990 4989
f 4997 4998 4989
f 4991 4983 4990
f 4998 4991 4990
f 5000 4992 4991
f 4999 5000 4991
f 5001 4993 4992
f 5000 5001 4992
f 5002 4994 4993
f 5001 5002 4993
f 5003 4995 4994
f 5002 5003 4994
f 5004 4996 4995
f 5003 5004 4995
f 5005 4997 4996
f 5004 5005 4996
f 5006 4998 4997
f 5005 5006 4997
f 4999 4991 4998
f 5006 4999 4998
f 5008 5000 4999
f 5007 5008 4999
f 5009 5001 5000
f 5008 5009 5000
f 5010 5002 5001
f 5009 5010 5001
f 5011 5003 5002
f 5010 5011 5002
f 5012 5004 5003
f 5011 5012 5003
f 5013 5005 5004
f 5012 5013 5004
f 5014 5006 5005
f 5013 5014 5005
f 5007 4999 5006
f 5014 5007 5006
f 5016 5008 5007
f 5015 5016 5007
f 5017 5009 5008
f 5016 5017 5008
f 5018 5010 5009
f 5017 5018 5009
f 5019 5011 5010
f 5018 5019 5010
f 5020 5012 5011
f 5019 5020 5011
f 5021 5013 5012
f 5020 5021 5012
f 5022 5014 5013
f 5021 5022 5013
f 5015 5007 5014
f 5022 5015 5014
f 5024 5016 5015
f 5023 5024 5015
f 5025 5017 5016
f 5024 5025 5016
f 5026 5018 5017
f 5025 5026 5017
f 5027 5019 5018
f 5026 5027 5018
f 5028 5020 5019
f 5027 5028 5019
f 5029 5021 5020
f 5028 5029 5020
f 5030 5022 5021
f 5029 5030 5021
f 5023 5015 5022
f 5030 5023 5022
f 5032 5024 5023
f 5031 5032 5023
f 5033 5025 5024
f 5032 5033 5024
f 5034 5026 5025
f 5033 5034 5025
f 5035 5027 5026
f 5034 5035 5026
f 5036 5028 5027
f 5035 5036 5027
f 5037 5029 5028
f 5036 5037 5028
f 5038 5030 5029
f 5037 5038 5029
f 5031 5023 5030
f 5038 5031 5030
f 5040 5032 5031
f 5039 5040 5031
f 5041 5033 5032
f 5040 5041 5032
f 5042 5034 5033
f 5041 5042 5033
f 5043 5035 5034
f 5042 5043 5034
f 5044 5036 5035
f 5043 5044 5035
f 5045 5037 5036
f 5044 5045 5036
f 5046 5038 5037
f 5045 5046 5037
f 5039 5031 5038
f 5046 5039 5038
f 5048 5040 5039
f 5047 5048 5039
f 5049 5041 5040
f 5048 5049 5040
f 5050 5042 5041
f 5049 5050 5041
f 5051 5043 5042
f 5050 5051 5042
f 5052 5044 5043
f 5051 5052 5043
f 5053 5045 5044
f 5052 5053 5044
f 5054 5046 5045
f 5053 5054 5045
f 5047 5039 5046
f 5054 5047 5046
f 5056 5048 5047
f 5055 5056 5047
f 5057 5049 5048
f 5056 5057 5048
f 5058 5050 5049
f 5057 5058 5049
f 5059 5051 5050
f 5058 5059 5050
f 5060 5052 5051
f 5059 5060 5051
f 5061 5053 5052
f 5060 5061 5052
f 5062 5054 5053
f 5061 5062 5053
f 5055 5047 5054
f 5062 5055 5054
f 5064 5056 5055
f 5063 5064 5055
f 5065 5057 5056
f 5064 5065 5056
f 5066 5058 5057
f 5065 5066 5057
f 5067 5059 5058
f 5066 5067 5058
f 5068 5060 5059
f 5067 5068 5059
f 5069 5061 5060
f 5068 5069 5060
f 5070 5062 5061
f 5069 5070 5061
f 5063 5055 5062
f 5070 5063 5062
f 5072 5064 5063
f 5071 5072 5063
f 5073 5065 5064
f 5072 5073 5064
f 5074 5066 5065
f 5073 5074 5065
f 5075 5067 5066
f 5074 5075 5066
f 5076 5068 5067
f 5075 5076 5067
f 5077 5069 5068
f 5076 5077 5068
f 5078 5070 5069
f 5077 5078 5069
f 5071 5063 5070
f 5078 5071 5070
f 5080 5072 5071
f 5079 5080 5071
f 5081 5073 5072
f 5080 5081 5072
f 5082 5074 5073
f 5081 5082 5073
f 5083 5075 5074
f 5082 5083 5074
f 5084 5076 5075
f 5083 5084 5075
f 5085 5077 5076
f 5084 5085 5076
f 5086 5078 5077
f 5085 5086 5077
f 5079 5071 5078
f 5086 5079 5078
f 5088 5080 5079
f 5087 5088 5079
f 5089 5081 5080
f 5088 5089 5080
f 5090 5082 5081
f 5089 5090 5081
f 5091 5083 5082
f 5090 5091 5082
f 5092 5084 5083
f 5091 5092 5083
f 5093 5085 5084
f 5092 5093 5084
f 5094 5086 5085
f 5093 5094 5085
f 5087 5079 5086
f 5094 5087 5086
f 5095 4951 4952
f 5095 4952 4953
f 5095 4953 4954
f 5095 4954 4955
f 5095 4955 4956
f 5095 4956 4957
f 5095 4957 4958
f 5095 4958 4951
f 5105 5097 5096
f 5104 5105 5096
f 5106 5098 5097
f 5105 5106 5097
f 5107 5099 5098
f 5106 5107 5098
f 5108 5100 5099
f 5107 5108 5099
f 5109 5101 5100
f 5108 5109 5100
f 5110 5102 5101
f 5109 5110 5101
f 5111 5103 5102
f 5110 5111 5102
f 5104 5096 5103
f 5111 5104 5103
f 5113 5105 5104
f 5112 5113 5104
f 5114 5106 5105
f 5113 5114 5105
f 5115 5107 5106
f 5114 5115 5106
f 5116 5108 5107
f 5115 5116 5107
f 5117 5109 5108
f 5116 5117 5108
f 5118 5110 5109
f 5117 5118 5109
f 5119 5111 5110
f 5118 5119 5110
f 5112 5104 5111
f 5119 5112 5111
f 5121 5113 5112
f 5120 5121 5112
f 5122 5114 5113
f 5121 5122 5113
f 5123 5115 5114
f 5122 5123 5114
f 5124 5116 5115
f 5123 5124 5115
f 5125 5117 5116
f 5124 5125 5116
f 5126 5118 5117
f 5125 5126 5117
f 5127 5119 5118
f 5126 5127 5118
f 5120 5112 5119
f 5127 5120 5119
f 5129 5121 5120
f 5128 5129 5120
f 5130 5122 5121
f 5129 5130 5121
f 5131 5123 5122
f 5130 5131 5122
f 5132 5124 5123
f 5131 5132 5123
f 5133 5125 5124
f 5132 5133 5124
f 5134 5126 5125
f 5133 5134 5125
f 5135 5127 5126
f 5134 5135 5126
f 5128 5120 5127
f 5135 5128 5127
f 5137 5129 5128
f 5136 5137 5128
f 5138 5130 5129
f 5137 5138 5129
f 5139 5131 5130
f 5138 5139 5130
f 5140 5132 5131
f 5139 5140 5131
f 5141 5133 5132
f 5140 5141 5132
f 5142 5134 5133
f 5141 5142 5133
f 5143 5135 5134
f 5142 5143 5134
f 5136 5128 5135
f 5143 5136 5135
f 5145 5137 5136
f 5144 5145 5136
f 5146 5138 5137
f 5145 5146 5137
f 5147 5139 5138
f 5146 5147 5138
f 5148 5140 5139
f 5147 5148 5139
f 5149 5141 5140
f 5148 5149 5140
f 5150 5142 5141
f 5149 5150 5141
f 5151 5143 5142
f 5150 5151 5142
f 5144 5136 5143
f 5151 5144 5143
f 5153 5145 5144
f 5152 5153 5144
f 5154 5146 5145
f 5153 5154 5145
f 5155 5147 5146
f 5154 5155 5146
f 5156 5148 5147
f 5155 5156 5147
f 5157 5149 5148
f 5156 5157 5148
f 5158 5150 5149
f 5157 5158 5149
f 5159 5151 5150
f 5158 5159 5150
f 5152 5144 5151
f 5159 5152 5151
f 5161 5153 5152
f 5160 5161 5152
f 5162 5154 5153
f 5161 5162 5153
f 5163 5155 5154
f 5162 5163 5154
f 5164 5156 5155
f 5163 5164 5155
f 5165 5157 5156
f 5164 5165 5156
f 5166 5158 5157
f 5165 5166 5157
f 5167 5159 5158
f 5166 5167 5158
f 5160 5152 5159
f 5167 5160 5159
f 5169 5161 5160
f 5168 5169 5160
f 5170 5162 5161
f 5169 5170 5161
f 5171 5163 5162
f 5170 5171 5162
f 5172 5164 5163
f 5171 5172 5163
f 5173 5165 5164
f 5172 5173 5164
f 5174 5166 5165
f 5173 5174 5165
f 5175 5167 5166
f 5174 5175 5166
f 5168 5160 5167
f 5175 5168 5167
f 5177 5169 5168
f 5176 5177 5168
f 5178 5170 5169
f 5177 5178 5169
f 5179 5171 5170
f 5178 5179 5170
f 5180 5172 5171
f 5179 5180 5171
f 5181 5173 5172
f 5180 5181 5172
f 5182 5174 5173
f 5181 5182 5173
f 5183 5175 5174
f 5182 5183 5174
f 5176 5168 5175
f 5183 5176 5175
f 5185 5177 5176
f 5184 5185 5176
f 5186 5178 5177
f 5185 5186 5177
f 5187 5179 5178
f 5186 5187 5178
f 5188 5180 5179
f 5187 5188 5179
f 5189 5181 5180
f 5188 5189 5180
f 5190 5182 5181
f 5189 5190 5181
f 5191 5183 5182
f 5190 5191 5182
f 5184 5176 5183
f 5191 5184 5183
f 5193 5185 5184
f 5192 5193 5184
f 5194 5186 5185
f 5193 5194 5185
f 5195 5187 5186
f 5194 5195 5186
f 5196 5188 5187
f 5195 5196 5187
f 5197 5189 5188
f 5196 5197 5188
f 5198 5190 5189
f 5197 5198 5189
f 5199 5191 5190
f 5198 5199 5190
f 5192 5184 5191
f 5199 5192 5191
f 5201 5193 5192
f 5200 5201 5192
f 5202 5194 5193
f 5201 5202 5193
f 5203 5195 5194
f 5202 5203 5194
f 5204 5196 5195
f 5203 5204 5195
f 5205 5197 5196
f 5204 5205 5196
f 5206 5198 5197
f 5205 5206 5197
f 5207 5199 5198
f 5206 5207 5198
f 5200 5192 5199
f 5207 5200 5199
f 5209 5201 5200
f 5208 5209 5200
f 5210 5202 5201
f 5209 5210 5201
f 5211 5203 5202
f 5210 5211 5202
f 5212 5204 5203
f 5211 5212 5203
f 5213 5205 5204
f 5212 5213 5204
f 5214 5206 5205
f 5213 5214 5205
f 5215 5207 5206
f 5214 5215 5206
f 5208 5200 5207
f 5215 5208 5207
f 5217 5209 5208
f 5216 5217 5208
f 5218 5210 5209
f 5217 5218 5209
f 5219 5211 5210
f 5218 5219 5210
f 5220 5212 5211
f 5219 5220 5211
f 5221 5213 5212
f 5220 5221 5212
f 5222 5214 5213
f 5221 5222 5213
f 5223 5215 5214
f 5222 5223 5214
f 5216 5208 5215
f 5223 5216 5215
f 5225 5217 5216
f 5224 5225 5216
f 5226 5218 5217
f 5225 5226 5217
f 5227 5219 5218
f 5226 5227 5218
f 5228 5220 5219
f 5227 5228 5219
f 5229 5221 5220
f 5228 5229 5220
f 5230 5222 5221
f 5229 5230 5221
f 5231 5223 5222
f 5230 5231 5222
f 5224 5216 5223
f 5231 5224 5223
f 5233 5225 5224
f 5232 5233 5224
f 5234 5226 5225
f 5233 5234 5225
f 5235 5227 5226
f 5234 5235 5226
f 5236 5228 5227
f 5235 5236 5227
f 5237 5229 5228
f 5236 5237 5228
f 5238 5230 5229
f 5237 5238 5229
f 5239 5231 5230
f 5238 5239 5230
f 5232 5224 5231
f 5239 5232 5231
f 5251 5250 5249
f 5251 5249 5248
f 5251 5248 5247
f 5251 5247 5246
f 5252 5251 5246
f 5252 5246 5245
f 5252 5245 5244
f 5253 5252 5244
f 5253 5244 5243
f 5254 5253 5243
f 5254 5243 5242
f 5255 5254 5242
f 5256 5255 5242
f 5256 5242 5241
f 5256 5241 5240
f 5240 5241 5258
f 5240 5258 5257
f 5241 5242 5259
f 5241 5259 5258
f 5242 5243 5260
f 5242 5260 5259
f 5243 5244 5261
f 5243 5261 5260
f 5244 5245 5262
f 5244 5262 5261
f 5245 5246 5263
f 5245 5263 5262
f 5246 5247 5264
f 5246 5264 5263
f 5247 5248 5265
f 5247 5265 5264
f 5248 5249 5266
f 5248 5266 5265
f 5249 5250 5267
f 5249 5267 5266
f 5250 5251 5268
f 5250 5268 5267
f 5251 5252 5269
f 5251 5269 5268
f 5252 5253 5270
f 5252 5270 5269
f 5253 5254 5271
f 5253 5271 5270
f 5254 5255 5272
f 5254 5272 5271
f 5255 5256 5273
f 5255 5273 5272
f 5274 5275 5283
f 5274 5283 5282
f 5275 5276 5284
f 5275 5284 5283
f 5276 5277 5285
f 5276 5285 5284
f 5277 5278 5286
f 5277 5286 5285
f 5278 5279 5287
f 5278 5287 5286
f 5279 5280 5288
f 5279 5288 5287
f 5280 5281 5289
f 5280 5289 5288
f 5281 5274 5282
f 5281 5282 5289
f 5282 5283 5290
f 5283 5284 5290
f 5284 5285 5290
f 5285 5286 5290
f 5286 5287 5290
f 5287 5288 5290
f 5288 5289 5290
f 5289 5282 5290
f 5291 5292 5300
f 5291 5300 5299
f 5292 5293 5301
f 5292 5301 5300
f 5293 5294 5302
f 5293 5302 5301
f 5294 5295 5303
f 5294 5303 5302
f 5295 5296 5304
f 5295 5304 5303
f 5296 5297 5305
f 5296 5305 5304
f 5297 5298 5306
f 5297 5306 5305
f 5298 5291 5299
f 5298 5299 5306
f 5299 5300 5307
f 5300 5301 5307
f 5301 5302 5307
f 5302 5303 5307
f 5303 5304 5307
f 5304 5305 5307
f 5305 5306 5307
f 5306 5299 5307
f 5308 5309 5317
f 5308 5317 5316
f 5309 5310 5318
f 5309 5318 5317
f 5310 5311 5319
f 5310 5319 5318
f 5311 5312 5320
f 5311 5320 5319
f 5312 5313 5321
f 5312 5321 5320
f 5313 5314 5322
f 5313 5322 5321
f 5314 5315 5323
f 5314 5323 5322
f 5315 5308 5316
f 5315 5316 5323
f 5309 5308 5325
f 5310 5309 5325
f 5311 5310 5325
f 5312 5311 5325
f 5313 5312 5325
f 5314 5313 5325
f 5315 5314 5325
f 5308 5315 5325
f 5316 5317 5324
f 5317 5318 5324
f 5318 5319 5324
f 5319 5320 5324
f 5320 5321 5324
f 5321 5322 5324
f 5322 5323 5324
f 5323 5316 5324
f 5326 5327 5335
f 5326 5335 5334
f 5327 5328 5336
f 5327 5336 5335
f 5328 5329 5337
f 5328 5337 5336
f 5329 5330 5338
f 5329 5338 5337
f 5330 5331 5339
f 5330 5339 5338
f 5331 5332 5340
f 5331 5340 5339
f 5332 5333 5341
f 5332 5341 5340
f 5333 5326 5334
f 5333 5334 5341
f 5327 5326 5343
f 5328 5327 5343
f 5329 5328 5343
f 5330 5329 5343
f 5331 5330 5343
f 5332 5331 5343
f 5333 5332 5343
f 5326 5333 5343
f 5334 5335 5342
f 5335 5336 5342
f 5336 5337 5342
f 5337 5338 5342
f 5338 5339 5342
f 5339 5340 5342
f 5340 5341 5342
f 5341 5334 5342
f 5344 5345 5346
f 5344 5346 5347
f 5344 5348 5349
f 5344 5349 5345
f 5345 5349 5350
f 5345 5350 5346
f 5346 5350 5351
f 5346 5351 5347
f 5347 5351 5348
f 5347 5348 5344
f 5348 5351 5350
f 5348 5350 5349
f 5352 5353 5354
f 5352 5354 5355
f 5352 5356 5357
f 5352 5357 5353
f 5353 5357 5358
f 5353 5358 5354
f 5354 5358 5359
f 5354 5359 5355
f 5355 5359 5356
f 5355 5356 5352
f 5356 5359 5358
f 5356 5358 5357
f 5360 5361 5369
f 5360 5369 5368
f 5361 5362 5370
f 5361 5370 5369
f 5362 5363 5371
f 5362 5371 5370
f 5363 5364 5372
f 5363 5372 5371
f 5364 5365 5373
f 5364 5373 5372
f 5365 5366 5374
f 5365 5374 5373
f 5366 5367 5375
f 5366 5375 5374
f 5367 5360 5368
f 5367 5368 5375
f 5361 5360 5377
f 5362 5361 5377
f 5363 5362 5377
f 5364 5363 5377
f 5365 5364 5377
f 5366 5365 5377
f 5367 5366 5377
f 5360 5367 5377
f 5368 5369 5376
f 5369 5370 5376
f 5370 5371 5376
f 5371 5372 5376
f 5372 5373 5376
f 5373 5374 5376
f 5374 5375 5376
f 5375 5368 5376
f 5380 5379 5378
f 5381 5380 5378
f 5384 5383 5379
f 5380 5384 5379
f 5385 5384 5380
f 5381 5385 5380
f 5382 5385 5381
f 5378 5382 5381
f 5384 5385 5382
f 5383 5384 5382
f 5386 5387 5393
f 5386 5393 5392
f 5387 5388 5394
f 5387 5394 5393
f 5388 5389 5395
f 5388 5395 5394
f 5389 5390 5396
f 5389 5396 5395
f 5390 5391 5397
f 5390 5397 5396
f 5391 5386 5392
f 5391 5392 5397
f 5392 5393 5398
f 5393 5394 5398
f 5394 5395 5398
f 5395 5396 5398
f 5396 5397 5398
f 5397 5392 5398
f 5400 5401 5402
f 5400 5402 5403
f 5401 5405 5406
f 5401 5406 5402
f 5402 5406 5407
f 5402 5407 5403
f 5403 5407 5404
f 5403 5404 5400
f 5408 5409 5410
f 5408 5410 5411
f 5409 5413 5414
f 5409 5414 5410
f 5410 5414 5415
f 5410 5415 5411
f 5411 5415 5412
f 5411 5412 5408
f 5416 5417 5423
f 5416 5423 5422
f 5417 5418 5424
f 5417 5424 5423
f 5418 5419 5425
f 5418 5425 5424
f 5419 5420 5426
f 5419 5426 5425
f 5420 5421 5427
f 5420 5427 5426
f 5421 5416 5422
f 5421 5422 5427
f 5422 5423 5428
f 5423 5424 5428
f 5424 5425 5428
f 5425 5426 5428
f 5426 5427 5428
f 5427 5422 5428
f 5430 5431 5432
f 5430 5432 5433
f 5430 5434 5435
f 5430 5435 5431
f 5431 5435 5436
f 5431 5436 5432
f 5432 5436 5437
f 5432 5437 5433
f 5433 5437 5434
f 5433 5434 5430
f 5434 5437 5436
f 5434 5436 5435
f 5438 5439 5440
f 5438 5440 5441
f 5438 5442 5443
f 5438 5443 5439
f 5439 5443 5444
f 5439 5444 5440
f 5441 5445 5442
f 5441 5442 5438
f 5442 5445 5444
f 5442 5444 5443
f 5446 5447 5448
f 5446 5448 5449
f 5446 5450 5451
f 5446 5451 5447
f 5447 5451 5452
f 5447 5452 5448
f 5449 5453 5450
f 5449 5450 5446
f 5450 5453 5452
f 5450 5452 5451
f 5454 5455 5456
f 5454 5456 5457
f 5454 5458 5459
f 5454 5459 5455
f 5455 5459 5460
f 5455 5460 5456
f 5457 5461 5458
f 5457 5458 5454
f 5458 5461 5460
f 5458 5460 5459
f 5462 5463 5464
f 5462 5464 5465
f 5462 5466 5467
f 5462 5467 5463
f 5463 5467 5468
f 5463 5468 5464
f 5465 5469 5466
f 5465 5466 5462
f 5466 5469 5468
f 5466 5468 5467
f 5470 5471 5472
f 5470 5472 5473
f 5470 5474 5475
f 5470 5475 5471
f 5471 5475 5476
f 5471 5476 5472
f 5473 5477 5474
f 5473 5474 5470
f 5474 5477 5476
f 5474 5476 5475
f 5478 5479 5480
f 5478 5480 5481
f 5478 5482 5483
f 5478 5483 5479
f 5479 5483 5484
f 5479 5484 5480
f 5481 5485 5482
f 5481 5482 5478
f 5482 5485 5484
f 5482 5484 5483
f 5487 5486 5494
f 5487 5494 5493
f 5487 5493 5492
f 5488 5487 5492
f 5488 5492 5491
f 5488 5491 5490
f 5488 5490 5489
f 5486 5487 5496
f 5486 5496 5495
f 5487 5488 5497
f 5487 5497 5496
f 5488 5489 5498
f 5488 5498 5497
f 5489 5490 5499
f 5489 5499 5498
f 5490 5491 5500
f 5490 5500 5499
f 5491 5492 5501
f 5491 5501 5500
f 5492 5493 5502
f 5492 5502 5501
f 5493 5494 5503
f 5493 5503 5502
f 5503 5495 5496
f 5502 5503 5496
f 5501 5502 5496
f 5501 5496 5497
f 5500 5501 5497
f 5499 5500 5497
f 5498 5499 5497
f 5504 5508 5509
f 5504 5509 5505
f 5505 5509 5510
f 5505 5510 5506
f 5506 5510 5511
f 5506 5511 5507
f 5507 5511 5508
f 5507 5508 5504
f 5508 5511 5510
f 5508 5510 5509
f 5512 5516 5517
f 5512 5517 5513
f 5513 5517 5518
f 5513 5518 5514
f 5514 5518 5519
f 5514 5519 5515
f 5515 5519 5516
f 5515 5516 5512
f 5516 5519 5518
f 5516 5518 5517
f 5527 5528 5520
f 5527 5520 5521
f 5526 5527 5521
f 5526 5521 5522
f 5525 5526 5522
f 5524 5525 5522
f 5523 5524 5522
f 5530 5521 5520
f 5529 5530 5520
f 5531 5522 5521
f 5530 5531 5521
f 5532 5523 5522
f 5531 5532 5522
f 5533 5524 5523
f 5532 5533 5523
f 5534 5525 5524
f 5533 5534 5524
f 5535 5526 5525
f 5534 5535 5525
f 5536 5527 5526
f 5535 5536 5526
f 5537 5528 5527
f 5536 5537 5527
f 5520 5528 5529
f 5528 5537 5529
f 5540 5539 5538
f 5541 5540 5538
f 5542 5541 5538
f 5543 5542 5538
f 5544 5543 5538
f 5545 5544 5538
f 5546 5545 5538
f 5547 5546 5538
f 5548 5547 5538
f 5549 5548 5538
f 5550 5549 5538
f 5539 5550 5538
f 5552 5551 5539
f 5540 5552 5539
f 5553 5552 5540
f 5541 5553 5540
f 5554 5553 5541
f 5542 5554 5541
f 5555 5554 5542
f 5543 5555 5542
f 5556 5555 5543
f 5544 5556 5543
f 5557 5556 5544
f 5545 5557 5544
f 5558 5557 5545
f 5546 5558 5545
f 5559 5558 5546
f 5547 5559 5546
f 5560 5559 5547
f 5548 5560 5547
f 5561 5560 5548
f 5549 5561 5548
f 5562 5561 5549
f 5550 5562 5549
f 5551 5562 5550
f 5539 5551 5550
f 5564 5563 5551
f 5552 5564 5551
f 5565 5564 5552
f 5553 5565 5552
f 5566 5565 5553
f 5554 5566 5553
f 5567 5566 5554
f 5555 5567 5554
f 5568 5567 5555
f 5556 5568 5555
f 5569 5568 5556
f 5557 5569 5556
f 5570 5569 5557
f 5558 5570 5557
f 5571 5570 5558
f 5559 5571 5558
f 5572 5571 5559
f 5560 5572 5559
f 5573 5572 5560
f 5561 5573 5560
f 5574 5573 5561
f 5562 5574 5561
f 5563 5574 5562
f 5551 5563 5562
f 5588 5589 5587
f 5589 5590 5587
f 5590 5591 5587
f 5591 5592 5587
f 5592 5593 5587
f 5593 5594 5587
f 5594 5595 5587
f 5595 5596 5587
f 5596 5597 5587
f 5597 5598 5587
f 5576 5577 5589
f 5589 5588 5576
f 5575 5576 5588
f 5588 5587 5575
f 5577 5578 5590
f 5590 5589 5577
f 5578 5579 5591
f 5591 5590 5578
f 5579 5580 5592
f 5592 5591 5579
f 5580 5581 5593
f 5593 5592 5580
f 5581 5582 5594
f 5594 5593 5581
f 5582 5583 5595
f 5595 5594 5582
f 5583 5584 5596
f 5596 5595 5583
f 5584 5585 5597
f 5597 5596 5584
f 5586 5575 5587
f 5587 5598 5586
f 5585 5586 5598
f 5598 5597 5585
f 5600 5601 5613
f 5613 5612 5600
f 5599 5600 5612
f 5612 5611 5599
f 5601 5602 5614
f 5614 5613 5601
f 5602 5603 5615
f 5615 5614 5602
f 5603 5604 5616
f 5616 5615 5603
f 5604 5605 5617
f 5617 5616 5604
f 5605 5606 5618
f 5618 5617 5605
f 5606 5607 5619
f 5619 5618 5606
f 5607 5608 5620
f 5620 5619 5607
f 5608 5609 5621
f 5621 5620 5608
f 5610 5599 5611
f 5611 5622 5610
f 5609 5610 5622
f 5622 5621 5609
f 5612 5613 5625
f 5625 5624 5612
f 5611 5612 5624
f 5624 5623 5611
f 5613 5614 5626
f 5626 5625 5613
f 5614 5615 5627
f 5627 5626 5614
f 5615 5616 5628
f 5628 5627 5615
f 5616 5617 5629
f 5629 5628 5616
f 5617 5618 5630
f 5630 5629 5617
f 5618 5619 5631
f 5631 5630 5618
f 5619 5620 5632
f 5632 5631 5619
f 5620 5621 5633
f 5633 5632 5620
f 5622 5611 5623
f 5623 5634 5622
f 5621 5622 5634
f 5634 5633 5621
f 5624 5625 5637
f 5637 5636 5624
f 5623 5624 5636
f 5636 5635 5623
f 5625 5626 5638
f 5638 5637 5625
f 5626 5627 5639
f 5639 5638 5626
f 5627 5628 5640
f 5640 5639 5627
f 5628 5629 5641
f 5641 5640 5628
f 5629 5630 5642
f 5642 5641 5629
f 5630 5631 5643
f 5643 5642 5630
f 5631 5632 5644
f 5644 5643 5631
f 5632 5633 5645
f 5645 5644 5632
f 5634 5623 5635
f 5635 5646 5634
f 5633 5634 5646
f 5646 5645 5633
f 5647 5648 5649
f 5647 5649 5650
f 5647 5650 5651
f 5647 5651 5652
f 5647 5652 5653
f 5647 5653 5654
f 5647 5654 5655
f 5647 5655 5656
f 5647 5656 5657
f 5647 5657 5658
f 5647 5658 5659
f 5647 5659 5648
f 5648 5660 5661
f 5648 5661 5649
f 5649 5661 5662
f 5649 5662 5650
f 5650 5662 5663
f 5650 5663 5651
f 5651 5663 5664
f 5651 5664 5652
f 5652 5664 5665
f 5652 5665 5653
f 5653 5665 5666
f 5653 5666 5654
f 5654 5666 5667
f 5654 5667 5655
f 5655 5667 5668
f 5655 5668 5656
f 5656 5668 5669
f 5656 5669 5657
f 5657 5669 5670
f 5657 5670 5658
f 5658 5670 5671
f 5658 5671 5659
f 5659 5671 5660
f 5659 5660 5648
f 5660 5672 5673
f 5660 5673 5661
f 5661 5673 5674
f 5661 5674 5662
f 5662 5674 5675
f 5662 5675 5663
f 5663 5675 5676
f 5663 5676 5664
f 5664 5676 5677
f 5664 5677 5665
f 5665 5677 5678
f 5665 5678 5666
f 5666 5678 5679
f 5666 5679 5667
f 5667 5679 5680
f 5667 5680 5668
f 5668 5680 5681
f 5668 5681 5669
f 5669 5681 5682
f 5669 5682 5670
f 5670 5682 5683
f 5670 5683 5671
f 5671 5683 5672
f 5671 5672 5660
f 5696 5698 5697
f 5696 5699 5698
f 5696 5700 5699
f 5696 5701 5700
f 5696 5702 5701
f 5696 5703 5702
f 5696 5704 5703
f 5696 5705 5704
f 5696 5706 5705
f 5696 5707 5706
f 5698 5686 5685
f 5685 5697 5698
f 5697 5685 5684
f 5684 5696 5697
f 5699 5687 5686
f 5686 5698 5699
f 5700 5688 5687
f 5687 5699 5700
f 5701 5689 5688
f 5688 5700 5701
f 5702 5690 5689
f 5689 5701 5702
f 5703 5691 5690
f 5690 5702 5703
f 5704 5692 5691
f 5691 5703 5704
f 5705 5693 5692
f 5692 5704 5705
f 5706 5694 5693
f 5693 5705 5706
f 5696 5684 5695
f 5695 5707 5696
f 5707 5695 5694
f 5694 5706 5707
f 5722 5710 5709
f 5709 5721 5722
f 5721 5709 5708
f 5708 5720 5721
f 5723 5711 5710
f 5710 5722 5723
f 5724 5712 5711
f 5711 5723 5724
f 5725 5713 5712
f 5712 5724 5725
f 5726 5714 5713
f 5713 5725 5726
f 5727 5715 5714
f 5714 5726 5727
f 5728 5716 5715
f 5715 5727 5728
f 5729 5717 5716
f 5716 5728 5729
f 5730 5718 5717
f 5717 5729 5730
f 5720 5708 5719
f 5719 5731 5720
f 5731 5719 5718
f 5718 5730 5731
f 5734 5722 5721
f 5721 5733 5734
f 5733 5721 5720
f 5720 5732 5733
f 5735 5723 5722
f 5722 5734 5735
f 5736 5724 5723
f 5723 5735 5736
f 5737 5725 5724
f 5724 5736 5737
f 5738 5726 5725
f 5725 5737 5738
f 5739 5727 5726
f 5726 5738 5739
f 5740 5728 5727
f 5727 5739 5740
f 5741 5729 5728
f 5728 5740 5741
f 5742 5730 5729
f 5729 5741 5742
f 5732 5720 5731
f 5731 5743 5732
f 5743 5731 5730
f 5730 5742 5743
f 5746 5734 5733
f 5733 5745 5746
f 5745 5733 5732
f 5732 5744 5745
f 5747 5735 5734
f 5734 5746 5747
f 5748 5736 5735
f 5735 5747 5748
f 5749 5737 5736
f 5736 5748 5749
f 5750 5738 5737
f 5737 5749 5750
f 5751 5739 5738
f 5738 5750 5751
f 5752 5740 5739
f 5739 5751 5752
f 5753 5741 5740
f 5740 5752 5753
f 5754 5742 5741
f 5741 5753 5754
f 5744 5732 5743
f 5743 5755 5744
f 5755 5743 5742
f 5742 5754 5755
f 5761 5760 5756
f 5757 5761 5756
f 5762 5761 5757
f 5758 5762 5757
f 5763 5762 5758
f 5759 5763 5758
f 5760 5763 5759
f 5756 5760 5759
f 5762 5763 5760
f 5761 5762 5760
f 5769 5768 5764
f 5765 5769 5764
f 5770 5769 5765
f 5766 5770 5765
f 5771 5770 5766
f 5767 5771 5766
f 5768 5771 5767
f 5764 5768 5767
f 5770 5771 5768
f 5769 5770 5768
f 5772 5776 5777
f 5772 5777 5773
f 5773 5777 5778
f 5773 5778 5774
f 5774 5778 5779
f 5774 5779 5775
f 5775 5779 5776
f 5775 5776 5772
f 5776 5779 5778
f 5776 5778 5777
f 5780 5784 5785
f 5780 5785 5781
f 5781 5785 5786
f 5781 5786 5782
f 5782 5786 5787
f 5782 5787 5783
f 5783 5787 5784
f 5783 5784 5780
f 5784 5787 5786
f 5784 5786 5785
f 5793 5792 5788
f 5789 5793 5788
f 5794 5793 5789
f 5790 5794 5789
f 5795 5794 5790
f 5791 5795 5790
f 5792 5795 5791
f 5788 5792 5791
f 5794 5795 5792
f 5793 5794 5792
f 5801 5800 5796
f 5797 5801 5796
f 5802 5801 5797
f 5798 5802 5797
f 5803 5802 5798
f 5799 5803 5798
f 5800 5803 5799
f 5796 5800 5799
f 5802 5803 5800
f 5801 5802 5800
f 5804 5805 5806
f 5804 5806 5807
f 5804 5807 5808
f 5804 5808 5809
f 5804 5809 5810
f 5804 5810 5811
f 5804 5811 5812
f 5804 5812 5813
f 5804 5813 5814
f 5804 5814 5815
f 5804 5815 5816
f 5804 5816 5805
f 5805 5817 5818
f 5805 5818 5806
f 5806 5818 5819
f 5806 5819 5807
f 5807 5819 5820
f 5807 5820 5808
f 5808 5820 5821
f 5808 5821 5809
f 5809 5821 5822
f 5809 5822 5810
f 5810 5822 5823
f 5810 5823 5811
f 5811 5823 5824
f 5811 5824 5812
f 5812 5824 5825
f 5812 5825 5813
f 5813 5825 5826
f 5813 5826 5814
f 5814 5826 5827
f 5814 5827 5815
f 5815 5827 5828
f 5815 5828 5816
f 5816 5828 5817
f 5816 5817 5805
f 5817 5829 5830
f 5817 5830 5818
f 5818 5830 5831
f 5818 5831 5819
f 5819 5831 5832
f 5819 5832 5820
f 5820 5832 5833
f 5820 5833 5821
f 5821 5833 5834
f 5821 5834 5822
f 5822 5834 5835
f 5822 5835 5823
f 5823 5835 5836
f 5823 5836 5824
f 5824 5836 5837
f 5824 5837 5825
f 5825 5837 5838
f 5825 5838 5826
f 5826 5838 5839
f 5826 5839 5827
f 5827 5839 5840
f 5827 5840 5828
f 5828 5840 5829
f 5828 5829 5817
f 5853 5855 5854
f 5853 5856 5855
f 5853 5857 5856
f 5853 5858 5857
f 5853 5859 5858
f 5853 5860 5859
f 5853 5861 5860
f 5853 5862 5861
f 5853 5863 5862
f 5853 5864 5863
f 5855 5843 5842
f 5842 5854 5855
f 5854 5842 5841
f 5841 5853 5854
f 5856 5844 5843
f 5843 5855 5856
f 5857 5845 5844
f 5844 5856 5857
f 5858 5846 5845
f 5845 5857 5858
f 5859 5847 5846
f 5846 5858 5859
f 5860 5848 5847
f 5847 5859 5860
f 5861 5849 5848
f 5848 5860 5861
f 5862 5850 5849
f 5849 5861 5862
f 5863 5851 5850
f 5850 5862 5863
f 5853 5841 5852
f 5852 5864 5853
f 5864 5852 5851
f 5851 5863 5864
f 5879 5867 5866
f 5866 5878 5879
f 5878 5866 5865
f 5865 5877 5878
f 5880 5868 5867
f 5867 5879 5880
f 5881 5869 5868
f 5868 5880 5881
f 5882 5870 5869
f 5869 5881 5882
f 5883 5871 5870
f 5870 5882 5883
f 5884 5872 5871
f 5871 5883 5884
f 5885 5873 5872
f 5872 5884 5885
f 5886 5874 5873
f 5873 5885 5886
f 5887 5875 5874
f 5874 5886 5887
f 5877 5865 5876
f 5876 5888 5877
f 5888 5876 5875
f 5875 5887 5888
f 5891 5879 5878
f 5878 5890 5891
f 5890 5878 5877
f 5877 5889 5890
f 5892 5880 5879
f 5879 5891 5892
f 5893 5881 5880
f 5880 5892 5893
f 5894 5882 5881
f 5881 5893 5894
f 5895 5883 5882
f 5882 5894 5895
f 5896 5884 5883
f 5883 5895 5896
f 5897 5885 5884
f 5884 5896 5897
f 5898 5886 5885
f 5885 5897 5898
f 5899 5887 5886
f 5886 5898 5899
f 5889 5877 5888
f 5888 5900 5889
f 5900 5888 5887
f 5887 5899 5900
f 5903 5891 5890
f 5890 5902 5903
f 5902 5890 5889
f 5889 5901 5902
f 5904 5892 5891
f 5891 5903 5904
f 5905 5893 5892
f 5892 5904 5905
f 5906 5894 5893
f 5893 5905 5906
f 5907 5895 5894
f 5894 5906 5907
f 5908 5896 5895
f 5895 5907 5908
f 5909 5897 5896
f 5896 5908 5909
f 5910 5898 5897
f 5897 5909 5910
f 5911 5899 5898
f 5898 5910 5911
f 5901 5889 5900
f 5900 5912 5901
f 5912 5900 5899
f 5899 5911 5912
f 5914 5913 5919
f 5915 5914 5919
f 5916 5915 5919
f 5917 5916 5919
f 5917 5919 5918
f 5913 5914 5921
f 5913 5921 5920
f 5914 5915 5922
f 5914 5922 5921
f 5915 5916 5923
f 5915 5923 5922
f 5916 5917 5924
f 5916 5924 5923
f 5917 5918 5925
f 5917 5925 5924
f 5918 5919 5926
f 5918 5926 5925
f 5919 5913 5920
f 5919 5920 5926
f 5926 5920 5921
f 5926 5921 5922
f 5926 5922 5923
f 5926 5923 5924
f 5925 5926 5924
f 5936 5928 5927
f 5935 5936 5927
f 5937 5929 5928
f 5936 5937 5928
f 5938 5930 5929
f 5937 5938 5929
f 5939 5931 5930
f 5938 5939 5930
f 5940 5932 5931
f 5939 5940 5931
f 5941 5933 5932
f 5940 5941 5932
f 5942 5934 5933
f 5941 5942 5933
f 5935 5927 5934
f 5942 5935 5934
f 5944 5927 5928
f 5944 5928 5929
f 5944 5929 5930
f 5944 5930 5931
f 5944 5931 5932
f 5944 5932 5933
f 5944 5933 5934
f 5944 5934 5927
f 5945 5946 5954
f 5945 5954 5953
f 5946 5947 5955
f 5946 5955 5954
f 5947 5948 5956
f 5947 5956 5955
f 5948 5949 5957
f 5948 5957 5956
f 5949 5950 5958
f 5949 5958 5957
f 5950 5951 5959
f 5950 5959 5958
f 5951 5952 5960
f 5951 5960 5959
f 5952 5945 5953
f 5952 5953 5960
f 5946 5945 5962
f 5947 5946 5962
f 5948 5947 5962
f 5949 5948 5962
f 5950 5949 5962
f 5951 5950 5962
f 5952 5951 5962
f 5945 5952 5962
f 5963 5964 5969
f 5963 5969 5968
f 5964 5965 5970
f 5964 5970 5969
f 5965 5966 5971
f 5965 5971 5970
f 5966 5967 5972
f 5966 5972 5971
f 5967 5963 5968
f 5967 5968 5972
f 5964 5963 5974
f 5965 5964 5974
f 5966 5965 5974
f 5967 5966 5974
f 5963 5967 5974
f 5968 5969 5973
f 5969 5970 5973
f 5970 5971 5973
f 5971 5972 5973
f 5972 5968 5973
f 5975 5976 5982
f 5975 5982 5981
f 5976 5977 5983
f 5976 5983 5982
f 5977 5978 5984
f 5977 5984 5983
f 5978 5979 5985
f 5978 5985 5984
f 5979 5980 5986
f 5979 5986 5985
f 5980 5975 5981
f 5980 5981 5986
f 5987 5994 5988
f 5987 5993 5994
f 5988 5995 5989
f 5988 5994 5995
f 5989 5996 5990
f 5989 5995 5996
f 5990 5997 5991
f 5990 5996 5997
f 5991 5998 5992
f 5991 5997 5998
f 5992 5993 5987
f 5992 5998 5993
f 5975 5987 5988
f 5975 5988 5976
f 5976 5988 5989
f 5976 5989 5977
f 5977 5989 5990
f 5977 5990 5978
f 5978 5990 5991
f 5978 5991 5979
f 5979 5991 5992
f 5979 5992 5980
f 5980 5992 5987
f 5980 5987 5975
f 5981 5982 5994
f 5981 5994 5993
f 5982 5983 5995
f 5982 5995 5994
f 5983 5984 5996
f 5983 5996 5995
f 5984 5985 5997
f 5984 5997 5996
f 5985 5986 5998
f 5985 5998 5997
f 5986 5981 5993
f 5986 5993 5998
f 5999 6000 6001
f 5999 6001 6002
f 5999 6003 6004
f 5999 6004 6000
f 6000 6004 6005
f 6000 6005 6001
f 6001 6005 6006
f 6001 6006 6002
f 6002 6006 6003
f 6002 6003 5999
f 6003 6006 6005
f 6003 6005 6004
f 6007 6008 6013
f 6007 6013 6012
f 6008 6009 6014
f 6008 6014 6013
f 6009 6010 6015
f 6009 6015 6014
f 6010 6011 6016
f 6010 6016 6015
f 6011 6007 6012
f 6011 6012 6016
f 6012 6013 6017
f 6013 6014 6017
f 6014 6015 6017
f 6015 6016 6017
f 6016 6012 6017
f 6019 6020 6021
f 6019 6021 6022
f 6019 6023 6024
f 6019 6024 6020
f 6020 6024 6025
f 6020 6025 6021
f 6021 6025 6026
f 6021 6026 6022
f 6022 6026 6023
f 6022 6023 6019
f 6023 6026 6025
f 6023 6025 6024
f 6027 6028 6036
f 6027 6036 6035
f 6028 6029 6037
f 6028 6037 6036
f 6029 6030 6038
f 6029 6038 6037
f 6030 6031 6039
f 6030 6039 6038
f 6031 6032 6040
f 6031 6040 6039
f 6032 6033 6041
f 6032 6041 6040
f 6033 6034 6042
f 6033 6042 6041
f 6034 6027 6035
f 6034 6035 6042
f 6035 6036 6043
f 6036 6037 6043
f 6037 6038 6043
f 6038 6039 6043
f 6039 6040 6043
f 6040 6041 6043
f 6041 6042 6043
f 6042 6035 6043
f 6044 6045 6053
f 6044 6053 6052
f 6045 6046 6054
f 6045 6054 6053
f 6046 6047 6055
f 6046 6055 6054
f 6047 6048 6056
f 6047 6056 6055
f 6048 6049 6057
f 6048 6057 6056
f 6049 6050 6058
f 6049 6058 6057
f 6050 6051 6059
f 6050 6059 6058
f 6051 6044 6052
f 6051 6052 6059
f 6045 6044 6061
f 6046 6045 6061
f 6047 6046 6061
f 6048 6047 6061
f 6049 6048 6061
f 6050 6049 6061
f 6051 6050 6061
f 6044 6051 6061
f 6052 6053 6060
f 6053 6054 6060
f 6054 6055 6060
f 6055 6056 6060
f 6056 6057 6060
f 6057 6058 6060
f 6058 6059 6060
f 6059 6052 6060
f 6062 6063 6068
f 6062 6068 6067
f 6063 6064 6069
f 6063 6069 6068
f 6064 6065 6070
f 6064 6070 6069
f 6065 6066 6071
f 6065 6071 6070
f 6066 6062 6067
f 6066 6067 6071
f 6063 6062 6073
f 6064 6063 6073
f 6065 6064 6073
f 6066 6065 6073
f 6062 6066 6073
f 6067 6068 6072
f 6068 6069 6072
f 6069 6070 6072
f 6070 6071 6072
f 6071 6067 6072
f 6074 6075 6079
f 6074 6079 6078
f 6075 6076 6080
f 6075 6080 6079
f 6076 6077 6081
f 6076 6081 6080
f 6077 6074 6078
f 6077 6078 6081
f 6078 6079 6083
f 6078 6083 6082
f 6079 6080 6084
f 6079 6084 6083
f 6080 6081 6085
f 6080 6085 6084
f 6081 6078 6082
f 6081 6082 6085
f 6082 6083 6087
f 6082 6087 6086
f 6083 6084 6088
f 6083 6088 6087
f 6084 6085 6089
f 6084 6089 6088
f 6085 6082 6086
f 6085 6086 6089
f 6086 6087 6091
f 6086 6091 6090
f 6087 6088 6092
f 6087 6092 6091
f 6088 6089 6093
f 6088 6093 6092
f 6089 6086 6090
f 6089 6090 6093
f 6090 6091 6095
f 6090 6095 6094
f 6091 6092 6096
f 6091 6096 6095
f 6092 6093 6097
f 6092 6097 6096
f 6093 6090 6094
f 6093 6094 6097
f 6094 6095 6099
f 6094 6099 6098
f 6095 6096 6100
f 6095 6100 6099
f 6096 6097 6101
f 6096 6101 6100
f 6097 6094 6098
f 6097 6098 6101
f 6098 6099 6103
f 6098 6103 6102
f 6099 6100 6104
f 6099 6104 6103
f 6100 6101 6105
f 6100 6105 6104
f 6101 6098 6102
f 6101 6102 6105
f 6102 6103 6107
f 6102 6107 6106
f 6103 6104 6108
f 6103 6108 6107
f 6104 6105 6109
f 6104 6109 6108
f 6105 6102 6106
f 6105 6106 6109
f 6106 6107 6111
f 6106 6111 6110
f 6107 6108 6112
f 6107 6112 6111
f 6108 6109 6113
f 6108 6113 6112
f 6109 6106 6110
f 6109 6110 6113
f 6110 6111 6115
f 6110 6115 6114
f 6111 6112 6116
f 6111 6116 6115
f 6112 6113 6117
f 6112 6117 6116
f 6113 6110 6114
f 6113 6114 6117
f 6114 6115 6119
f 6114 6119 6118
f 6115 6116 6120
f 6115 6120 6119
f 6116 6117 6121
f 6116 6121 6120
f 6117 6114 6118
f 6117 6118 6121
f 6124 6125 6129
f 6124 6129 6128
f 6125 6126 6130
f 6125 6130 6129
f 6126 6127 6131
f 6126 6131 6130
f 6127 6124 6128
f 6127 6128 6131
f 6128 6129 6133
f 6128 6133 6132
f 6129 6130 6134
f 6129 6134 6133
f 6130 6131 6135
f 6130 6135 6134
f 6131 6128 6132
f 6131 6132 6135
f 6132 6133 6137
f 6132 6137 6136
f 6133 6134 6138
f 6133 6138 6137
f 6134 6135 6139
f 6134 6139 6138
f 6135 6132 6136
f 6135 6136 6139
f 6136 6137 6141
f 6136 6141 6140
f 6137 6138 6142
f 6137 6142 6141
f 6138 6139 6143
f 6138 6143 6142
f 6139 6136 6140
f 6139 6140 6143
f 6140 6141 6145
f 6140 6145 6144
f 6141 6142 6146
f 6141 6146 6145
f 6142 6143 6147
f 6142 6147 6146
f 6143 6140 6144
f 6143 6144 6147
f 6144 6145 6149
f 6144 6149 6148
f 6145 6146 6150
f 6145 6150 6149
f 6146 6147 6151
f 6146 6151 6150
f 6147 6144 6148
f 6147 6148 6151
f 6148 6149 6153
f 6148 6153 6152
f 6149 6150 6154
f 6149 6154 6153
f 6150 6151 6155
f 6150 6155 6154
f 6151 6148 6152
f 6151 6152 6155
f 6152 6153 6157
f 6152 6157 6156
f 6153 6154 6158
f 6153 6158 6157
f 6154 6155 6159
f 6154 6159 6158
f 6155 6152 6156
f 6155 6156 6159
f 6161 6169 6162
f 6161 6168 6169
f 6162 6170 6163
f 6162 6169 6170
f 6163 6171 6164
f 6163 6170 6171
f 6413 6416 6414
f 6413 6415 6416
f 6165 6173 6166
f 6165 6172 6173
f 6166 6174 6167
f 6166 6173 6174
f 6167 6168 6161
f 6167 6174 6168
f 6168 6176 6169
f 6168 6175 6176
f 6169 6177 6170
f 6169 6176 6177
f 6170 6178 6171
f 6170 6177 6178
f 6415 6418 6416
f 6415 6417 6418
f 6172 6180 6173
f 6172 6179 6180
f 6173 6181 6174
f 6173 6180 6181
f 6174 6175 6168
f 6174 6181 6175
f 6175 6183 6176
f 6175 6182 6183
f 6176 6184 6177
f 6176 6183 6184
f 6177 6185 6178
f 6177 6184 6185
f 6417 6420 6418
f 6417 6419 6420
f 6179 6187 6180
f 6179 6186 6187
f 6180 6188 6181
f 6180 6187 6188
f 6181 6182 6175
f 6181 6188 6182
f 6182 6190 6183
f 6182 6189 6190
f 6183 6191 6184
f 6183 6190 6191
f 6184 6192 6185
f 6184 6191 6192
f 6419 6422 6420
f 6419 6421 6422
f 6186 6194 6187
f 6186 6193 6194
f 6187 6195 6188
f 6187 6194 6195
f 6188 6189 6182
f 6188 6195 6189
f 6189 6197 6190
f 6189 6196 6197
f 6190 6198 6191
f 6190 6197 6198
f 6191 6199 6192
f 6191 6198 6199
f 6421 6424 6422
f 6421 6423 6424
f 6193 6201 6194
f 6193 6200 6201
f 6194 6202 6195
f 6194 6201 6202
f 6195 6196 6189
f 6195 6202 6196
f 6196 6204 6197
f 6196 6203 6204
f 6197 6205 6198
f 6197 6204 6205
f 6198 6206 6199
f 6198 6205 6206
f 6423 6426 6424
f 6423 6425 6426
f 6200 6208 6201
f 6200 6207 6208
f 6201 6209 6202
f 6201 6208 6209
f 6202 6203 6196
f 6202 6209 6203
f 6203 6211 6204
f 6203 6210 6211
f 6204 6212 6205
f 6204 6211 6212
f 6205 6213 6206
f 6205 6212 6213
f 6425 6428 6426
f 6425 6427 6428
f 6207 6215 6208
f 6207 6214 6215
f 6208 6216 6209
f 6208 6215 6216
f 6209 6210 6203
f 6209 6216 6210
f 6210 6218 6211
f 6210 6217 6218
f 6211 6219 6212
f 6211 6218 6219
f 6212 6220 6213
f 6212 6219 6220
f 6427 6430 6428
f 6427 6429 6430
f 6214 6222 6215
f 6214 6221 6222
f 6215 6223 6216
f 6215 6222 6223
f 6216 6217 6210
f 6216 6223 6217
f 6217 6225 6218
f 6217 6224 6225
f 6218 6226 6219
f 6218 6225 6226
f 6219 6227 6220
f 6219 6226 6227
f 6429 6432 6430
f 6429 6431 6432
f 6221 6229 6222
f 6221 6228 6229
f 6222 6230 6223
f 6222 6229 6230
f 6223 6224 6217
f 6223 6230 6224
f 6224 6232 6225
f 6224 6231 6232
f 6225 6233 6226
f 6225 6232 6233
f 6226 6234 6227
f 6226 6233 6234
f 6431 6434 6432
f 6431 6433 6434
f 6228 6236 6229
f 6228 6235 6236
f 6229 6237 6230
f 6229 6236 6237
f 6230 6231 6224
f 6230 6237 6231
f 6231 6239 6232
f 6231 6238 6239
f 6232 6240 6233
f 6232 6239 6240
f 6233 6241 6234
f 6233 6240 6241
f 6433 6436 6434
f 6433 6435 6436
f 6235 6243 6236
f 6235 6242 6243
f 6236 6244 6237
f 6236 6243 6244
f 6237 6238 6231
f 6237 6244 6238
f 6238 6246 6239
f 6238 6245 6246
f 6239 6247 6240
f 6239 6246 6247
f 6240 6248 6241
f 6240 6247 6248
f 6435 6438 6436
f 6435 6437 6438
f 6242 6250 6243
f 6242 6249 6250
f 6243 6251 6244
f 6243 6250 6251
f 6244 6245 6238
f 6244 6251 6245
f 6245 6253 6246
f 6245 6252 6253
f 6246 6254 6247
f 6246 6253 6254
f 6247 6255 6248
f 6247 6254 6255
f 6437 6440 6438
f 6437 6439 6440
f 6249 6257 6250
f 6249 6256 6257
f 6250 6258 6251
f 6250 6257 6258
f 6251 6252 6245
f 6251 6258 6252
f 6252 6260 6253
f 6252 6259 6260
f 6253 6261 6254
f 6253 6260 6261
f 6254 6262 6255
f 6254 6261 6262
f 6439 6442 6440
f 6439 6441 6442
f 6256 6264 6257
f 6256 6263 6264
f 6257 6265 6258
f 6257 6264 6265
f 6258 6259 6252
f 6258 6265 6259
f 6259 6267 6260
f 6259 6266 6267
f 6260 6268 6261
f 6260 6267 6268
f 6261 6269 6262
f 6261 6268 6269
f 6441 6444 6442
f 6441 6443 6444
f 6263 6271 6264
f 6263 6270 6271
f 6264 6272 6265
f 6264 6271 6272
f 6265 6266 6259
f 6265 6272 6266
f 6266 6274 6267
f 6266 6273 6274
f 6267 6275 6268
f 6267 6274 6275
f 6268 6276 6269
f 6268 6275 6276
f 6443 6446 6444
f 6443 6445 6446
f 6270 6278 6271
f 6270 6277 6278
f 6271 6279 6272
f 6271 6278 6279
f 6272 6273 6266
f 6272 6279 6273
f 6273 6281 6274
f 6273 6280 6281
f 6274 6282 6275
f 6274 6281 6282
f 6275 6283 6276
f 6275 6282 6283
f 6445 6448 6446
f 6445 6447 6448
f 6277 6285 6278
f 6277 6284 6285
f 6278 6286 6279
f 6278 6285 6286
f 6279 6280 6273
f 6279 6286 6280
f 6280 6288 6281
f 6280 6287 6288
f 6281 6289 6282
f 6281 6288 6289
f 6282 6290 6283
f 6282 6289 6290
f 6447 6450 6448
f 6447 6449 6450
f 6284 6292 6285
f 6284 6291 6292
f 6285 6293 6286
f 6285 6292 6293
f 6286 6287 6280
f 6286 6293 6287
f 6287 6295 6288
f 6287 6294 6295
f 6288 6296 6289
f 6288 6295 6296
f 6289 6297 6290
f 6289 6296 6297
f 6449 6452 6450
f 6449 6451 6452
f 6291 6299 6292
f 6291 6298 6299
f 6292 6300 6293
f 6292 6299 6300
f 6293 6294 6287
f 6293 6300 6294
f 6294 6302 6295
f 6294 6301 6302
f 6295 6303 6296
f 6295 6302 6303
f 6296 6304 6297
f 6296 6303 6304
f 6451 6454 6452
f 6451 6453 6454
f 6298 6306 6299
f 6298 6305 6306
f 6299 6307 6300
f 6299 6306 6307
f 6300 6301 6294
f 6300 6307 6301
f 6301 6309 6302
f 6301 6308 6309
f 6302 6310 6303
f 6302 6309 6310
f 6303 6311 6304
f 6303 6310 6311
f 6453 6456 6454
f 6453 6455 6456
f 6305 6313 6306
f 6305 6312 6313
f 6306 6314 6307
f 6306 6313 6314
f 6307 6308 6301
f 6307 6314 6308
f 6308 6316 6309
f 6308 6315 6316
f 6309 6317 6310
f 6309 6316 6317
f 6310 6318 6311
f 6310 6317 6318
f 6455 6458 6456
f 6455 6457 6458
f 6312 6320 6313
f 6312 6319 6320
f 6313 6321 6314
f 6313 6320 6321
f 6314 6315 6308
f 6314 6321 6315
f 6315 6323 6316
f 6315 6322 6323
f 6316 6324 6317
f 6316 6323 6324
f 6317 6325 6318
f 6317 6324 6325
f 6457 6460 6458
f 6457 6459 6460
f 6319 6327 6320
f 6319 6326 6327
f 6320 6328 6321
f 6320 6327 6328
f 6321 6322 6315
f 6321 6328 6322
f 6322 6330 6323
f 6322 6329 6330
f 6323 6331 6324
f 6323 6330 6331
f 6324 6332 6325
f 6324 6331 6332
f 6459 6462 6460
f 6459 6461 6462
f 6326 6334 6327
f 6326 6333 6334
f 6327 6335 6328
f 6327 6334 6335
f 6328 6329 6322
f 6328 6335 6329
f 6329 6337 6330
f 6329 6336 6337
f 6330 6338 6331
f 6330 6337 6338
f 6331 6339 6332
f 6331 6338 6339
f 6461 6464 6462
f 6461 6463 6464
f 6333 6341 6334
f 6333 6340 6341
f 6334 6342 6335
f 6334 6341 6342
f 6335 6336 6329
f 6335 6342 6336
f 6336 6344 6337
f 6336 6343 6344
f 6337 6345 6338
f 6337 6344 6345
f 6338 6346 6339
f 6338 6345 6346
f 6463 6466 6464
f 6463 6465 6466
f 6340 6348 6341
f 6340 6347 6348
f 6341 6349 6342
f 6341 6348 6349
f 6342 6343 6336
f 6342 6349 6343
f 6343 6351 6344
f 6343 6350 6351
f 6344 6352 6345
f 6344 6351 6352
f 6345 6353 6346
f 6345 6352 6353
f 6465 6468 6466
f 6465 6467 6468
f 6347 6355 6348
f 6347 6354 6355
f 6348 6356 6349
f 6348 6355 6356
f 6349 6350 6343
f 6349 6356 6350
f 6350 6358 6351
f 6350 6357 6358
f 6351 6359 6352
f 6351 6358 6359
f 6352 6360 6353
f 6352 6359 6360
f 6467 6470 6468
f 6467 6469 6470
f 6354 6362 6355
f 6354 6361 6362
f 6355 6363 6356
f 6355 6362 6363
f 6356 6357 6350
f 6356 6363 6357
f 6357 6365 6358
f 6357 6364 6365
f 6358 6366 6359
f 6358 6365 6366
f 6359 6367 6360
f 6359 6366 6367
f 6469 6472 6470
f 6469 6471 6472
f 6361 6369 6362
f 6361 6368 6369
f 6362 6370 6363
f 6362 6369 6370
f 6363 6364 6357
f 6363 6370 6364
f 6364 6372 6365
f 6364 6371 6372
f 6365 6373 6366
f 6365 6372 6373
f 6366 6374 6367
f 6366 6373 6374
f 6471 6474 6472
f 6471 6473 6474
f 6368 6376 6369
f 6368 6375 6376
f 6369 6377 6370
f 6369 6376 6377
f 6370 6371 6364
f 6370 6377 6371
f 6371 6379 6372
f 6371 6378 6379
f 6372 6380 6373
f 6372 6379 6380
f 6373 6381 6374
f 6373 6380 6381
f 6473 6476 6474
f 6473 6475 6476
f 6375 6383 6376
f 6375 6382 6383
f 6376 6384 6377
f 6376 6383 6384
f 6377 6378 6371
f 6377 6384 6378
f 6378 6386 6379
f 6378 6385 6386
f 6379 6387 6380
f 6379 6386 6387
f 6380 6388 6381
f 6380 6387 6388
f 6475 6478 6476
f 6475 6477 6478
f 6382 6390 6383
f 6382 6389 6390
f 6383 6391 6384
f 6383 6390 6391
f 6384 6385 6378
f 6384 6391 6385
f 6385 6393 6386
f 6385 6392 6393
f 6386 6394 6387
f 6386 6393 6394
f 6387 6395 6388
f 6387 6394 6395
f 6477 6480 6478
f 6477 6479 6480
f 6389 6397 6390
f 6389 6396 6397
f 6390 6398 6391
f 6390 6397 6398
f 6391 6392 6385
f 6391 6398 6392
f 6392 6400 6393
f 6392 6399 6400
f 6393 6401 6394
f 6393 6400 6401
f 6394 6402 6395
f 6394 6401 6402
f 6479 6482 6480
f 6479 6481 6482
f 6396 6404 6397
f 6396 6403 6404
f 6397 6405 6398
f 6397 6404 6405
f 6398 6399 6392
f 6398 6405 6399
f 6399 6407 6400
f 6399 6406 6407
f 6400 6408 6401
f 6400 6407 6408
f 6401 6409 6402
f 6401 6408 6409
f 6481 6484 6482
f 6481 6483 6484
f 6403 6411 6404
f 6403 6410 6411
f 6404 6412 6405
f 6404 6411 6412
f 6405 6406 6399
f 6405 6412 6406
f 6406 6162 6407
f 6406 6161 6162
f 6407 6163 6408
f 6407 6162 6163
f 6408 6164 6409
f 6408 6163 6164
f 6483 6414 6484
f 6483 6413 6414
f 6410 6166 6411
f 6410 6165 6166
f 6411 6167 6412
f 6411 6166 6167
f 6412 6161 6406
f 6412 6167 6161
f 6416 6172 6165
f 6165 6414 6416
f 6413 6164 6171
f 6171 6415 6413
f 6418 6179 6172
f 6172 6416 6418
f 6415 6171 6178
f 6178 6417 6415
f 6420 6186 6179
f 6179 6418 6420
f 6417 6178 6185
f 6185 6419 6417
f 6422 6193 6186
f 6186 6420 6422
f 6419 6185 6192
f 6192 6421 6419
f 6424 6200 6193
f 6193 6422 6424
f 6421 6192 6199
f 6199 6423 6421
f 6426 6207 6200
f 6200 6424 6426
f 6423 6199 6206
f 6206 6425 6423
f 6428 6214 6207
f 6207 6426 6428
f 6425 6206 6213
f 6213 6427 6425
f 6430 6221 6214
f 6214 6428 6430
f 6427 6213 6220
f 6220 6429 6427
f 6432 6228 6221
f 6221 6430 6432
f 6429 6220 6227
f 6227 6431 6429
f 6434 6235 6228
f 6228 6432 6434
f 6431 6227 6234
f 6234 6433 6431
f 6436 6242 6235
f 6235 6434 6436
f 6433 6234 6241
f 6241 6435 6433
f 6438 6249 6242
f 6242 6436 6438
f 6435 6241 6248
f 6248 6437 6435
f 6440 6256 6249
f 6249 6438 6440
f 6437 6248 6255
f 6255 6439 6437
f 6442 6263 6256
f 6256 6440 6442
f 6439 6255 6262
f 6262 6441 6439
f 6444 6270 6263
f 6263 6442 6444
f 6441 6262 6269
f 6269 6443 6441
f 6446 6277 6270
f 6270 6444 6446
f 6443 6269 6276
f 6276 6445 6443
f 6448 6284 6277
f 6277 6446 6448
f 6445 6276 6283
f 6283 6447 6445
f 6450 6291 6284
f 6284 6448 6450
f 6447 6283 6290
f 6290 6449 6447
f 6452 6298 6291
f 6291 6450 6452
f 6449 6290 6297
f 6297 6451 6449
f 6454 6305 6298
f 6298 6452 6454
f 6451 6297 6304
f 6304 6453 6451
f 6456 6312 6305
f 6305 6454 6456
f 6453 6304 6311
f 6311 6455 6453
f 6458 6319 6312
f 6312 6456 6458
f 6455 6311 6318
f 6318 6457 6455
f 6460 6326 6319
f 6319 6458 6460
f 6457 6318 6325
f 6325 6459 6457
f 6462 6333 6326
f 6326 6460 6462
f 6459 6325 6332
f 6332 6461 6459
f 6464 6340 6333
f 6333 6462 6464
f 6461 6332 6339
f 6339 6463 6461
f 6466 6347 6340
f 6340 6464 6466
f 6463 6339 6346
f 6346 6465 6463
f 6468 6354 6347
f 6347 6466 6468
f 6465 6346 6353
f 6353 6467 6465
f 6470 6361 6354
f 6354 6468 6470
f 6467 6353 6360
f 6360 6469 6467
f 6472 6368 6361
f 6361 6470 6472
f 6469 6360 6367
f 6367 6471 6469
f 6474 6375 6368
f 6368 6472 6474
f 6471 6367 6374
f 6374 6473 6471
f 6476 6382 6375
f 6375 6474 6476
f 6473 6374 6381
f 6381 6475 6473
f 6478 6389 6382
f 6382 6476 6478
f 6475 6381 6388
f 6388 6477 6475
f 6480 6396 6389
f 6389 6478 6480
f 6477 6388 6395
f 6395 6479 6477
f 6482 6403 6396
f 6396 6480 6482
f 6479 6395 6402
f 6402 6481 6479
f 6484 6410 6403
f 6403 6482 6484
f 6481 6402 6409
f 6409 6483 6481
f 6414 6165 6410
f 6410 6484 6414
f 6483 6409 6164
f 6164 6413 6483
f 6606 6605 6638
f 6633 6632 6521
f 6540 6539 6566
f 6495 6494 6644
f 6636 6635 6590
f 6607 6606 6638
f 6636 6590 6589
f 6639 6638 6605
f 6634 6633 6521
f 6567 6566 6539
f 6541 6540 6566
f 6635 6634 6521
f 6640 6639 6605
f 6568 6567 6539
f 6495 6644 6664
f 6516 6515 6677
f 6517 6516 6677
f 6608 6607 6638
f 6497 6517 6677
f 6542 6541 6566
f 6637 6636 6589
f 6495 6664 6663
f 6637 6589 6588
f 6645 6644 6494
f 6646 6645 6494
f 6647 6646 6494
f 6590 6635 6521
f 6641 6640 6605
f 6569 6568 6539
f 6638 6637 6588
f 6638 6588 6587
f 6495 6663 6662
f 6561 6560 6593
f 6561 6593 6592
f 6498 6497 6677
f 6498 6677 6676
f 6485 6623 6643
f 6562 6561 6592
f 6562 6592 6591
f 6499 6498 6676
f 6499 6676 6675
f 6563 6562 6591
f 6563 6591 6590
f 6500 6499 6675
f 6500 6675 6674
f 6485 6643 6642
f 6501 6500 6524
f 6501 6524 6523
f 6485 6642 6641
f 6485 6641 6605
f 6485 6605 6604
f 6485 6604 6603
f 6485 6603 6602
f 6486 6485 6602
f 6486 6602 6622
f 6486 6622 6621
f 6486 6621 6620
f 6486 6620 6619
f 6486 6619 6618
f 6486 6618 6617
f 6487 6486 6617
f 6487 6617 6616
f 6487 6616 6615
f 6495 6662 6661
f 6496 6495 6661
f 6496 6661 6660
f 6496 6660 6659
f 6496 6659 6658
f 6496 6658 6657
f 6496 6657 6656
f 6496 6656 6655
f 6564 6563 6590
f 6564 6590 6521
f 6565 6564 6521
f 6566 6565 6521
f 6543 6542 6566
f 6543 6566 6521
f 6544 6543 6521
f 6545 6544 6521
f 6545 6521 6520
f 6546 6545 6520
f 6547 6546 6520
f 6547 6520 6519
f 6548 6547 6519
f 6548 6519 6518
f 6609 6608 6638
f 6609 6638 6587
f 6610 6609 6587
f 6611 6610 6587
f 6612 6611 6587
f 6612 6587 6586
f 6613 6612 6586
f 6613 6586 6585
f 6614 6613 6585
f 6614 6585 6584
f 6614 6584 6583
f 6615 6614 6583
f 6615 6583 6582
f 6615 6582 6581
f 6487 6615 6581
f 6487 6581 6601
f 6487 6601 6600
f 6487 6600 6599
f 6487 6599 6598
f 6500 6674 6673
f 6524 6500 6673
f 6524 6673 6672
f 6524 6672 6671
f 6524 6671 6670
f 6525 6524 6670
f 6526 6525 6670
f 6526 6670 6669
f 6527 6526 6669
f 6527 6669 6668
f 6528 6527 6668
f 6528 6668 6667
f 6502 6501 6523
f 6529 6528 6667
f 6529 6667 6666
f 6530 6529 6666
f 6530 6666 6665
f 6548 6518 6538
f 6678 6677 6515
f 6502 6523 6522
f 6594 6593 6560
f 6569 6539 6559
f 6570 6569 6559
f 6570 6559 6558
f 6571 6570 6558
f 6571 6558 6557
f 6572 6571 6557
f 6496 6655 6654
f 6548 6538 6537
f 6549 6548 6537
f 6549 6537 6536
f 6550 6549 6536
f 6679 6678 6515
f 6624 6623 6485
f 6594 6560 6580
f 6595 6594 6580
f 6595 6580 6579
f 6596 6595 6579
f 6596 6579 6578
f 6551 6550 6536
f 6680 6679 6515
f 6487 6598 6597
f 6488 6487 6597
f 6488 6597 6596
f 6488 6596 6578
f 6488 6578 6577
f 6488 6577 6576
f 6489 6488 6576
f 6489 6576 6575
f 6489 6575 6574
f 6489 6574 6573
f 6489 6573 6572
f 6489 6572 6557
f 6490 6489 6557
f 6490 6557 6556
f 6490 6556 6555
f 6490 6555 6554
f 6490 6554 6553
f 6490 6553 6552
f 6490 6552 6551
f 6491 6490 6551
f 6491 6551 6536
f 6491 6536 6535
f 6491 6535 6534
f 6491 6534 6533
f 6491 6533 6532
f 6491 6532 6531
f 6492 6491 6531
f 6492 6531 6530
f 6492 6530 6665
f 6492 6665 6685
f 6492 6685 6684
f 6493 6492 6684
f 6493 6684 6683
f 6493 6683 6682
f 6493 6682 6681
f 6493 6681 6680
f 6493 6680 6515
f 6494 6493 6515
f 6494 6515 6514
f 6494 6514 6513
f 6494 6513 6512
f 6494 6512 6511
f 6494 6511 6510
f 6494 6510 6509
f 6647 6494 6509
f 6647 6509 6508
f 6647 6508 6507
f 6647 6507 6506
f 6648 6647 6506
f 6648 6506 6505
f 6649 6648 6505
f 6649 6505 6504
f 6650 6649 6504
f 6650 6504 6503
f 6651 6650 6503
f 6651 6503 6502
f 6651 6502 6522
f 6652 6651 6522
f 6653 6652 6522
f 6653 6522 6521
f 6653 6521 6632
f 6654 6653 6632
f 6496 6654 6632
f 6496 6632 6631
f 6496 6631 6630
f 6496 6630 6629
f 6496 6629 6628
f 6496 6628 6627
f 6485 6496 6627
f 6485 6627 6626
f 6485 6626 6625
f 6624 6485 6625
f 6497 6498 6699
f 6497 6699 6698
f 6498 6499 6700
f 6498 6700 6699
f 6499 6500 6701
f 6499 6701 6700
f 6500 6501 6702
f 6500 6702 6701
f 6501 6502 6703
f 6501 6703 6702
f 6502 6503 6704
f 6502 6704 6703
f 6503 6504 6705
f 6503 6705 6704
f 6504 6505 6706
f 6504 6706 6705
f 6505 6506 6707
f 6505 6707 6706
f 6506 6507 6708
f 6506 6708 6707
f 6507 6508 6709
f 6507 6709 6708
f 6508 6509 6710
f 6508 6710 6709
f 6509 6510 6711
f 6509 6711 6710
f 6510 6511 6712
f 6510 6712 6711
f 6511 6512 6713
f 6511 6713 6712
f 6512 6513 6714
f 6512 6714 6713
f 6513 6514 6715
f 6513 6715 6714
f 6514 6515 6716
f 6514 6716 6715
f 6515 6516 6717
f 6515 6717 6716
f 6516 6517 6718
f 6516 6718 6717
f 6517 6497 6698
f 6517 6698 6718
f 6518 6519 6720
f 6518 6720 6719
f 6519 6520 6721
f 6519 6721 6720
f 6520 6521 6722
f 6520 6722 6721
f 6521 6522 6723
f 6521 6723 6722
f 6522 6523 6724
f 6522 6724 6723
f 6523 6524 6725
f 6523 6725 6724
f 6524 6525 6726
f 6524 6726 6725
f 6525 6526 6727
f 6525 6727 6726
f 6526 6527 6728
f 6526 6728 6727
f 6527 6528 6729
f 6527 6729 6728
f 6528 6529 6730
f 6528 6730 6729
f 6529 6530 6731
f 6529 6731 6730
f 6530 6531 6732
f 6530 6732 6731
f 6531 6532 6733
f 6531 6733 6732
f 6532 6533 6734
f 6532 6734 6733
f 6533 6534 6735
f 6533 6735 6734
f 6534 6535 6736
f 6534 6736 6735
f 6535 6536 6737
f 6535 6737 6736
f 6536 6537 6738
f 6536 6738 6737
f 6537 6538 6739
f 6537 6739 6738
f 6538 6518 6719
f 6538 6719 6739
f 6539 6540 6741
f 6539 6741 6740
f 6540 6541 6742
f 6540 6742 6741
f 6541 6542 6743
f 6541 6743 6742
f 6542 6543 6744
f 6542 6744 6743
f 6543 6544 6745
f 6543 6745 6744
f 6544 6545 6746
f 6544 6746 6745
f 6545 6546 6747
f 6545 6747 6746
f 6546 6547 6748
f 6546 6748 6747
f 6547 6548 6749
f 6547 6749 6748
f 6548 6549 6750
f 6548 6750 6749
f 6549 6550 6751
f 6549 6751 6750
f 6550 6551 6752
f 6550 6752 6751
f 6551 6552 6753
f 6551 6753 6752
f 6552 6553 6754
f 6552 6754 6753
f 6553 6554 6755
f 6553 6755 6754
f 6554 6555 6756
f 6554 6756 6755
f 6555 6556 6757
f 6555 6757 6756
f 6556 6557 6758
f 6556 6758 6757
f 6557 6558 6759
f 6557 6759 6758
f 6558 6559 6760
f 6558 6760 6759
f 6559 6539 6740
f 6559 6740 6760
f 6560 6561 6762
f 6560 6762 6761
f 6561 6562 6763
f 6561 6763 6762
f 6562 6563 6764
f 6562 6764 6763
f 6563 6564 6765
f 6563 6765 6764
f 6564 6565 6766
f 6564 6766 6765
f 6565 6566 6767
f 6565 6767 6766
f 6566 6567 6768
f 6566 6768 6767
f 6567 6568 6769
f 6567 6769 6768
f 6568 6569 6770
f 6568 6770 6769
f 6569 6570 6771
f 6569 6771 6770
f 6570 6571 6772
f 6570 6772 6771
f 6571 6572 6773
f 6571 6773 6772
f 6572 6573 6774
f 6572 6774 6773
f 6573 6574 6775
f 6573 6775 6774
f 6574 6575 6776
f 6574 6776 6775
f 6575 6576 6777
f 6575 6777 6776
f 6576 6577 6778
f 6576 6778 6777
f 6577 6578 6779
f 6577 6779 6778
f 6578 6579 6780
f 6578 6780 6779
f 6579 6580 6781
f 6579 6781 6780
f 6580 6560 6761
f 6580 6761 6781
f 6581 6582 6783
f 6581 6783 6782
f 6582 6583 6784
f 6582 6784 6783
f 6583 6584 6785
f 6583 6785 6784
f 6584 6585 6786
f 6584 6786 6785
f 6585 6586 6787
f 6585 6787 6786
f 6586 6587 6788
f 6586 6788 6787
f 6587 6588 6789
f 6587 6789 6788
f 6588 6589 6790
f 6588 6790 6789
f 6589 6590 6791
f 6589 6791 6790
f 6590 6591 6792
f 6590 6792 6791
f 6591 6592 6793
f 6591 6793 6792
f 6592 6593 6794
f 6592 6794 6793
f 6593 6594 6795
f 6593 6795 6794
f 6594 6595 6796
f 6594 6796 6795
f 6595 6596 6797
f 6595 6797 6796
f 6596 6597 6798
f 6596 6798 6797
f 6597 6598 6799
f 6597 6799 6798
f 6598 6599 6800
f 6598 6800 6799
f 6599 6600 6801
f 6599 6801 6800
f 6600 6601 6802
f 6600 6802 6801
f 6601 6581 6782
f 6601 6782 6802
f 6602 6603 6804
f 6602 6804 6803
f 6603 6604 6805
f 6603 6805 6804
f 6604 6605 6806
f 6604 6806 6805
f 6605 6606 6807
f 6605 6807 6806
f 6606 6607 6808
f 6606 6808 6807
f 6607 6608 6809
f 6607 6809 6808
f 6608 6609 6810
f 6608 6810 6809
f 6609 6610 6811
f 6609 6811 6810
f 6610 6611 6812
f 6610 6812 6811
f 6611 6612 6813
f 6611 6813 6812
f 6612 6613 6814
f 6612 6814 6813
f 6613 6614 6815
f 6613 6815 6814
f 6614 6615 6816
f 6614 6816 6815
f 6615 6616 6817
f 6615 6817 6816
f 6616 6617 6818
f 6616 6818 6817
f 6617 6618 6819
f 6617 6819 6818
f 6618 6619 6820
f 6618 6820 6819
f 6619 6620 6821
f 6619 6821 6820
f 6620 6621 6822
f 6620 6822 6821
f 6621 6622 6823
f 6621 6823 6822
f 6622 6602 6803
f 6622 6803 6823
f 6623 6624 6825
f 6623 6825 6824
f 6624 6625 6826
f 6624 6826 6825
f 6625 6626 6827
f 6625 6827 6826
f 6626 6627 6828
f 6626 6828 6827
f 6627 6628 6829
f 6627 6829 6828
f 6628 6629 6830
f 6628 6830 6829
f 6629 6630 6831
f 6629 6831 6830
f 6630 6631 6832
f 6630 6832 6831
f 6631 6632 6833
f 6631 6833 6832
f 6632 6633 6834
f 6632 6834 6833
f 6633 6634 6835
f 6633 6835 6834
f 6634 6635 6836
f 6634 6836 6835
f 6635 6636 6837
f 6635 6837 6836
f 6636 6637 6838
f 6636 6838 6837
f 6637 6638 6839
f 6637 6839 6838
f 6638 6639 6840
f 6638 6840 6839
f 6639 6640 6841
f 6639 6841 6840
f 6640 6641 6842
f 6640 6842 6841
f 6641 6642 6843
f 6641 6843 6842
f 6642 6643 6844
f 6642 6844 6843
f 6643 6623 6824
f 6643 6824 6844
f 6644 6645 6846
f 6644 6846 6845
f 6645 6646 6847
f 6645 6847 6846
f 6646 6647 6848
f 6646 6848 6847
f 6647 6648 6849
f 6647 6849 6848
f 6648 6649 6850
f 6648 6850 6849
f 6649 6650 6851
f 6649 6851 6850
f 6650 6651 6852
f 6650 6852 6851
f 6651 6652 6853
f 6651 6853 6852
f 6652 6653 6854
f 6652 6854 6853
f 6653 6654 6855
f 6653 6855 6854
f 6654 6655 6856
f 6654 6856 6855
f 6655 6656 6857
f 6655 6857 6856
f 6656 6657 6858
f 6656 6858 6857
f 6657 6658 6859
f 6657 6859 6858
f 6658 6659 6860
f 6658 6860 6859
f 6659 6660 6861
f 6659 6861 6860
f 6660 6661 6862
f 6660 6862 6861
f 6661 6662 6863
f 6661 6863 6862
f 6662 6663 6864
f 6662 6864 6863
f 6663 6664 6865
f 6663 6865 6864
f 6664 6644 6845
f 6664 6845 6865
f 6665 6666 6867
f 6665 6867 6866
f 6666 6667 6868
f 6666 6868 6867
f 6667 6668 6869
f 6667 6869 6868
f 6668 6669 6870
f 6668 6870 6869
f 6669 6670 6871
f 6669 6871 6870
f 6670 6671 6872
f 6670 6872 6871
f 6671 6672 6873
f 6671 6873 6872
f 6672 6673 6874
f 6672 6874 6873
f 6673 6674 6875
f 6673 6875 6874
f 6674 6675 6876
f 6674 6876 6875
f 6675 6676 6877
f 6675 6877 6876
f 6676 6677 6878
f 6676 6878 6877
f 6677 6678 6879
f 6677 6879 6878
f 6678 6679 6880
f 6678 6880 6879
f 6679 6680 6881
f 6679 6881 6880
f 6680 6681 6882
f 6680 6882 6881
f 6681 6682 6883
f 6681 6883 6882
f 6682 6683 6884
f 6682 6884 6883
f 6683 6684 6885
f 6683 6885 6884
f 6684 6685 6886
f 6684 6886 6885
f 6685 6665 6866
f 6685 6866 6886
f 6839 6806 6807
f 6722 6833 6834
f 6767 6740 6741
f 6845 6695 6696
f 6791 6836 6837
f 6839 6807 6808
f 6790 6791 6837
f 6806 6839 6840
f 6722 6834 6835
f 6740 6767 6768
f 6767 6741 6742
f 6722 6835 6836
f 6806 6840 6841
f 6740 6768 6769
f 6865 6845 6696
f 6878 6716 6717
f 6878 6717 6718
f 6839 6808 6809
f 6878 6718 6698
f 6767 6742 6743
f 6790 6837 6838
f 6864 6865 6696
f 6789 6790 6838
f 6695 6845 6846
f 6695 6846 6847
f 6695 6847 6848
f 6722 6836 6791
f 6806 6841 6842
f 6740 6769 6770
f 6789 6838 6839
f 6788 6789 6839
f 6863 6864 6696
f 6794 6761 6762
f 6793 6794 6762
f 6878 6698 6699
f 6877 6878 6699
f 6844 6824 6686
f 6793 6762 6763
f 6792 6793 6763
f 6877 6699 6700
f 6876 6877 6700
f 6792 6763 6764
f 6791 6792 6764
f 6876 6700 6701
f 6875 6876 6701
f 6843 6844 6686
f 6725 6701 6702
f 6724 6725 6702
f 6842 6843 6686
f 6806 6842 6686
f 6805 6806 6686
f 6804 6805 6686
f 6803 6804 6686
f 6803 6686 6687
f 6823 6803 6687
f 6822 6823 6687
f 6821 6822 6687
f 6820 6821 6687
f 6819 6820 6687
f 6818 6819 6687
f 6818 6687 6688
f 6817 6818 6688
f 6816 6817 6688
f 6862 6863 6696
f 6862 6696 6697
f 6861 6862 6697
f 6860 6861 6697
f 6859 6860 6697
f 6858 6859 6697
f 6857 6858 6697
f 6856 6857 6697
f 6791 6764 6765
f 6722 6791 6765
f 6722 6765 6766
f 6722 6766 6767
f 6767 6743 6744
f 6722 6767 6744
f 6722 6744 6745
f 6722 6745 6746
f 6721 6722 6746
f 6721 6746 6747
f 6721 6747 6748
f 6720 6721 6748
f 6720 6748 6749
f 6719 6720 6749
f 6839 6809 6810
f 6788 6839 6810
f 6788 6810 6811
f 6788 6811 6812
f 6788 6812 6813
f 6787 6788 6813
f 6787 6813 6814
f 6786 6787 6814
f 6786 6814 6815
f 6785 6786 6815
f 6784 6785 6815
f 6784 6815 6816
f 6783 6784 6816
f 6782 6783 6816
f 6782 6816 6688
f 6802 6782 6688
f 6801 6802 6688
f 6800 6801 6688
f 6799 6800 6688
f 6874 6875 6701
f 6874 6701 6725
f 6873 6874 6725
f 6872 6873 6725
f 6871 6872 6725
f 6871 6725 6726
f 6871 6726 6727
f 6870 6871 6727
f 6870 6727 6728
f 6869 6870 6728
f 6869 6728 6729
f 6868 6869 6729
f 6724 6702 6703
f 6868 6729 6730
f 6867 6868 6730
f 6867 6730 6731
f 6866 6867 6731
f 6739 6719 6749
f 6716 6878 6879
f 6723 6724 6703
f 6761 6794 6795
f 6760 6740 6770
f 6760 6770 6771
f 6759 6760 6771
f 6759 6771 6772
f 6758 6759 6772
f 6758 6772 6773
f 6855 6856 6697
f 6738 6739 6749
f 6738 6749 6750
f 6737 6738 6750
f 6737 6750 6751
f 6716 6879 6880
f 6686 6824 6825
f 6781 6761 6795
f 6781 6795 6796
f 6780 6781 6796
f 6780 6796 6797
f 6779 6780 6797
f 6737 6751 6752
f 6716 6880 6881
f 6798 6799 6688
f 6798 6688 6689
f 6797 6798 6689
f 6779 6797 6689
f 6778 6779 6689
f 6777 6778 6689
f 6777 6689 6690
f 6776 6777 6690
f 6775 6776 6690
f 6774 6775 6690
f 6773 6774 6690
f 6758 6773 6690
f 6758 6690 6691
f 6757 6758 6691
f 6756 6757 6691
f 6755 6756 6691
f 6754 6755 6691
f 6753 6754 6691
f 6752 6753 6691
f 6752 6691 6692
f 6737 6752 6692
f 6736 6737 6692
f 6735 6736 6692
f 6734 6735 6692
f 6733 6734 6692
f 6732 6733 6692
f 6732 6692 6693
f 6731 6732 6693
f 6866 6731 6693
f 6886 6866 6693
f 6885 6886 6693
f 6885 6693 6694
f 6884 6885 6694
f 6883 6884 6694
f 6882 6883 6694
f 6881 6882 6694
f 6716 6881 6694
f 6716 6694 6695
f 6715 6716 6695
f 6714 6715 6695
f 6713 6714 6695
f 6712 6713 6695
f 6711 6712 6695
f 6710 6711 6695
f 6710 6695 6848
f 6709 6710 6848
f 6708 6709 6848
f 6707 6708 6848
f 6707 6848 6849
f 6706 6707 6849
f 6706 6849 6850
f 6705 6706 6850
f 6705 6850 6851
f 6704 6705 6851
f 6704 6851 6852
f 6703 6704 6852
f 6723 6703 6852
f 6723 6852 6853
f 6723 6853 6854
f 6722 6723 6854
f 6833 6722 6854
f 6833 6854 6855
f 6833 6855 6697
f 6832 6833 6697
f 6831 6832 6697
f 6830 6831 6697
f 6829 6830 6697
f 6828 6829 6697
f 6828 6697 6686
f 6827 6828 6686
f 6826 6827 6686
f 6826 6686 6825
f 6887 6888 6889
f 6887 6889 6890
f 6887 6891 6892
f 6887 6892 6888
f 6888 6892 6893
f 6888 6893 6889
f 6889 6893 6894
f 6889 6894 6890
f 6890 6894 6891
f 6890 6891 6887
f 6891 6894 6893
f 6891 6893 6892
f 6895 6896 6897
f 6895 6897 6898
f 6895 6899 6900
f 6895 6900 6896
f 6896 6900 6901
f 6896 6901 6897
f 6897 6901 6902
f 6897 6902 6898
f 6898 6902 6899
f 6898 6899 6895
f 6899 6902 6901
f 6899 6901 6900
f 6903 6904 6905
f 6903 6905 6906
f 6903 6907 6908
f 6903 6908 6904
f 6904 6908 6909
f 6904 6909 6905
f 6905 6909 6910
f 6905 6910 6906
f 6906 6910 6907
f 6906 6907 6903
f 6907 6910 6909
f 6907 6909 6908
f 6911 6912 6913
f 6911 6913 6914
f 6911 6915 6916
f 6911 6916 6912
f 6912 6916 6917
f 6912 6917 6913
f 6913 6917 6918
f 6913 6918 6914
f 6914 6918 6915
f 6914 6915 6911
f 6915 6918 6917
f 6915 6917 6916
f 6919 6920 6921
f 6919 6921 6922
f 6919 6923 6924
f 6919 6924 6920
f 6920 6924 6925
f 6920 6925 6921
f 6921 6925 6926
f 6921 6926 6922
f 6922 6926 6923
f 6922 6923 6919
f 6923 6926 6925
f 6923 6925 6924
f 6927 6928 6929
f 6927 6929 6930
f 6927 6931 6932
f 6927 6932 6928
f 6928 6932 6933
f 6928 6933 6929
f 6929 6933 6934
f 6929 6934 6930
f 6930 6934 6931
f 6930 6931 6927
f 6931 6934 6933
f 6931 6933 6932
f 6935 6936 6937
f 6935 6937 6938
f 6935 6939 6940
f 6935 6940 6936
f 6936 6940 6941
f 6936 6941 6937
f 6937 6941 6942
f 6937 6942 6938
f 6938 6942 6939
f 6938 6939 6935
f 6939 6942 6941
f 6939 6941 6940
f 6943 6944 6945
f 6943 6945 6946
f 6943 6947 6948
f 6943 6948 6944
f 6944 6948 6949
f 6944 6949 6945
f 6945 6949 6950
f 6945 6950 6946
f 6946 6950 6947
f 6946 6947 6943
f 6947 6950 6949
f 6947 6949 6948
f 6951 6952 6953
f 6951 6953 6954
f 6951 6955 6956
f 6951 6956 6952
f 6952 6956 6957
f 6952 6957 6953
f 6953 6957 6958
f 6953 6958 6954
f 6954 6958 6955
f 6954 6955 6951
f 6955 6958 6957
f 6955 6957 6956
f 6959 6960 7049
f 7049 6960 7048
f 7049 7050 6959
f 7048 6960 7047
f 6962 6963 7073
f 7073 6963 7072
f 7072 6963 7071
f 6962 7073 6961
f 7073 7074 6961
f 7074 7075 6961
f 7040 7041 7022
f 7022 7041 7021
f 7052 7053 7034
f 7034 7053 7033
f 7076 7077 7058
f 7058 7077 7057
f 7028 7029 7010
f 7010 7029 7009
f 7016 7017 6998
f 6998 7017 6997
f 6992 6993 6974
f 6974 6993 6973
f 7004 7005 6986
f 6986 7005 6985
f 7075 7076 6961
f 7076 7058 6961
f 7058 7059 6961
f 7059 7060 6961
f 7071 6963 7070
f 7050 7051 6959
f 6959 7051 6970
f 7051 7052 6970
f 7060 7061 6961
f 6961 7061 6960
f 7061 7062 6960
f 7062 7063 6960
f 6960 7063 7047
f 7063 7064 7047
f 7047 7064 7046
f 7064 7065 7046
f 7046 7065 7045
f 7041 7042 7021
f 7021 7042 7020
f 7053 7054 7033
f 7033 7054 7032
f 7077 7078 7057
f 7057 7078 7056
f 7029 7030 7009
f 7009 7030 7008
f 7065 7066 7045
f 7045 7066 7044
f 7017 7018 6997
f 6997 7018 6996
f 6993 6994 6973
f 6973 6994 6972
f 7005 7006 6985
f 6985 7006 6984
f 6986 6987 7004
f 7004 6987 7003
f 6998 6999 7016
f 7016 6999 7015
f 6974 6975 6992
f 6992 6975 6991
f 7010 7011 7028
f 7028 7011 7027
f 7034 7035 7052
f 7052 7035 6970
f 7035 7036 6970
f 7036 7037 6970
f 6970 7037 6969
f 7037 7038 6969
f 7038 7039 6969
f 7039 7040 6969
f 7040 7022 6969
f 7022 7023 6969
f 7023 7024 6969
f 6969 7024 6968
f 7024 7025 6968
f 7025 7026 6968
f 7026 7027 6968
f 7027 7011 6968
f 7011 7012 6968
f 6968 7012 6967
f 7012 7013 6967
f 7013 7014 6967
f 6967 7014 6966
f 7014 7015 6966
f 7015 6999 6966
f 6999 7000 6966
f 7000 7001 6966
f 6966 7001 6965
f 7001 7002 6965
f 7002 7003 6965
f 7003 6987 6965
f 6987 6988 6965
f 6988 6989 6965
f 6965 6989 6964
f 6989 6990 6964
f 6990 6991 6964
f 6991 6975 6964
f 6975 6976 6964
f 6964 6976 6963
f 6976 6977 6963
f 6977 6978 6963
f 6963 6978 7070
f 6978 6979 7070
f 6979 6980 7070
f 6980 6981 7070
f 7070 6981 7069
f 6981 6982 7069
f 7069 6982 7068
f 7042 7031 7020
f 7020 7031 7019
f 6982 6971 7068
f 7068 6971 7067
f 7054 7043 7032
f 7032 7043 7031
f 7031 7043 7019
f 7078 7067 7056
f 7056 7067 7055
f 7067 6971 7055
f 7030 7019 7008
f 7019 7043 7008
f 7008 7043 7007
f 7043 7044 7007
f 7044 7066 7007
f 7066 7055 7007
f 7055 6971 7007
f 6971 6972 7007
f 6972 6994 7007
f 6994 6983 7007
f 6983 6984 7007
f 6984 7006 7007
f 7006 6995 7007
f 6995 6996 7007
f 6996 7018 7007
f 6960 6959 7080
f 7080 6959 7079
f 6961 6960 7081
f 7081 6960 7080
f 6962 6961 7082
f 7082 6961 7081
f 6963 6962 7083
f 7083 6962 7082
f 6964 6963 7084
f 7084 6963 7083
f 6965 6964 7085
f 7085 6964 7084
f 6966 6965 7086
f 7086 6965 7085
f 6967 6966 7087
f 7087 6966 7086
f 6968 6967 7088
f 7088 6967 7087
f 6969 6968 7089
f 7089 6968 7088
f 6970 6969 7090
f 7090 6969 7089
f 6959 6970 7079
f 7079 6970 7090
f 6972 6971 7092
f 7092 6971 7091
f 6973 6972 7093
f 7093 6972 7092
f 6974 6973 7094
f 7094 6973 7093
f 6975 6974 7095
f 7095 6974 7094
f 6976 6975 7096
f 7096 6975 7095
f 6977 6976 7097
f 7097 6976 7096
f 6978 6977 7098
f 7098 6977 7097
f 6979 6978 7099
f 7099 6978 7098
f 6980 6979 7100
f 7100 6979 7099
f 6981 6980 7101
f 7101 6980 7100
f 6982 6981 7102
f 7102 6981 7101
f 6971 6982 7091
f 7091 6982 7102
f 6984 6983 7104
f 7104 6983 7103
f 6985 6984 7105
f 7105 6984 7104
f 6986 6985 7106
f 7106 6985 7105
f 6987 6986 7107
f 7107 6986 7106
f 6988 6987 7108
f 7108 6987 7107
f 6989 6988 7109
f 7109 6988 7108
f 6990 6989 7110
f 7110 6989 7109
f 6991 6990 7111
f 7111 6990 7110
f 6992 6991 7112
f 7112 6991 7111
f 6993 6992 7113
f 7113 6992 7112
f 6994 6993 7114
f 7114 6993 7113
f 6983 6994 7103
f 7103 6994 7114
f 6996 6995 7116
f 7116 6995 7115
f 6997 6996 7117
f 7117 6996 7116
f 6998 6997 7118
f 7118 6997 7117
f 6999 6998 7119
f 7119 6998 7118
f 7000 6999 7120
f 7120 6999 7119
f 7001 7000 7121
f 7121 7000 7120
f 7002 7001 7122
f 7122 7001 7121
f 7003 7002 7123
f 7123 7002 7122
f 7004 7003 7124
f 7124 7003 7123
f 7005 7004 7125
f 7125 7004 7124
f 7006 7005 7126
f 7126 7005 7125
f 6995 7006 7115
f 7115 7006 7126
f 7008 7007 7128
f 7128 7007 7127
f 7009 7008 7129
f 7129 7008 7128
f 7010 7009 7130
f 7130 7009 7129
f 7011 7010 7131
f 7131 7010 7130
f 7012 7011 7132
f 7132 7011 7131
f 7013 7012 7133
f 7133 7012 7132
f 7014 7013 7134
f 7134 7013 7133
f 7015 7014 7135
f 7135 7014 7134
f 7016 7015 7136
f 7136 7015 7135
f 7017 7016 7137
f 7137 7016 7136
f 7018 7017 7138
f 7138 7017 7137
f 7007 7018 7127
f 7127 7018 7138
f 7020 7019 7140
f 7140 7019 7139
f 7021 7020 7141
f 7141 7020 7140
f 7022 7021 7142
f 7142 7021 7141
f 7023 7022 7143
f 7143 7022 7142
f 7024 7023 7144
f 7144 7023 7143
f 7025 7024 7145
f 7145 7024 7144
f 7026 7025 7146
f 7146 7025 7145
f 7027 7026 7147
f 7147 7026 7146
f 7028 7027 7148
f 7148 7027 7147
f 7029 7028 7149
f 7149 7028 7148
f 7030 7029 7150
f 7150 7029 7149
f 7019 7030 7139
f 7139 7030 7150
f 7032 7031 7152
f 7152 7031 7151
f 7033 7032 7153
f 7153 7032 7152
f 7034 7033 7154
f 7154 7033 7153
f 7035 7034 7155
f 7155 7034 7154
f 7036 7035 7156
f 7156 7035 7155
f 7037 7036 7157
f 7157 7036 7156
f 7038 7037 7158
f 7158 7037 7157
f 7039 7038 7159
f 7159 7038 7158
f 7040 7039 7160
f 7160 7039 7159
f 7041 7040 7161
f 7161 7040 7160
f 7042 7041 7162
f 7162 7041 7161
f 7031 7042 7151
f 7151 7042 7162
f 7044 7043 7164
f 7164 7043 7163
f 7045 7044 7165
f 7165 7044 7164
f 7046 7045 7166
f 7166 7045 7165
f 7047 7046 7167
f 7167 7046 7166
f 7048 7047 7168
f 7168 7047 7167
f 7049 7048 7169
f 7169 7048 7168
f 7050 7049 7170
f 7170 7049 7169
f 7051 7050 7171
f 7171 7050 7170
f 7052 7051 7172
f 7172 7051 7171
f 7053 7052 7173
f 7173 7052 7172
f 7054 7053 7174
f 7174 7053 7173
f 7043 7054 7163
f 7163 7054 7174
f 7056 7055 7176
f 7176 7055 7175
f 7057 7056 7177
f 7177 7056 7176
f 7058 7057 7178
f 7178 7057 7177
f 7059 7058 7179
f 7179 7058 7178
f 7060 7059 7180
f 7180 7059 7179
f 7061 7060 7181
f 7181 7060 7180
f 7062 7061 7182
f 7182 7061 7181
f 7063 7062 7183
f 7183 7062 7182
f 7064 7063 7184
f 7184 7063 7183
f 7065 7064 7185
f 7185 7064 7184
f 7066 7065 7186
f 7186 7065 7185
f 7055 7066 7175
f 7175 7066 7186
f 7068 7067 7188
f 7188 7067 7187
f 7069 7068 7189
f 7189 7068 7188
f 7070 7069 7190
f 7190 7069 7189
f 7071 7070 7191
f 7191 7070 7190
f 7072 7071 7192
f 7192 7071 7191
f 7073 7072 7193
f 7193 7072 7192
f 7074 7073 7194
f 7194 7073 7193
f 7075 7074 7195
f 7195 7074 7194
f 7076 7075 7196
f 7196 7075 7195
f 7077 7076 7197
f 7197 7076 7196
f 7078 7077 7198
f 7198 7077 7197
f 7067 7078 7187
f 7187 7078 7198
f 7199 7200 7208
f 7199 7208 7207
f 7200 7201 7209
f 7200 7209 7208
f 7201 7202 7210
f 7201 7210 7209
f 7202 7203 7211
f 7202 7211 7210
f 7203 7204 7212
f 7203 7212 7211
f 7204 7205 7213
f 7204 7213 7212
f 7205 7206 7214
f 7205 7214 7213
f 7206 7199 7207
f 7206 7207 7214
f 7207 7208 7215
f 7208 7209 7215
f 7209 7210 7215
f 7210 7211 7215
f 7211 7212 7215
f 7212 7213 7215
f 7213 7214 7215
f 7214 7207 7215
f 7217 7218 7226
f 7217 7226 7225
f 7218 7219 7227
f 7218 7227 7226
f 7219 7220 7228
f 7219 7228 7227
f 7220 7221 7229
f 7220 7229 7228
f 7221 7222 7230
f 7221 7230 7229
f 7222 7223 7231
f 7222 7231 7230
f 7223 7224 7232
f 7223 7232 7231
f 7224 7217 7225
f 7224 7225 7232
f 7225 7226 7233
f 7226 7227 7233
f 7227 7228 7233
f 7228 7229 7233
f 7229 7230 7233
f 7230 7231 7233
f 7231 7232 7233
f 7232 7225 7233
f 7235 7236 7244
f 7235 7244 7243
f 7236 7237 7245
f 7236 7245 7244
f 7237 7238 7246
f 7237 7246 7245
f 7238 7239 7247
f 7238 7247 7246
f 7239 7240 7248
f 7239 7248 7247
f 7240 7241 7249
f 7240 7249 7248
f 7241 7242 7250
f 7241 7250 7249
f 7242 7235 7243
f 7242 7243 7250
f 7243 7244 7252
f 7243 7252 7251
f 7244 7245 7253
f 7244 7253 7252
f 7245 7246 7254
f 7245 7254 7253
f 7246 7247 7255
f 7246 7255 7254
f 7247 7248 7256
f 7247 7256 7255
f 7248 7249 7257
f 7248 7257 7256
f 7249 7250 7258
f 7249 7258 7257
f 7250 7243 7251
f 7250 7251 7258
f 7251 7252 7260
f 7251 7260 7259
f 7252 7253 7261
f 7252 7261 7260
f 7253 7254 7262
f 7253 7262 7261
f 7254 7255 7263
f 7254 7263 7262
f 7255 7256 7264
f 7255 7264 7263
f 7256 7257 7265
f 7256 7265 7264
f 7257 7258 7266
f 7257 7266 7265
f 7258 7251 7259
f 7258 7259 7266
f 7259 7260 7268
f 7259 7268 7267
f 7260 7261 7269
f 7260 7269 7268
f 7261 7262 7270
f 7261 7270 7269
f 7262 7263 7271
f 7262 7271 7270
f 7263 7264 7272
f 7263 7272 7271
f 7264 7265 7273
f 7264 7273 7272
f 7265 7266 7274
f 7265 7274 7273
f 7266 7259 7267
f 7266 7267 7274
f 7267 7268 7276
f 7267 7276 7275
f 7268 7269 7277
f 7268 7277 7276
f 7269 7270 7278
f 7269 7278 7277
f 7270 7271 7279
f 7270 7279 7278
f 7271 7272 7280
f 7271 7280 7279
f 7272 7273 7281
f 7272 7281 7280
f 7273 7274 7282
f 7273 7282 7281
f 7274 7267 7275
f 7274 7275 7282
f 7275 7276 7284
f 7275 7284 7283
f 7276 7277 7285
f 7276 7285 7284
f 7277 7278 7286
f 7277 7286 7285
f 7278 7279 7287
f 7278 7287 7286
f 7279 7280 7288
f 7279 7288 7287
f 7280 7281 7289
f 7280 7289 7288
f 7281 7282 7290
f 7281 7290 7289
f 7282 7275 7283
f 7282 7283 7290
f 7283 7284 7292
f 7283 7292 7291
f 7284 7285 7293
f 7284 7293 7292
f 7285 7286 7294
f 7285 7294 7293
f 7286 7287 7295
f 7286 7295 7294
f 7287 7288 7296
f 7287 7296 7295
f 7288 7289 7297
f 7288 7297 7296
f 7289 7290 7298
f 7289 7298 7297
f 7290 7283 7291
f 7290 7291 7298
f 7291 7292 7300
f 7291 7300 7299
f 7292 7293 7301
f 7292 7301 7300
f 7293 7294 7302
f 7293 7302 7301
f 7294 7295 7303
f 7294 7303 7302
f 7295 7296 7304
f 7295 7304 7303
f 7296 7297 7305
f 7296 7305 7304
f 7297 7298 7306
f 7297 7306 7305
f 7298 7291 7299
f 7298 7299 7306
f 7299 7300 7308
f 7299 7308 7307
f 7300 7301 7309
f 7300 7309 7308
f 7301 7302 7310
f 7301 7310 7309
f 7302 7303 7311
f 7302 7311 7310
f 7303 7304 7312
f 7303 7312 7311
f 7304 7305 7313
f 7304 7313 7312
f 7305 7306 7314
f 7305 7314 7313
f 7306 7299 7307
f 7306 7307 7314
f 7307 7308 7316
f 7307 7316 7315
f 7308 7309 7317
f 7308 7317 7316
f 7309 7310 7318
f 7309 7318 7317
f 7310 7311 7319
f 7310 7319 7318
f 7311 7312 7320
f 7311 7320 7319
f 7312 7313 7321
f 7312 7321 7320
f 7313 7314 7322
f 7313 7322 7321
f 7314 7307 7315
f 7314 7315 7322
f 7315 7316 7324
f 7315 7324 7323
f 7316 7317 7325
f 7316 7325 7324
f 7317 7318 7326
f 7317 7326 7325
f 7318 7319 7327
f 7318 7327 7326
f 7319 7320 7328
f 7319 7328 7327
f 7320 7321 7329
f 7320 7329 7328
f 7321 7322 7330
f 7321 7330 7329
f 7322 7315 7323
f 7322 7323 7330
f 7323 7324 7332
f 7323 7332 7331
f 7324 7325 7333
f 7324 7333 7332
f 7325 7326 7334
f 7325 7334 7333
f 7326 7327 7335
f 7326 7335 7334
f 7327 7328 7336
f 7327 7336 7335
f 7328 7329 7337
f 7328 7337 7336
f 7329 7330 7338
f 7329 7338 7337
f 7330 7323 7331
f 7330 7331 7338
f 7331 7332 7340
f 7331 7340 7339
f 7332 7333 7341
f 7332 7341 7340
f 7333 7334 7342
f 7333 7342 7341
f 7334 7335 7343
f 7334 7343 7342
f 7335 7336 7344
f 7335 7344 7343
f 7336 7337 7345
f 7336 7345 7344
f 7337 7338 7346
f 7337 7346 7345
f 7338 7331 7339
f 7338 7339 7346
f 7339 7340 7348
f 7339 7348 7347
f 7340 7341 7349
f 7340 7349 7348
f 7341 7342 7350
f 7341 7350 7349
f 7342 7343 7351
f 7342 7351 7350
f 7343 7344 7352
f 7343 7352 7351
f 7344 7345 7353
f 7344 7353 7352
f 7345 7346 7354
f 7345 7354 7353
f 7346 7339 7347
f 7346 7347 7354
f 7347 7348 7356
f 7347 7356 7355
f 7348 7349 7357
f 7348 7357 7356
f 7349 7350 7358
f 7349 7358 7357
f 7350 7351 7359
f 7350 7359 7358
f 7351 7352 7360
f 7351 7360 7359
f 7352 7353 7361
f 7352 7361 7360
f 7353 7354 7362
f 7353 7362 7361
f 7354 7347 7355
f 7354 7355 7362
f 7355 7356 7364
f 7355 7364 7363
f 7356 7357 7365
f 7356 7365 7364
f 7357 7358 7366
f 7357 7366 7365
f 7358 7359 7367
f 7358 7367 7366
f 7359 7360 7368
f 7359 7368 7367
f 7360 7361 7369
f 7360 7369 7368
f 7361 7362 7370
f 7361 7370 7369
f 7362 7355 7363
f 7362 7363 7370
f 7363 7364 7372
f 7363 7372 7371
f 7364 7365 7373
f 7364 7373 7372
f 7365 7366 7374
f 7365 7374 7373
f 7366 7367 7375
f 7366 7375 7374
f 7367 7368 7376
f 7367 7376 7375
f 7368 7369 7377
f 7368 7377 7376
f 7369 7370 7378
f 7369 7378 7377
f 7370 7363 7371
f 7370 7371 7378
f 7371 7372 7380
f 7371 7380 7379
f 7372 7373 7381
f 7372 7381 7380
f 7373 7374 7382
f 7373 7382 7381
f 7374 7375 7383
f 7374 7383 7382
f 7375 7376 7384
f 7375 7384 7383
f 7376 7377 7385
f 7376 7385 7384
f 7377 7378 7386
f 7377 7386 7385
f 7378 7371 7379
f 7378 7379 7386
f 7379 7380 7388
f 7379 7388 7387
f 7380 7381 7389
f 7380 7389 7388
f 7381 7382 7390
f 7381 7390 7389
f 7382 7383 7391
f 7382 7391 7390
f 7383 7384 7392
f 7383 7392 7391
f 7384 7385 7393
f 7384 7393 7392
f 7385 7386 7394
f 7385 7394 7393
f 7386 7379 7387
f 7386 7387 7394
f 7387 7388 7396
f 7387 7396 7395
f 7388 7389 7397
f 7388 7397 7396
f 7389 7390 7398
f 7389 7398 7397
f 7390 7391 7399
f 7390 7399 7398
f 7391 7392 7400
f 7391 7400 7399
f 7392 7393 7401
f 7392 7401 7400
f 7393 7394 7402
f 7393 7402 7401
f 7394 7387 7395
f 7394 7395 7402
f 7395 7396 7404
f 7395 7404 7403
f 7396 7397 7405
f 7396 7405 7404
f 7397 7398 7406
f 7397 7406 7405
f 7398 7399 7407
f 7398 7407 7406
f 7399 7400 7408
f 7399 7408 7407
f 7400 7401 7409
f 7400 7409 7408
f 7401 7402 7410
f 7401 7410 7409
f 7402 7395 7403
f 7402 7403 7410
f 7403 7404 7412
f 7403 7412 7411
f 7404 7405 7413
f 7404 7413 7412
f 7405 7406 7414
f 7405 7414 7413
f 7406 7407 7415
f 7406 7415 7414
f 7407 7408 7416
f 7407 7416 7415
f 7408 7409 7417
f 7408 7417 7416
f 7409 7410 7418
f 7409 7418 7417
f 7410 7403 7411
f 7410 7411 7418
f 7411 7412 7420
f 7411 7420 7419
f 7412 7413 7421
f 7412 7421 7420
f 7413 7414 7422
f 7413 7422 7421
f 7414 7415 7423
f 7414 7423 7422
f 7415 7416 7424
f 7415 7424 7423
f 7416 7417 7425
f 7416 7425 7424
f 7417 7418 7426
f 7417 7426 7425
f 7418 7411 7419
f 7418 7419 7426
f 7419 7420 7428
f 7419 7428 7427
f 7420 7421 7429
f 7420 7429 7428
f 7421 7422 7430
f 7421 7430 7429
f 7422 7423 7431
f 7422 7431 7430
f 7423 7424 7432
f 7423 7432 7431
f 7424 7425 7433
f 7424 7433 7432
f 7425 7426 7434
f 7425 7434 7433
f 7426 7419 7427
f 7426 7427 7434
f 7427 7428 7436
f 7427 7436 7435
f 7428 7429 7437
f 7428 7437 7436
f 7429 7430 7438
f 7429 7438 7437
f 7430 7431 7439
f 7430 7439 7438
f 7431 7432 7440
f 7431 7440 7439
f 7432 7433 7441
f 7432 7441 7440
f 7433 7434 7442
f 7433 7442 7441
f 7434 7427 7435
f 7434 7435 7442
f 7435 7436 7444
f 7435 7444 7443
f 7436 7437 7445
f 7436 7445 7444
f 7437 7438 7446
f 7437 7446 7445
f 7438 7439 7447
f 7438 7447 7446
f 7439 7440 7448
f 7439 7448 7447
f 7440 7441 7449
f 7440 7449 7448
f 7441 7442 7450
f 7441 7450 7449
f 7442 7435 7443
f 7442 7443 7450
f 7443 7444 7452
f 7443 7452 7451
f 7444 7445 7453
f 7444 7453 7452
f 7445 7446 7454
f 7445 7454 7453
f 7446 7447 7455
f 7446 7455 7454
f 7447 7448 7456
f 7447 7456 7455
f 7448 7449 7457
f 7448 7457 7456
f 7449 7450 7458
f 7449 7458 7457
f 7450 7443 7451
f 7450 7451 7458
f 7451 7452 7460
f 7451 7460 7459
f 7452 7453 7461
f 7452 7461 7460
f 7453 7454 7462
f 7453 7462 7461
f 7454 7455 7463
f 7454 7463 7462
f 7455 7456 7464
f 7455 7464 7463
f 7456 7457 7465
f 7456 7465 7464
f 7457 7458 7466
f 7457 7466 7465
f 7458 7451 7459
f 7458 7459 7466
f 7459 7460 7468
f 7459 7468 7467
f 7460 7461 7469
f 7460 7469 7468
f 7461 7462 7470
f 7461 7470 7469
f 7462 7463 7471
f 7462 7471 7470
f 7463 7464 7472
f 7463 7472 7471
f 7464 7465 7473
f 7464 7473 7472
f 7465 7466 7474
f 7465 7474 7473
f 7466 7459 7467
f 7466 7467 7474
f 7467 7468 7476
f 7467 7476 7475
f 7468 7469 7477
f 7468 7477 7476
f 7469 7470 7478
f 7469 7478 7477
f 7470 7471 7479
f 7470 7479 7478
f 7471 7472 7480
f 7471 7480 7479
f 7472 7473 7481
f 7472 7481 7480
f 7473 7474 7482
f 7473 7482 7481
f 7474 7467 7475
f 7474 7475 7482
f 7475 7476 7484
f 7475 7484 7483
f 7476 7477 7485
f 7476 7485 7484
f 7477 7478 7486
f 7477 7486 7485
f 7478 7479 7487
f 7478 7487 7486
f 7479 7480 7488
f 7479 7488 7487
f 7480 7481 7489
f 7480 7489 7488
f 7481 7482 7490
f 7481 7490 7489
f 7482 7475 7483
f 7482 7483 7490
f 7483 7484 7492
f 7483 7492 7491
f 7484 7485 7493
f 7484 7493 7492
f 7485 7486 7494
f 7485 7494 7493
f 7486 7487 7495
f 7486 7495 7494
f 7487 7488 7496
f 7487 7496 7495
f 7488 7489 7497
f 7488 7497 7496
f 7489 7490 7498
f 7489 7498 7497
f 7490 7483 7491
f 7490 7491 7498
f 7491 7492 7500
f 7491 7500 7499
f 7492 7493 7501
f 7492 7501 7500
f 7493 7494 7502
f 7493 7502 7501
f 7494 7495 7503
f 7494 7503 7502
f 7495 7496 7504
f 7495 7504 7503
f 7496 7497 7505
f 7496 7505 7504
f 7497 7498 7506
f 7497 7506 7505
f 7498 7491 7499
f 7498 7499 7506
f 7499 7500 7508
f 7499 7508 7507
f 7500 7501 7509
f 7500 7509 7508
f 7501 7502 7510
f 7501 7510 7509
f 7502 7503 7511
f 7502 7511 7510
f 7503 7504 7512
f 7503 7512 7511
f 7504 7505 7513
f 7504 7513 7512
f 7505 7506 7514
f 7505 7514 7513
f 7506 7499 7507
f 7506 7507 7514
f 7507 7508 7516
f 7507 7516 7515
f 7508 7509 7517
f 7508 7517 7516
f 7509 7510 7518
f 7509 7518 7517
f 7510 7511 7519
f 7510 7519 7518
f 7511 7512 7520
f 7511 7520 7519
f 7512 7513 7521
f 7512 7521 7520
f 7513 7514 7522
f 7513 7522 7521
f 7514 7507 7515
f 7514 7515 7522
f 7515 7516 7524
f 7515 7524 7523
f 7516 7517 7525
f 7516 7525 7524
f 7517 7518 7526
f 7517 7526 7525
f 7518 7519 7527
f 7518 7527 7526
f 7519 7520 7528
f 7519 7528 7527
f 7520 7521 7529
f 7520 7529 7528
f 7521 7522 7530
f 7521 7530 7529
f 7522 7515 7523
f 7522 7523 7530
f 7523 7524 7532
f 7523 7532 7531
f 7524 7525 7533
f 7524 7533 7532
f 7525 7526 7534
f 7525 7534 7533
f 7526 7527 7535
f 7526 7535 7534
f 7527 7528 7536
f 7527 7536 7535
f 7528 7529 7537
f 7528 7537 7536
f 7529 7530 7538
f 7529 7538 7537
f 7530 7523 7531
f 7530 7531 7538
f 7531 7532 7540
f 7531 7540 7539
f 7532 7533 7541
f 7532 7541 7540
f 7533 7534 7542
f 7533 7542 7541
f 7534 7535 7543
f 7534 7543 7542
f 7535 7536 7544
f 7535 7544 7543
f 7536 7537 7545
f 7536 7545 7544
f 7537 7538 7546
f 7537 7546 7545
f 7538 7531 7539
f 7538 7539 7546
f 7539 7540 7548
f 7539 7548 7547
f 7540 7541 7549
f 7540 7549 7548
f 7541 7542 7550
f 7541 7550 7549
f 7542 7543 7551
f 7542 7551 7550
f 7543 7544 7552
f 7543 7552 7551
f 7544 7545 7553
f 7544 7553 7552
f 7545 7546 7554
f 7545 7554 7553
f 7546 7539 7547
f 7546 7547 7554
f 7547 7548 7556
f 7547 7556 7555
f 7548 7549 7557
f 7548 7557 7556
f 7549 7550 7558
f 7549 7558 7557
f 7550 7551 7559
f 7550 7559 7558
f 7551 7552 7560
f 7551 7560 7559
f 7552 7553 7561
f 7552 7561 7560
f 7553 7554 7562
f 7553 7562 7561
f 7554 7547 7555
f 7554 7555 7562
f 7555 7556 7564
f 7555 7564 7563
f 7556 7557 7565
f 7556 7565 7564
f 7557 7558 7566
f 7557 7566 7565
f 7558 7559 7567
f 7558 7567 7566
f 7559 7560 7568
f 7559 7568 7567
f 7560 7561 7569
f 7560 7569 7568
f 7561 7562 7570
f 7561 7570 7569
f 7562 7555 7563
f 7562 7563 7570
f 7563 7564 7572
f 7563 7572 7571
f 7564 7565 7573
f 7564 7573 7572
f 7565 7566 7574
f 7565 7574 7573
f 7566 7567 7575
f 7566 7575 7574
f 7567 7568 7576
f 7567 7576 7575
f 7568 7569 7577
f 7568 7577 7576
f 7569 7570 7578
f 7569 7578 7577
f 7570 7563 7571
f 7570 7571 7578
f 7571 7572 7580
f 7571 7580 7579
f 7572 7573 7581
f 7572 7581 7580
f 7573 7574 7582
f 7573 7582 7581
f 7574 7575 7583
f 7574 7583 7582
f 7575 7576 7584
f 7575 7584 7583
f 7576 7577 7585
f 7576 7585 7584
f 7577 7578 7586
f 7577 7586 7585
f 7578 7571 7579
f 7578 7579 7586
f 7579 7580 7588
f 7579 7588 7587
f 7580 7581 7589
f 7580 7589 7588
f 7581 7582 7590
f 7581 7590 7589
f 7582 7583 7591
f 7582 7591 7590
f 7583 7584 7592
f 7583 7592 7591
f 7584 7585 7593
f 7584 7593 7592
f 7585 7586 7594
f 7585 7594 7593
f 7586 7579 7587
f 7586 7587 7594
f 7587 7588 7596
f 7587 7596 7595
f 7588 7589 7597
f 7588 7597 7596
f 7589 7590 7598
f 7589 7598 7597
f 7590 7591 7599
f 7590 7599 7598
f 7591 7592 7600
f 7591 7600 7599
f 7592 7593 7601
f 7592 7601 7600
f 7593 7594 7602
f 7593 7602 7601
f 7594 7587 7595
f 7594 7595 7602
f 7595 7596 7604
f 7595 7604 7603
f 7596 7597 7605
f 7596 7605 7604
f 7597 7598 7606
f 7597 7606 7605
f 7598 7599 7607
f 7598 7607 7606
f 7599 7600 7608
f 7599 7608 7607
f 7600 7601 7609
f 7600 7609 7608
f 7601 7602 7610
f 7601 7610 7609
f 7602 7595 7603
f 7602 7603 7610
f 7603 7604 7612
f 7603 7612 7611
f 7604 7605 7613
f 7604 7613 7612
f 7605 7606 7614
f 7605 7614 7613
f 7606 7607 7615
f 7606 7615 7614
f 7607 7608 7616
f 7607 7616 7615
f 7608 7609 7617
f 7608 7617 7616
f 7609 7610 7618
f 7609 7618 7617
f 7610 7603 7611
f 7610 7611 7618
f 7611 7612 7620
f 7611 7620 7619
f 7612 7613 7621
f 7612 7621 7620
f 7613 7614 7622
f 7613 7622 7621
f 7614 7615 7623
f 7614 7623 7622
f 7615 7616 7624
f 7615 7624 7623
f 7616 7617 7625
f 7616 7625 7624
f 7617 7618 7626
f 7617 7626 7625
f 7618 7611 7619
f 7618 7619 7626
f 7619 7620 7628
f 7619 7628 7627
f 7620 7621 7629
f 7620 7629 7628
f 7621 7622 7630
f 7621 7630 7629
f 7622 7623 7631
f 7622 7631 7630
f 7623 7624 7632
f 7623 7632 7631
f 7624 7625 7633
f 7624 7633 7632
f 7625 7626 7634
f 7625 7634 7633
f 7626 7619 7627
f 7626 7627 7634
f 7627 7628 7636
f 7627 7636 7635
f 7628 7629 7637
f 7628 7637 7636
f 7629 7630 7638
f 7629 7638 7637
f 7630 7631 7639
f 7630 7639 7638
f 7631 7632 7640
f 7631 7640 7639
f 7632 7633 7641
f 7632 7641 7640
f 7633 7634 7642
f 7633 7642 7641
f 7634 7627 7635
f 7634 7635 7642
f 7635 7636 7644
f 7635 7644 7643
f 7636 7637 7645
f 7636 7645 7644
f 7637 7638 7646
f 7637 7646 7645
f 7638 7639 7647
f 7638 7647 7646
f 7639 7640 7648
f 7639 7648 7647
f 7640 7641 7649
f 7640 7649 7648
f 7641 7642 7650
f 7641 7650 7649
f 7642 7635 7643
f 7642 7643 7650
f 7643 7644 7652
f 7643 7652 7651
f 7644 7645 7653
f 7644 7653 7652
f 7645 7646 7654
f 7645 7654 7653
f 7646 7647 7655
f 7646 7655 7654
f 7647 7648 7656
f 7647 7656 7655
f 7648 7649 7657
f 7648 7657 7656
f 7649 7650 7658
f 7649 7658 7657
f 7650 7643 7651
f 7650 7651 7658
f 7651 7652 7660
f 7651 7660 7659
f 7652 7653 7661
f 7652 7661 7660
f 7653 7654 7662
f 7653 7662 7661
f 7654 7655 7663
f 7654 7663 7662
f 7655 7656 7664
f 7655 7664 7663
f 7656 7657 7665
f 7656 7665 7664
f 7657 7658 7666
f 7657 7666 7665
f 7658 7651 7659
f 7658 7659 7666
f 7659 7660 7668
f 7659 7668 7667
f 7660 7661 7669
f 7660 7669 7668
f 7661 7662 7670
f 7661 7670 7669
f 7662 7663 7671
f 7662 7671 7670
f 7663 7664 7672
f 7663 7672 7671
f 7664 7665 7673
f 7664 7673 7672
f 7665 7666 7674
f 7665 7674 7673
f 7666 7659 7667
f 7666 7667 7674
f 7667 7668 7676
f 7667 7676 7675
f 7668 7669 7677
f 7668 7677 7676
f 7669 7670 7678
f 7669 7678 7677
f 7670 7671 7679
f 7670 7679 7678
f 7671 7672 7680
f 7671 7680 7679
f 7672 7673 7681
f 7672 7681 7680
f 7673 7674 7682
f 7673 7682 7681
f 7674 7667 7675
f 7674 7675 7682
f 7675 7676 7684
f 7675 7684 7683
f 7676 7677 7685
f 7676 7685 7684
f 7677 7678 7686
f 7677 7686 7685
f 7678 7679 7687
f 7678 7687 7686
f 7679 7680 7688
f 7679 7688 7687
f 7680 7681 7689
f 7680 7689 7688
f 7681 7682 7690
f 7681 7690 7689
f 7682 7675 7683
f 7682 7683 7690
f 7683 7684 7692
f 7683 7692 7691
f 7684 7685 7693
f 7684 7693 7692
f 7685 7686 7694
f 7685 7694 7693
f 7686 7687 7695
f 7686 7695 7694
f 7687 7688 7696
f 7687 7696 7695
f 7688 7689 7697
f 7688 7697 7696
f 7689 7690 7698
f 7689 7698 7697
f 7690 7683 7691
f 7690 7691 7698
f 7691 7692 7700
f 7691 7700 7699
f 7692 7693 7701
f 7692 7701 7700
f 7693 7694 7702
f 7693 7702 7701
f 7694 7695 7703
f 7694 7703 7702
f 7695 7696 7704
f 7695 7704 7703
f 7696 7697 7705
f 7696 7705 7704
f 7697 7698 7706
f 7697 7706 7705
f 7698 7691 7699
f 7698 7699 7706
f 7699 7700 7708
f 7699 7708 7707
f 7700 7701 7709
f 7700 7709 7708
f 7701 7702 7710
f 7701 7710 7709
f 7702 7703 7711
f 7702 7711 7710
f 7703 7704 7712
f 7703 7712 7711
f 7704 7705 7713
f 7704 7713 7712
f 7705 7706 7714
f 7705 7714 7713
f 7706 7699 7707
f 7706 7707 7714
f 7707 7708 7716
f 7707 7716 7715
f 7708 7709 7717
f 7708 7717 7716
f 7709 7710 7718
f 7709 7718 7717
f 7710 7711 7719
f 7710 7719 7718
f 7711 7712 7720
f 7711 7720 7719
f 7712 7713 7721
f 7712 7721 7720
f 7713 7714 7722
f 7713 7722 7721
f 7714 7707 7715
f 7714 7715 7722
f 7715 7716 7724
f 7715 7724 7723
f 7716 7717 7725
f 7716 7725 7724
f 7717 7718 7726
f 7717 7726 7725
f 7718 7719 7727
f 7718 7727 7726
f 7719 7720 7728
f 7719 7728 7727
f 7720 7721 7729
f 7720 7729 7728
f 7721 7722 7730
f 7721 7730 7729
f 7722 7715 7723
f 7722 7723 7730
f 7723 7724 7732
f 7723 7732 7731
f 7724 7725 7733
f 7724 7733 7732
f 7725 7726 7734
f 7725 7734 7733
f 7726 7727 7735
f 7726 7735 7734
f 7727 7728 7736
f 7727 7736 7735
f 7728 7729 7737
f 7728 7737 7736
f 7729 7730 7738
f 7729 7738 7737
f 7730 7723 7731
f 7730 7731 7738
f 7731 7732 7740
f 7731 7740 7739
f 7732 7733 7741
f 7732 7741 7740
f 7733 7734 7742
f 7733 7742 7741
f 7734 7735 7743
f 7734 7743 7742
f 7735 7736 7744
f 7735 7744 7743
f 7736 7737 7745
f 7736 7745 7744
f 7737 7738 7746
f 7737 7746 7745
f 7738 7731 7739
f 7738 7739 7746
f 7739 7740 7748
f 7739 7748 7747
f 7740 7741 7749
f 7740 7749 7748
f 7741 7742 7750
f 7741 7750 7749
f 7742 7743 7751
f 7742 7751 7750
f 7743 7744 7752
f 7743 7752 7751
f 7744 7745 7753
f 7744 7753 7752
f 7745 7746 7754
f 7745 7754 7753
f 7746 7739 7747
f 7746 7747 7754
f 7747 7748 7756
f 7747 7756 7755
f 7748 7749 7757
f 7748 7757 7756
f 7749 7750 7758
f 7749 7758 7757
f 7750 7751 7759
f 7750 7759 7758
f 7751 7752 7760
f 7751 7760 7759
f 7752 7753 7761
f 7752 7761 7760
f 7753 7754 7762
f 7753 7762 7761
f 7754 7747 7755
f 7754 7755 7762
f 7755 7756 7764
f 7755 7764 7763
f 7756 7757 7765
f 7756 7765 7764
f 7757 7758 7766
f 7757 7766 7765
f 7758 7759 7767
f 7758 7767 7766
f 7759 7760 7768
f 7759 7768 7767
f 7760 7761 7769
f 7760 7769 7768
f 7761 7762 7770
f 7761 7770 7769
f 7762 7755 7763
f 7762 7763 7770
f 7763 7764 7772
f 7763 7772 7771
f 7764 7765 7773
f 7764 7773 7772
f 7765 7766 7774
f 7765 7774 7773
f 7766 7767 7775
f 7766 7775 7774
f 7767 7768 7776
f 7767 7776 7775
f 7768 7769 7777
f 7768 7777 7776
f 7769 7770 7778
f 7769 7778 7777
f 7770 7763 7771
f 7770 7771 7778
f 7771 7772 7780
f 7771 7780 7779
f 7772 7773 7781
f 7772 7781 7780
f 7773 7774 7782
f 7773 7782 7781
f 7774 7775 7783
f 7774 7783 7782
f 7775 7776 7784
f 7775 7784 7783
f 7776 7777 7785
f 7776 7785 7784
f 7777 7778 7786
f 7777 7786 7785
f 7778 7771 7779
f 7778 7779 7786
f 7779 7780 7788
f 7779 7788 7787
f 7780 7781 7789
f 7780 7789 7788
f 7781 7782 7790
f 7781 7790 7789
f 7782 7783 7791
f 7782 7791 7790
f 7783 7784 7792
f 7783 7792 7791
f 7784 7785 7793
f 7784 7793 7792
f 7785 7786 7794
f 7785 7794 7793
f 7786 7779 7787
f 7786 7787 7794
f 7787 7788 7796
f 7787 7796 7795
f 7788 7789 7797
f 7788 7797 7796
f 7789 7790 7798
f 7789 7798 7797
f 7790 7791 7799
f 7790 7799 7798
f 7791 7792 7800
f 7791 7800 7799
f 7792 7793 7801
f 7792 7801 7800
f 7793 7794 7802
f 7793 7802 7801
f 7794 7787 7795
f 7794 7795 7802
f 7795 7796 7804
f 7795 7804 7803
f 7796 7797 7805
f 7796 7805 7804
f 7797 7798 7806
f 7797 7806 7805
f 7798 7799 7807
f 7798 7807 7806
f 7799 7800 7808
f 7799 7808 7807
f 7800 7801 7809
f 7800 7809 7808
f 7801 7802 7810
f 7801 7810 7809
f 7802 7795 7803
f 7802 7803 7810
f 7803 7804 7812
f 7803 7812 7811
f 7804 7805 7813
f 7804 7813 7812
f 7805 7806 7814
f 7805 7814 7813
f 7806 7807 7815
f 7806 7815 7814
f 7807 7808 7816
f 7807 7816 7815
f 7808 7809 7817
f 7808 7817 7816
f 7809 7810 7818
f 7809 7818 7817
f 7810 7803 7811
f 7810 7811 7818
f 7811 7812 7820
f 7811 7820 7819
f 7812 7813 7821
f 7812 7821 7820
f 7813 7814 7822
f 7813 7822 7821
f 7814 7815 7823
f 7814 7823 7822
f 7815 7816 7824
f 7815 7824 7823
f 7816 7817 7825
f 7816 7825 7824
f 7817 7818 7826
f 7817 7826 7825
f 7818 7811 7819
f 7818 7819 7826
f 7819 7820 7828
f 7819 7828 7827
f 7820 7821 7829
f 7820 7829 7828
f 7821 7822 7830
f 7821 7830 7829
f 7822 7823 7831
f 7822 7831 7830
f 7823 7824 7832
f 7823 7832 7831
f 7824 7825 7833
f 7824 7833 7832
f 7825 7826 7834
f 7825 7834 7833
f 7826 7819 7827
f 7826 7827 7834
f 7827 7828 7836
f 7827 7836 7835
f 7828 7829 7837
f 7828 7837 7836
f 7829 7830 7838
f 7829 7838 7837
f 7830 7831 7839
f 7830 7839 7838
f 7831 7832 7840
f 7831 7840 7839
f 7832 7833 7841
f 7832 7841 7840
f 7833 7834 7842
f 7833 7842 7841
f 7834 7827 7835
f 7834 7835 7842
f 7835 7836 7844
f 7835 7844 7843
f 7836 7837 7845
f 7836 7845 7844
f 7837 7838 7846
f 7837 7846 7845
f 7838 7839 7847
f 7838 7847 7846
f 7839 7840 7848
f 7839 7848 7847
f 7840 7841 7849
f 7840 7849 7848
f 7841 7842 7850
f 7841 7850 7849
f 7842 7835 7843
f 7842 7843 7850
f 7843 7844 7852
f 7843 7852 7851
f 7844 7845 7853
f 7844 7853 7852
f 7845 7846 7854
f 7845 7854 7853
f 7846 7847 7855
f 7846 7855 7854
f 7847 7848 7856
f 7847 7856 7855
f 7848 7849 7857
f 7848 7857 7856
f 7849 7850 7858
f 7849 7858 7857
f 7850 7843 7851
f 7850 7851 7858
f 7851 7852 7860
f 7851 7860 7859
f 7852 7853 7861
f 7852 7861 7860
f 7853 7854 7862
f 7853 7862 7861
f 7854 7855 7863
f 7854 7863 7862
f 7855 7856 7864
f 7855 7864 7863
f 7856 7857 7865
f 7856 7865 7864
f 7857 7858 7866
f 7857 7866 7865
f 7858 7851 7859
f 7858 7859 7866
f 7859 7860 7868
f 7859 7868 7867
f 7860 7861 7869
f 7860 7869 7868
f 7861 7862 7870
f 7861 7870 7869
f 7862 7863 7871
f 7862 7871 7870
f 7863 7864 7872
f 7863 7872 7871
f 7864 7865 7873
f 7864 7873 7872
f 7865 7866 7874
f 7865 7874 7873
f 7866 7859 7867
f 7866 7867 7874
f 7867 7868 7876
f 7867 7876 7875
f 7868 7869 7877
f 7868 7877 7876
f 7869 7870 7878
f 7869 7878 7877
f 7870 7871 7879
f 7870 7879 7878
f 7871 7872 7880
f 7871 7880 7879
f 7872 7873 7881
f 7872 7881 7880
f 7873 7874 7882
f 7873 7882 7881
f 7874 7867 7875
f 7874 7875 7882
f 7875 7876 7884
f 7875 7884 7883
f 7876 7877 7885
f 7876 7885 7884
f 7877 7878 7886
f 7877 7886 7885
f 7878 7879 7887
f 7878 7887 7886
f 7879 7880 7888
f 7879 7888 7887
f 7880 7881 7889
f 7880 7889 7888
f 7881 7882 7890
f 7881 7890 7889
f 7882 7875 7883
f 7882 7883 7890
f 7883 7884 7892
f 7883 7892 7891
f 7884 7885 7893
f 7884 7893 7892
f 7885 7886 7894
f 7885 7894 7893
f 7886 7887 7895
f 7886 7895 7894
f 7887 7888 7896
f 7887 7896 7895
f 7888 7889 7897
f 7888 7897 7896
f 7889 7890 7898
f 7889 7898 7897
f 7890 7883 7891
f 7890 7891 7898
f 7891 7892 7900
f 7891 7900 7899
f 7892 7893 7901
f 7892 7901 7900
f 7893 7894 7902
f 7893 7902 7901
f 7894 7895 7903
f 7894 7903 7902
f 7895 7896 7904
f 7895 7904 7903
f 7896 7897 7905
f 7896 7905 7904
f 7897 7898 7906
f 7897 7906 7905
f 7898 7891 7899
f 7898 7899 7906
f 7899 7900 7908
f 7899 7908 7907
f 7900 7901 7909
f 7900 7909 7908
f 7901 7902 7910
f 7901 7910 7909
f 7902 7903 7911
f 7902 7911 7910
f 7903 7904 7912
f 7903 7912 7911
f 7904 7905 7913
f 7904 7913 7912
f 7905 7906 7914
f 7905 7914 7913
f 7906 7899 7907
f 7906 7907 7914
f 7907 7908 7916
f 7907 7916 7915
f 7908 7909 7917
f 7908 7917 7916
f 7909 7910 7918
f 7909 7918 7917
f 7910 7911 7919
f 7910 7919 7918
f 7911 7912 7920
f 7911 7920 7919
f 7912 7913 7921
f 7912 7921 7920
f 7913 7914 7922
f 7913 7922 7921
f 7914 7907 7915
f 7914 7915 7922
f 7915 7916 7924
f 7915 7924 7923
f 7916 7917 7925
f 7916 7925 7924
f 7917 7918 7926
f 7917 7926 7925
f 7918 7919 7927
f 7918 7927 7926
f 7919 7920 7928
f 7919 7928 7927
f 7920 7921 7929
f 7920 7929 7928
f 7921 7922 7930
f 7921 7930 7929
f 7922 7915 7923
f 7922 7923 7930
f 7923 7924 7932
f 7923 7932 7931
f 7924 7925 7933
f 7924 7933 7932
f 7925 7926 7934
f 7925 7934 7933
f 7926 7927 7935
f 7926 7935 7934
f 7927 7928 7936
f 7927 7936 7935
f 7928 7929 7937
f 7928 7937 7936
f 7929 7930 7938
f 7929 7938 7937
f 7930 7923 7931
f 7930 7931 7938
f 7931 7932 7940
f 7931 7940 7939
f 7932 7933 7941
f 7932 7941 7940
f 7933 7934 7942
f 7933 7942 7941
f 7934 7935 7943
f 7934 7943 7942
f 7935 7936 7944
f 7935 7944 7943
f 7936 7937 7945
f 7936 7945 7944
f 7937 7938 7946
f 7937 7946 7945
f 7938 7931 7939
f 7938 7939 7946
f 7939 7940 7948
f 7939 7948 7947
f 7940 7941 7949
f 7940 7949 7948
f 7941 7942 7950
f 7941 7950 7949
f 7942 7943 7951
f 7942 7951 7950
f 7943 7944 7952
f 7943 7952 7951
f 7944 7945 7953
f 7944 7953 7952
f 7945 7946 7954
f 7945 7954 7953
f 7946 7939 7947
f 7946 7947 7954
f 7947 7948 7956
f 7947 7956 7955
f 7948 7949 7957
f 7948 7957 7956
f 7949 7950 7958
f 7949 7958 7957
f 7950 7951 7959
f 7950 7959 7958
f 7951 7952 7960
f 7951 7960 7959
f 7952 7953 7961
f 7952 7961 7960
f 7953 7954 7962
f 7953 7962 7961
f 7954 7947 7955
f 7954 7955 7962
f 7955 7956 7964
f 7955 7964 7963
f 7956 7957 7965
f 7956 7965 7964
f 7957 7958 7966
f 7957 7966 7965
f 7958 7959 7967
f 7958 7967 7966
f 7959 7960 7968
f 7959 7968 7967
f 7960 7961 7969
f 7960 7969 7968
f 7961 7962 7970
f 7961 7970 7969
f 7962 7955 7963
f 7962 7963 7970
f 7963 7964 7972
f 7963 7972 7971
f 7964 7965 7973
f 7964 7973 7972
f 7965 7966 7974
f 7965 7974 7973
f 7966 7967 7975
f 7966 7975 7974
f 7967 7968 7976
f 7967 7976 7975
f 7968 7969 7977
f 7968 7977 7976
f 7969 7970 7978
f 7969 7978 7977
f 7970 7963 7971
f 7970 7971 7978
f 7971 7972 7980
f 7971 7980 7979
f 7972 7973 7981
f 7972 7981 7980
f 7973 7974 7982
f 7973 7982 7981
f 7974 7975 7983
f 7974 7983 7982
f 7975 7976 7984
f 7975 7984 7983
f 7976 7977 7985
f 7976 7985 7984
f 7977 7978 7986
f 7977 7986 7985
f 7978 7971 7979
f 7978 7979 7986
f 7979 7980 7988
f 7979 7988 7987
f 7980 7981 7989
f 7980 7989 7988
f 7981 7982 7990
f 7981 7990 7989
f 7982 7983 7991
f 7982 7991 7990
f 7983 7984 7992
f 7983 7992 7991
f 7984 7985 7993
f 7984 7993 7992
f 7985 7986 7994
f 7985 7994 7993
f 7986 7979 7987
f 7986 7987 7994
f 7987 7988 7996
f 7987 7996 7995
f 7988 7989 7997
f 7988 7997 7996
f 7989 7990 7998
f 7989 7998 7997
f 7990 7991 7999
f 7990 7999 7998
f 7991 7992 8000
f 7991 8000 7999
f 7992 7993 8001
f 7992 8001 8000
f 7993 7994 8002
f 7993 8002 8001
f 7994 7987 7995
f 7994 7995 8002
f 7995 7996 8004
f 7995 8004 8003
f 7996 7997 8005
f 7996 8005 8004
f 7997 7998 8006
f 7997 8006 8005
f 7998 7999 8007
f 7998 8007 8006
f 7999 8000 8008
f 7999 8008 8007
f 8000 8001 8009
f 8000 8009 8008
f 8001 8002 8010
f 8001 8010 8009
f 8002 7995 8003
f 8002 8003 8010
f 8003 8004 8012
f 8003 8012 8011
f 8004 8005 8013
f 8004 8013 8012
f 8005 8006 8014
f 8005 8014 8013
f 8006 8007 8015
f 8006 8015 8014
f 8007 8008 8016
f 8007 8016 8015
f 8008 8009 8017
f 8008 8017 8016
f 8009 8010 8018
f 8009 8018 8017
f 8010 8003 8011
f 8010 8011 8018
f 8011 8012 8020
f 8011 8020 8019
f 8012 8013 8021
f 8012 8021 8020
f 8013 8014 8022
f 8013 8022 8021
f 8014 8015 8023
f 8014 8023 8022
f 8015 8016 8024
f 8015 8024 8023
f 8016 8017 8025
f 8016 8025 8024
f 8017 8018 8026
f 8017 8026 8025
f 8018 8011 8019
f 8018 8019 8026
f 8019 8020 8028
f 8019 8028 8027
f 8020 8021 8029
f 8020 8029 8028
f 8021 8022 8030
f 8021 8030 8029
f 8022 8023 8031
f 8022 8031 8030
f 8023 8024 8032
f 8023 8032 8031
f 8024 8025 8033
f 8024 8033 8032
f 8025 8026 8034
f 8025 8034 8033
f 8026 8019 8027
f 8026 8027 8034
f 8027 8028 8036
f 8027 8036 8035
f 8028 8029 8037
f 8028 8037 8036
f 8029 8030 8038
f 8029 8038 8037
f 8030 8031 8039
f 8030 8039 8038
f 8031 8032 8040
f 8031 8040 8039
f 8032 8033 8041
f 8032 8041 8040
f 8033 8034 8042
f 8033 8042 8041
f 8034 8027 8035
f 8034 8035 8042
f 8035 8036 8044
f 8035 8044 8043
f 8036 8037 8045
f 8036 8045 8044
f 8037 8038 8046
f 8037 8046 8045
f 8038 8039 8047
f 8038 8047 8046
f 8039 8040 8048
f 8039 8048 8047
f 8040 8041 8049
f 8040 8049 8048
f 8041 8042 8050
f 8041 8050 8049
f 8042 8035 8043
f 8042 8043 8050
f 8043 8044 8052
f 8043 8052 8051
f 8044 8045 8053
f 8044 8053 8052
f 8045 8046 8054
f 8045 8054 8053
f 8046 8047 8055
f 8046 8055 8054
f 8047 8048 8056
f 8047 8056 8055
f 8048 8049 8057
f 8048 8057 8056
f 8049 8050 8058
f 8049 8058 8057
f 8050 8043 8051
f 8050 8051 8058
f 8051 8052 8060
f 8051 8060 8059
f 8052 8053 8061
f 8052 8061 8060
f 8053 8054 8062
f 8053 8062 8061
f 8054 8055 8063
f 8054 8063 8062
f 8055 8056 8064
f 8055 8064 8063
f 8056 8057 8065
f 8056 8065 8064
f 8057 8058 8066
f 8057 8066 8065
f 8058 8051 8059
f 8058 8059 8066
f 8059 8060 8068
f 8059 8068 8067
f 8060 8061 8069
f 8060 8069 8068
f 8061 8062 8070
f 8061 8070 8069
f 8062 8063 8071
f 8062 8071 8070
f 8063 8064 8072
f 8063 8072 8071
f 8064 8065 8073
f 8064 8073 8072
f 8065 8066 8074
f 8065 8074 8073
f 8066 8059 8067
f 8066 8067 8074
f 8067 8068 8076
f 8067 8076 8075
f 8068 8069 8077
f 8068 8077 8076
f 8069 8070 8078
f 8069 8078 8077
f 8070 8071 8079
f 8070 8079 8078
f 8071 8072 8080
f 8071 8080 8079
f 8072 8073 8081
f 8072 8081 8080
f 8073 8074 8082
f 8073 8082 8081
f 8074 8067 8075
f 8074 8075 8082
f 8075 8076 8084
f 8075 8084 8083
f 8076 8077 8085
f 8076 8085 8084
f 8077 8078 8086
f 8077 8086 8085
f 8078 8079 8087
f 8078 8087 8086
f 8079 8080 8088
f 8079 8088 8087
f 8080 8081 8089
f 8080 8089 8088
f 8081 8082 8090
f 8081 8090 8089
f 8082 8075 8083
f 8082 8083 8090
f 8083 8084 8092
f 8083 8092 8091
f 8084 8085 8093
f 8084 8093 8092
f 8085 8086 8094
f 8085 8094 8093
f 8086 8087 8095
f 8086 8095 8094
f 8087 8088 8096
f 8087 8096 8095
f 8088 8089 8097
f 8088 8097 8096
f 8089 8090 8098
f 8089 8098 8097
f 8090 8083 8091
f 8090 8091 8098
f 8091 8092 8100
f 8091 8100 8099
f 8092 8093 8101
f 8092 8101 8100
f 8093 8094 8102
f 8093 8102 8101
f 8094 8095 8103
f 8094 8103 8102
f 8095 8096 8104
f 8095 8104 8103
f 8096 8097 8105
f 8096 8105 8104
f 8097 8098 8106
f 8097 8106 8105
f 8098 8091 8099
f 8098 8099 8106
f 8099 8100 8108
f 8099 8108 8107
f 8100 8101 8109
f 8100 8109 8108
f 8101 8102 8110
f 8101 8110 8109
f 8102 8103 8111
f 8102 8111 8110
f 8103 8104 8112
f 8103 8112 8111
f 8104 8105 8113
f 8104 8113 8112
f 8105 8106 8114
f 8105 8114 8113
f 8106 8099 8107
f 8106 8107 8114
f 8107 8108 8116
f 8107 8116 8115
f 8108 8109 8117
f 8108 8117 8116
f 8109 8110 8118
f 8109 8118 8117
f 8110 8111 8119
f 8110 8119 8118
f 8111 8112 8120
f 8111 8120 8119
f 8112 8113 8121
f 8112 8121 8120
f 8113 8114 8122
f 8113 8122 8121
f 8114 8107 8115
f 8114 8115 8122
f 8115 8116 8124
f 8115 8124 8123
f 8116 8117 8125
f 8116 8125 8124
f 8117 8118 8126
f 8117 8126 8125
f 8118 8119 8127
f 8118 8127 8126
f 8119 8120 8128
f 8119 8128 8127
f 8120 8121 8129
f 8120 8129 8128
f 8121 8122 8130
f 8121 8130 8129
f 8122 8115 8123
f 8122 8123 8130
f 8123 8124 8132
f 8123 8132 8131
f 8124 8125 8133
f 8124 8133 8132
f 8125 8126 8134
f 8125 8134 8133
f 8126 8127 8135
f 8126 8135 8134
f 8127 8128 8136
f 8127 8136 8135
f 8128 8129 8137
f 8128 8137 8136
f 8129 8130 8138
f 8129 8138 8137
f 8130 8123 8131
f 8130 8131 8138
f 8131 8132 8140
f 8131 8140 8139
f 8132 8133 8141
f 8132 8141 8140
f 8133 8134 8142
f 8133 8142 8141
f 8134 8135 8143
f 8134 8143 8142
f 8135 8136 8144
f 8135 8144 8143
f 8136 8137 8145
f 8136 8145 8144
f 8137 8138 8146
f 8137 8146 8145
f 8138 8131 8139
f 8138 8139 8146
f 8139 8140 8148
f 8139 8148 8147
f 8140 8141 8149
f 8140 8149 8148
f 8141 8142 8150
f 8141 8150 8149
f 8142 8143 8151
f 8142 8151 8150
f 8143 8144 8152
f 8143 8152 8151
f 8144 8145 8153
f 8144 8153 8152
f 8145 8146 8154
f 8145 8154 8153
f 8146 8139 8147
f 8146 8147 8154
f 8147 8148 8156
f 8147 8156 8155
f 8148 8149 8157
f 8148 8157 8156
f 8149 8150 8158
f 8149 8158 8157
f 8150 8151 8159
f 8150 8159 8158
f 8151 8152 8160
f 8151 8160 8159
f 8152 8153 8161
f 8152 8161 8160
f 8153 8154 8162
f 8153 8162 8161
f 8154 8147 8155
f 8154 8155 8162
f 8155 8156 8164
f 8155 8164 8163
f 8156 8157 8165
f 8156 8165 8164
f 8157 8158 8166
f 8157 8166 8165
f 8158 8159 8167
f 8158 8167 8166
f 8159 8160 8168
f 8159 8168 8167
f 8160 8161 8169
f 8160 8169 8168
f 8161 8162 8170
f 8161 8170 8169
f 8162 8155 8163
f 8162 8163 8170
f 8163 8164 8172
f 8163 8172 8171
f 8164 8165 8173
f 8164 8173 8172
f 8165 8166 8174
f 8165 8174 8173
f 8166 8167 8175
f 8166 8175 8174
f 8167 8168 8176
f 8167 8176 8175
f 8168 8169 8177
f 8168 8177 8176
f 8169 8170 8178
f 8169 8178 8177
f 8170 8163 8171
f 8170 8171 8178
f 8171 8172 8180
f 8171 8180 8179
f 8172 8173 8181
f 8172 8181 8180
f 8173 8174 8182
f 8173 8182 8181
f 8174 8175 8183
f 8174 8183 8182
f 8175 8176 8184
f 8175 8184 8183
f 8176 8177 8185
f 8176 8185 8184
f 8177 8178 8186
f 8177 8186 8185
f 8178 8171 8179
f 8178 8179 8186
f 8179 8180 8188
f 8179 8188 8187
f 8180 8181 8189
f 8180 8189 8188
f 8181 8182 8190
f 8181 8190 8189
f 8182 8183 8191
f 8182 8191 8190
f 8183 8184 8192
f 8183 8192 8191
f 8184 8185 8193
f 8184 8193 8192
f 8185 8186 8194
f 8185 8194 8193
f 8186 8179 8187
f 8186 8187 8194
f 8187 8188 8196
f 8187 8196 8195
f 8188 8189 8197
f 8188 8197 8196
f 8189 8190 8198
f 8189 8198 8197
f 8190 8191 8199
f 8190 8199 8198
f 8191 8192 8200
f 8191 8200 8199
f 8192 8193 8201
f 8192 8201 8200
f 8193 8194 8202
f 8193 8202 8201
f 8194 8187 8195
f 8194 8195 8202
f 8195 8196 8204
f 8195 8204 8203
f 8196 8197 8205
f 8196 8205 8204
f 8197 8198 8206
f 8197 8206 8205
f 8198 8199 8207
f 8198 8207 8206
f 8199 8200 8208
f 8199 8208 8207
f 8200 8201 8209
f 8200 8209 8208
f 8201 8202 8210
f 8201 8210 8209
f 8202 8195 8203
f 8202 8203 8210
f 8203 8204 8212
f 8203 8212 8211
f 8204 8205 8213
f 8204 8213 8212
f 8205 8206 8214
f 8205 8214 8213
f 8206 8207 8215
f 8206 8215 8214
f 8207 8208 8216
f 8207 8216 8215
f 8208 8209 8217
f 8208 8217 8216
f 8209 8210 8218
f 8209 8218 8217
f 8210 8203 8211
f 8210 8211 8218
f 8211 8212 8220
f 8211 8220 8219
f 8212 8213 8221
f 8212 8221 8220
f 8213 8214 8222
f 8213 8222 8221
f 8214 8215 8223
f 8214 8223 8222
f 8215 8216 8224
f 8215 8224 8223
f 8216 8217 8225
f 8216 8225 8224
f 8217 8218 8226
f 8217 8226 8225
f 8218 8211 8219
f 8218 8219 8226
f 8219 8220 8228
f 8219 8228 8227
f 8220 8221 8229
f 8220 8229 8228
f 8221 8222 8230
f 8221 8230 8229
f 8222 8223 8231
f 8222 8231 8230
f 8223 8224 8232
f 8223 8232 8231
f 8224 8225 8233
f 8224 8233 8232
f 8225 8226 8234
f 8225 8234 8233
f 8226 8219 8227
f 8226 8227 8234
f 8227 8228 8236
f 8227 8236 8235
f 8228 8229 8237
f 8228 8237 8236
f 8229 8230 8238
f 8229 8238 8237
f 8230 8231 8239
f 8230 8239 8238
f 8231 8232 8240
f 8231 8240 8239
f 8232 8233 8241
f 8232 8241 8240
f 8233 8234 8242
f 8233 8242 8241
f 8234 8227 8235
f 8234 8235 8242
f 8235 8236 8244
f 8235 8244 8243
f 8236 8237 8245
f 8236 8245 8244
f 8237 8238 8246
f 8237 8246 8245
f 8238 8239 8247
f 8238 8247 8246
f 8239 8240 8248
f 8239 8248 8247
f 8240 8241 8249
f 8240 8249 8248
f 8241 8242 8250
f 8241 8250 8249
f 8242 8235 8243
f 8242 8243 8250
f 8243 8244 8252
f 8243 8252 8251
f 8244 8245 8253
f 8244 8253 8252
f 8245 8246 8254
f 8245 8254 8253
f 8246 8247 8255
f 8246 8255 8254
f 8247 8248 8256
f 8247 8256 8255
f 8248 8249 8257
f 8248 8257 8256
f 8249 8250 8258
f 8249 8258 8257
f 8250 8243 8251
f 8250 8251 8258
f 8251 8252 8260
f 8251 8260 8259
f 8252 8253 8261
f 8252 8261 8260
f 8253 8254 8262
f 8253 8262 8261
f 8254 8255 8263
f 8254 8263 8262
f 8255 8256 8264
f 8255 8264 8263
f 8256 8257 8265
f 8256 8265 8264
f 8257 8258 8266
f 8257 8266 8265
f 8258 8251 8259
f 8258 8259 8266
f 8259 8260 8268
f 8259 8268 8267
f 8260 8261 8269
f 8260 8269 8268
f 8261 8262 8270
f 8261 8270 8269
f 8262 8263 8271
f 8262 8271 8270
f 8263 8264 8272
f 8263 8272 8271
f 8264 8265 8273
f 8264 8273 8272
f 8265 8266 8274
f 8265 8274 8273
f 8266 8259 8267
f 8266 8267 8274
f 8267 8268 8276
f 8267 8276 8275
f 8268 8269 8277
f 8268 8277 8276
f 8269 8270 8278
f 8269 8278 8277
f 8270 8271 8279
f 8270 8279 8278
f 8271 8272 8280
f 8271 8280 8279
f 8272 8273 8281
f 8272 8281 8280
f 8273 8274 8282
f 8273 8282 8281
f 8274 8267 8275
f 8274 8275 8282
f 8275 8276 8284
f 8275 8284 8283
f 8276 8277 8285
f 8276 8285 8284
f 8277 8278 8286
f 8277 8286 8285
f 8278 8279 8287
f 8278 8287 8286
f 8279 8280 8288
f 8279 8288 8287
f 8280 8281 8289
f 8280 8289 8288
f 8281 8282 8290
f 8281 8290 8289
f 8282 8275 8283
f 8282 8283 8290
f 8283 8284 8292
f 8283 8292 8291
f 8284 8285 8293
f 8284 8293 8292
f 8285 8286 8294
f 8285 8294 8293
f 8286 8287 8295
f 8286 8295 8294
f 8287 8288 8296
f 8287 8296 8295
f 8288 8289 8297
f 8288 8297 8296
f 8289 8290 8298
f 8289 8298 8297
f 8290 8283 8291
f 8290 8291 8298
f 8291 8292 8300
f 8291 8300 8299
f 8292 8293 8301
f 8292 8301 8300
f 8293 8294 8302
f 8293 8302 8301
f 8294 8295 8303
f 8294 8303 8302
f 8295 8296 8304
f 8295 8304 8303
f 8296 8297 8305
f 8296 8305 8304
f 8297 8298 8306
f 8297 8306 8305
f 8298 8291 8299
f 8298 8299 8306
f 8299 8300 8308
f 8299 8308 8307
f 8300 8301 8309
f 8300 8309 8308
f 8301 8302 8310
f 8301 8310 8309
f 8302 8303 8311
f 8302 8311 8310
f 8303 8304 8312
f 8303 8312 8311
f 8304 8305 8313
f 8304 8313 8312
f 8305 8306 8314
f 8305 8314 8313
f 8306 8299 8307
f 8306 8307 8314
f 8307 8308 8316
f 8307 8316 8315
f 8308 8309 8317
f 8308 8317 8316
f 8309 8310 8318
f 8309 8318 8317
f 8310 8311 8319
f 8310 8319 8318
f 8311 8312 8320
f 8311 8320 8319
f 8312 8313 8321
f 8312 8321 8320
f 8313 8314 8322
f 8313 8322 8321
f 8314 8307 8315
f 8314 8315 8322
f 8315 8316 8324
f 8315 8324 8323
f 8316 8317 8325
f 8316 8325 8324
f 8317 8318 8326
f 8317 8326 8325
f 8318 8319 8327
f 8318 8327 8326
f 8319 8320 8328
f 8319 8328 8327
f 8320 8321 8329
f 8320 8329 8328
f 8321 8322 8330
f 8321 8330 8329
f 8322 8315 8323
f 8322 8323 8330
f 8323 8324 8332
f 8323 8332 8331
f 8324 8325 8333
f 8324 8333 8332
f 8325 8326 8334
f 8325 8334 8333
f 8326 8327 8335
f 8326 8335 8334
f 8327 8328 8336
f 8327 8336 8335
f 8328 8329 8337
f 8328 8337 8336
f 8329 8330 8338
f 8329 8338 8337
f 8330 8323 8331
f 8330 8331 8338
f 8331 8332 8340
f 8331 8340 8339
f 8332 8333 8341
f 8332 8341 8340
f 8333 8334 8342
f 8333 8342 8341
f 8334 8335 8343
f 8334 8343 8342
f 8335 8336 8344
f 8335 8344 8343
f 8336 8337 8345
f 8336 8345 8344
f 8337 8338 8346
f 8337 8346 8345
f 8338 8331 8339
f 8338 8339 8346
f 8339 8340 8348
f 8339 8348 8347
f 8340 8341 8349
f 8340 8349 8348
f 8341 8342 8350
f 8341 8350 8349
f 8342 8343 8351
f 8342 8351 8350
f 8343 8344 8352
f 8343 8352 8351
f 8344 8345 8353
f 8344 8353 8352
f 8345 8346 8354
f 8345 8354 8353
f 8346 8339 8347
f 8346 8347 8354
f 8347 8348 8356
f 8347 8356 8355
f 8348 8349 8357
f 8348 8357 8356
f 8349 8350 8358
f 8349 8358 8357
f 8350 8351 8359
f 8350 8359 8358
f 8351 8352 8360
f 8351 8360 8359
f 8352 8353 8361
f 8352 8361 8360
f 8353 8354 8362
f 8353 8362 8361
f 8354 8347 8355
f 8354 8355 8362
f 8355 8356 8364
f 8355 8364 8363
f 8356 8357 8365
f 8356 8365 8364
f 8357 8358 8366
f 8357 8366 8365
f 8358 8359 8367
f 8358 8367 8366
f 8359 8360 8368
f 8359 8368 8367
f 8360 8361 8369
f 8360 8369 8368
f 8361 8362 8370
f 8361 8370 8369
f 8362 8355 8363
f 8362 8363 8370
f 8363 8364 8372
f 8363 8372 8371
f 8364 8365 8373
f 8364 8373 8372
f 8365 8366 8374
f 8365 8374 8373
f 8366 8367 8375
f 8366 8375 8374
f 8367 8368 8376
f 8367 8376 8375
f 8368 8369 8377
f 8368 8377 8376
f 8369 8370 8378
f 8369 8378 8377
f 8370 8363 8371
f 8370 8371 8378
f 8371 8372 8380
f 8371 8380 8379
f 8372 8373 8381
f 8372 8381 8380
f 8373 8374 8382
f 8373 8382 8381
f 8374 8375 8383
f 8374 8383 8382
f 8375 8376 8384
f 8375 8384 8383
f 8376 8377 8385
f 8376 8385 8384
f 8377 8378 8386
f 8377 8386 8385
f 8378 8371 8379
f 8378 8379 8386
f 8379 8380 8388
f 8379 8388 8387
f 8380 8381 8389
f 8380 8389 8388
f 8381 8382 8390
f 8381 8390 8389
f 8382 8383 8391
f 8382 8391 8390
f 8383 8384 8392
f 8383 8392 8391
f 8384 8385 8393
f 8384 8393 8392
f 8385 8386 8394
f 8385 8394 8393
f 8386 8379 8387
f 8386 8387 8394
f 8387 8388 8396
f 8387 8396 8395
f 8388 8389 8397
f 8388 8397 8396
f 8389 8390 8398
f 8389 8398 8397
f 8390 8391 8399
f 8390 8399 8398
f 8391 8392 8400
f 8391 8400 8399
f 8392 8393 8401
f 8392 8401 8400
f 8393 8394 8402
f 8393 8402 8401
f 8394 8387 8395
f 8394 8395 8402
f 8395 8396 8404
f 8395 8404 8403
f 8396 8397 8405
f 8396 8405 8404
f 8397 8398 8406
f 8397 8406 8405
f 8398 8399 8407
f 8398 8407 8406
f 8399 8400 8408
f 8399 8408 8407
f 8400 8401 8409
f 8400 8409 8408
f 8401 8402 8410
f 8401 8410 8409
f 8402 8395 8403
f 8402 8403 8410
f 8403 8404 8412
f 8403 8412 8411
f 8404 8405 8413
f 8404 8413 8412
f 8405 8406 8414
f 8405 8414 8413
f 8406 8407 8415
f 8406 8415 8414
f 8407 8408 8416
f 8407 8416 8415
f 8408 8409 8417
f 8408 8417 8416
f 8409 8410 8418
f 8409 8418 8417
f 8410 8403 8411
f 8410 8411 8418
f 8419 8420 8427
f 8419 8427 8426
f 8420 8421 8428
f 8420 8428 8427
f 8421 8422 8429
f 8421 8429 8428
f 8422 8423 8430
f 8422 8430 8429
f 8423 8424 8431
f 8423 8431 8430
f 8424 8425 8432
f 8424 8432 8431
f 8425 8419 8426
f 8425 8426 8432
f 8433 8434 8435
f 8433 8435 8436
f 8433 8436 8437
f 8433 8437 8438
f 8433 8438 8439
f 8433 8439 8440
f 8433 8440 8441
f 8433 8441 8434
f 8434 8442 8443
f 8434 8443 8435
f 8435 8443 8444
f 8435 8444 8436
f 8436 8444 8445
f 8436 8445 8437
f 8437 8445 8446
f 8437 8446 8438
f 8438 8446 8447
f 8438 8447 8439
f 8439 8447 8448
f 8439 8448 8440
f 8440 8448 8449
f 8440 8449 8441
f 8441 8449 8442
f 8441 8442 8434
f 8442 8444 8443
f 8442 8445 8444
f 8442 8446 8445
f 8442 8447 8446
f 8442 8448 8447
f 8442 8449 8448
f 8450 8451 8452
f 8450 8452 8453
f 8450 8453 8454
f 8450 8454 8455
f 8450 8455 8456
f 8450 8456 8457
f 8450 8457 8458
f 8450 8458 8451
f 8451 8459 8460
f 8451 8460 8452
f 8452 8460 8461
f 8452 8461 8453
f 8453 8461 8462
f 8453 8462 8454
f 8454 8462 8463
f 8454 8463 8455
f 8455 8463 8464
f 8455 8464 8456
f 8456 8464 8465
f 8456 8465 8457
f 8457 8465 8466
f 8457 8466 8458
f 8458 8466 8459
f 8458 8459 8451
f 8459 8461 8460
f 8459 8462 8461
f 8459 8463 8462
f 8459 8464 8463
f 8459 8465 8464
f 8459 8466 8465
f 8467 8468 8476
f 8467 8476 8475
f 8468 8469 8477
f 8468 8477 8476
f 8469 8470 8478
f 8469 8478 8477
f 8470 8471 8479
f 8470 8479 8478
f 8471 8472 8480
f 8471 8480 8479
f 8472 8473 8481
f 8472 8481 8480
f 8473 8474 8482
f 8473 8482 8481
f 8474 8467 8475
f 8474 8475 8482
f 8475 8476 8483
f 8476 8477 8483
f 8477 8478 8483
f 8478 8479 8483
f 8479 8480 8483
f 8480 8481 8483
f 8481 8482 8483
f 8482 8475 8483
f 8484 8485 8493
f 8484 8493 8492
f 8485 8486 8494
f 8485 8494 8493
f 8486 8487 8495
f 8486 8495 8494
f 8487 8488 8496
f 8487 8496 8495
f 8488 8489 8497
f 8488 8497 8496
f 8489 8490 8498
f 8489 8498 8497
f 8490 8491 8499
f 8490 8499 8498
f 8491 8484 8492
f 8491 8492 8499
f 8492 8493 8500
f 8493 8494 8500
f 8494 8495 8500
f 8495 8496 8500
f 8496 8497 8500
f 8497 8498 8500
f 8498 8499 8500
f 8499 8492 8500
f 8501 8502 8503
f 8501 8503 8504
f 8501 8505 8506
f 8501 8506 8502
f 8503 8507 8508
f 8503 8508 8504
f 8505 8508 8507
f 8505 8507 8506
f 8509 8510 8518
f 8509 8518 8517
f 8510 8511 8519
f 8510 8519 8518
f 8511 8512 8520
f 8511 8520 8519
f 8512 8513 8521
f 8512 8521 8520
f 8513 8514 8522
f 8513 8522 8521
f 8514 8515 8523
f 8514 8523 8522
f 8515 8516 8524
f 8515 8524 8523
f 8516 8509 8517
f 8516 8517 8524
f 8517 8518 8525
f 8518 8519 8525
f 8519 8520 8525
f 8520 8521 8525
f 8521 8522 8525
f 8522 8523 8525
f 8523 8524 8525
f 8524 8517 8525
f 8535 8527 8526
f 8534 8535 8526
f 8536 8528 8527
f 8535 8536 8527
f 8537 8529 8528
f 8536 8537 8528
f 8538 8530 8529
f 8537 8538 8529
f 8539 8531 8530
f 8538 8539 8530
f 8540 8532 8531
f 8539 8540 8531
f 8541 8533 8532
f 8540 8541 8532
f 8534 8526 8533
f 8541 8534 8533
f 8542 8535 8534
f 8542 8536 8535
f 8542 8537 8536
f 8542 8538 8537
f 8542 8539 8538
f 8542 8540 8539
f 8542 8541 8540
f 8542 8534 8541
f 8552 8544 8543
f 8551 8552 8543
f 8553 8545 8544
f 8552 8553 8544
f 8554 8546 8545
f 8553 8554 8545
f 8555 8547 8546
f 8554 8555 8546
f 8556 8548 8547
f 8555 8556 8547
f 8557 8549 8548
f 8556 8557 8548
f 8558 8550 8549
f 8557 8558 8549
f 8551 8543 8550
f 8558 8551 8550
f 8559 8552 8551
f 8559 8553 8552
f 8559 8554 8553
f 8559 8555 8554
f 8559 8556 8555
f 8559 8557 8556
f 8559 8558 8557
f 8559 8551 8558
f 8569 8561 8560
f 8568 8569 8560
f 8570 8562 8561
f 8569 8570 8561
f 8571 8563 8562
f 8570 8571 8562
f 8572 8564 8563
f 8571 8572 8563
f 8573 8565 8564
f 8572 8573 8564
f 8574 8566 8565
f 8573 8574 8565
f 8575 8567 8566
f 8574 8575 8566
f 8568 8560 8567
f 8575 8568 8567
f 8577 8560 8561
f 8577 8561 8562
f 8577 8562 8563
f 8577 8563 8564
f 8577 8564 8565
f 8577 8565 8566
f 8577 8566 8567
f 8577 8567 8560
f 8576 8569 8568
f 8576 8570 8569
f 8576 8571 8570
f 8576 8572 8571
f 8576 8573 8572
f 8576 8574 8573
f 8576 8575 8574
f 8576 8568 8575
f 8587 8579 8578
f 8586 8587 8578
f 8588 8580 8579
f 8587 8588 8579
f 8589 8581 8580
f 8588 8589 8580
f 8590 8582 8581
f 8589 8590 8581
f 8591 8583 8582
f 8590 8591 8582
f 8592 8584 8583
f 8591 8592 8583
f 8593 8585 8584
f 8592 8593 8584
f 8586 8578 8585
f 8593 8586 8585
f 8595 8578 8579
f 8595 8579 8580
f 8595 8580 8581
f 8595 8581 8582
f 8595 8582 8583
f 8595 8583 8584
f 8595 8584 8585
f 8595 8585 8578
f 8594 8587 8586
f 8594 8588 8587
f 8594 8589 8588
f 8594 8590 8589
f 8594 8591 8590
f 8594 8592 8591
f 8594 8593 8592
f 8594 8586 8593
f 8598 8597 8596
f 8599 8598 8596
f 8601 8600 8596
f 8597 8601 8596
f 8602 8601 8597
f 8598 8602 8597
f 8603 8602 8598
f 8599 8603 8598
f 8600 8603 8599
f 8596 8600 8599
f 8602 8603 8600
f 8601 8602 8600
f 8606 8605 8604
f 8607 8606 8604
f 8609 8608 8604
f 8605 8609 8604
f 8610 8609 8605
f 8606 8610 8605
f 8611 8610 8606
f 8607 8611 8606
f 8608 8611 8607
f 8604 8608 8607
f 8610 8611 8608
f 8609 8610 8608
f 8612 8613 8621
f 8612 8621 8620
f 8613 8614 8622
f 8613 8622 8621
f 8614 8615 8623
f 8614 8623 8622
f 8615 8616 8624
f 8615 8624 8623
f 8616 8617 8625
f 8616 8625 8624
f 8617 8618 8626
f 8617 8626 8625
f 8618 8619 8627
f 8618 8627 8626
f 8619 8612 8620
f 8619 8620 8627
f 8620 8621 8629
f 8620 8629 8628
f 8621 8622 8630
f 8621 8630 8629
f 8622 8623 8631
f 8622 8631 8630
f 8623 8624 8632
f 8623 8632 8631
f 8624 8625 8633
f 8624 8633 8632
f 8625 8626 8634
f 8625 8634 8633
f 8626 8627 8635
f 8626 8635 8634
f 8627 8620 8628
f 8627 8628 8635
f 8628 8629 8637
f 8628 8637 8636
f 8629 8630 8638
f 8629 8638 8637
f 8630 8631 8639
f 8630 8639 8638
f 8631 8632 8640
f 8631 8640 8639
f 8632 8633 8641
f 8632 8641 8640
f 8633 8634 8642
f 8633 8642 8641
f 8634 8635 8643
f 8634 8643 8642
f 8635 8628 8636
f 8635 8636 8643
f 8636 8637 8645
f 8636 8645 8644
f 8637 8638 8646
f 8637 8646 8645
f 8638 8639 8647
f 8638 8647 8646
f 8639 8640 8648
f 8639 8648 8647
f 8640 8641 8649
f 8640 8649 8648
f 8641 8642 8650
f 8641 8650 8649
f 8642 8643 8651
f 8642 8651 8650
f 8643 8636 8644
f 8643 8644 8651
f 8644 8645 8653
f 8644 8653 8652
f 8645 8646 8654
f 8645 8654 8653
f 8646 8647 8655
f 8646 8655 8654
f 8647 8648 8656
f 8647 8656 8655
f 8648 8649 8657
f 8648 8657 8656
f 8649 8650 8658
f 8649 8658 8657
f 8650 8651 8659
f 8650 8659 8658
f 8651 8644 8652
f 8651 8652 8659
f 8652 8653 8661
f 8652 8661 8660
f 8653 8654 8662
f 8653 8662 8661
f 8654 8655 8663
f 8654 8663 8662
f 8655 8656 8664
f 8655 8664 8663
f 8656 8657 8665
f 8656 8665 8664
f 8657 8658 8666
f 8657 8666 8665
f 8658 8659 8667
f 8658 8667 8666
f 8659 8652 8660
f 8659 8660 8667
f 8660 8661 8669
f 8660 8669 8668
f 8661 8662 8670
f 8661 8670 8669
f 8662 8663 8671
f 8662 8671 8670
f 8663 8664 8672
f 8663 8672 8671
f 8664 8665 8673
f 8664 8673 8672
f 8665 8666 8674
f 8665 8674 8673
f 8666 8667 8675
f 8666 8675 8674
f 8667 8660 8668
f 8667 8668 8675
f 8668 8669 8677
f 8668 8677 8676
f 8669 8670 8678
f 8669 8678 8677
f 8670 8671 8679
f 8670 8679 8678
f 8671 8672 8680
f 8671 8680 8679
f 8672 8673 8681
f 8672 8681 8680
f 8673 8674 8682
f 8673 8682 8681
f 8674 8675 8683
f 8674 8683 8682
f 8675 8668 8676
f 8675 8676 8683
f 8676 8677 8685
f 8676 8685 8684
f 8677 8678 8686
f 8677 8686 8685
f 8678 8679 8687
f 8678 8687 8686
f 8679 8680 8688
f 8679 8688 8687
f 8680 8681 8689
f 8680 8689 8688
f 8681 8682 8690
f 8681 8690 8689
f 8682 8683 8691
f 8682 8691 8690
f 8683 8676 8684
f 8683 8684 8691
f 8684 8685 8693
f 8684 8693 8692
f 8685 8686 8694
f 8685 8694 8693
f 8686 8687 8695
f 8686 8695 8694
f 8687 8688 8696
f 8687 8696 8695
f 8688 8689 8697
f 8688 8697 8696
f 8689 8690 8698
f 8689 8698 8697
f 8690 8691 8699
f 8690 8699 8698
f 8691 8684 8692
f 8691 8692 8699
f 8692 8693 8701
f 8692 8701 8700
f 8693 8694 8702
f 8693 8702 8701
f 8694 8695 8703
f 8694 8703 8702
f 8695 8696 8704
f 8695 8704 8703
f 8696 8697 8705
f 8696 8705 8704
f 8697 8698 8706
f 8697 8706 8705
f 8698 8699 8707
f 8698 8707 8706
f 8699 8692 8700
f 8699 8700 8707
f 8700 8701 8709
f 8700 8709 8708
f 8701 8702 8710
f 8701 8710 8709
f 8702 8703 8711
f 8702 8711 8710
f 8703 8704 8712
f 8703 8712 8711
f 8704 8705 8713
f 8704 8713 8712
f 8705 8706 8714
f 8705 8714 8713
f 8706 8707 8715
f 8706 8715 8714
f 8707 8700 8708
f 8707 8708 8715
f 8708 8709 8717
f 8708 8717 8716
f 8709 8710 8718
f 8709 8718 8717
f 8710 8711 8719
f 8710 8719 8718
f 8711 8712 8720
f 8711 8720 8719
f 8712 8713 8721
f 8712 8721 8720
f 8713 8714 8722
f 8713 8722 8721
f 8714 8715 8723
f 8714 8723 8722
f 8715 8708 8716
f 8715 8716 8723
f 8716 8717 8725
f 8716 8725 8724
f 8717 8718 8726
f 8717 8726 8725
f 8718 8719 8727
f 8718 8727 8726
f 8719 8720 8728
f 8719 8728 8727
f 8720 8721 8729
f 8720 8729 8728
f 8721 8722 8730
f 8721 8730 8729
f 8722 8723 8731
f 8722 8731 8730
f 8723 8716 8724
f 8723 8724 8731
f 8724 8725 8733
f 8724 8733 8732
f 8725 8726 8734
f 8725 8734 8733
f 8726 8727 8735
f 8726 8735 8734
f 8727 8728 8736
f 8727 8736 8735
f 8728 8729 8737
f 8728 8737 8736
f 8729 8730 8738
f 8729 8738 8737
f 8730 8731 8739
f 8730 8739 8738
f 8731 8724 8732
f 8731 8732 8739
f 8732 8733 8741
f 8732 8741 8740
f 8733 8734 8742
f 8733 8742 8741
f 8734 8735 8743
f 8734 8743 8742
f 8735 8736 8744
f 8735 8744 8743
f 8736 8737 8745
f 8736 8745 8744
f 8737 8738 8746
f 8737 8746 8745
f 8738 8739 8747
f 8738 8747 8746
f 8739 8732 8740
f 8739 8740 8747
f 8740 8741 8749
f 8740 8749 8748
f 8741 8742 8750
f 8741 8750 8749
f 8742 8743 8751
f 8742 8751 8750
f 8743 8744 8752
f 8743 8752 8751
f 8744 8745 8753
f 8744 8753 8752
f 8745 8746 8754
f 8745 8754 8753
f 8746 8747 8755
f 8746 8755 8754
f 8747 8740 8748
f 8747 8748 8755
f 8748 8749 8757
f 8748 8757 8756
f 8749 8750 8758
f 8749 8758 8757
f 8750 8751 8759
f 8750 8759 8758
f 8751 8752 8760
f 8751 8760 8759
f 8752 8753 8761
f 8752 8761 8760
f 8753 8754 8762
f 8753 8762 8761
f 8754 8755 8763
f 8754 8763 8762
f 8755 8748 8756
f 8755 8756 8763
f 8756 8757 8765
f 8756 8765 8764
f 8757 8758 8766
f 8757 8766 8765
f 8758 8759 8767
f 8758 8767 8766
f 8759 8760 8768
f 8759 8768 8767
f 8760 8761 8769
f 8760 8769 8768
f 8761 8762 8770
f 8761 8770 8769
f 8762 8763 8771
f 8762 8771 8770
f 8763 8756 8764
f 8763 8764 8771
f 8764 8765 8773
f 8764 8773 8772
f 8765 8766 8774
f 8765 8774 8773
f 8766 8767 8775
f 8766 8775 8774
f 8767 8768 8776
f 8767 8776 8775
f 8768 8769 8777
f 8768 8777 8776
f 8769 8770 8778
f 8769 8778 8777
f 8770 8771 8779
f 8770 8779 8778
f 8771 8764 8772
f 8771 8772 8779
f 8772 8773 8781
f 8772 8781 8780
f 8773 8774 8782
f 8773 8782 8781
f 8774 8775 8783
f 8774 8783 8782
f 8775 8776 8784
f 8775 8784 8783
f 8776 8777 8785
f 8776 8785 8784
f 8777 8778 8786
f 8777 8786 8785
f 8778 8779 8787
f 8778 8787 8786
f 8779 8772 8780
f 8779 8780 8787
f 8780 8781 8789
f 8780 8789 8788
f 8781 8782 8790
f 8781 8790 8789
f 8782 8783 8791
f 8782 8791 8790
f 8783 8784 8792
f 8783 8792 8791
f 8784 8785 8793
f 8784 8793 8792
f 8785 8786 8794
f 8785 8794 8793
f 8786 8787 8795
f 8786 8795 8794
f 8787 8780 8788
f 8787 8788 8795
f 8788 8789 8797
f 8788 8797 8796
f 8789 8790 8798
f 8789 8798 8797
f 8790 8791 8799
f 8790 8799 8798
f 8791 8792 8800
f 8791 8800 8799
f 8792 8793 8801
f 8792 8801 8800
f 8793 8794 8802
f 8793 8802 8801
f 8794 8795 8803
f 8794 8803 8802
f 8795 8788 8796
f 8795 8796 8803
f 8796 8797 8805
f 8796 8805 8804
f 8797 8798 8806
f 8797 8806 8805
f 8798 8799 8807
f 8798 8807 8806
f 8799 8800 8808
f 8799 8808 8807
f 8800 8801 8809
f 8800 8809 8808
f 8801 8802 8810
f 8801 8810 8809
f 8802 8803 8811
f 8802 8811 8810
f 8803 8796 8804
f 8803 8804 8811
f 8804 8805 8813
f 8804 8813 8812
f 8805 8806 8814
f 8805 8814 8813
f 8806 8807 8815
f 8806 8815 8814
f 8807 8808 8816
f 8807 8816 8815
f 8808 8809 8817
f 8808 8817 8816
f 8809 8810 8818
f 8809 8818 8817
f 8810 8811 8819
f 8810 8819 8818
f 8811 8804 8812
f 8811 8812 8819
f 8812 8813 8821
f 8812 8821 8820
f 8813 8814 8822
f 8813 8822 8821
f 8814 8815 8823
f 8814 8823 8822
f 8815 8816 8824
f 8815 8824 8823
f 8816 8817 8825
f 8816 8825 8824
f 8817 8818 8826
f 8817 8826 8825
f 8818 8819 8827
f 8818 8827 8826
f 8819 8812 8820
f 8819 8820 8827
f 8828 8829 8830
f 8828 8830 8831
f 8828 8832 8833
f 8828 8833 8829
f 8829 8833 8834
f 8829 8834 8830
f 8830 8834 8835
f 8830 8835 8831
f 8831 8835 8832
f 8831 8832 8828
f 8832 8835 8834
f 8832 8834 8833
f 8836 8837 8843
f 8836 8843 8842
f 8837 8838 8844
f 8837 8844 8843
f 8838 8839 8845
f 8838 8845 8844
f 8839 8840 8846
f 8839 8846 8845
f 8840 8841 8847
f 8840 8847 8846
f 8841 8836 8842
f 8841 8842 8847
f 8837 8836 8849
f 8838 8837 8849
f 8839 8838 8849
f 8840 8839 8849
f 8841 8840 8849
f 8836 8841 8849
f 8842 8843 8848
f 8843 8844 8848
f 8844 8845 8848
f 8845 8846 8848
f 8846 8847 8848
f 8847 8842 8848
f 8850 8860 8859
f 8851 8850 8859
f 8851 8859 8858
f 8852 8851 8858
f 8853 8852 8858
f 8853 8858 8857
f 8854 8853 8857
f 8854 8857 8856
f 8855 8854 8856
f 8850 8851 8862
f 8850 8862 8861
f 8851 8852 8863
f 8851 8863 8862
f 8852 8853 8864
f 8852 8864 8863
f 8853 8854 8865
f 8853 8865 8864
f 8854 8855 8866
f 8854 8866 8865
f 8855 8856 8867
f 8855 8867 8866
f 8856 8857 8868
f 8856 8868 8867
f 8857 8858 8869
f 8857 8869 8868
f 8858 8859 8870
f 8858 8870 8869
f 8859 8860 8871
f 8859 8871 8870
f 8860 8850 8861
f 8860 8861 8871
f 8870 8871 8861
f 8870 8861 8862
f 8869 8870 8862
f 8869 8862 8863
f 8869 8863 8864
f 8868 8869 8864
f 8868 8864 8865
f 8867 8868 8865
f 8867 8865 8866
f 8874 8873 8872
f 8875 8874 8872
f 8876 8875 8872
f 8877 8876 8872
f 8878 8877 8872
f 8879 8878 8872
f 8880 8879 8872
f 8881 8880 8872
f 8882 8881 8872
f 8883 8882 8872
f 8872 8873 8885
f 8872 8885 8884
f 8873 8874 8886
f 8873 8886 8885
f 8874 8875 8887
f 8874 8887 8886
f 8875 8876 8888
f 8875 8888 8887
f 8876 8877 8889
f 8876 8889 8888
f 8877 8878 8890
f 8877 8890 8889
f 8878 8879 8891
f 8878 8891 8890
f 8879 8880 8892
f 8879 8892 8891
f 8880 8881 8893
f 8880 8893 8892
f 8881 8882 8894
f 8881 8894 8893
f 8882 8883 8895
f 8882 8895 8894
f 8883 8872 8884
f 8883 8884 8895
f 8884 8885 8886
f 8884 8886 8887
f 8884 8887 8888
f 8884 8888 8889
f 8884 8889 8890
f 8884 8890 8891
f 8884 8891 8892
f 8884 8892 8893
f 8884 8893 8894
f 8884 8894 8895
f 8896 8897 8898
f 8896 8898 8899
f 8896 8899 8900
f 8896 8900 8901
f 8896 8901 8902
f 8896 8902 8903
f 8896 8903 8904
f 8896 8904 8905
f 8896 8905 8906
f 8896 8906 8907
f 8896 8907 8908
f 8896 8908 8897
f 8897 8909 8910
f 8897 8910 8898
f 8898 8910 8911
f 8898 8911 8899
f 8899 8911 8912
f 8899 8912 8900
f 8900 8912 8913
f 8900 8913 8901
f 8901 8913 8914
f 8901 8914 8902
f 8902 8914 8915
f 8902 8915 8903
f 8903 8915 8916
f 8903 8916 8904
f 8904 8916 8917
f 8904 8917 8905
f 8905 8917 8918
f 8905 8918 8906
f 8906 8918 8919
f 8906 8919 8907
f 8907 8919 8920
f 8907 8920 8908
f 8908 8920 8909
f 8908 8909 8897
f 8909 8921 8922
f 8909 8922 8910
f 8910 8922 8923
f 8910 8923 8911
f 8911 8923 8924
f 8911 8924 8912
f 8912 8924 8925
f 8912 8925 8913
f 8913 8925 8926
f 8913 8926 8914
f 8914 8926 8927
f 8914 8927 8915
f 8915 8927 8928
f 8915 8928 8916
f 8916 8928 8929
f 8916 8929 8917
f 8917 8929 8930
f 8917 8930 8918
f 8918 8930 8931
f 8918 8931 8919
f 8919 8931 8932
f 8919 8932 8920
f 8920 8932 8921
f 8920 8921 8909
f 8945 8947 8946
f 8945 8948 8947
f 8945 8949 8948
f 8945 8950 8949
f 8945 8951 8950
f 8945 8952 8951
f 8945 8953 8952
f 8945 8954 8953
f 8945 8955 8954
f 8945 8956 8955
f 8947 8935 8934
f 8934 8946 8947
f 8946 8934 8933
f 8933 8945 8946
f 8948 8936 8935
f 8935 8947 8948
f 8949 8937 8936
f 8936 8948 8949
f 8950 8938 8937
f 8937 8949 8950
f 8951 8939 8938
f 8938 8950 8951
f 8952 8940 8939
f 8939 8951 8952
f 8953 8941 8940
f 8940 8952 8953
f 8954 8942 8941
f 8941 8953 8954
f 8955 8943 8942
f 8942 8954 8955
f 8945 8933 8944
f 8944 8956 8945
f 8956 8944 8943
f 8943 8955 8956
f 8971 8959 8958
f 8958 8970 8971
f 8970 8958 8957
f 8957 8969 8970
f 8972 8960 8959
f 8959 8971 8972
f 8973 8961 8960
f 8960 8972 8973
f 8974 8962 8961
f 8961 8973 8974
f 8975 8963 8962
f 8962 8974 8975
f 8976 8964 8963
f 8963 8975 8976
f 8977 8965 8964
f 8964 8976 8977
f 8978 8966 8965
f 8965 8977 8978
f 8979 8967 8966
f 8966 8978 8979
f 8969 8957 8968
f 8968 8980 8969
f 8980 8968 8967
f 8967 8979 8980
f 8983 8971 8970
f 8970 8982 8983
f 8982 8970 8969
f 8969 8981 8982
f 8984 8972 8971
f 8971 8983 8984
f 8985 8973 8972
f 8972 8984 8985
f 8986 8974 8973
f 8973 8985 8986
f 8987 8975 8974
f 8974 8986 8987
f 8988 8976 8975
f 8975 8987 8988
f 8989 8977 8976
f 8976 8988 8989
f 8990 8978 8977
f 8977 8989 8990
f 8991 8979 8978
f 8978 8990 8991
f 8981 8969 8980
f 8980 8992 8981
f 8992 8980 8979
f 8979 8991 8992
f 8995 8983 8982
f 8982 8994 8995
f 8994 8982 8981
f 8981 8993 8994
f 8996 8984 8983
f 8983 8995 8996
f 8997 8985 8984
f 8984 8996 8997
f 8998 8986 8985
f 8985 8997 8998
f 8999 8987 8986
f 8986 8998 8999
f 9000 8988 8987
f 8987 8999 9000
f 9001 8989 8988
f 8988 9000 9001
f 9002 8990 8989
f 8989 9001 9002
f 9003 8991 8990
f 8990 9002 9003
f 8993 8981 8992
f 8992 9004 8993
f 9004 8992 8991
f 8991 9003 9004
f 9014 9006 9005
f 9013 9014 9005
f 9015 9007 9006
f 9014 9015 9006
f 9016 9008 9007
f 9015 9016 9007
f 9017 9009 9008
f 9016 9017 9008
f 9018 9010 9009
f 9017 9018 9009
f 9019 9011 9010
f 9018 9019 9010
f 9020 9012 9011
f 9019 9020 9011
f 9013 9005 9012
f 9020 9013 9012
f 9022 9014 9013
f 9021 9022 9013
f 9023 9015 9014
f 9022 9023 9014
f 9024 9016 9015
f 9023 9024 9015
f 9025 9017 9016
f 9024 9025 9016
f 9026 9018 9017
f 9025 9026 9017
f 9027 9019 9018
f 9026 9027 9018
f 9028 9020 9019
f 9027 9028 9019
f 9021 9013 9020
f 9028 9021 9020
f 9030 9022 9021
f 9029 9030 9021
f 9031 9023 9022
f 9030 9031 9022
f 9032 9024 9023
f 9031 9032 9023
f 9033 9025 9024
f 9032 9033 9024
f 9034 9026 9025
f 9033 9034 9025
f 9035 9027 9026
f 9034 9035 9026
f 9036 9028 9027
f 9035 9036 9027
f 9029 9021 9028
f 9036 9029 9028
f 9038 9030 9029
f 9037 9038 9029
f 9039 9031 9030
f 9038 9039 9030
f 9040 9032 9031
f 9039 9040 9031
f 9041 9033 9032
f 9040 9041 9032
f 9042 9034 9033
f 9041 9042 9033
f 9043 9035 9034
f 9042 9043 9034
f 9044 9036 9035
f 9043 9044 9035
f 9037 9029 9036
f 9044 9037 9036
f 9046 9038 9037
f 9045 9046 9037
f 9047 9039 9038
f 9046 9047 9038
f 9048 9040 9039
f 9047 9048 9039
f 9049 9041 9040
f 9048 9049 9040
f 9050 9042 9041
f 9049 9050 9041
f 9051 9043 9042
f 9050 9051 9042
f 9052 9044 9043
f 9051 9052 9043
f 9045 9037 9044
f 9052 9045 9044
f 9054 9046 9045
f 9053 9054 9045
f 9055 9047 9046
f 9054 9055 9046
f 9056 9048 9047
f 9055 9056 9047
f 9057 9049 9048
f 9056 9057 9048
f 9058 9050 9049
f 9057 9058 9049
f 9059 9051 9050
f 9058 9059 9050
f 9060 9052 9051
f 9059 9060 9051
f 9053 9045 9052
f 9060 9053 9052
f 9062 9054 9053
f 9061 9062 9053
f 9063 9055 9054
f 9062 9063 9054
f 9064 9056 9055
f 9063 9064 9055
f 9065 9057 9056
f 9064 9065 9056
f 9066 9058 9057
f 9065 9066 9057
f 9067 9059 9058
f 9066 9067 9058
f 9068 9060 9059
f 9067 9068 9059
f 9061 9053 9060
f 9068 9061 9060
f 9070 9062 9061
f 9069 9070 9061
f 9071 9063 9062
f 9070 9071 9062
f 9072 9064 9063
f 9071 9072 9063
f 9073 9065 9064
f 9072 9073 9064
f 9074 9066 9065
f 9073 9074 9065
f 9075 9067 9066
f 9074 9075 9066
f 9076 9068 9067
f 9075 9076 9067
f 9069 9061 9068
f 9076 9069 9068
f 9078 9070 9069
f 9077 9078 9069
f 9079 9071 9070
f 9078 9079 9070
f 9080 9072 9071
f 9079 9080 9071
f 9081 9073 9072
f 9080 9081 9072
f 9082 9074 9073
f 9081 9082 9073
f 9083 9075 9074
f 9082 9083 9074
f 9084 9076 9075
f 9083 9084 9075
f 9077 9069 9076
f 9084 9077 9076
f 9086 9078 9077
f 9085 9086 9077
f 9087 9079 9078
f 9086 9087 9078
f 9088 9080 9079
f 9087 9088 9079
f 9089 9081 9080
f 9088 9089 9080
f 9090 9082 9081
f 9089 9090 9081
f 9091 9083 9082
f 9090 9091 9082
f 9092 9084 9083
f 9091 9092 9083
f 9085 9077 9084
f 9092 9085 9084
f 9094 9086 9085
f 9093 9094 9085
f 9095 9087 9086
f 9094 9095 9086
f 9096 9088 9087
f 9095 9096 9087
f 9097 9089 9088
f 9096 9097 9088
f 9098 9090 9089
f 9097 9098 9089
f 9099 9091 9090
f 9098 9099 9090
f 9100 9092 9091
f 9099 9100 9091
f 9093 9085 9092
f 9100 9093 9092
f 9102 9094 9093
f 9101 9102 9093
f 9103 9095 9094
f 9102 9103 9094
f 9104 9096 9095
f 9103 9104 9095
f 9105 9097 9096
f 9104 9105 9096
f 9106 9098 9097
f 9105 9106 9097
f 9107 9099 9098
f 9106 9107 9098
f 9108 9100 9099
f 9107 9108 9099
f 9101 9093 9100
f 9108 9101 9100
f 9110 9102 9101
f 9109 9110 9101
f 9111 9103 9102
f 9110 9111 9102
f 9112 9104 9103
f 9111 9112 9103
f 9113 9105 9104
f 9112 9113 9104
f 9114 9106 9105
f 9113 9114 9105
f 9115 9107 9106
f 9114 9115 9106
f 9116 9108 9107
f 9115 9116 9107
f 9109 9101 9108
f 9116 9109 9108
f 9118 9110 9109
f 9117 9118 9109
f 9119 9111 9110
f 9118 9119 9110
f 9120 9112 9111
f 9119 9120 9111
f 9121 9113 9112
f 9120 9121 9112
f 9122 9114 9113
f 9121 9122 9113
f 9123 9115 9114
f 9122 9123 9114
f 9124 9116 9115
f 9123 9124 9115
f 9117 9109 9116
f 9124 9117 9116
f 9126 9118 9117
f 9125 9126 9117
f 9127 9119 9118
f 9126 9127 9118
f 9128 9120 9119
f 9127 9128 9119
f 9129 9121 9120
f 9128 9129 9120
f 9130 9122 9121
f 9129 9130 9121
f 9131 9123 9122
f 9130 9131 9122
f 9132 9124 9123
f 9131 9132 9123
f 9125 9117 9124
f 9132 9125 9124
f 9134 9126 9125
f 9133 9134 9125
f 9135 9127 9126
f 9134 9135 9126
f 9136 9128 9127
f 9135 9136 9127
f 9137 9129 9128
f 9136 9137 9128
f 9138 9130 9129
f 9137 9138 9129
f 9139 9131 9130
f 9138 9139 9130
f 9140 9132 9131
f 9139 9140 9131
f 9133 9125 9132
f 9140 9133 9132
f 9142 9134 9133
f 9141 9142 9133
f 9143 9135 9134
f 9142 9143 9134
f 9144 9136 9135
f 9143 9144 9135
f 9145 9137 9136
f 9144 9145 9136
f 9146 9138 9137
f 9145 9146 9137
f 9147 9139 9138
f 9146 9147 9138
f 9148 9140 9139
f 9147 9148 9139
f 9141 9133 9140
f 9148 9141 9140
f 9150 9142 9141
f 9149 9150 9141
f 9151 9143 9142
f 9150 9151 9142
f 9152 9144 9143
f 9151 9152 9143
f 9153 9145 9144
f 9152 9153 9144
f 9154 9146 9145
f 9153 9154 9145
f 9155 9147 9146
f 9154 9155 9146
f 9156 9148 9147
f 9155 9156 9147
f 9149 9141 9148
f 9156 9149 9148
f 9158 9150 9149
f 9157 9158 9149
f 9159 9151 9150
f 9158 9159 9150
f 9160 9152 9151
f 9159 9160 9151
f 9161 9153 9152
f 9160 9161 9152
f 9162 9154 9153
f 9161 9162 9153
f 9163 9155 9154
f 9162 9163 9154
f 9164 9156 9155
f 9163 9164 9155
f 9157 9149 9156
f 9164 9157 9156
f 9166 9158 9157
f 9165 9166 9157
f 9167 9159 9158
f 9166 9167 9158
f 9168 9160 9159
f 9167 9168 9159
f 9169 9161 9160
f 9168 9169 9160
f 9170 9162 9161
f 9169 9170 9161
f 9171 9163 9162
f 9170 9171 9162
f 9172 9164 9163
f 9171 9172 9163
f 9165 9157 9164
f 9172 9165 9164
f 9174 9166 9165
f 9173 9174 9165
f 9175 9167 9166
f 9174 9175 9166
f 9176 9168 9167
f 9175 9176 9167
f 9177 9169 9168
f 9176 9177 9168
f 9178 9170 9169
f 9177 9178 9169
f 9179 9171 9170
f 9178 9179 9170
f 9180 9172 9171
f 9179 9180 9171
f 9173 9165 9172
f 9180 9173 9172
f 9182 9174 9173
f 9181 9182 9173
f 9183 9175 9174
f 9182 9183 9174
f 9184 9176 9175
f 9183 9184 9175
f 9185 9177 9176
f 9184 9185 9176
f 9186 9178 9177
f 9185 9186 9177
f 9187 9179 9178
f 9186 9187 9178
f 9188 9180 9179
f 9187 9188 9179
f 9181 9173 9180
f 9188 9181 9180
f 9190 9182 9181
f 9189 9190 9181
f 9191 9183 9182
f 9190 9191 9182
f 9192 9184 9183
f 9191 9192 9183
f 9193 9185 9184
f 9192 9193 9184
f 9194 9186 9185
f 9193 9194 9185
f 9195 9187 9186
f 9194 9195 9186
f 9196 9188 9187
f 9195 9196 9187
f 9189 9181 9188
f 9196 9189 9188
f 9198 9190 9189
f 9197 9198 9189
f 9199 9191 9190
f 9198 9199 9190
f 9200 9192 9191
f 9199 9200 9191
f 9201 9193 9192
f 9200 9201 9192
f 9202 9194 9193
f 9201 9202 9193
f 9203 9195 9194
f 9202 9203 9194
f 9204 9196 9195
f 9203 9204 9195
f 9197 9189 9196
f 9204 9197 9196
f 9206 9198 9197
f 9205 9206 9197
f 9207 9199 9198
f 9206 9207 9198
f 9208 9200 9199
f 9207 9208 9199
f 9209 9201 9200
f 9208 9209 9200
f 9210 9202 9201
f 9209 9210 9201
f 9211 9203 9202
f 9210 9211 9202
f 9212 9204 9203
f 9211 9212 9203
f 9205 9197 9204
f 9212 9205 9204
f 9214 9206 9205
f 9213 9214 9205
f 9215 9207 9206
f 9214 9215 9206
f 9216 9208 9207
f 9215 9216 9207
f 9217 9209 9208
f 9216 9217 9208
f 9218 9210 9209
f 9217 9218 9209
f 9219 9211 9210
f 9218 9219 9210
f 9220 9212 9211
f 9219 9220 9211
f 9213 9205 9212
f 9220 9213 9212
f 9223 9222 9221
f 9224 9223 9221
f 9226 9225 9221
f 9222 9226 9221
f 9227 9226 9222
f 9223 9227 9222
f 9228 9227 9223
f 9224 9228 9223
f 9225 9228 9224
f 9221 9225 9224
f 9227 9228 9225
f 9226 9227 9225
f 9236 9230 9229
f 9235 9236 9229
f 9237 9231 9230
f 9236 9237 9230
f 9238 9232 9231
f 9237 9238 9231
f 9239 9233 9232
f 9238 9239 9232
f 9240 9234 9233
f 9239 9240 9233
f 9235 9229 9234
f 9240 9235 9234
f 9242 9229 9230
f 9242 9230 9231
f 9242 9231 9232
f 9242 9232 9233
f 9242 9233 9234
f 9242 9234 9229
f 9241 9236 9235
f 9241 9237 9236
f 9241 9238 9237
f 9241 9239 9238
f 9241 9240 9239
f 9241 9235 9240
f 9250 9244 9243
f 9249 9250 9243
f 9251 9245 9244
f 9250 9251 9244
f 9252 9246 9245
f 9251 9252 9245
f 9253 9247 9246
f 9252 9253 9246
f 9254 9248 9247
f 9253 9254 9247
f 9249 9243 9248
f 9254 9249 9248
f 9256 9243 9244
f 9256 9244 9245
f 9256 9245 9246
f 9256 9246 9247
f 9256 9247 9248
f 9256 9248 9243
f 9255 9250 9249
f 9255 9251 9250
f 9255 9252 9251
f 9255 9253 9252
f 9255 9254 9253
f 9255 9249 9254
f 9266 9267 9257
f 9266 9257 9258
f 9265 9266 9258
f 9265 9258 9259
f 9265 9259 9260
f 9264 9265 9260
f 9264 9260 9261
f 9263 9264 9261
f 9263 9261 9262
f 9269 9258 9257
f 9268 9269 9257
f 9270 9259 9258
f 9269 9270 9258
f 9271 9260 9259
f 9270 9271 9259
f 9272 9261 9260
f 9271 9272 9260
f 9273 9262 9261
f 9272 9273 9261
f 9274 9263 9262
f 9273 9274 9262
f 9275 9264 9263
f 9274 9275 9263
f 9276 9265 9264
f 9275 9276 9264
f 9277 9266 9265
f 9276 9277 9265
f 9278 9267 9266
f 9277 9278 9266
f 9268 9257 9267
f 9278 9268 9267
f 9268 9278 9277
f 9269 9268 9277
f 9269 9277 9276
f 9270 9269 9276
f 9271 9270 9276
f 9271 9276 9275
f 9272 9271 9275
f 9272 9275 9274
f 9273 9272 9274
f 9284 9283 9282
f 9284 9282 9281
f 9284 9281 9280
f 9285 9284 9280
f 9285 9280 9279
f 9286 9285 9279
f 9287 9286 9279
f 9287 9279 9288
f 9279 9280 9290
f 9279 9290 9289
f 9280 9281 9291
f 9280 9291 9290
f 9281 9282 9292
f 9281 9292 9291
f 9282 9283 9293
f 9282 9293 9292
f 9283 9284 9294
f 9283 9294 9293
f 9284 9285 9295
f 9284 9295 9294
f 9285 9286 9296
f 9285 9296 9295
f 9286 9287 9297
f 9286 9297 9296
f 9287 9288 9298
f 9287 9298 9297
f 9288 9279 9289
f 9288 9289 9298
f 9292 9293 9294
f 9291 9292 9294
f 9290 9291 9294
f 9290 9294 9295
f 9289 9290 9295
f 9289 9295 9296
f 9289 9296 9297
f 9298 9289 9297
f 9299 9300 9307
f 9299 9307 9306
f 9300 9301 9308
f 9300 9308 9307
f 9301 9302 9309
f 9301 9309 9308
f 9302 9303 9310
f 9302 9310 9309
f 9303 9304 9311
f 9303 9311 9310
f 9304 9305 9312
f 9304 9312 9311
f 9305 9299 9306
f 9305 9306 9312
f 9300 9299 9314
f 9301 9300 9314
f 9302 9301 9314
f 9303 9302 9314
f 9304 9303 9314
f 9305 9304 9314
f 9299 9305 9314
f 9306 9307 9313
f 9307 9308 9313
f 9308 9309 9313
f 9309 9310 9313
f 9310 9311 9313
f 9311 9312 9313
f 9312 9306 9313
f 9324 9316 9315
f 9315 9323 9324
f 9325 9317 9316
f 9316 9324 9325
f 9326 9318 9317
f 9317 9325 9326
f 9327 9319 9318
f 9318 9326 9327
f 9328 9320 9319
f 9319 9327 9328
f 9329 9321 9320
f 9320 9328 9329
f 9330 9322 9321
f 9321 9329 9330
f 9323 9315 9322
f 9322 9330 9323
f 9332 9324 9323
f 9323 9331 9332
f 9333 9325 9324
f 9324 9332 9333
f 9334 9326 9325
f 9325 9333 9334
f 9335 9327 9326
f 9326 9334 9335
f 9336 9328 9327
f 9327 9335 9336
f 9337 9329 9328
f 9328 9336 9337
f 9338 9330 9329
f 9329 9337 9338
f 9331 9323 9330
f 9330 9338 9331
f 9340 9332 9331
f 9331 9339 9340
f 9341 9333 9332
f 9332 9340 9341
f 9342 9334 9333
f 9333 9341 9342
f 9343 9335 9334
f 9334 9342 9343
f 9344 9336 9335
f 9335 9343 9344
f 9345 9337 9336
f 9336 9344 9345
f 9346 9338 9337
f 9337 9345 9346
f 9339 9331 9338
f 9338 9346 9339
f 9347 9348 9356
f 9347 9356 9355
f 9348 9349 9357
f 9348 9357 9356
f 9349 9350 9358
f 9349 9358 9357
f 9350 9351 9359
f 9350 9359 9358
f 9351 9352 9360
f 9351 9360 9359
f 9352 9353 9361
f 9352 9361 9360
f 9353 9354 9362
f 9353 9362 9361
f 9354 9347 9355
f 9354 9355 9362
f 9374 9373 9364
f 9375 9374 9364
f 9376 9375 9364
f 9377 9376 9364
f 9378 9377 9364
f 9379 9378 9364
f 9380 9379 9364
f 9373 9380 9364
f 9355 9356 9363
f 9356 9357 9363
f 9357 9358 9363
f 9358 9359 9363
f 9359 9360 9363
f 9360 9361 9363
f 9361 9362 9363
f 9362 9355 9363
f 9374 9366 9365
f 9365 9373 9374
f 9375 9367 9366
f 9366 9374 9375
f 9376 9368 9367
f 9367 9375 9376
f 9377 9369 9368
f 9368 9376 9377
f 9378 9370 9369
f 9369 9377 9378
f 9379 9371 9370
f 9370 9378 9379
f 9380 9372 9371
f 9371 9379 9380
f 9373 9365 9372
f 9372 9380 9373
f 9389 9382 9381
f 9388 9389 9381
f 9390 9383 9382
f 9389 9390 9382
f 9391 9384 9383
f 9390 9391 9383
f 9392 9385 9384
f 9391 9392 9384
f 9393 9386 9385
f 9392 9393 9385
f 9394 9387 9386
f 9393 9394 9386
f 9388 9381 9387
f 9394 9388 9387
f 9395 9425 9424
f 9395 9426 9425
f 9395 9427 9426
f 9395 9428 9427
f 9395 9429 9428
f 9395 9430 9429
f 9395 9424 9430
f 9389 9388 9396
f 9396 9397 9389
f 9390 9389 9397
f 9397 9398 9390
f 9391 9390 9398
f 9398 9399 9391
f 9392 9391 9399
f 9399 9400 9392
f 9393 9392 9400
f 9400 9401 9393
f 9394 9393 9401
f 9401 9402 9394
f 9388 9394 9402
f 9402 9396 9388
f 9397 9396 9403
f 9403 9404 9397
f 9398 9397 9404
f 9404 9405 9398
f 9399 9398 9405
f 9405 9406 9399
f 9400 9399 9406
f 9406 9407 9400
f 9401 9400 9407
f 9407 9408 9401
f 9402 9401 9408
f 9408 9409 9402
f 9396 9402 9409
f 9409 9403 9396
f 9404 9403 9410
f 9410 9411 9404
f 9405 9404 9411
f 9411 9412 9405
f 9406 9405 9412
f 9412 9413 9406
f 9407 9406 9413
f 9413 9414 9407
f 9408 9407 9414
f 9414 9415 9408
f 9409 9408 9415
f 9415 9416 9409
f 9403 9409 9416
f 9416 9410 9403
f 9411 9410 9417
f 9417 9418 9411
f 9412 9411 9418
f 9418 9419 9412
f 9413 9412 9419
f 9419 9420 9413
f 9414 9413 9420
f 9420 9421 9414
f 9415 9414 9421
f 9421 9422 9415
f 9416 9415 9422
f 9422 9423 9416
f 9410 9416 9423
f 9423 9417 9410
f 9418 9417 9424
f 9424 9425 9418
f 9419 9418 9425
f 9425 9426 9419
f 9420 9419 9426
f 9426 9427 9420
f 9421 9420 9427
f 9427 9428 9421
f 9422 9421 9428
f 9428 9429 9422
f 9423 9422 9429
f 9429 9430 9423
f 9417 9423 9430
f 9430 9424 9417
f 9440 9432 9431
f 9431 9439 9440
f 9441 9433 9432
f 9432 9440 9441
f 9442 9434 9433
f 9433 9441 9442
f 9443 9435 9434
f 9434 9442 9443
f 9444 9436 9435
f 9435 9443 9444
f 9445 9437 9436
f 9436 9444 9445
f 9446 9438 9437
f 9437 9445 9446
f 9439 9431 9438
f 9438 9446 9439
f 9448 9440 9439
f 9439 9447 9448
f 9449 9441 9440
f 9440 9448 9449
f 9450 9442 9441
f 9441 9449 9450
f 9451 9443 9442
f 9442 9450 9451
f 9452 9444 9443
f 9443 9451 9452
f 9453 9445 9444
f 9444 9452 9453
f 9454 9446 9445
f 9445 9453 9454
f 9447 9439 9446
f 9446 9454 9447
f 9456 9448 9447
f 9447 9455 9456
f 9457 9449 9448
f 9448 9456 9457
f 9458 9450 9449
f 9449 9457 9458
f 9459 9451 9450
f 9450 9458 9459
f 9460 9452 9451
f 9451 9459 9460
f 9461 9453 9452
f 9452 9460 9461
f 9462 9454 9453
f 9453 9461 9462
f 9455 9447 9454
f 9454 9462 9455
f 9463 9464 9472
f 9463 9472 9471
f 9464 9465 9473
f 9464 9473 9472
f 9465 9466 9474
f 9465 9474 9473
f 9466 9467 9475
f 9466 9475 9474
f 9467 9468 9476
f 9467 9476 9475
f 9468 9469 9477
f 9468 9477 9476
f 9469 9470 9478
f 9469 9478 9477
f 9470 9463 9471
f 9470 9471 9478
f 9490 9489 9480
f 9491 9490 9480
f 9492 9491 9480
f 9493 9492 9480
f 9494 9493 9480
f 9495 9494 9480
f 9496 9495 9480
f 9489 9496 9480
f 9471 9472 9479
f 9472 9473 9479
f 9473 9474 9479
f 9474 9475 9479
f 9475 9476 9479
f 9476 9477 9479
f 9477 9478 9479
f 9478 9471 9479
f 9490 9482 9481
f 9481 9489 9490
f 9491 9483 9482
f 9482 9490 9491
f 9492 9484 9483
f 9483 9491 9492
f 9493 9485 9484
f 9484 9492 9493
f 9494 9486 9485
f 9485 9493 9494
f 9495 9487 9486
f 9486 9494 9495
f 9496 9488 9487
f 9487 9495 9496
f 9489 9481 9488
f 9488 9496 9489
f 9497 9498 9505
f 9497 9505 9504
f 9498 9499 9506
f 9498 9506 9505
f 9499 9500 9507
f 9499 9507 9506
f 9500 9501 9508
f 9500 9508 9507
f 9501 9502 9509
f 9501 9509 9508
f 9502 9503 9510
f 9502 9510 9509
f 9503 9497 9504
f 9503 9504 9510
f 9540 9541 9511
f 9541 9542 9511
f 9542 9543 9511
f 9543 9544 9511
f 9544 9545 9511
f 9545 9546 9511
f 9546 9540 9511
f 9512 9504 9505
f 9505 9513 9512
f 9513 9505 9506
f 9506 9514 9513
f 9514 9506 9507
f 9507 9515 9514
f 9515 9507 9508
f 9508 9516 9515
f 9516 9508 9509
f 9509 9517 9516
f 9517 9509 9510
f 9510 9518 9517
f 9518 9510 9504
f 9504 9512 9518
f 9519 9512 9513
f 9513 9520 9519
f 9520 9513 9514
f 9514 9521 9520
f 9521 9514 9515
f 9515 9522 9521
f 9522 9515 9516
f 9516 9523 9522
f 9523 9516 9517
f 9517 9524 9523
f 9524 9517 9518
f 9518 9525 9524
f 9525 9518 9512
f 9512 9519 9525
f 9526 9519 9520
f 9520 9527 9526
f 9527 9520 9521
f 9521 9528 9527
f 9528 9521 9522
f 9522 9529 9528
f 9529 9522 9523
f 9523 9530 9529
f 9530 9523 9524
f 9524 9531 9530
f 9531 9524 9525
f 9525 9532 9531
f 9532 9525 9519
f 9519 9526 9532
f 9533 9526 9527
f 9527 9534 9533
f 9534 9527 9528
f 9528 9535 9534
f 9535 9528 9529
f 9529 9536 9535
f 9536 9529 9530
f 9530 9537 9536
f 9537 9530 9531
f 9531 9538 9537
f 9538 9531 9532
f 9532 9539 9538
f 9539 9532 9526
f 9526 9533 9539
f 9540 9533 9534
f 9534 9541 9540
f 9541 9534 9535
f 9535 9542 9541
f 9542 9535 9536
f 9536 9543 9542
f 9543 9536 9537
f 9537 9544 9543
f 9544 9537 9538
f 9538 9545 9544
f 9545 9538 9539
f 9539 9546 9545
f 9546 9539 9533
f 9533 9540 9546
f 9556 9548 9547
f 9547 9555 9556
f 9557 9549 9548
f 9548 9556 9557
f 9558 9550 9549
f 9549 9557 9558
f 9559 9551 9550
f 9550 9558 9559
f 9560 9552 9551
f 9551 9559 9560
f 9561 9553 9552
f 9552 9560 9561
f 9562 9554 9553
f 9553 9561 9562
f 9555 9547 9554
f 9554 9562 9555
f 9564 9556 9555
f 9555 9563 9564
f 9565 9557 9556
f 9556 9564 9565
f 9566 9558 9557
f 9557 9565 9566
f 9567 9559 9558
f 9558 9566 9567
f 9568 9560 9559
f 9559 9567 9568
f 9569 9561 9560
f 9560 9568 9569
f 9570 9562 9561
f 9561 9569 9570
f 9563 9555 9562
f 9562 9570 9563
f 9572 9564 9563
f 9563 9571 9572
f 9573 9565 9564
f 9564 9572 9573
f 9574 9566 9565
f 9565 9573 9574
f 9575 9567 9566
f 9566 9574 9575
f 9576 9568 9567
f 9567 9575 9576
f 9577 9569 9568
f 9568 9576 9577
f 9578 9570 9569
f 9569 9577 9578
f 9571 9563 9570
f 9570 9578 9571
f 9579 9580 9588
f 9579 9588 9587
f 9580 9581 9589
f 9580 9589 9588
f 9581 9582 9590
f 9581 9590 9589
f 9582 9583 9591
f 9582 9591 9590
f 9583 9584 9592
f 9583 9592 9591
f 9584 9585 9593
f 9584 9593 9592
f 9585 9586 9594
f 9585 9594 9593
f 9586 9579 9587
f 9586 9587 9594
f 9606 9605 9596
f 9607 9606 9596
f 9608 9607 9596
f 9609 9608 9596
f 9610 9609 9596
f 9611 9610 9596
f 9612 9611 9596
f 9605 9612 9596
f 9587 9588 9595
f 9588 9589 9595
f 9589 9590 9595
f 9590 9591 9595
f 9591 9592 9595
f 9592 9593 9595
f 9593 9594 9595
f 9594 9587 9595
f 9606 9598 9597
f 9597 9605 9606
f 9607 9599 9598
f 9598 9606 9607
f 9608 9600 9599
f 9599 9607 9608
f 9609 9601 9600
f 9600 9608 9609
f 9610 9602 9601
f 9601 9609 9610
f 9611 9603 9602
f 9602 9610 9611
f 9612 9604 9603
f 9603 9611 9612
f 9605 9597 9604
f 9604 9612 9605
f 9613 9614 9621
f 9613 9621 9620
f 9614 9615 9622
f 9614 9622 9621
f 9615 9616 9623
f 9615 9623 9622
f 9616 9617 9624
f 9616 9624 9623
f 9617 9618 9625
f 9617 9625 9624
f 9618 9619 9626
f 9618 9626 9625
f 9619 9613 9620
f 9619 9620 9626
f 9656 9657 9627
f 9657 9658 9627
f 9658 9659 9627
f 9659 9660 9627
f 9660 9661 9627
f 9661 9662 9627
f 9662 9656 9627
f 9628 9620 9621
f 9621 9629 9628
f 9629 9621 9622
f 9622 9630 9629
f 9630 9622 9623
f 9623 9631 9630
f 9631 9623 9624
f 9624 9632 9631
f 9632 9624 9625
f 9625 9633 9632
f 9633 9625 9626
f 9626 9634 9633
f 9634 9626 9620
f 9620 9628 9634
f 9635 9628 9629
f 9629 9636 9635
f 9636 9629 9630
f 9630 9637 9636
f 9637 9630 9631
f 9631 9638 9637
f 9638 9631 9632
f 9632 9639 9638
f 9639 9632 9633
f 9633 9640 9639
f 9640 9633 9634
f 9634 9641 9640
f 9641 9634 9628
f 9628 9635 9641
f 9642 9635 9636
f 9636 9643 9642
f 9643 9636 9637
f 9637 9644 9643
f 9644 9637 9638
f 9638 9645 9644
f 9645 9638 9639
f 9639 9646 9645
f 9646 9639 9640
f 9640 9647 9646
f 9647 9640 9641
f 9641 9648 9647
f 9648 9641 9635
f 9635 9642 9648
f 9649 9642 9643
f 9643 9650 9649
f 9650 9643 9644
f 9644 9651 9650
f 9651 9644 9645
f 9645 9652 9651
f 9652 9645 9646
f 9646 9653 9652
f 9653 9646 9647
f 9647 9654 9653
f 9654 9647 9648
f 9648 9655 9654
f 9655 9648 9642
f 9642 9649 9655
f 9656 9649 9650
f 9650 9657 9656
f 9657 9650 9651
f 9651 9658 9657
f 9658 9651 9652
f 9652 9659 9658
f 9659 9652 9653
f 9653 9660 9659
f 9660 9653 9654
f 9654 9661 9660
f 9661 9654 9655
f 9655 9662 9661
f 9662 9655 9649
f 9649 9656 9662
f 9665 9664 9663
f 9666 9665 9663
f 9667 9666 9663
f 9668 9667 9663
f 9669 9668 9663
f 9670 9669 9663
f 9671 9670 9663
f 9672 9671 9663
f 9673 9672 9663
f 9674 9673 9663
f 9675 9674 9663
f 9664 9675 9663
f 9677 9676 9664
f 9665 9677 9664
f 9678 9677 9665
f 9666 9678 9665
f 9679 9678 9666
f 9667 9679 9666
f 9680 9679 9667
f 9668 9680 9667
f 9681 9680 9668
f 9669 9681 9668
f 9682 9681 9669
f 9670 9682 9669
f 9683 9682 9670
f 9671 9683 9670
f 9684 9683 9671
f 9672 9684 9671
f 9685 9684 9672
f 9673 9685 9672
f 9686 9685 9673
f 9674 9686 9673
f 9687 9686 9674
f 9675 9687 9674
f 9676 9687 9675
f 9664 9676 9675
f 9689 9688 9676
f 9677 9689 9676
f 9690 9689 9677
f 9678 9690 9677
f 9691 9690 9678
f 9679 9691 9678
f 9692 9691 9679
f 9680 9692 9679
f 9693 9692 9680
f 9681 9693 9680
f 9694 9693 9681
f 9682 9694 9681
f 9695 9694 9682
f 9683 9695 9682
f 9696 9695 9683
f 9684 9696 9683
f 9697 9696 9684
f 9685 9697 9684
f 9698 9697 9685
f 9686 9698 9685
f 9699 9698 9686
f 9687 9699 9686
f 9688 9699 9687
f 9676 9688 9687
f 9713 9714 9712
f 9714 9715 9712
f 9715 9716 9712
f 9716 9717 9712
f 9717 9718 9712
f 9718 9719 9712
f 9719 9720 9712
f 9720 9721 9712
f 9721 9722 9712
f 9722 9723 9712
f 9701 9702 9714
f 9714 9713 9701
f 9700 9701 9713
f 9713 9712 9700
f 9702 9703 9715
f 9715 9714 9702
f 9703 9704 9716
f 9716 9715 9703
f 9704 9705 9717
f 9717 9716 9704
f 9705 9706 9718
f 9718 9717 9705
f 9706 9707 9719
f 9719 9718 9706
f 9707 9708 9720
f 9720 9719 9707
f 9708 9709 9721
f 9721 9720 9708
f 9709 9710 9722
f 9722 9721 9709
f 9711 9700 9712
f 9712 9723 9711
f 9710 9711 9723
f 9723 9722 9710
f 9725 9726 9738
f 9738 9737 9725
f 9724 9725 9737
f 9737 9736 9724
f 9726 9727 9739
f 9739 9738 9726
f 9727 9728 9740
f 9740 9739 9727
f 9728 9729 9741
f 9741 9740 9728
f 9729 9730 9742
f 9742 9741 9729
f 9730 9731 9743
f 9743 9742 9730
f 9731 9732 9744
f 9744 9743 9731
f 9732 9733 9745
f 9745 9744 9732
f 9733 9734 9746
f 9746 9745 9733
f 9735 9724 9736
f 9736 9747 9735
f 9734 9735 9747
f 9747 9746 9734
f 9737 9738 9750
f 9750 9749 9737
f 9736 9737 9749
f 9749 9748 9736
f 9738 9739 9751
f 9751 9750 9738
f 9739 9740 9752
f 9752 9751 9739
f 9740 9741 9753
f 9753 9752 9740
f 9741 9742 9754
f 9754 9753 9741
f 9742 9743 9755
f 9755 9754 9742
f 9743 9744 9756
f 9756 9755 9743
f 9744 9745 9757
f 9757 9756 9744
f 9745 9746 9758
f 9758 9757 9745
f 9747 9736 9748
f 9748 9759 9747
f 9746 9747 9759
f 9759 9758 9746
f 9749 9750 9762
f 9762 9761 9749
f 9748 9749 9761
f 9761 9760 9748
f 9750 9751 9763
f 9763 9762 9750
f 9751 9752 9764
f 9764 9763 9751
f 9752 9753 9765
f 9765 9764 9752
f 9753 9754 9766
f 9766 9765 9753
f 9754 9755 9767
f 9767 9766 9754
f 9755 9756 9768
f 9768 9767 9755
f 9756 9757 9769
f 9769 9768 9756
f 9757 9758 9770
f 9770 9769 9757
f 9759 9748 9760
f 9760 9771 9759
f 9758 9759 9771
f 9771 9770 9758
f 9775 9776 9777
f 9774 9775 9777
f 9773 9774 9777
f 9773 9777 9778
f 9772 9773 9778
f 9772 9778 9779
f 9772 9779 9780
f 9781 9772 9780
f 9783 9773 9772
f 9782 9783 9772
f 9784 9774 9773
f 9783 9784 9773
f 9785 9775 9774
f 9784 9785 9774
f 9786 9776 9775
f 9785 9786 9775
f 9787 9777 9776
f 9786 9787 9776
f 9788 9778 9777
f 9787 9788 9777
f 9789 9779 9778
f 9788 9789 9778
f 9790 9780 9779
f 9789 9790 9779
f 9791 9781 9780
f 9790 9791 9780
f 9782 9772 9781
f 9791 9782 9781
f 9787 9786 9785
f 9787 9785 9784
f 9787 9784 9783
f 9788 9787 9783
f 9788 9783 9782
f 9789 9788 9782
f 9790 9789 9782
f 9790 9782 9791
f 9800 9793 9792
f 9799 9800 9792
f 9801 9794 9793
f 9800 9801 9793
f 9802 9795 9794
f 9801 9802 9794
f 9803 9796 9795
f 9802 9803 9795
f 9804 9797 9796
f 9803 9804 9796
f 9805 9798 9797
f 9804 9805 9797
f 9799 9792 9798
f 9805 9799 9798
f 9807 9792 9793
f 9807 9793 9794
f 9807 9794 9795
f 9807 9795 9796
f 9807 9796 9797
f 9807 9797 9798
f 9807 9798 9792
f 9806 9800 9799
f 9806 9801 9800
f 9806 9802 9801
f 9806 9803 9802
f 9806 9804 9803
f 9806 9805 9804
f 9806 9799 9805
f 9810 9809 9808
f 9811 9810 9808
f 9812 9811 9808
f 9813 9812 9808
f 9814 9813 9808
f 9815 9814 9808
f 9816 9815 9808
f 9817 9816 9808
f 9818 9817 9808
f 9819 9818 9808
f 9820 9819 9808
f 9809 9820 9808
f 9822 9821 9809
f 9810 9822 9809
f 9823 9822 9810
f 9811 9823 9810
f 9824 9823 9811
f 9812 9824 9811
f 9825 9824 9812
f 9813 9825 9812
f 9826 9825 9813
f 9814 9826 9813
f 9827 9826 9814
f 9815 9827 9814
f 9828 9827 9815
f 9816 9828 9815
f 9829 9828 9816
f 9817 9829 9816
f 9830 9829 9817
f 9818 9830 9817
f 9831 9830 9818
f 9819 9831 9818
f 9832 9831 9819
f 9820 9832 9819
f 9821 9832 9820
f 9809 9821 9820
f 9834 9833 9821
f 9822 9834 9821
f 9835 9834 9822
f 9823 9835 9822
f 9836 9835 9823
f 9824 9836 9823
f 9837 9836 9824
f 9825 9837 9824
f 9838 9837 9825
f 9826 9838 9825
f 9839 9838 9826
f 9827 9839 9826
f 9840 9839 9827
f 9828 9840 9827
f 9841 9840 9828
f 9829 9841 9828
f 9842 9841 9829
f 9830 9842 9829
f 9843 9842 9830
f 9831 9843 9830
f 9844 9843 9831
f 9832 9844 9831
f 9833 9844 9832
f 9821 9833 9832
f 9859 9847 9846
f 9846 9858 9859
f 9858 9846 9845
f 9845 9857 9858
f 9860 9848 9847
f 9847 9859 9860
f 9861 9849 9848
f 9848 9860 9861
f 9862 9850 9849
f 9849 9861 9862
f 9863 9851 9850
f 9850 9862 9863
f 9864 9852 9851
f 9851 9863 9864
f 9865 9853 9852
f 9852 9864 9865
f 9866 9854 9853
f 9853 9865 9866
f 9867 9855 9854
f 9854 9866 9867
f 9857 9845 9856
f 9856 9868 9857
f 9868 9856 9855
f 9855 9867 9868
f 9871 9859 9858
f 9858 9870 9871
f 9870 9858 9857
f 9857 9869 9870
f 9872 9860 9859
f 9859 9871 9872
f 9873 9861 9860
f 9860 9872 9873
f 9874 9862 9861
f 9861 9873 9874
f 9875 9863 9862
f 9862 9874 9875
f 9876 9864 9863
f 9863 9875 9876
f 9877 9865 9864
f 9864 9876 9877
f 9878 9866 9865
f 9865 9877 9878
f 9879 9867 9866
f 9866 9878 9879
f 9869 9857 9868
f 9868 9880 9869
f 9880 9868 9867
f 9867 9879 9880
f 9883 9871 9870
f 9870 9882 9883
f 9882 9870 9869
f 9869 9881 9882
f 9884 9872 9871
f 9871 9883 9884
f 9885 9873 9872
f 9872 9884 9885
f 9886 9874 9873
f 9873 9885 9886
f 9887 9875 9874
f 9874 9886 9887
f 9888 9876 9875
f 9875 9887 9888
f 9889 9877 9876
f 9876 9888 9889
f 9890 9878 9877
f 9877 9889 9890
f 9891 9879 9878
f 9878 9890 9891
f 9881 9869 9880
f 9880 9892 9881
f 9892 9880 9879
f 9879 9891 9892
f 9893 9894 9895
f 9893 9895 9896
f 9893 9896 9897
f 9893 9897 9898
f 9893 9898 9899
f 9893 9899 9900
f 9893 9900 9901
f 9893 9901 9902
f 9893 9902 9903
f 9893 9903 9904
f 9893 9904 9905
f 9893 9905 9894
f 9894 9906 9907
f 9894 9907 9895
f 9895 9907 9908
f 9895 9908 9896
f 9896 9908 9909
f 9896 9909 9897
f 9897 9909 9910
f 9897 9910 9898
f 9898 9910 9911
f 9898 9911 9899
f 9899 9911 9912
f 9899 9912 9900
f 9900 9912 9913
f 9900 9913 9901
f 9901 9913 9914
f 9901 9914 9902
f 9902 9914 9915
f 9902 9915 9903
f 9903 9915 9916
f 9903 9916 9904
f 9904 9916 9917
f 9904 9917 9905
f 9905 9917 9906
f 9905 9906 9894
f 9906 9918 9919
f 9906 9919 9907
f 9907 9919 9920
f 9907 9920 9908
f 9908 9920 9921
f 9908 9921 9909
f 9909 9921 9922
f 9909 9922 9910
f 9910 9922 9923
f 9910 9923 9911
f 9911 9923 9924
f 9911 9924 9912
f 9912 9924 9925
f 9912 9925 9913
f 9913 9925 9926
f 9913 9926 9914
f 9914 9926 9927
f 9914 9927 9915
f 9915 9927 9928
f 9915 9928 9916
f 9916 9928 9929
f 9916 9929 9917
f 9917 9929 9918
f 9917 9918 9906
f 9954 9956 9955
f 9954 9957 9956
f 9954 9958 9957
f 9954 9959 9958
f 9954 9960 9959
f 9954 9961 9960
f 9954 9962 9961
f 9954 9963 9962
f 9954 9964 9963
f 9954 9965 9964
f 9944 9932 9931
f 9931 9943 9944
f 9943 9931 9930
f 9930 9942 9943
f 9945 9933 9932
f 9932 9944 9945
f 9946 9934 9933
f 9933 9945 9946
f 9947 9935 9934
f 9934 9946 9947
f 9948 9936 9935
f 9935 9947 9948
f 9949 9937 9936
f 9936 9948 9949
f 9950 9938 9937
f 9937 9949 9950
f 9951 9939 9938
f 9938 9950 9951
f 9952 9940 9939
f 9939 9951 9952
f 9942 9930 9941
f 9941 9953 9942
f 9953 9941 9940
f 9940 9952 9953
f 9956 9944 9943
f 9943 9955 9956
f 9955 9943 9942
f 9942 9954 9955
f 9957 9945 9944
f 9944 9956 9957
f 9958 9946 9945
f 9945 9957 9958
f 9959 9947 9946
f 9946 9958 9959
f 9960 9948 9947
f 9947 9959 9960
f 9961 9949 9948
f 9948 9960 9961
f 9962 9950 9949
f 9949 9961 9962
f 9963 9951 9950
f 9950 9962 9963
f 9964 9952 9951
f 9951 9963 9964
f 9954 9942 9953
f 9953 9965 9954
f 9965 9953 9952
f 9952 9964 9965
f 9968 9967 9966
f 9969 9968 9966
f 9970 9969 9966
f 9971 9970 9966
f 9972 9971 9966
f 9973 9972 9966
f 9974 9973 9966
f 9975 9974 9966
f 9976 9975 9966
f 9977 9976 9966
f 9978 9977 9966
f 9967 9978 9966
f 9980 9979 9967
f 9968 9980 9967
f 9981 9980 9968
f 9969 9981 9968
f 9982 9981 9969
f 9970 9982 9969
f 9983 9982 9970
f 9971 9983 9970
f 9984 9983 9971
f 9972 9984 9971
f 9985 9984 9972
f 9973 9985 9972
f 9986 9985 9973
f 9974 9986 9973
f 9987 9986 9974
f 9975 9987 9974
f 9988 9987 9975
f 9976 9988 9975
f 9989 9988 9976
f 9977 9989 9976
f 9990 9989 9977
f 9978 9990 9977
f 9979 9990 9978
f 9967 9979 9978
f 9992 9991 9979
f 9980 9992 9979
f 9993 9992 9980
f 9981 9993 9980
f 9994 9993 9981
f 9982 9994 9981
f 9995 9994 9982
f 9983 9995 9982
f 9996 9995 9983
f 9984 9996 9983
f 9997 9996 9984
f 9985 9997 9984
f 9998 9997 9985
f 9986 9998 9985
f 9999 9998 9986
f 9987 9999 9986
f 10000 9999 9987
f 9988 10000 9987
f 10001 10000 9988
f 9989 10001 9988
f 10002 10001 9989
f 9990 10002 9989
f 9991 10002 9990
f 9979 9991 9990
f 10003 10004 10005
f 10003 10005 10006
f 10003 10007 10008
f 10003 10008 10004
f 10004 10008 10009
f 10004 10009 10005
f 10005 10009 10010
f 10005 10010 10006
f 10006 10010 10007
f 10006 10007 10003
f 10007 10010 10009
f 10007 10009 10008
f 10012 10011 10016
f 10012 10016 10015
f 10012 10015 10014
f 10012 10014 10013
f 10012 10013 10019
f 10012 10019 10018
f 10013 10014 10020
f 10013 10020 10019
f 10014 10015 10021
f 10014 10021 10020
f 10015 10016 10022
f 10015 10022 10021
f 10016 10011 10017
f 10016 10017 10022
f 10022 10017 10018
f 10021 10022 10018
f 10020 10021 10018
f 10019 10020 10018
f 10023 10024 10034
f 10023 10034 10033
f 10024 10025 10035
f 10024 10035 10034
f 10025 10026 10036
f 10025 10036 10035
f 10026 10027 10037
f 10026 10037 10036
f 10027 10028 10038
f 10027 10038 10037
f 10028 10029 10039
f 10028 10039 10038
f 10029 10030 10040
f 10029 10040 10039
f 10030 10031 10041
f 10030 10041 10040
f 10031 10032 10042
f 10031 10042 10041
f 10032 10023 10033
f 10032 10033 10042
f 10055 10056 10043
f 10056 10057 10043
f 10057 10058 10043
f 10058 10059 10043
f 10059 10060 10043
f 10060 10061 10043
f 10061 10062 10043
f 10062 10063 10043
f 10063 10064 10043
f 10064 10055 10043
f 10045 10033 10034
f 10034 10046 10045
f 10046 10034 10035
f 10035 10047 10046
f 10047 10035 10036
f 10036 10048 10047
f 10048 10036 10037
f 10037 10049 10048
f 10049 10037 10038
f 10038 10050 10049
f 10050 10038 10039
f 10039 10051 10050
f 10051 10039 10040
f 10040 10052 10051
f 10052 10040 10041
f 10041 10053 10052
f 10053 10041 10042
f 10042 10054 10053
f 10054 10042 10033
f 10033 10045 10054
f 10055 10045 10046
f 10046 10056 10055
f 10056 10046 10047
f 10047 10057 10056
f 10057 10047 10048
f 10048 10058 10057
f 10058 10048 10049
f 10049 10059 10058
f 10059 10049 10050
f 10050 10060 10059
f 10060 10050 10051
f 10051 10061 10060
f 10061 10051 10052
f 10052 10062 10061
f 10062 10052 10053
f 10053 10063 10062
f 10063 10053 10054
f 10054 10064 10063
f 10064 10054 10045
f 10045 10055 10064
f 10065 10066 10072
f 10065 10072 10071
f 10066 10067 10073
f 10066 10073 10072
f 10067 10068 10074
f 10067 10074 10073
f 10068 10069 10075
f 10068 10075 10074
f 10069 10070 10076
f 10069 10076 10075
f 10070 10065 10071
f 10070 10071 10076
f 10066 10065 10078
f 10067 10066 10078
f 10068 10067 10078
f 10069 10068 10078
f 10070 10069 10078
f 10065 10070 10078
f 10071 10072 10077
f 10072 10073 10077
f 10073 10074 10077
f 10074 10075 10077
f 10075 10076 10077
f 10076 10071 10077
f 10079 10080 10081
f 10079 10081 10082
f 10079 10082 10083
f 10079 10083 10084
f 10079 10084 10085
f 10079 10085 10086
f 10079 10086 10087
f 10079 10087 10088
f 10079 10088 10089
f 10079 10089 10090
f 10079 10090 10091
f 10079 10091 10080
f 10080 10092 10093
f 10080 10093 10081
f 10081 10093 10094
f 10081 10094 10082
f 10082 10094 10095
f 10082 10095 10083
f 10083 10095 10096
f 10083 10096 10084
f 10084 10096 10097
f 10084 10097 10085
f 10085 10097 10098
f 10085 10098 10086
f 10086 10098 10099
f 10086 10099 10087
f 10087 10099 10100
f 10087 10100 10088
f 10088 10100 10101
f 10088 10101 10089
f 10089 10101 10102
f 10089 10102 10090
f 10090 10102 10103
f 10090 10103 10091
f 10091 10103 10092
f 10091 10092 10080
f 10092 10104 10105
f 10092 10105 10093
f 10093 10105 10106
f 10093 10106 10094
f 10094 10106 10107
f 10094 10107 10095
f 10095 10107 10108
f 10095 10108 10096
f 10096 10108 10109
f 10096 10109 10097
f 10097 10109 10110
f 10097 10110 10098
f 10098 10110 10111
f 10098 10111 10099
f 10099 10111 10112
f 10099 10112 10100
f 10100 10112 10113
f 10100 10113 10101
f 10101 10113 10114
f 10101 10114 10102
f 10102 10114 10115
f 10102 10115 10103
f 10103 10115 10104
f 10103 10104 10092
f 10118 10117 10116
f 10119 10118 10116
f 10120 10119 10116
f 10121 10120 10116
f 10122 10121 10116
f 10123 10122 10116
f 10124 10123 10116
f 10125 10124 10116
f 10126 10125 10116
f 10127 10126 10116
f 10128 10127 10116
f 10117 10128 10116
f 10130 10129 10117
f 10118 10130 10117
f 10131 10130 10118
f 10119 10131 10118
f 10132 10131 10119
f 10120 10132 10119
f 10133 10132 10120
f 10121 10133 10120
f 10134 10133 10121
f 10122 10134 10121
f 10135 10134 10122
f 10123 10135 10122
f 10136 10135 10123
f 10124 10136 10123
f 10137 10136 10124
f 10125 10137 10124
f 10138 10137 10125
f 10126 10138 10125
f 10139 10138 10126
f 10127 10139 10126
f 10140 10139 10127
f 10128 10140 10127
f 10129 10140 10128
f 10117 10129 10128
f 10142 10141 10129
f 10130 10142 10129
f 10143 10142 10130
f 10131 10143 10130
f 10144 10143 10131
f 10132 10144 10131
f 10145 10144 10132
f 10133 10145 10132
f 10146 10145 10133
f 10134 10146 10133
f 10147 10146 10134
f 10135 10147 10134
f 10148 10147 10135
f 10136 10148 10135
f 10149 10148 10136
f 10137 10149 10136
f 10150 10149 10137
f 10138 10150 10137
f 10151 10150 10138
f 10139 10151 10138
f 10152 10151 10139
f 10140 10152 10139
f 10141 10152 10140
f 10129 10141 10140
f 10158 10154 10153
f 10157 10158 10153
f 10159 10155 10154
f 10158 10159 10154
f 10160 10156 10155
f 10159 10160 10155
f 10157 10153 10156
f 10160 10157 10156
f 10162 10158 10157
f 10161 10162 10157
f 10163 10159 10158
f 10162 10163 10158
f 10164 10160 10159
f 10163 10164 10159
f 10161 10157 10160
f 10164 10161 10160
f 10166 10162 10161
f 10165 10166 10161
f 10167 10163 10162
f 10166 10167 10162
f 10168 10164 10163
f 10167 10168 10163
f 10165 10161 10164
f 10168 10165 10164
f 10170 10166 10165
f 10169 10170 10165
f 10171 10167 10166
f 10170 10171 10166
f 10172 10168 10167
f 10171 10172 10167
f 10169 10165 10168
f 10172 10169 10168
f 10174 10170 10169
f 10173 10174 10169
f 10175 10171 10170
f 10174 10175 10170
f 10176 10172 10171
f 10175 10176 10171
f 10173 10169 10172
f 10176 10173 10172
f 10178 10174 10173
f 10177 10178 10173
f 10179 10175 10174
f 10178 10179 10174
f 10180 10176 10175
f 10179 10180 10175
f 10177 10173 10176
f 10180 10177 10176
f 10182 10178 10177
f 10181 10182 10177
f 10183 10179 10178
f 10182 10183 10178
f 10184 10180 10179
f 10183 10184 10179
f 10181 10177 10180
f 10184 10181 10180
f 10186 10182 10181
f 10185 10186 10181
f 10187 10183 10182
f 10186 10187 10182
f 10188 10184 10183
f 10187 10188 10183
f 10185 10181 10184
f 10188 10185 10184
f 10192 10191 10190
f 10193 10192 10190
f 10194 10193 10190
f 10195 10194 10190
f 10195 10190 10189
f 10195 10189 10196
f 10189 10190 10198
f 10189 10198 10197
f 10190 10191 10199
f 10190 10199 10198
f 10191 10192 10200
f 10191 10200 10199
f 10192 10193 10201
f 10192 10201 10200
f 10193 10194 10202
f 10193 10202 10201
f 10194 10195 10203
f 10194 10203 10202
f 10195 10196 10204
f 10195 10204 10203
f 10196 10189 10197
f 10196 10197 10204
f 10197 10198 10206
f 10197 10206 10205
f 10198 10199 10207
f 10198 10207 10206
f 10199 10200 10208
f 10199 10208 10207
f 10200 10201 10209
f 10200 10209 10208
f 10201 10202 10210
f 10201 10210 10209
f 10202 10203 10211
f 10202 10211 10210
f 10203 10204 10212
f 10203 10212 10211
f 10204 10197 10205
f 10204 10205 10212
f 10205 10206 10214
f 10205 10214 10213
f 10206 10207 10215
f 10206 10215 10214
f 10207 10208 10216
f 10207 10216 10215
f 10208 10209 10217
f 10208 10217 10216
f 10209 10210 10218
f 10209 10218 10217
f 10210 10211 10219
f 10210 10219 10218
f 10211 10212 10220
f 10211 10220 10219
f 10212 10205 10213
f 10212 10213 10220
f 10213 10214 10222
f 10213 10222 10221
f 10214 10215 10223
f 10214 10223 10222
f 10215 10216 10224
f 10215 10224 10223
f 10216 10217 10225
f 10216 10225 10224
f 10217 10218 10226
f 10217 10226 10225
f 10218 10219 10227
f 10218 10227 10226
f 10219 10220 10228
f 10219 10228 10227
f 10220 10213 10221
f 10220 10221 10228
f 10221 10222 10230
f 10221 10230 10229
f 10222 10223 10231
f 10222 10231 10230
f 10223 10224 10232
f 10223 10232 10231
f 10224 10225 10233
f 10224 10233 10232
f 10225 10226 10234
f 10225 10234 10233
f 10226 10227 10235
f 10226 10235 10234
f 10227 10228 10236
f 10227 10236 10235
f 10228 10221 10229
f 10228 10229 10236
f 10229 10230 10238
f 10229 10238 10237
f 10230 10231 10239
f 10230 10239 10238
f 10231 10232 10240
f 10231 10240 10239
f 10232 10233 10241
f 10232 10241 10240
f 10233 10234 10242
f 10233 10242 10241
f 10234 10235 10243
f 10234 10243 10242
f 10235 10236 10244
f 10235 10244 10243
f 10236 10229 10237
f 10236 10237 10244
f 10238 10239 10240
f 10238 10240 10241
f 10238 10241 10242
f 10238 10242 10243
f 10237 10238 10243
f 10244 10237 10243
f 10248 10247 10246
f 10249 10248 10246
f 10250 10249 10246
f 10251 10250 10246
f 10251 10246 10245
f 10251 10245 10252
f 10245 10246 10254
f 10245 10254 10253
f 10246 10247 10255
f 10246 10255 10254
f 10247 10248 10256
f 10247 10256 10255
f 10248 10249 10257
f 10248 10257 10256
f 10249 10250 10258
f 10249 10258 10257
f 10250 10251 10259
f 10250 10259 10258
f 10251 10252 10260
f 10251 10260 10259
f 10252 10245 10253
f 10252 10253 10260
f 10254 10255 10256
f 10254 10256 10257
f 10254 10257 10258
f 10254 10258 10259
f 10253 10254 10259
f 10260 10253 10259
f 10264 10263 10262
f 10265 10264 10262
f 10266 10265 10262
f 10267 10266 10262
f 10267 10262 10261
f 10267 10261 10268
f 10261 10262 10270
f 10261 10270 10269
f 10262 10263 10271
f 10262 10271 10270
f 10263 10264 10272
f 10263 10272 10271
f 10264 10265 10273
f 10264 10273 10272
f 10265 10266 10274
f 10265 10274 10273
f 10266 10267 10275
f 10266 10275 10274
f 10267 10268 10276
f 10267 10276 10275
f 10268 10261 10269
f 10268 10269 10276
f 10270 10271 10272
f 10270 10272 10273
f 10270 10273 10274
f 10270 10274 10275
f 10269 10270 10275
f 10276 10269 10275
f 10280 10279 10278
f 10281 10280 10278
f 10282 10281 10278
f 10283 10282 10278
f 10283 10278 10277
f 10283 10277 10284
f 10277 10278 10286
f 10277 10286 10285
f 10278 10279 10287
f 10278 10287 10286
f 10279 10280 10288
f 10279 10288 10287
f 10280 10281 10289
f 10280 10289 10288
f 10281 10282 10290
f 10281 10290 10289
f 10282 10283 10291
f 10282 10291 10290
f 10283 10284 10292
f 10283 10292 10291
f 10284 10277 10285
f 10284 10285 10292
f 10286 10287 10288
f 10286 10288 10289
f 10286 10289 10290
f 10286 10290 10291
f 10285 10286 10291
f 10292 10285 10291
f 10296 10295 10294
f 10297 10296 10294
f 10298 10297 10294
f 10299 10298 10294
f 10299 10294 10293
f 10299 10293 10300
f 10293 10294 10302
f 10293 10302 10301
f 10294 10295 10303
f 10294 10303 10302
f 10295 10296 10304
f 10295 10304 10303
f 10296 10297 10305
f 10296 10305 10304
f 10297 10298 10306
f 10297 10306 10305
f 10298 10299 10307
f 10298 10307 10306
f 10299 10300 10308
f 10299 10308 10307
f 10300 10293 10301
f 10300 10301 10308
f 10302 10303 10304
f 10302 10304 10305
f 10302 10305 10306
f 10302 10306 10307
f 10301 10302 10307
f 10308 10301 10307
f 10312 10311 10310
f 10313 10312 10310
f 10314 10313 10310
f 10315 10314 10310
f 10315 10310 10309
f 10315 10309 10316
f 10309 10310 10318
f 10309 10318 10317
f 10310 10311 10319
f 10310 10319 10318
f 10311 10312 10320
f 10311 10320 10319
f 10312 10313 10321
f 10312 10321 10320
f 10313 10314 10322
f 10313 10322 10321
f 10314 10315 10323
f 10314 10323 10322
f 10315 10316 10324
f 10315 10324 10323
f 10316 10309 10317
f 10316 10317 10324
f 10318 10319 10320
f 10318 10320 10321
f 10318 10321 10322
f 10318 10322 10323
f 10317 10318 10323
f 10324 10317 10323
f 10328 10327 10326
f 10329 10328 10326
f 10330 10329 10326
f 10331 10330 10326
f 10331 10326 10325
f 10331 10325 10332
f 10325 10326 10334
f 10325 10334 10333
f 10326 10327 10335
f 10326 10335 10334
f 10327 10328 10336
f 10327 10336 10335
f 10328 10329 10337
f 10328 10337 10336
f 10329 10330 10338
f 10329 10338 10337
f 10330 10331 10339
f 10330 10339 10338
f 10331 10332 10340
f 10331 10340 10339
f 10332 10325 10333
f 10332 10333 10340
f 10334 10335 10336
f 10334 10336 10337
f 10334 10337 10338
f 10334 10338 10339
f 10333 10334 10339
f 10340 10333 10339
f 10344 10343 10342
f 10345 10344 10342
f 10346 10345 10342
f 10347 10346 10342
f 10347 10342 10341
f 10347 10341 10348
f 10341 10342 10350
f 10341 10350 10349
f 10342 10343 10351
f 10342 10351 10350
f 10343 10344 10352
f 10343 10352 10351
f 10344 10345 10353
f 10344 10353 10352
f 10345 10346 10354
f 10345 10354 10353
f 10346 10347 10355
f 10346 10355 10354
f 10347 10348 10356
f 10347 10356 10355
f 10348 10341 10349
f 10348 10349 10356
f 10350 10351 10352
f 10350 10352 10353
f 10350 10353 10354
f 10350 10354 10355
f 10349 10350 10355
f 10356 10349 10355
f 10360 10359 10358
f 10361 10360 10358
f 10362 10361 10358
f 10363 10362 10358
f 10363 10358 10357
f 10363 10357 10364
f 10357 10358 10366
f 10357 10366 10365
f 10358 10359 10367
f 10358 10367 10366
f 10359 10360 10368
f 10359 10368 10367
f 10360 10361 10369
f 10360 10369 10368
f 10361 10362 10370
f 10361 10370 10369
f 10362 10363 10371
f 10362 10371 10370
f 10363 10364 10372
f 10363 10372 10371
f 10364 10357 10365
f 10364 10365 10372
f 10366 10367 10368
f 10366 10368 10369
f 10366 10369 10370
f 10366 10370 10371
f 10365 10366 10371
f 10372 10365 10371
f 10376 10375 10374
f 10377 10376 10374
f 10378 10377 10374
f 10379 10378 10374
f 10379 10374 10373
f 10379 10373 10380
f 10373 10374 10382
f 10373 10382 10381
f 10374 10375 10383
f 10374 10383 10382
f 10375 10376 10384
f 10375 10384 10383
f 10376 10377 10385
f 10376 10385 10384
f 10377 10378 10386
f 10377 10386 10385
f 10378 10379 10387
f 10378 10387 10386
f 10379 10380 10388
f 10379 10388 10387
f 10380 10373 10381
f 10380 10381 10388
f 10382 10383 10384
f 10382 10384 10385
f 10382 10385 10386
f 10382 10386 10387
f 10381 10382 10387
f 10388 10381 10387
f 10389 10390 10391
f 10389 10391 10392
f 10390 10394 10395
f 10390 10395 10391
f 10391 10395 10396
f 10391 10396 10392
f 10392 10396 10393
f 10392 10393 10389
f 10393 10396 10395
f 10393 10395 10394
f 10397 10398 10399
f 10397 10399 10400
f 10398 10402 10403
f 10398 10403 10399
f 10399 10403 10404
f 10399 10404 10400
f 10400 10404 10401
f 10400 10401 10397
f 10401 10404 10403
f 10401 10403 10402
f 10476 10471 10472
f 10476 10472 10475
f 10475 10472 10473
f 10475 10473 10474
f 10422 10410 10405
f 10405 10417 10422
f 10417 10405 10406
f 10406 10418 10417
f 10421 10409 10410
f 10410 10422 10421
f 10418 10406 10407
f 10407 10419 10418
f 10419 10407 10408
f 10408 10420 10419
f 10420 10408 10409
f 10409 10421 10420
f 10428 10422 10417
f 10417 10423 10428
f 10423 10417 10418
f 10418 10424 10423
f 10427 10421 10422
f 10422 10428 10427
f 10424 10418 10419
f 10419 10425 10424
f 10425 10419 10420
f 10420 10426 10425
f 10426 10420 10421
f 10421 10427 10426
f 10434 10428 10423
f 10423 10429 10434
f 10429 10423 10424
f 10424 10430 10429
f 10433 10427 10428
f 10428 10434 10433
f 10430 10424 10425
f 10425 10431 10430
f 10431 10425 10426
f 10426 10432 10431
f 10432 10426 10427
f 10427 10433 10432
f 10440 10434 10429
f 10429 10435 10440
f 10435 10429 10430
f 10430 10436 10435
f 10439 10433 10434
f 10434 10440 10439
f 10436 10430 10431
f 10431 10437 10436
f 10437 10431 10432
f 10432 10438 10437
f 10438 10432 10433
f 10433 10439 10438
f 10446 10440 10435
f 10435 10441 10446
f 10441 10435 10436
f 10436 10442 10441
f 10445 10439 10440
f 10440 10446 10445
f 10442 10436 10437
f 10437 10443 10442
f 10443 10437 10438
f 10438 10444 10443
f 10444 10438 10439
f 10439 10445 10444
f 10452 10446 10441
f 10441 10447 10452
f 10447 10441 10442
f 10442 10448 10447
f 10451 10445 10446
f 10446 10452 10451
f 10448 10442 10443
f 10443 10449 10448
f 10449 10443 10444
f 10444 10450 10449
f 10450 10444 10445
f 10445 10451 10450
f 10458 10452 10447
f 10447 10453 10458
f 10453 10447 10448
f 10448 10454 10453
f 10457 10451 10452
f 10452 10458 10457
f 10454 10448 10449
f 10449 10455 10454
f 10455 10449 10450
f 10450 10456 10455
f 10456 10450 10451
f 10451 10457 10456
f 10464 10458 10453
f 10453 10459 10464
f 10459 10453 10454
f 10454 10460 10459
f 10463 10457 10458
f 10458 10464 10463
f 10460 10454 10455
f 10455 10461 10460
f 10461 10455 10456
f 10456 10462 10461
f 10462 10456 10457
f 10457 10463 10462
f 10470 10464 10459
f 10459 10465 10470
f 10465 10459 10460
f 10460 10466 10465
f 10469 10463 10464
f 10464 10470 10469
f 10466 10460 10461
f 10461 10467 10466
f 10467 10461 10462
f 10462 10468 10467
f 10468 10462 10463
f 10463 10469 10468
f 10476 10470 10465
f 10465 10471 10476
f 10471 10465 10466
f 10466 10472 10471
f 10475 10469 10470
f 10470 10476 10475
f 10472 10466 10467
f 10467 10473 10472
f 10473 10467 10468
f 10468 10474 10473
f 10474 10468 10469
f 10469 10475 10474
f 10477 10478 10484
f 10477 10484 10483
f 10478 10479 10485
f 10478 10485 10484
f 10479 10480 10486
f 10479 10486 10485
f 10480 10481 10487
f 10480 10487 10486
f 10481 10482 10488
f 10481 10488 10487
f 10482 10477 10483
f 10482 10483 10488
f 10483 10484 10490
f 10483 10490 10489
f 10484 10485 10491
f 10484 10491 10490
f 10485 10486 10492
f 10485 10492 10491
f 10486 10487 10493
f 10486 10493 10492
f 10487 10488 10494
f 10487 10494 10493
f 10488 10483 10489
f 10488 10489 10494
f 10489 10490 10496
f 10489 10496 10495
f 10490 10491 10497
f 10490 10497 10496
f 10491 10492 10498
f 10491 10498 10497
f 10492 10493 10499
f 10492 10499 10498
f 10493 10494 10500
f 10493 10500 10499
f 10494 10489 10495
f 10494 10495 10500
f 10495 10496 10502
f 10495 10502 10501
f 10496 10497 10503
f 10496 10503 10502
f 10497 10498 10504
f 10497 10504 10503
f 10498 10499 10505
f 10498 10505 10504
f 10499 10500 10506
f 10499 10506 10505
f 10500 10495 10501
f 10500 10501 10506
f 10501 10502 10508
f 10501 10508 10507
f 10502 10503 10509
f 10502 10509 10508
f 10503 10504 10510
f 10503 10510 10509
f 10504 10505 10511
f 10504 10511 10510
f 10505 10506 10512
f 10505 10512 10511
f 10506 10501 10507
f 10506 10507 10512
f 10507 10508 10514
f 10507 10514 10513
f 10508 10509 10515
f 10508 10515 10514
f 10509 10510 10516
f 10509 10516 10515
f 10510 10511 10517
f 10510 10517 10516
f 10511 10512 10518
f 10511 10518 10517
f 10512 10507 10513
f 10512 10513 10518
f 10513 10514 10520
f 10513 10520 10519
f 10514 10515 10521
f 10514 10521 10520
f 10515 10516 10522
f 10515 10522 10521
f 10516 10517 10523
f 10516 10523 10522
f 10517 10518 10524
f 10517 10524 10523
f 10518 10513 10519
f 10518 10519 10524
f 10519 10520 10526
f 10519 10526 10525
f 10520 10521 10527
f 10520 10527 10526
f 10521 10522 10528
f 10521 10528 10527
f 10522 10523 10529
f 10522 10529 10528
f 10523 10524 10530
f 10523 10530 10529
f 10524 10519 10525
f 10524 10525 10530
f 10525 10526 10532
f 10525 10532 10531
f 10526 10527 10533
f 10526 10533 10532
f 10527 10528 10534
f 10527 10534 10533
f 10528 10529 10535
f 10528 10535 10534
f 10529 10530 10536
f 10529 10536 10535
f 10530 10525 10531
f 10530 10531 10536
f 10531 10532 10538
f 10531 10538 10537
f 10532 10533 10539
f 10532 10539 10538
f 10533 10534 10540
f 10533 10540 10539
f 10534 10535 10541
f 10534 10541 10540
f 10535 10536 10542
f 10535 10542 10541
f 10536 10531 10537
f 10536 10537 10542
f 10537 10538 10544
f 10537 10544 10543
f 10538 10539 10545
f 10538 10545 10544
f 10539 10540 10546
f 10539 10546 10545
f 10540 10541 10547
f 10540 10547 10546
f 10541 10542 10548
f 10541 10548 10547
f 10542 10537 10543
f 10542 10543 10548
f 10543 10544 10550
f 10543 10550 10549
f 10544 10545 10551
f 10544 10551 10550
f 10545 10546 10552
f 10545 10552 10551
f 10546 10547 10553
f 10546 10553 10552
f 10547 10548 10554
f 10547 10554 10553
f 10548 10543 10549
f 10548 10549 10554
f 10549 10550 10556
f 10549 10556 10555
f 10550 10551 10557
f 10550 10557 10556
f 10551 10552 10558
f 10551 10558 10557
f 10552 10553 10559
f 10552 10559 10558
f 10553 10554 10560
f 10553 10560 10559
f 10554 10549 10555
f 10554 10555 10560
f 10555 10556 10562
f 10555 10562 10561
f 10556 10557 10563
f 10556 10563 10562
f 10557 10558 10564
f 10557 10564 10563
f 10558 10559 10565
f 10558 10565 10564
f 10559 10560 10566
f 10559 10566 10565
f 10560 10555 10561
f 10560 10561 10566
f 10561 10562 10568
f 10561 10568 10567
f 10562 10563 10569
f 10562 10569 10568
f 10563 10564 10570
f 10563 10570 10569
f 10564 10565 10571
f 10564 10571 10570
f 10565 10566 10572
f 10565 10572 10571
f 10566 10561 10567
f 10566 10567 10572
f 10567 10568 10574
f 10567 10574 10573
f 10568 10569 10575
f 10568 10575 10574
f 10569 10570 10576
f 10569 10576 10575
f 10570 10571 10577
f 10570 10577 10576
f 10571 10572 10578
f 10571 10578 10577
f 10572 10567 10573
f 10572 10573 10578
f 10573 10574 10580
f 10573 10580 10579
f 10574 10575 10581
f 10574 10581 10580
f 10575 10576 10582
f 10575 10582 10581
f 10576 10577 10583
f 10576 10583 10582
f 10577 10578 10584
f 10577 10584 10583
f 10578 10573 10579
f 10578 10579 10584
f 10579 10580 10586
f 10579 10586 10585
f 10580 10581 10587
f 10580 10587 10586
f 10581 10582 10588
f 10581 10588 10587
f 10582 10583 10589
f 10582 10589 10588
f 10583 10584 10590
f 10583 10590 10589
f 10584 10579 10585
f 10584 10585 10590
f 10585 10586 10592
f 10585 10592 10591
f 10586 10587 10593
f 10586 10593 10592
f 10587 10588 10594
f 10587 10594 10593
f 10588 10589 10595
f 10588 10595 10594
f 10589 10590 10596
f 10589 10596 10595
f 10590 10585 10591
f 10590 10591 10596
f 10591 10592 10598
f 10591 10598 10597
f 10592 10593 10599
f 10592 10599 10598
f 10593 10594 10600
f 10593 10600 10599
f 10594 10595 10601
f 10594 10601 10600
f 10595 10596 10602
f 10595 10602 10601
f 10596 10591 10597
f 10596 10597 10602
f 10478 10477 10604
f 10479 10478 10604
f 10480 10479 10604
f 10481 10480 10604
f 10482 10481 10604
f 10477 10482 10604
f 10597 10598 10603
f 10598 10599 10603
f 10599 10600 10603
f 10600 10601 10603
f 10601 10602 10603
f 10602 10597 10603
f 10605 10606 10610
f 10605 10610 10609
f 10606 10607 10611
f 10606 10611 10610
f 10607 10608 10612
f 10607 10612 10611
f 10608 10605 10609
f 10608 10609 10612
f 10609 10610 10614
f 10609 10614 10613
f 10610 10611 10615
f 10610 10615 10614
f 10611 10612 10616
f 10611 10616 10615
f 10612 10609 10613
f 10612 10613 10616
f 10613 10614 10618
f 10613 10618 10617
f 10614 10615 10619
f 10614 10619 10618
f 10615 10616 10620
f 10615 10620 10619
f 10616 10613 10617
f 10616 10617 10620
f 10617 10618 10622
f 10617 10622 10621
f 10618 10619 10623
f 10618 10623 10622
f 10619 10620 10624
f 10619 10624 10623
f 10620 10617 10621
f 10620 10621 10624
f 10621 10622 10626
f 10621 10626 10625
f 10622 10623 10627
f 10622 10627 10626
f 10623 10624 10628
f 10623 10628 10627
f 10624 10621 10625
f 10624 10625 10628
f 10625 10626 10630
f 10625 10630 10629
f 10626 10627 10631
f 10626 10631 10630
f 10627 10628 10632
f 10627 10632 10631
f 10628 10625 10629
f 10628 10629 10632
f 10629 10630 10634
f 10629 10634 10633
f 10630 10631 10635
f 10630 10635 10634
f 10631 10632 10636
f 10631 10636 10635
f 10632 10629 10633
f 10632 10633 10636
f 10633 10634 10638
f 10633 10638 10637
f 10634 10635 10639
f 10634 10639 10638
f 10635 10636 10640
f 10635 10640 10639
f 10636 10633 10637
f 10636 10637 10640
f 10637 10638 10642
f 10637 10642 10641
f 10638 10639 10643
f 10638 10643 10642
f 10639 10640 10644
f 10639 10644 10643
f 10640 10637 10641
f 10640 10641 10644
f 10641 10642 10646
f 10641 10646 10645
f 10642 10643 10647
f 10642 10647 10646
f 10643 10644 10648
f 10643 10648 10647
f 10644 10641 10645
f 10644 10645 10648
f 10645 10646 10650
f 10645 10650 10649
f 10646 10647 10651
f 10646 10651 10650
f 10647 10648 10652
f 10647 10652 10651
f 10648 10645 10649
f 10648 10649 10652
f 10660 10662 10661
f 10660 10663 10662
f 10660 10665 10664
f 10660 10666 10665
f 10660 10661 10666
f 10655 10654 10661
f 10661 10662 10655
f 10656 10655 10662
f 10662 10663 10656
f 10653 10656 10663
f 10663 10660 10653
f 10658 10657 10664
f 10664 10665 10658
f 10657 10653 10660
f 10660 10664 10657
f 10659 10658 10665
f 10665 10666 10659
f 10654 10659 10666
f 10666 10661 10654
f 10675 10676 10674
f 10676 10677 10674
f 10678 10679 10674
f 10679 10680 10674
f 10680 10675 10674
f 10675 10668 10669
f 10669 10676 10675
f 10676 10669 10670
f 10670 10677 10676
f 10677 10670 10667
f 10667 10674 10677
f 10678 10671 10672
f 10672 10679 10678
f 10674 10667 10671
f 10671 10678 10674
f 10679 10672 10673
f 10673 10680 10679
f 10680 10673 10668
f 10668 10675 10680
f 10696 10695 10694
f 10696 10694 10693
f 10696 10693 10692
f 10696 10692 10691
f 10681 10696 10691
f 10682 10681 10691
f 10682 10691 10690
f 10683 10682 10690
f 10683 10690 10689
f 10684 10683 10689
f 10684 10689 10688
f 10685 10684 10688
f 10686 10685 10688
f 10687 10686 10688
f 10681 10682 10698
f 10681 10698 10697
f 10682 10683 10699
f 10682 10699 10698
f 10683 10684 10700
f 10683 10700 10699
f 10684 10685 10701
f 10684 10701 10700
f 10685 10686 10702
f 10685 10702 10701
f 10686 10687 10703
f 10686 10703 10702
f 10687 10688 10704
f 10687 10704 10703
f 10688 10689 10705
f 10688 10705 10704
f 10689 10690 10706
f 10689 10706 10705
f 10690 10691 10707
f 10690 10707 10706
f 10691 10692 10708
f 10691 10708 10707
f 10692 10693 10709
f 10692 10709 10708
f 10693 10694 10710
f 10693 10710 10709
f 10694 10695 10711
f 10694 10711 10710
f 10695 10696 10712
f 10695 10712 10711
f 10696 10681 10697
f 10696 10697 10712
f 10710 10711 10712
f 10709 10710 10712
f 10708 10709 10712
f 10707 10708 10712
f 10707 10712 10697
f 10707 10697 10698
f 10706 10707 10698
f 10706 10698 10699
f 10705 10706 10699
f 10705 10699 10700
f 10704 10705 10700
f 10704 10700 10701
f 10704 10701 10702
f 10704 10702 10703
f 10713 10714 10715
f 10713 10715 10716
f 10713 10717 10718
f 10713 10718 10714
f 10714 10718 10719
f 10714 10719 10715
f 10715 10719 10720
f 10715 10720 10716
f 10716 10720 10717
f 10716 10717 10713
f 10717 10720 10719
f 10717 10719 10718
f 10721 10722 10723
f 10721 10723 10724
f 10721 10725 10726
f 10721 10726 10722
f 10722 10726 10727
f 10722 10727 10723
f 10723 10727 10728
f 10723 10728 10724
f 10724 10728 10725
f 10724 10725 10721
f 10725 10728 10727
f 10725 10727 10726
f 10744 10743 10742
f 10744 10742 10741
f 10744 10741 10740
f 10744 10740 10739
f 10729 10744 10739
f 10730 10729 10739
f 10730 10739 10738
f 10731 10730 10738
f 10731 10738 10737
f 10732 10731 10737
f 10732 10737 10736
f 10733 10732 10736
f 10734 10733 10736
f 10735 10734 10736
f 10729 10730 10746
f 10729 10746 10745
f 10730 10731 10747
f 10730 10747 10746
f 10731 10732 10748
f 10731 10748 10747
f 10732 10733 10749
f 10732 10749 10748
f 10733 10734 10750
f 10733 10750 10749
f 10734 10735 10751
f 10734 10751 10750
f 10735 10736 10752
f 10735 10752 10751
f 10736 10737 10753
f 10736 10753 10752
f 10737 10738 10754
f 10737 10754 10753
f 10738 10739 10755
f 10738 10755 10754
f 10739 10740 10756
f 10739 10756 10755
f 10740 10741 10757
f 10740 10757 10756
f 10741 10742 10758
f 10741 10758 10757
f 10742 10743 10759
f 10742 10759 10758
f 10743 10744 10760
f 10743 10760 10759
f 10744 10729 10745
f 10744 10745 10760
f 10758 10759 10760
f 10757 10758 10760
f 10756 10757 10760
f 10755 10756 10760
f 10755 10760 10745
f 10755 10745 10746
f 10754 10755 10746
f 10754 10746 10747
f 10753 10754 10747
f 10753 10747 10748
f 10752 10753 10748
f 10752 10748 10749
f 10752 10749 10750
f 10752 10750 10751
f 10761 10762 10763
f 10761 10763 10764
f 10761 10765 10766
f 10761 10766 10762
f 10762 10766 10767
f 10762 10767 10763
f 10763 10767 10768
f 10763 10768 10764
f 10764 10768 10765
f 10764 10765 10761
f 10765 10768 10767
f 10765 10767 10766
f 10769 10770 10771
f 10769 10771 10772
f 10769 10773 10774
f 10769 10774 10770
f 10770 10774 10775
f 10770 10775 10771
f 10771 10775 10776
f 10771 10776 10772
f 10772 10776 10773
f 10772 10773 10769
f 10773 10776 10775
f 10773 10775 10774
f 10792 10791 10790
f 10792 10790 10789
f 10792 10789 10788
f 10792 10788 10787
f 10777 10792 10787
f 10778 10777 10787
f 10778 10787 10786
f 10779 10778 10786
f 10779 10786 10785
f 10780 10779 10785
f 10780 10785 10784
f 10781 10780 10784
f 10782 10781 10784
f 10783 10782 10784
f 10777 10778 10794
f 10777 10794 10793
f 10778 10779 10795
f 10778 10795 10794
f 10779 10780 10796
f 10779 10796 10795
f 10780 10781 10797
f 10780 10797 10796
f 10781 10782 10798
f 10781 10798 10797
f 10782 10783 10799
f 10782 10799 10798
f 10783 10784 10800
f 10783 10800 10799
f 10784 10785 10801
f 10784 10801 10800
f 10785 10786 10802
f 10785 10802 10801
f 10786 10787 10803
f 10786 10803 10802
f 10787 10788 10804
f 10787 10804 10803
f 10788 10789 10805
f 10788 10805 10804
f 10789 10790 10806
f 10789 10806 10805
f 10790 10791 10807
f 10790 10807 10806
f 10791 10792 10808
f 10791 10808 10807
f 10792 10777 10793
f 10792 10793 10808
f 10806 10807 10808
f 10805 10806 10808
f 10804 10805 10808
f 10803 10804 10808
f 10803 10808 10793
f 10803 10793 10794
f 10802 10803 10794
f 10802 10794 10795
f 10801 10802 10795
f 10801 10795 10796
f 10800 10801 10796
f 10800 10796 10797
f 10800 10797 10798
f 10800 10798 10799
f 10809 10810 10811
f 10809 10811 10812
f 10809 10813 10814
f 10809 10814 10810
f 10810 10814 10815
f 10810 10815 10811
f 10811 10815 10816
f 10811 10816 10812
f 10812 10816 10813
f 10812 10813 10809
f 10813 10816 10815
f 10813 10815 10814
f 10817 10818 10819
f 10817 10819 10820
f 10817 10821 10822
f 10817 10822 10818
f 10818 10822 10823
f 10818 10823 10819
f 10819 10823 10824
f 10819 10824 10820
f 10820 10824 10821
f 10820 10821 10817
f 10821 10824 10823
f 10821 10823 10822
f 10840 10839 10838
f 10840 10838 10837
f 10840 10837 10836
f 10840 10836 10835
f 10825 10840 10835
f 10826 10825 10835
f 10826 10835 10834
f 10827 10826 10834
f 10827 10834 10833
f 10828 10827 10833
f 10828 10833 10832
f 10829 10828 10832
f 10830 10829 10832
f 10831 10830 10832
f 10825 10826 10842
f 10825 10842 10841
f 10826 10827 10843
f 10826 10843 10842
f 10827 10828 10844
f 10827 10844 10843
f 10828 10829 10845
f 10828 10845 10844
f 10829 10830 10846
f 10829 10846 10845
f 10830 10831 10847
f 10830 10847 10846
f 10831 10832 10848
f 10831 10848 10847
f 10832 10833 10849
f 10832 10849 10848
f 10833 10834 10850
f 10833 10850 10849
f 10834 10835 10851
f 10834 10851 10850
f 10835 10836 10852
f 10835 10852 10851
f 10836 10837 10853
f 10836 10853 10852
f 10837 10838 10854
f 10837 10854 10853
f 10838 10839 10855
f 10838 10855 10854
f 10839 10840 10856
f 10839 10856 10855
f 10840 10825 10841
f 10840 10841 10856
f 10854 10855 10856
f 10853 10854 10856
f 10852 10853 10856
f 10851 10852 10856
f 10851 10856 10841
f 10851 10841 10842
f 10850 10851 10842
f 10850 10842 10843
f 10849 10850 10843
f 10849 10843 10844
f 10848 10849 10844
f 10848 10844 10845
f 10848 10845 10846
f 10848 10846 10847
f 10857 10858 10859
f 10857 10859 10860
f 10857 10861 10862
f 10857 10862 10858
f 10858 10862 10863
f 10858 10863 10859
f 10859 10863 10864
f 10859 10864 10860
f 10860 10864 10861
f 10860 10861 10857
f 10861 10864 10863
f 10861 10863 10862
f 10865 10866 10867
f 10865 10867 10868
f 10865 10869 10870
f 10865 10870 10866
f 10866 10870 10871
f 10866 10871 10867
f 10867 10871 10872
f 10867 10872 10868
f 10868 10872 10869
f 10868 10869 10865
f 10869 10872 10871
f 10869 10871 10870
f 10888 10887 10886
f 10888 10886 10885
f 10888 10885 10884
f 10888 10884 10883
f 10873 10888 10883
f 10874 10873 10883
f 10874 10883 10882
f 10875 10874 10882
f 10875 10882 10881
f 10876 10875 10881
f 10876 10881 10880
f 10877 10876 10880
f 10878 10877 10880
f 10879 10878 10880
f 10873 10874 10890
f 10873 10890 10889
f 10874 10875 10891
f 10874 10891 10890
f 10875 10876 10892
f 10875 10892 10891
f 10876 10877 10893
f 10876 10893 10892
f 10877 10878 10894
f 10877 10894 10893
f 10878 10879 10895
f 10878 10895 10894
f 10879 10880 10896
f 10879 10896 10895
f 10880 10881 10897
f 10880 10897 10896
f 10881 10882 10898
f 10881 10898 10897
f 10882 10883 10899
f 10882 10899 10898
f 10883 10884 10900
f 10883 10900 10899
f 10884 10885 10901
f 10884 10901 10900
f 10885 10886 10902
f 10885 10902 10901
f 10886 10887 10903
f 10886 10903 10902
f 10887 10888 10904
f 10887 10904 10903
f 10888 10873 10889
f 10888 10889 10904
f 10902 10903 10904
f 10901 10902 10904
f 10900 10901 10904
f 10899 10900 10904
f 10899 10904 10889
f 10899 10889 10890
f 10898 10899 10890
f 10898 10890 10891
f 10897 10898 10891
f 10897 10891 10892
f 10896 10897 10892
f 10896 10892 10893
f 10896 10893 10894
f 10896 10894 10895
f 10905 10906 10907
f 10905 10907 10908
f 10905 10909 10910
f 10905 10910 10906
f 10906 10910 10911
f 10906 10911 10907
f 10907 10911 10912
f 10907 10912 10908
f 10908 10912 10909
f 10908 10909 10905
f 10909 10912 10911
f 10909 10911 10910
f 10913 10914 10915
f 10913 10915 10916
f 10913 10917 10918
f 10913 10918 10914
f 10914 10918 10919
f 10914 10919 10915
f 10915 10919 10920
f 10915 10920 10916
f 10916 10920 10917
f 10916 10917 10913
f 10917 10920 10919
f 10917 10919 10918
f 10936 10935 10934
f 10936 10934 10933
f 10936 10933 10932
f 10936 10932 10931
f 10921 10936 10931
f 10922 10921 10931
f 10922 10931 10930
f 10923 10922 10930
f 10923 10930 10929
f 10924 10923 10929
f 10924 10929 10928
f 10925 10924 10928
f 10926 10925 10928
f 10927 10926 10928
f 10921 10922 10938
f 10921 10938 10937
f 10922 10923 10939
f 10922 10939 10938
f 10923 10924 10940
f 10923 10940 10939
f 10924 10925 10941
f 10924 10941 10940
f 10925 10926 10942
f 10925 10942 10941
f 10926 10927 10943
f 10926 10943 10942
f 10927 10928 10944
f 10927 10944 10943
f 10928 10929 10945
f 10928 10945 10944
f 10929 10930 10946
f 10929 10946 10945
f 10930 10931 10947
f 10930 10947 10946
f 10931 10932 10948
f 10931 10948 10947
f 10932 10933 10949
f 10932 10949 10948
f 10933 10934 10950
f 10933 10950 10949
f 10934 10935 10951
f 10934 10951 10950
f 10935 10936 10952
f 10935 10952 10951
f 10936 10921 10937
f 10936 10937 10952
f 10950 10951 10952
f 10949 10950 10952
f 10948 10949 10952
f 10947 10948 10952
f 10947 10952 10937
f 10947 10937 10938
f 10946 10947 10938
f 10946 10938 10939
f 10945 10946 10939
f 10945 10939 10940
f 10944 10945 10940
f 10944 10940 10941
f 10944 10941 10942
f 10944 10942 10943
f 10953 10954 10955
f 10953 10955 10956
f 10953 10957 10958
f 10953 10958 10954
f 10954 10958 10959
f 10954 10959 10955
f 10955 10959 10960
f 10955 10960 10956
f 10956 10960 10957
f 10956 10957 10953
f 10957 10960 10959
f 10957 10959 10958
f 10961 10962 10963
f 10961 10963 10964
f 10961 10965 10966
f 10961 10966 10962
f 10962 10966 10967
f 10962 10967 10963
f 10963 10967 10968
f 10963 10968 10964
f 10964 10968 10965
f 10964 10965 10961
f 10965 10968 10967
f 10965 10967 10966
f 10984 10983 10982
f 10984 10982 10981
f 10984 10981 10980
f 10984 10980 10979
f 10969 10984 10979
f 10970 10969 10979
f 10970 10979 10978
f 10971 10970 10978
f 10971 10978 10977
f 10972 10971 10977
f 10972 10977 10976
f 10973 10972 10976
f 10974 10973 10976
f 10975 10974 10976
f 10969 10970 10986
f 10969 10986 10985
f 10970 10971 10987
f 10970 10987 10986
f 10971 10972 10988
f 10971 10988 10987
f 10972 10973 10989
f 10972 10989 10988
f 10973 10974 10990
f 10973 10990 10989
f 10974 10975 10991
f 10974 10991 10990
f 10975 10976 10992
f 10975 10992 10991
f 10976 10977 10993
f 10976 10993 10992
f 10977 10978 10994
f 10977 10994 10993
f 10978 10979 10995
f 10978 10995 10994
f 10979 10980 10996
f 10979 10996 10995
f 10980 10981 10997
f 10980 10997 10996
f 10981 10982 10998
f 10981 10998 10997
f 10982 10983 10999
f 10982 10999 10998
f 10983 10984 11000
f 10983 11000 10999
f 10984 10969 10985
f 10984 10985 11000
f 10998 10999 11000
f 10997 10998 11000
f 10996 10997 11000
f 10995 10996 11000
f 10995 11000 10985
f 10995 10985 10986
f 10994 10995 10986
f 10994 10986 10987
f 10993 10994 10987
f 10993 10987 10988
f 10992 10993 10988
f 10992 10988 10989
f 10992 10989 10990
f 10992 10990 10991
f 11001 11002 11003
f 11001 11003 11004
f 11001 11005 11006
f 11001 11006 11002
f 11002 11006 11007
f 11002 11007 11003
f 11003 11007 11008
f 11003 11008 11004
f 11004 11008 11005
f 11004 11005 11001
f 11005 11008 11007
f 11005 11007 11006
f 11009 11010 11011
f 11009 11011 11012
f 11009 11013 11014
f 11009 11014 11010
f 11010 11014 11015
f 11010 11015 11011
f 11011 11015 11016
f 11011 11016 11012
f 11012 11016 11013
f 11012 11013 11009
f 11013 11016 11015
f 11013 11015 11014
f 11032 11031 11030
f 11032 11030 11029
f 11032 11029 11028
f 11032 11028 11027
f 11017 11032 11027
f 11018 11017 11027
f 11018 11027 11026
f 11019 11018 11026
f 11019 11026 11025
f 11020 11019 11025
f 11020 11025 11024
f 11021 11020 11024
f 11022 11021 11024
f 11023 11022 11024
f 11017 11018 11034
f 11017 11034 11033
f 11018 11019 11035
f 11018 11035 11034
f 11019 11020 11036
f 11019 11036 11035
f 11020 11021 11037
f 11020 11037 11036
f 11021 11022 11038
f 11021 11038 11037
f 11022 11023 11039
f 11022 11039 11038
f 11023 11024 11040
f 11023 11040 11039
f 11024 11025 11041
f 11024 11041 11040
f 11025 11026 11042
f 11025 11042 11041
f 11026 11027 11043
f 11026 11043 11042
f 11027 11028 11044
f 11027 11044 11043
f 11028 11029 11045
f 11028 11045 11044
f 11029 11030 11046
f 11029 11046 11045
f 11030 11031 11047
f 11030 11047 11046
f 11031 11032 11048
f 11031 11048 11047
f 11032 11017 11033
f 11032 11033 11048
f 11046 11047 11048
f 11045 11046 11048
f 11044 11045 11048
f 11043 11044 11048
f 11043 11048 11033
f 11043 11033 11034
f 11042 11043 11034
f 11042 11034 11035
f 11041 11042 11035
f 11041 11035 11036
f 11040 11041 11036
f 11040 11036 11037
f 11040 11037 11038
f 11040 11038 11039
f 11049 11050 11051
f 11049 11051 11052
f 11049 11053 11054
f 11049 11054 11050
f 11050 11054 11055
f 11050 11055 11051
f 11051 11055 11056
f 11051 11056 11052
f 11052 11056 11053
f 11052 11053 11049
f 11053 11056 11055
f 11053 11055 11054
f 11057 11058 11059
f 11057 11059 11060
f 11057 11061 11062
f 11057 11062 11058
f 11058 11062 11063
f 11058 11063 11059
f 11059 11063 11064
f 11059 11064 11060
f 11060 11064 11061
f 11060 11061 11057
f 11061 11064 11063
f 11061 11063 11062
f 11080 11079 11078
f 11080 11078 11077
f 11080 11077 11076
f 11080 11076 11075
f 11065 11080 11075
f 11066 11065 11075
f 11066 11075 11074
f 11067 11066 11074
f 11067 11074 11073
f 11068 11067 11073
f 11068 11073 11072
f 11069 11068 11072
f 11070 11069 11072
f 11071 11070 11072
f 11065 11066 11082
f 11065 11082 11081
f 11066 11067 11083
f 11066 11083 11082
f 11067 11068 11084
f 11067 11084 11083
f 11068 11069 11085
f 11068 11085 11084
f 11069 11070 11086
f 11069 11086 11085
f 11070 11071 11087
f 11070 11087 11086
f 11071 11072 11088
f 11071 11088 11087
f 11072 11073 11089
f 11072 11089 11088
f 11073 11074 11090
f 11073 11090 11089
f 11074 11075 11091
f 11074 11091 11090
f 11075 11076 11092
f 11075 11092 11091
f 11076 11077 11093
f 11076 11093 11092
f 11077 11078 11094
f 11077 11094 11093
f 11078 11079 11095
f 11078 11095 11094
f 11079 11080 11096
f 11079 11096 11095
f 11080 11065 11081
f 11080 11081 11096
f 11094 11095 11096
f 11093 11094 11096
f 11092 11093 11096
f 11091 11092 11096
f 11091 11096 11081
f 11091 11081 11082
f 11090 11091 11082
f 11090 11082 11083
f 11089 11090 11083
f 11089 11083 11084
f 11088 11089 11084
f 11088 11084 11085
f 11088 11085 11086
f 11088 11086 11087
f 11097 11098 11099
f 11097 11099 11100
f 11097 11101 11102
f 11097 11102 11098
f 11098 11102 11103
f 11098 11103 11099
f 11099 11103 11104
f 11099 11104 11100
f 11100 11104 11101
f 11100 11101 11097
f 11101 11104 11103
f 11101 11103 11102
f 11105 11106 11107
f 11105 11107 11108
f 11105 11109 11110
f 11105 11110 11106
f 11106 11110 11111
f 11106 11111 11107
f 11107 11111 11112
f 11107 11112 11108
f 11108 11112 11109
f 11108 11109 11105
f 11109 11112 11111
f 11109 11111 11110
f 11128 11127 11126
f 11128 11126 11125
f 11128 11125 11124
f 11128 11124 11123
f 11113 11128 11123
f 11114 11113 11123
f 11114 11123 11122
f 11115 11114 11122
f 11115 11122 11121
f 11116 11115 11121
f 11116 11121 11120
f 11117 11116 11120
f 11118 11117 11120
f 11119 11118 11120
f 11113 11114 11130
f 11113 11130 11129
f 11114 11115 11131
f 11114 11131 11130
f 11115 11116 11132
f 11115 11132 11131
f 11116 11117 11133
f 11116 11133 11132
f 11117 11118 11134
f 11117 11134 11133
f 11118 11119 11135
f 11118 11135 11134
f 11119 11120 11136
f 11119 11136 11135
f 11120 11121 11137
f 11120 11137 11136
f 11121 11122 11138
f 11121 11138 11137
f 11122 11123 11139
f 11122 11139 11138
f 11123 11124 11140
f 11123 11140 11139
f 11124 11125 11141
f 11124 11141 11140
f 11125 11126 11142
f 11125 11142 11141
f 11126 11127 11143
f 11126 11143 11142
f 11127 11128 11144
f 11127 11144 11143
f 11128 11113 11129
f 11128 11129 11144
f 11142 11143 11144
f 11141 11142 11144
f 11140 11141 11144
f 11139 11140 11144
f 11139 11144 11129
f 11139 11129 11130
f 11138 11139 11130
f 11138 11130 11131
f 11137 11138 11131
f 11137 11131 11132
f 11136 11137 11132
f 11136 11132 11133
f 11136 11133 11134
f 11136 11134 11135
f 11145 11146 11147
f 11145 11147 11148
f 11145 11149 11150
f 11145 11150 11146
f 11146 11150 11151
f 11146 11151 11147
f 11147 11151 11152
f 11147 11152 11148
f 11148 11152 11149
f 11148 11149 11145
f 11149 11152 11151
f 11149 11151 11150
f 11153 11154 11155
f 11153 11155 11156
f 11153 11157 11158
f 11153 11158 11154
f 11154 11158 11159
f 11154 11159 11155
f 11155 11159 11160
f 11155 11160 11156
f 11156 11160 11157
f 11156 11157 11153
f 11157 11160 11159
f 11157 11159 11158
f 11176 11175 11174
f 11176 11174 11173
f 11176 11173 11172
f 11176 11172 11171
f 11161 11176 11171
f 11162 11161 11171
f 11162 11171 11170
f 11163 11162 11170
f 11163 11170 11169
f 11164 11163 11169
f 11164 11169 11168
f 11165 11164 11168
f 11166 11165 11168
f 11167 11166 11168
f 11161 11162 11178
f 11161 11178 11177
f 11162 11163 11179
f 11162 11179 11178
f 11163 11164 11180
f 11163 11180 11179
f 11164 11165 11181
f 11164 11181 11180
f 11165 11166 11182
f 11165 11182 11181
f 11166 11167 11183
f 11166 11183 11182
f 11167 11168 11184
f 11167 11184 11183
f 11168 11169 11185
f 11168 11185 11184
f 11169 11170 11186
f 11169 11186 11185
f 11170 11171 11187
f 11170 11187 11186
f 11171 11172 11188
f 11171 11188 11187
f 11172 11173 11189
f 11172 11189 11188
f 11173 11174 11190
f 11173 11190 11189
f 11174 11175 11191
f 11174 11191 11190
f 11175 11176 11192
f 11175 11192 11191
f 11176 11161 11177
f 11176 11177 11192
f 11190 11191 11192
f 11189 11190 11192
f 11188 11189 11192
f 11187 11188 11192
f 11187 11192 11177
f 11187 11177 11178
f 11186 11187 11178
f 11186 11178 11179
f 11185 11186 11179
f 11185 11179 11180
f 11184 11185 11180
f 11184 11180 11181
f 11184 11181 11182
f 11184 11182 11183
f 11193 11194 11195
f 11193 11195 11196
f 11193 11197 11198
f 11193 11198 11194
f 11194 11198 11199
f 11194 11199 11195
f 11195 11199 11200
f 11195 11200 11196
f 11196 11200 11197
f 11196 11197 11193
f 11197 11200 11199
f 11197 11199 11198
f 11201 11202 11203
f 11201 11203 11204
f 11201 11205 11206
f 11201 11206 11202
f 11202 11206 11207
f 11202 11207 11203
f 11203 11207 11208
f 11203 11208 11204
f 11204 11208 11205
f 11204 11205 11201
f 11205 11208 11207
f 11205 11207 11206
f 11224 11223 11222
f 11224 11222 11221
f 11224 11221 11220
f 11224 11220 11219
f 11209 11224 11219
f 11210 11209 11219
f 11210 11219 11218
f 11211 11210 11218
f 11211 11218 11217
f 11212 11211 11217
f 11212 11217 11216
f 11213 11212 11216
f 11214 11213 11216
f 11215 11214 11216
f 11209 11210 11226
f 11209 11226 11225
f 11210 11211 11227
f 11210 11227 11226
f 11211 11212 11228
f 11211 11228 11227
f 11212 11213 11229
f 11212 11229 11228
f 11213 11214 11230
f 11213 11230 11229
f 11214 11215 11231
f 11214 11231 11230
f 11215 11216 11232
f 11215 11232 11231
f 11216 11217 11233
f 11216 11233 11232
f 11217 11218 11234
f 11217 11234 11233
f 11218 11219 11235
f 11218 11235 11234
f 11219 11220 11236
f 11219 11236 11235
f 11220 11221 11237
f 11220 11237 11236
f 11221 11222 11238
f 11221 11238 11237
f 11222 11223 11239
f 11222 11239 11238
f 11223 11224 11240
f 11223 11240 11239
f 11224 11209 11225
f 11224 11225 11240
f 11238 11239 11240
f 11237 11238 11240
f 11236 11237 11240
f 11235 11236 11240
f 11235 11240 11225
f 11235 11225 11226
f 11234 11235 11226
f 11234 11226 11227
f 11233 11234 11227
f 11233 11227 11228
f 11232 11233 11228
f 11232 11228 11229
f 11232 11229 11230
f 11232 11230 11231
f 11241 11242 11243
f 11241 11243 11244
f 11241 11245 11246
f 11241 11246 11242
f 11242 11246 11247
f 11242 11247 11243
f 11243 11247 11248
f 11243 11248 11244
f 11244 11248 11245
f 11244 11245 11241
f 11245 11248 11247
f 11245 11247 11246
f 11249 11250 11251
f 11249 11251 11252
f 11249 11253 11254
f 11249 11254 11250
f 11250 11254 11255
f 11250 11255 11251
f 11251 11255 11256
f 11251 11256 11252
f 11252 11256 11253
f 11252 11253 11249
f 11253 11256 11255
f 11253 11255 11254
f 11272 11271 11270
f 11272 11270 11269
f 11272 11269 11268
f 11272 11268 11267
f 11257 11272 11267
f 11258 11257 11267
f 11258 11267 11266
f 11259 11258 11266
f 11259 11266 11265
f 11260 11259 11265
f 11260 11265 11264
f 11261 11260 11264
f 11262 11261 11264
f 11263 11262 11264
f 11257 11258 11274
f 11257 11274 11273
f 11258 11259 11275
f 11258 11275 11274
f 11259 11260 11276
f 11259 11276 11275
f 11260 11261 11277
f 11260 11277 11276
f 11261 11262 11278
f 11261 11278 11277
f 11262 11263 11279
f 11262 11279 11278
f 11263 11264 11280
f 11263 11280 11279
f 11264 11265 11281
f 11264 11281 11280
f 11265 11266 11282
f 11265 11282 11281
f 11266 11267 11283
f 11266 11283 11282
f 11267 11268 11284
f 11267 11284 11283
f 11268 11269 11285
f 11268 11285 11284
f 11269 11270 11286
f 11269 11286 11285
f 11270 11271 11287
f 11270 11287 11286
f 11271 11272 11288
f 11271 11288 11287
f 11272 11257 11273
f 11272 11273 11288
f 11286 11287 11288
f 11285 11286 11288
f 11284 11285 11288
f 11283 11284 11288
f 11283 11288 11273
f 11283 11273 11274
f 11282 11283 11274
f 11282 11274 11275
f 11281 11282 11275
f 11281 11275 11276
f 11280 11281 11276
f 11280 11276 11277
f 11280 11277 11278
f 11280 11278 11279
f 11289 11290 11291
f 11289 11291 11292
f 11289 11293 11294
f 11289 11294 11290
f 11290 11294 11295
f 11290 11295 11291
f 11291 11295 11296
f 11291 11296 11292
f 11292 11296 11293
f 11292 11293 11289
f 11293 11296 11295
f 11293 11295 11294
f 11297 11298 11299
f 11297 11299 11300
f 11297 11301 11302
f 11297 11302 11298
f 11298 11302 11303
f 11298 11303 11299
f 11299 11303 11304
f 11299 11304 11300
f 11300 11304 11301
f 11300 11301 11297
f 11301 11304 11303
f 11301 11303 11302
f 11320 11319 11318
f 11320 11318 11317
f 11320 11317 11316
f 11320 11316 11315
f 11305 11320 11315
f 11306 11305 11315
f 11306 11315 11314
f 11307 11306 11314
f 11307 11314 11313
f 11308 11307 11313
f 11308 11313 11312
f 11309 11308 11312
f 11310 11309 11312
f 11311 11310 11312
f 11305 11306 11322
f 11305 11322 11321
f 11306 11307 11323
f 11306 11323 11322
f 11307 11308 11324
f 11307 11324 11323
f 11308 11309 11325
f 11308 11325 11324
f 11309 11310 11326
f 11309 11326 11325
f 11310 11311 11327
f 11310 11327 11326
f 11311 11312 11328
f 11311 11328 11327
f 11312 11313 11329
f 11312 11329 11328
f 11313 11314 11330
f 11313 11330 11329
f 11314 11315 11331
f 11314 11331 11330
f 11315 11316 11332
f 11315 11332 11331
f 11316 11317 11333
f 11316 11333 11332
f 11317 11318 11334
f 11317 11334 11333
f 11318 11319 11335
f 11318 11335 11334
f 11319 11320 11336
f 11319 11336 11335
f 11320 11305 11321
f 11320 11321 11336
f 11334 11335 11336
f 11333 11334 11336
f 11332 11333 11336
f 11331 11332 11336
f 11331 11336 11321
f 11331 11321 11322
f 11330 11331 11322
f 11330 11322 11323
f 11329 11330 11323
f 11329 11323 11324
f 11328 11329 11324
f 11328 11324 11325
f 11328 11325 11326
f 11328 11326 11327
f 11337 11338 11339
f 11337 11339 11340
f 11337 11341 11342
f 11337 11342 11338
f 11338 11342 11343
f 11338 11343 11339
f 11339 11343 11344
f 11339 11344 11340
f 11340 11344 11341
f 11340 11341 11337
f 11341 11344 11343
f 11341 11343 11342
f 11345 11346 11347
f 11345 11347 11348
f 11345 11349 11350
f 11345 11350 11346
f 11346 11350 11351
f 11346 11351 11347
f 11347 11351 11352
f 11347 11352 11348
f 11348 11352 11349
f 11348 11349 11345
f 11349 11352 11351
f 11349 11351 11350
f 11368 11367 11366
f 11368 11366 11365
f 11368 11365 11364
f 11368 11364 11363
f 11353 11368 11363
f 11354 11353 11363
f 11354 11363 11362
f 11355 11354 11362
f 11355 11362 11361
f 11356 11355 11361
f 11356 11361 11360
f 11357 11356 11360
f 11358 11357 11360
f 11359 11358 11360
f 11353 11354 11370
f 11353 11370 11369
f 11354 11355 11371
f 11354 11371 11370
f 11355 11356 11372
f 11355 11372 11371
f 11356 11357 11373
f 11356 11373 11372
f 11357 11358 11374
f 11357 11374 11373
f 11358 11359 11375
f 11358 11375 11374
f 11359 11360 11376
f 11359 11376 11375
f 11360 11361 11377
f 11360 11377 11376
f 11361 11362 11378
f 11361 11378 11377
f 11362 11363 11379
f 11362 11379 11378
f 11363 11364 11380
f 11363 11380 11379
f 11364 11365 11381
f 11364 11381 11380
f 11365 11366 11382
f 11365 11382 11381
f 11366 11367 11383
f 11366 11383 11382
f 11367 11368 11384
f 11367 11384 11383
f 11368 11353 11369
f 11368 11369 11384
f 11382 11383 11384
f 11381 11382 11384
f 11380 11381 11384
f 11379 11380 11384
f 11379 11384 11369
f 11379 11369 11370
f 11378 11379 11370
f 11378 11370 11371
f 11377 11378 11371
f 11377 11371 11372
f 11376 11377 11372
f 11376 11372 11373
f 11376 11373 11374
f 11376 11374 11375
f 11385 11386 11387
f 11385 11387 11388
f 11385 11389 11390
f 11385 11390 11386
f 11386 11390 11391
f 11386 11391 11387
f 11387 11391 11392
f 11387 11392 11388
f 11388 11392 11389
f 11388 11389 11385
f 11389 11392 11391
f 11389 11391 11390
f 11393 11394 11395
f 11393 11395 11396
f 11393 11397 11398
f 11393 11398 11394
f 11394 11398 11399
f 11394 11399 11395
f 11395 11399 11400
f 11395 11400 11396
f 11396 11400 11397
f 11396 11397 11393
f 11397 11400 11399
f 11397 11399 11398
f 11416 11415 11414
f 11416 11414 11413
f 11416 11413 11412
f 11416 11412 11411
f 11401 11416 11411
f 11402 11401 11411
f 11402 11411 11410
f 11403 11402 11410
f 11403 11410 11409
f 11404 11403 11409
f 11404 11409 11408
f 11405 11404 11408
f 11406 11405 11408
f 11407 11406 11408
f 11401 11402 11418
f 11401 11418 11417
f 11402 11403 11419
f 11402 11419 11418
f 11403 11404 11420
f 11403 11420 11419
f 11404 11405 11421
f 11404 11421 11420
f 11405 11406 11422
f 11405 11422 11421
f 11406 11407 11423
f 11406 11423 11422
f 11407 11408 11424
f 11407 11424 11423
f 11408 11409 11425
f 11408 11425 11424
f 11409 11410 11426
f 11409 11426 11425
f 11410 11411 11427
f 11410 11427 11426
f 11411 11412 11428
f 11411 11428 11427
f 11412 11413 11429
f 11412 11429 11428
f 11413 11414 11430
f 11413 11430 11429
f 11414 11415 11431
f 11414 11431 11430
f 11415 11416 11432
f 11415 11432 11431
f 11416 11401 11417
f 11416 11417 11432
f 11430 11431 11432
f 11429 11430 11432
f 11428 11429 11432
f 11427 11428 11432
f 11427 11432 11417
f 11427 11417 11418
f 11426 11427 11418
f 11426 11418 11419
f 11425 11426 11419
f 11425 11419 11420
f 11424 11425 11420
f 11424 11420 11421
f 11424 11421 11422
f 11424 11422 11423
f 11433 11434 11435
f 11433 11435 11436
f 11433 11437 11438
f 11433 11438 11434
f 11434 11438 11439
f 11434 11439 11435
f 11435 11439 11440
f 11435 11440 11436
f 11436 11440 11437
f 11436 11437 11433
f 11437 11440 11439
f 11437 11439 11438
f 11441 11442 11443
f 11441 11443 11444
f 11441 11445 11446
f 11441 11446 11442
f 11442 11446 11447
f 11442 11447 11443
f 11443 11447 11448
f 11443 11448 11444
f 11444 11448 11445
f 11444 11445 11441
f 11445 11448 11447
f 11445 11447 11446
f 11464 11463 11462
f 11464 11462 11461
f 11464 11461 11460
f 11464 11460 11459
f 11449 11464 11459
f 11450 11449 11459
f 11450 11459 11458
f 11451 11450 11458
f 11451 11458 11457
f 11452 11451 11457
f 11452 11457 11456
f 11453 11452 11456
f 11454 11453 11456
f 11455 11454 11456
f 11449 11450 11466
f 11449 11466 11465
f 11450 11451 11467
f 11450 11467 11466
f 11451 11452 11468
f 11451 11468 11467
f 11452 11453 11469
f 11452 11469 11468
f 11453 11454 11470
f 11453 11470 11469
f 11454 11455 11471
f 11454 11471 11470
f 11455 11456 11472
f 11455 11472 11471
f 11456 11457 11473
f 11456 11473 11472
f 11457 11458 11474
f 11457 11474 11473
f 11458 11459 11475
f 11458 11475 11474
f 11459 11460 11476
f 11459 11476 11475
f 11460 11461 11477
f 11460 11477 11476
f 11461 11462 11478
f 11461 11478 11477
f 11462 11463 11479
f 11462 11479 11478
f 11463 11464 11480
f 11463 11480 11479
f 11464 11449 11465
f 11464 11465 11480
f 11478 11479 11480
f 11477 11478 11480
f 11476 11477 11480
f 11475 11476 11480
f 11475 11480 11465
f 11475 11465 11466
f 11474 11475 11466
f 11474 11466 11467
f 11473 11474 11467
f 11473 11467 11468
f 11472 11473 11468
f 11472 11468 11469
f 11472 11469 11470
f 11472 11470 11471
f 11481 11482 11483
f 11481 11483 11484
f 11481 11485 11486
f 11481 11486 11482
f 11482 11486 11487
f 11482 11487 11483
f 11483 11487 11488
f 11483 11488 11484
f 11484 11488 11485
f 11484 11485 11481
f 11485 11488 11487
f 11485 11487 11486
f 11489 11490 11491
f 11489 11491 11492
f 11489 11493 11494
f 11489 11494 11490
f 11490 11494 11495
f 11490 11495 11491
f 11491 11495 11496
f 11491 11496 11492
f 11492 11496 11493
f 11492 11493 11489
f 11493 11496 11495
f 11493 11495 11494
f 11512 11511 11510
f 11512 11510 11509
f 11512 11509 11508
f 11512 11508 11507
f 11497 11512 11507
f 11498 11497 11507
f 11498 11507 11506
f 11499 11498 11506
f 11499 11506 11505
f 11500 11499 11505
f 11500 11505 11504
f 11501 11500 11504
f 11502 11501 11504
f 11503 11502 11504
f 11497 11498 11514
f 11497 11514 11513
f 11498 11499 11515
f 11498 11515 11514
f 11499 11500 11516
f 11499 11516 11515
f 11500 11501 11517
f 11500 11517 11516
f 11501 11502 11518
f 11501 11518 11517
f 11502 11503 11519
f 11502 11519 11518
f 11503 11504 11520
f 11503 11520 11519
f 11504 11505 11521
f 11504 11521 11520
f 11505 11506 11522
f 11505 11522 11521
f 11506 11507 11523
f 11506 11523 11522
f 11507 11508 11524
f 11507 11524 11523
f 11508 11509 11525
f 11508 11525 11524
f 11509 11510 11526
f 11509 11526 11525
f 11510 11511 11527
f 11510 11527 11526
f 11511 11512 11528
f 11511 11528 11527
f 11512 11497 11513
f 11512 11513 11528
f 11526 11527 11528
f 11525 11526 11528
f 11524 11525 11528
f 11523 11524 11528
f 11523 11528 11513
f 11523 11513 11514
f 11522 11523 11514
f 11522 11514 11515
f 11521 11522 11515
f 11521 11515 11516
f 11520 11521 11516
f 11520 11516 11517
f 11520 11517 11518
f 11520 11518 11519
f 11529 11530 11531
f 11529 11531 11532
f 11529 11533 11534
f 11529 11534 11530
f 11530 11534 11535
f 11530 11535 11531
f 11531 11535 11536
f 11531 11536 11532
f 11532 11536 11533
f 11532 11533 11529
f 11533 11536 11535
f 11533 11535 11534
f 11537 11538 11539
f 11537 11539 11540
f 11537 11541 11542
f 11537 11542 11538
f 11538 11542 11543
f 11538 11543 11539
f 11539 11543 11544
f 11539 11544 11540
f 11540 11544 11541
f 11540 11541 11537
f 11541 11544 11543
f 11541 11543 11542
f 11560 11559 11558
f 11560 11558 11557
f 11560 11557 11556
f 11560 11556 11555
f 11545 11560 11555
f 11546 11545 11555
f 11546 11555 11554
f 11547 11546 11554
f 11547 11554 11553
f 11548 11547 11553
f 11548 11553 11552
f 11549 11548 11552
f 11550 11549 11552
f 11551 11550 11552
f 11545 11546 11562
f 11545 11562 11561
f 11546 11547 11563
f 11546 11563 11562
f 11547 11548 11564
f 11547 11564 11563
f 11548 11549 11565
f 11548 11565 11564
f 11549 11550 11566
f 11549 11566 11565
f 11550 11551 11567
f 11550 11567 11566
f 11551 11552 11568
f 11551 11568 11567
f 11552 11553 11569
f 11552 11569 11568
f 11553 11554 11570
f 11553 11570 11569
f 11554 11555 11571
f 11554 11571 11570
f 11555 11556 11572
f 11555 11572 11571
f 11556 11557 11573
f 11556 11573 11572
f 11557 11558 11574
f 11557 11574 11573
f 11558 11559 11575
f 11558 11575 11574
f 11559 11560 11576
f 11559 11576 11575
f 11560 11545 11561
f 11560 11561 11576
f 11574 11575 11576
f 11573 11574 11576
f 11572 11573 11576
f 11571 11572 11576
f 11571 11576 11561
f 11571 11561 11562
f 11570 11571 11562
f 11570 11562 11563
f 11569 11570 11563
f 11569 11563 11564
f 11568 11569 11564
f 11568 11564 11565
f 11568 11565 11566
f 11568 11566 11567
f 11577 11578 11579
f 11577 11579 11580
f 11577 11581 11582
f 11577 11582 11578
f 11578 11582 11583
f 11578 11583 11579
f 11579 11583 11584
f 11579 11584 11580
f 11580 11584 11581
f 11580 11581 11577
f 11581 11584 11583
f 11581 11583 11582
f 11585 11586 11587
f 11585 11587 11588
f 11585 11589 11590
f 11585 11590 11586
f 11586 11590 11591
f 11586 11591 11587
f 11587 11591 11592
f 11587 11592 11588
f 11588 11592 11589
f 11588 11589 11585
f 11589 11592 11591
f 11589 11591 11590
f 11608 11607 11606
f 11608 11606 11605
f 11608 11605 11604
f 11608 11604 11603
f 11593 11608 11603
f 11594 11593 11603
f 11594 11603 11602
f 11595 11594 11602
f 11595 11602 11601
f 11596 11595 11601
f 11596 11601 11600
f 11597 11596 11600
f 11598 11597 11600
f 11599 11598 11600
f 11593 11594 11610
f 11593 11610 11609
f 11594 11595 11611
f 11594 11611 11610
f 11595 11596 11612
f 11595 11612 11611
f 11596 11597 11613
f 11596 11613 11612
f 11597 11598 11614
f 11597 11614 11613
f 11598 11599 11615
f 11598 11615 11614
f 11599 11600 11616
f 11599 11616 11615
f 11600 11601 11617
f 11600 11617 11616
f 11601 11602 11618
f 11601 11618 11617
f 11602 11603 11619
f 11602 11619 11618
f 11603 11604 11620
f 11603 11620 11619
f 11604 11605 11621
f 11604 11621 11620
f 11605 11606 11622
f 11605 11622 11621
f 11606 11607 11623
f 11606 11623 11622
f 11607 11608 11624
f 11607 11624 11623
f 11608 11593 11609
f 11608 11609 11624
f 11622 11623 11624
f 11621 11622 11624
f 11620 11621 11624
f 11619 11620 11624
f 11619 11624 11609
f 11619 11609 11610
f 11618 11619 11610
f 11618 11610 11611
f 11617 11618 11611
f 11617 11611 11612
f 11616 11617 11612
f 11616 11612 11613
f 11616 11613 11614
f 11616 11614 11615
f 11625 11626 11627
f 11625 11627 11628
f 11625 11629 11630
f 11625 11630 11626
f 11626 11630 11631
f 11626 11631 11627
f 11627 11631 11632
f 11627 11632 11628
f 11628 11632 11629
f 11628 11629 11625
f 11629 11632 11631
f 11629 11631 11630
f 11633 11634 11635
f 11633 11635 11636
f 11633 11637 11638
f 11633 11638 11634
f 11634 11638 11639
f 11634 11639 11635
f 11635 11639 11640
f 11635 11640 11636
f 11636 11640 11637
f 11636 11637 11633
f 11637 11640 11639
f 11637 11639 11638
f 11656 11655 11654
f 11656 11654 11653
f 11656 11653 11652
f 11656 11652 11651
f 11641 11656 11651
f 11642 11641 11651
f 11642 11651 11650
f 11643 11642 11650
f 11643 11650 11649
f 11644 11643 11649
f 11644 11649 11648
f 11645 11644 11648
f 11646 11645 11648
f 11647 11646 11648
f 11641 11642 11658
f 11641 11658 11657
f 11642 11643 11659
f 11642 11659 11658
f 11643 11644 11660
f 11643 11660 11659
f 11644 11645 11661
f 11644 11661 11660
f 11645 11646 11662
f 11645 11662 11661
f 11646 11647 11663
f 11646 11663 11662
f 11647 11648 11664
f 11647 11664 11663
f 11648 11649 11665
f 11648 11665 11664
f 11649 11650 11666
f 11649 11666 11665
f 11650 11651 11667
f 11650 11667 11666
f 11651 11652 11668
f 11651 11668 11667
f 11652 11653 11669
f 11652 11669 11668
f 11653 11654 11670
f 11653 11670 11669
f 11654 11655 11671
f 11654 11671 11670
f 11655 11656 11672
f 11655 11672 11671
f 11656 11641 11657
f 11656 11657 11672
f 11670 11671 11672
f 11669 11670 11672
f 11668 11669 11672
f 11667 11668 11672
f 11667 11672 11657
f 11667 11657 11658
f 11666 11667 11658
f 11666 11658 11659
f 11665 11666 11659
f 11665 11659 11660
f 11664 11665 11660
f 11664 11660 11661
f 11664 11661 11662
f 11664 11662 11663
f 11673 11674 11675
f 11673 11675 11676
f 11673 11677 11678
f 11673 11678 11674
f 11674 11678 11679
f 11674 11679 11675
f 11675 11679 11680
f 11675 11680 11676
f 11676 11680 11677
f 11676 11677 11673
f 11677 11680 11679
f 11677 11679 11678
f 11681 11682 11683
f 11681 11683 11684
f 11681 11685 11686
f 11681 11686 11682
f 11682 11686 11687
f 11682 11687 11683
f 11683 11687 11688
f 11683 11688 11684
f 11684 11688 11685
f 11684 11685 11681
f 11685 11688 11687
f 11685 11687 11686
f 11704 11703 11702
f 11704 11702 11701
f 11704 11701 11700
f 11704 11700 11699
f 11689 11704 11699
f 11690 11689 11699
f 11690 11699 11698
f 11691 11690 11698
f 11691 11698 11697
f 11692 11691 11697
f 11692 11697 11696
f 11693 11692 11696
f 11694 11693 11696
f 11695 11694 11696
f 11689 11690 11706
f 11689 11706 11705
f 11690 11691 11707
f 11690 11707 11706
f 11691 11692 11708
f 11691 11708 11707
f 11692 11693 11709
f 11692 11709 11708
f 11693 11694 11710
f 11693 11710 11709
f 11694 11695 11711
f 11694 11711 11710
f 11695 11696 11712
f 11695 11712 11711
f 11696 11697 11713
f 11696 11713 11712
f 11697 11698 11714
f 11697 11714 11713
f 11698 11699 11715
f 11698 11715 11714
f 11699 11700 11716
f 11699 11716 11715
f 11700 11701 11717
f 11700 11717 11716
f 11701 11702 11718
f 11701 11718 11717
f 11702 11703 11719
f 11702 11719 11718
f 11703 11704 11720
f 11703 11720 11719
f 11704 11689 11705
f 11704 11705 11720
f 11718 11719 11720
f 11717 11718 11720
f 11716 11717 11720
f 11715 11716 11720
f 11715 11720 11705
f 11715 11705 11706
f 11714 11715 11706
f 11714 11706 11707
f 11713 11714 11707
f 11713 11707 11708
f 11712 11713 11708
f 11712 11708 11709
f 11712 11709 11710
f 11712 11710 11711
f 11721 11722 11723
f 11721 11723 11724
f 11721 11725 11726
f 11721 11726 11722
f 11722 11726 11727
f 11722 11727 11723
f 11723 11727 11728
f 11723 11728 11724
f 11724 11728 11725
f 11724 11725 11721
f 11725 11728 11727
f 11725 11727 11726
f 11729 11730 11731
f 11729 11731 11732
f 11729 11733 11734
f 11729 11734 11730
f 11730 11734 11735
f 11730 11735 11731
f 11731 11735 11736
f 11731 11736 11732
f 11732 11736 11733
f 11732 11733 11729
f 11733 11736 11735
f 11733 11735 11734
f 11752 11751 11750
f 11752 11750 11749
f 11752 11749 11748
f 11752 11748 11747
f 11737 11752 11747
f 11738 11737 11747
f 11738 11747 11746
f 11739 11738 11746
f 11739 11746 11745
f 11740 11739 11745
f 11740 11745 11744
f 11741 11740 11744
f 11742 11741 11744
f 11743 11742 11744
f 11737 11738 11754
f 11737 11754 11753
f 11738 11739 11755
f 11738 11755 11754
f 11739 11740 11756
f 11739 11756 11755
f 11740 11741 11757
f 11740 11757 11756
f 11741 11742 11758
f 11741 11758 11757
f 11742 11743 11759
f 11742 11759 11758
f 11743 11744 11760
f 11743 11760 11759
f 11744 11745 11761
f 11744 11761 11760
f 11745 11746 11762
f 11745 11762 11761
f 11746 11747 11763
f 11746 11763 11762
f 11747 11748 11764
f 11747 11764 11763
f 11748 11749 11765
f 11748 11765 11764
f 11749 11750 11766
f 11749 11766 11765
f 11750 11751 11767
f 11750 11767 11766
f 11751 11752 11768
f 11751 11768 11767
f 11752 11737 11753
f 11752 11753 11768
f 11766 11767 11768
f 11765 11766 11768
f 11764 11765 11768
f 11763 11764 11768
f 11763 11768 11753
f 11763 11753 11754
f 11762 11763 11754
f 11762 11754 11755
f 11761 11762 11755
f 11761 11755 11756
f 11760 11761 11756
f 11760 11756 11757
f 11760 11757 11758
f 11760 11758 11759
f 11769 11770 11771
f 11769 11771 11772
f 11769 11773 11774
f 11769 11774 11770
f 11770 11774 11775
f 11770 11775 11771
f 11771 11775 11776
f 11771 11776 11772
f 11772 11776 11773
f 11772 11773 11769
f 11773 11776 11775
f 11773 11775 11774
f 11777 11778 11779
f 11777 11779 11780
f 11777 11781 11782
f 11777 11782 11778
f 11778 11782 11783
f 11778 11783 11779
f 11779 11783 11784
f 11779 11784 11780
f 11780 11784 11781
f 11780 11781 11777
f 11781 11784 11783
f 11781 11783 11782
f 11800 11799 11798
f 11800 11798 11797
f 11800 11797 11796
f 11800 11796 11795
f 11785 11800 11795
f 11786 11785 11795
f 11786 11795 11794
f 11787 11786 11794
f 11787 11794 11793
f 11788 11787 11793
f 11788 11793 11792
f 11789 11788 11792
f 11790 11789 11792
f 11791 11790 11792
f 11785 11786 11802
f 11785 11802 11801
f 11786 11787 11803
f 11786 11803 11802
f 11787 11788 11804
f 11787 11804 11803
f 11788 11789 11805
f 11788 11805 11804
f 11789 11790 11806
f 11789 11806 11805
f 11790 11791 11807
f 11790 11807 11806
f 11791 11792 11808
f 11791 11808 11807
f 11792 11793 11809
f 11792 11809 11808
f 11793 11794 11810
f 11793 11810 11809
f 11794 11795 11811
f 11794 11811 11810
f 11795 11796 11812
f 11795 11812 11811
f 11796 11797 11813
f 11796 11813 11812
f 11797 11798 11814
f 11797 11814 11813
f 11798 11799 11815
f 11798 11815 11814
f 11799 11800 11816
f 11799 11816 11815
f 11800 11785 11801
f 11800 11801 11816
f 11814 11815 11816
f 11813 11814 11816
f 11812 11813 11816
f 11811 11812 11816
f 11811 11816 11801
f 11811 11801 11802
f 11810 11811 11802
f 11810 11802 11803
f 11809 11810 11803
f 11809 11803 11804
f 11808 11809 11804
f 11808 11804 11805
f 11808 11805 11806
f 11808 11806 11807
f 11817 11818 11819
f 11817 11819 11820
f 11817 11821 11822
f 11817 11822 11818
f 11818 11822 11823
f 11818 11823 11819
f 11819 11823 11824
f 11819 11824 11820
f 11820 11824 11821
f 11820 11821 11817
f 11821 11824 11823
f 11821 11823 11822
f 11825 11826 11827
f 11825 11827 11828
f 11825 11829 11830
f 11825 11830 11826
f 11826 11830 11831
f 11826 11831 11827
f 11827 11831 11832
f 11827 11832 11828
f 11828 11832 11829
f 11828 11829 11825
f 11829 11832 11831
f 11829 11831 11830
f 11848 11847 11846
f 11848 11846 11845
f 11848 11845 11844
f 11848 11844 11843
f 11833 11848 11843
f 11834 11833 11843
f 11834 11843 11842
f 11835 11834 11842
f 11835 11842 11841
f 11836 11835 11841
f 11836 11841 11840
f 11837 11836 11840
f 11838 11837 11840
f 11839 11838 11840
f 11833 11834 11850
f 11833 11850 11849
f 11834 11835 11851
f 11834 11851 11850
f 11835 11836 11852
f 11835 11852 11851
f 11836 11837 11853
f 11836 11853 11852
f 11837 11838 11854
f 11837 11854 11853
f 11838 11839 11855
f 11838 11855 11854
f 11839 11840 11856
f 11839 11856 11855
f 11840 11841 11857
f 11840 11857 11856
f 11841 11842 11858
f 11841 11858 11857
f 11842 11843 11859
f 11842 11859 11858
f 11843 11844 11860
f 11843 11860 11859
f 11844 11845 11861
f 11844 11861 11860
f 11845 11846 11862
f 11845 11862 11861
f 11846 11847 11863
f 11846 11863 11862
f 11847 11848 11864
f 11847 11864 11863
f 11848 11833 11849
f 11848 11849 11864
f 11862 11863 11864
f 11861 11862 11864
f 11860 11861 11864
f 11859 11860 11864
f 11859 11864 11849
f 11859 11849 11850
f 11858 11859 11850
f 11858 11850 11851
f 11857 11858 11851
f 11857 11851 11852
f 11856 11857 11852
f 11856 11852 11853
f 11856 11853 11854
f 11856 11854 11855
f 11865 11866 11867
f 11865 11867 11868
f 11865 11869 11870
f 11865 11870 11866
f 11866 11870 11871
f 11866 11871 11867
f 11867 11871 11872
f 11867 11872 11868
f 11868 11872 11869
f 11868 11869 11865
f 11869 11872 11871
f 11869 11871 11870
f 11873 11874 11875
f 11873 11875 11876
f 11873 11877 11878
f 11873 11878 11874
f 11874 11878 11879
f 11874 11879 11875
f 11875 11879 11880
f 11875 11880 11876
f 11876 11880 11877
f 11876 11877 11873
f 11877 11880 11879
f 11877 11879 11878
f 11896 11895 11894
f 11896 11894 11893
f 11896 11893 11892
f 11896 11892 11891
f 11881 11896 11891
f 11882 11881 11891
f 11882 11891 11890
f 11883 11882 11890
f 11883 11890 11889
f 11884 11883 11889
f 11884 11889 11888
f 11885 11884 11888
f 11886 11885 11888
f 11887 11886 11888
f 11881 11882 11898
f 11881 11898 11897
f 11882 11883 11899
f 11882 11899 11898
f 11883 11884 11900
f 11883 11900 11899
f 11884 11885 11901
f 11884 11901 11900
f 11885 11886 11902
f 11885 11902 11901
f 11886 11887 11903
f 11886 11903 11902
f 11887 11888 11904
f 11887 11904 11903
f 11888 11889 11905
f 11888 11905 11904
f 11889 11890 11906
f 11889 11906 11905
f 11890 11891 11907
f 11890 11907 11906
f 11891 11892 11908
f 11891 11908 11907
f 11892 11893 11909
f 11892 11909 11908
f 11893 11894 11910
f 11893 11910 11909
f 11894 11895 11911
f 11894 11911 11910
f 11895 11896 11912
f 11895 11912 11911
f 11896 11881 11897
f 11896 11897 11912
f 11910 11911 11912
f 11909 11910 11912
f 11908 11909 11912
f 11907 11908 11912
f 11907 11912 11897
f 11907 11897 11898
f 11906 11907 11898
f 11906 11898 11899
f 11905 11906 11899
f 11905 11899 11900
f 11904 11905 11900
f 11904 11900 11901
f 11904 11901 11902
f 11904 11902 11903
f 11913 11914 11915
f 11913 11915 11916
f 11913 11917 11918
f 11913 11918 11914
f 11914 11918 11919
f 11914 11919 11915
f 11915 11919 11920
f 11915 11920 11916
f 11916 11920 11917
f 11916 11917 11913
f 11917 11920 11919
f 11917 11919 11918
f 11921 11922 11923
f 11921 11923 11924
f 11921 11925 11926
f 11921 11926 11922
f 11922 11926 11927
f 11922 11927 11923
f 11923 11927 11928
f 11923 11928 11924
f 11924 11928 11925
f 11924 11925 11921
f 11925 11928 11927
f 11925 11927 11926
f 11944 11943 11942
f 11944 11942 11941
f 11944 11941 11940
f 11944 11940 11939
f 11929 11944 11939
f 11930 11929 11939
f 11930 11939 11938
f 11931 11930 11938
f 11931 11938 11937
f 11932 11931 11937
f 11932 11937 11936
f 11933 11932 11936
f 11934 11933 11936
f 11935 11934 11936
f 11929 11930 11946
f 11929 11946 11945
f 11930 11931 11947
f 11930 11947 11946
f 11931 11932 11948
f 11931 11948 11947
f 11932 11933 11949
f 11932 11949 11948
f 11933 11934 11950
f 11933 11950 11949
f 11934 11935 11951
f 11934 11951 11950
f 11935 11936 11952
f 11935 11952 11951
f 11936 11937 11953
f 11936 11953 11952
f 11937 11938 11954
f 11937 11954 11953
f 11938 11939 11955
f 11938 11955 11954
f 11939 11940 11956
f 11939 11956 11955
f 11940 11941 11957
f 11940 11957 11956
f 11941 11942 11958
f 11941 11958 11957
f 11942 11943 11959
f 11942 11959 11958
f 11943 11944 11960
f 11943 11960 11959
f 11944 11929 11945
f 11944 11945 11960
f 11958 11959 11960
f 11957 11958 11960
f 11956 11957 11960
f 11955 11956 11960
f 11955 11960 11945
f 11955 11945 11946
f 11954 11955 11946
f 11954 11946 11947
f 11953 11954 11947
f 11953 11947 11948
f 11952 11953 11948
f 11952 11948 11949
f 11952 11949 11950
f 11952 11950 11951
f 11961 11962 11963
f 11961 11963 11964
f 11961 11965 11966
f 11961 11966 11962
f 11962 11966 11967
f 11962 11967 11963
f 11963 11967 11968
f 11963 11968 11964
f 11964 11968 11965
f 11964 11965 11961
f 11965 11968 11967
f 11965 11967 11966
f 11969 11970 11971
f 11969 11971 11972
f 11969 11973 11974
f 11969 11974 11970
f 11970 11974 11975
f 11970 11975 11971
f 11971 11975 11976
f 11971 11976 11972
f 11972 11976 11973
f 11972 11973 11969
f 11973 11976 11975
f 11973 11975 11974
f 11992 11991 11990
f 11992 11990 11989
f 11992 11989 11988
f 11992 11988 11987
f 11977 11992 11987
f 11978 11977 11987
f 11978 11987 11986
f 11979 11978 11986
f 11979 11986 11985
f 11980 11979 11985
f 11980 11985 11984
f 11981 11980 11984
f 11982 11981 11984
f 11983 11982 11984
f 11977 11978 11994
f 11977 11994 11993
f 11978 11979 11995
f 11978 11995 11994
f 11979 11980 11996
f 11979 11996 11995
f 11980 11981 11997
f 11980 11997 11996
f 11981 11982 11998
f 11981 11998 11997
f 11982 11983 11999
f 11982 11999 11998
f 11983 11984 12000
f 11983 12000 11999
f 11984 11985 12001
f 11984 12001 12000
f 11985 11986 12002
f 11985 12002 12001
f 11986 11987 12003
f 11986 12003 12002
f 11987 11988 12004
f 11987 12004 12003
f 11988 11989 12005
f 11988 12005 12004
f 11989 11990 12006
f 11989 12006 12005
f 11990 11991 12007
f 11990 12007 12006
f 11991 11992 12008
f 11991 12008 12007
f 11992 11977 11993
f 11992 11993 12008
f 12006 12007 12008
f 12005 12006 12008
f 12004 12005 12008
f 12003 12004 12008
f 12003 12008 11993
f 12003 11993 11994
f 12002 12003 11994
f 12002 11994 11995
f 12001 12002 11995
f 12001 11995 11996
f 12000 12001 11996
f 12000 11996 11997
f 12000 11997 11998
f 12000 11998 11999
f 12009 12010 12011
f 12009 12011 12012
f 12009 12013 12014
f 12009 12014 12010
f 12010 12014 12015
f 12010 12015 12011
f 12011 12015 12016
f 12011 12016 12012
f 12012 12016 12013
f 12012 12013 12009
f 12013 12016 12015
f 12013 12015 12014
f 12017 12018 12019
f 12017 12019 12020
f 12017 12021 12022
f 12017 12022 12018
f 12018 12022 12023
f 12018 12023 12019
f 12019 12023 12024
f 12019 12024 12020
f 12020 12024 12021
f 12020 12021 12017
f 12021 12024 12023
f 12021 12023 12022
f 12040 12039 12038
f 12040 12038 12037
f 12040 12037 12036
f 12040 12036 12035
f 12025 12040 12035
f 12026 12025 12035
f 12026 12035 12034
f 12027 12026 12034
f 12027 12034 12033
f 12028 12027 12033
f 12028 12033 12032
f 12029 12028 12032
f 12030 12029 12032
f 12031 12030 12032
f 12025 12026 12042
f 12025 12042 12041
f 12026 12027 12043
f 12026 12043 12042
f 12027 12028 12044
f 12027 12044 12043
f 12028 12029 12045
f 12028 12045 12044
f 12029 12030 12046
f 12029 12046 12045
f 12030 12031 12047
f 12030 12047 12046
f 12031 12032 12048
f 12031 12048 12047
f 12032 12033 12049
f 12032 12049 12048
f 12033 12034 12050
f 12033 12050 12049
f 12034 12035 12051
f 12034 12051 12050
f 12035 12036 12052
f 12035 12052 12051
f 12036 12037 12053
f 12036 12053 12052
f 12037 12038 12054
f 12037 12054 12053
f 12038 12039 12055
f 12038 12055 12054
f 12039 12040 12056
f 12039 12056 12055
f 12040 12025 12041
f 12040 12041 12056
f 12054 12055 12056
f 12053 12054 12056
f 12052 12053 12056
f 12051 12052 12056
f 12051 12056 12041
f 12051 12041 12042
f 12050 12051 12042
f 12050 12042 12043
f 12049 12050 12043
f 12049 12043 12044
f 12048 12049 12044
f 12048 12044 12045
f 12048 12045 12046
f 12048 12046 12047
f 12057 12058 12059
f 12057 12059 12060
f 12057 12061 12062
f 12057 12062 12058
f 12058 12062 12063
f 12058 12063 12059
f 12059 12063 12064
f 12059 12064 12060
f 12060 12064 12061
f 12060 12061 12057
f 12061 12064 12063
f 12061 12063 12062
f 12065 12066 12067
f 12065 12067 12068
f 12065 12069 12070
f 12065 12070 12066
f 12066 12070 12071
f 12066 12071 12067
f 12067 12071 12072
f 12067 12072 12068
f 12068 12072 12069
f 12068 12069 12065
f 12069 12072 12071
f 12069 12071 12070
f 12088 12087 12086
f 12088 12086 12085
f 12088 12085 12084
f 12088 12084 12083
f 12073 12088 12083
f 12074 12073 12083
f 12074 12083 12082
f 12075 12074 12082
f 12075 12082 12081
f 12076 12075 12081
f 12076 12081 12080
f 12077 12076 12080
f 12078 12077 12080
f 12079 12078 12080
f 12073 12074 12090
f 12073 12090 12089
f 12074 12075 12091
f 12074 12091 12090
f 12075 12076 12092
f 12075 12092 12091
f 12076 12077 12093
f 12076 12093 12092
f 12077 12078 12094
f 12077 12094 12093
f 12078 12079 12095
f 12078 12095 12094
f 12079 12080 12096
f 12079 12096 12095
f 12080 12081 12097
f 12080 12097 12096
f 12081 12082 12098
f 12081 12098 12097
f 12082 12083 12099
f 12082 12099 12098
f 12083 12084 12100
f 12083 12100 12099
f 12084 12085 12101
f 12084 12101 12100
f 12085 12086 12102
f 12085 12102 12101
f 12086 12087 12103
f 12086 12103 12102
f 12087 12088 12104
f 12087 12104 12103
f 12088 12073 12089
f 12088 12089 12104
f 12102 12103 12104
f 12101 12102 12104
f 12100 12101 12104
f 12099 12100 12104
f 12099 12104 12089
f 12099 12089 12090
f 12098 12099 12090
f 12098 12090 12091
f 12097 12098 12091
f 12097 12091 12092
f 12096 12097 12092
f 12096 12092 12093
f 12096 12093 12094
f 12096 12094 12095
f 12105 12106 12107
f 12105 12107 12108
f 12105 12109 12110
f 12105 12110 12106
f 12106 12110 12111
f 12106 12111 12107
f 12107 12111 12112
f 12107 12112 12108
f 12108 12112 12109
f 12108 12109 12105
f 12109 12112 12111
f 12109 12111 12110
f 12113 12114 12115
f 12113 12115 12116
f 12113 12117 12118
f 12113 12118 12114
f 12114 12118 12119
f 12114 12119 12115
f 12115 12119 12120
f 12115 12120 12116
f 12116 12120 12117
f 12116 12117 12113
f 12117 12120 12119
f 12117 12119 12118
f 12136 12135 12134
f 12136 12134 12133
f 12136 12133 12132
f 12136 12132 12131
f 12121 12136 12131
f 12122 12121 12131
f 12122 12131 12130
f 12123 12122 12130
f 12123 12130 12129
f 12124 12123 12129
f 12124 12129 12128
f 12125 12124 12128
f 12126 12125 12128
f 12127 12126 12128
f 12121 12122 12138
f 12121 12138 12137
f 12122 12123 12139
f 12122 12139 12138
f 12123 12124 12140
f 12123 12140 12139
f 12124 12125 12141
f 12124 12141 12140
f 12125 12126 12142
f 12125 12142 12141
f 12126 12127 12143
f 12126 12143 12142
f 12127 12128 12144
f 12127 12144 12143
f 12128 12129 12145
f 12128 12145 12144
f 12129 12130 12146
f 12129 12146 12145
f 12130 12131 12147
f 12130 12147 12146
f 12131 12132 12148
f 12131 12148 12147
f 12132 12133 12149
f 12132 12149 12148
f 12133 12134 12150
f 12133 12150 12149
f 12134 12135 12151
f 12134 12151 12150
f 12135 12136 12152
f 12135 12152 12151
f 12136 12121 12137
f 12136 12137 12152
f 12150 12151 12152
f 12149 12150 12152
f 12148 12149 12152
f 12147 12148 12152
f 12147 12152 12137
f 12147 12137 12138
f 12146 12147 12138
f 12146 12138 12139
f 12145 12146 12139
f 12145 12139 12140
f 12144 12145 12140
f 12144 12140 12141
f 12144 12141 12142
f 12144 12142 12143
f 12153 12154 12155
f 12153 12155 12156
f 12153 12157 12158
f 12153 12158 12154
f 12154 12158 12159
f 12154 12159 12155
f 12155 12159 12160
f 12155 12160 12156
f 12156 12160 12157
f 12156 12157 12153
f 12157 12160 12159
f 12157 12159 12158
f 12161 12162 12163
f 12161 12163 12164
f 12161 12165 12166
f 12161 12166 12162
f 12162 12166 12167
f 12162 12167 12163
f 12163 12167 12168
f 12163 12168 12164
f 12164 12168 12165
f 12164 12165 12161
f 12165 12168 12167
f 12165 12167 12166
f 12184 12183 12182
f 12184 12182 12181
f 12184 12181 12180
f 12184 12180 12179
f 12169 12184 12179
f 12170 12169 12179
f 12170 12179 12178
f 12171 12170 12178
f 12171 12178 12177
f 12172 12171 12177
f 12172 12177 12176
f 12173 12172 12176
f 12174 12173 12176
f 12175 12174 12176
f 12169 12170 12186
f 12169 12186 12185
f 12170 12171 12187
f 12170 12187 12186
f 12171 12172 12188
f 12171 12188 12187
f 12172 12173 12189
f 12172 12189 12188
f 12173 12174 12190
f 12173 12190 12189
f 12174 12175 12191
f 12174 12191 12190
f 12175 12176 12192
f 12175 12192 12191
f 12176 12177 12193
f 12176 12193 12192
f 12177 12178 12194
f 12177 12194 12193
f 12178 12179 12195
f 12178 12195 12194
f 12179 12180 12196
f 12179 12196 12195
f 12180 12181 12197
f 12180 12197 12196
f 12181 12182 12198
f 12181 12198 12197
f 12182 12183 12199
f 12182 12199 12198
f 12183 12184 12200
f 12183 12200 12199
f 12184 12169 12185
f 12184 12185 12200
f 12198 12199 12200
f 12197 12198 12200
f 12196 12197 12200
f 12195 12196 12200
f 12195 12200 12185
f 12195 12185 12186
f 12194 12195 12186
f 12194 12186 12187
f 12193 12194 12187
f 12193 12187 12188
f 12192 12193 12188
f 12192 12188 12189
f 12192 12189 12190
f 12192 12190 12191
f 12201 12202 12203
f 12201 12203 12204
f 12201 12205 12206
f 12201 12206 12202
f 12202 12206 12207
f 12202 12207 12203
f 12203 12207 12208
f 12203 12208 12204
f 12204 12208 12205
f 12204 12205 12201
f 12205 12208 12207
f 12205 12207 12206
f 12209 12210 12211
f 12209 12211 12212
f 12209 12213 12214
f 12209 12214 12210
f 12210 12214 12215
f 12210 12215 12211
f 12211 12215 12216
f 12211 12216 12212
f 12212 12216 12213
f 12212 12213 12209
f 12213 12216 12215
f 12213 12215 12214
f 12232 12231 12230
f 12232 12230 12229
f 12232 12229 12228
f 12232 12228 12227
f 12217 12232 12227
f 12218 12217 12227
f 12218 12227 12226
f 12219 12218 12226
f 12219 12226 12225
f 12220 12219 12225
f 12220 12225 12224
f 12221 12220 12224
f 12222 12221 12224
f 12223 12222 12224
f 12217 12218 12234
f 12217 12234 12233
f 12218 12219 12235
f 12218 12235 12234
f 12219 12220 12236
f 12219 12236 12235
f 12220 12221 12237
f 12220 12237 12236
f 12221 12222 12238
f 12221 12238 12237
f 12222 12223 12239
f 12222 12239 12238
f 12223 12224 12240
f 12223 12240 12239
f 12224 12225 12241
f 12224 12241 12240
f 12225 12226 12242
f 12225 12242 12241
f 12226 12227 12243
f 12226 12243 12242
f 12227 12228 12244
f 12227 12244 12243
f 12228 12229 12245
f 12228 12245 12244
f 12229 12230 12246
f 12229 12246 12245
f 12230 12231 12247
f 12230 12247 12246
f 12231 12232 12248
f 12231 12248 12247
f 12232 12217 12233
f 12232 12233 12248
f 12246 12247 12248
f 12245 12246 12248
f 12244 12245 12248
f 12243 12244 12248
f 12243 12248 12233
f 12243 12233 12234
f 12242 12243 12234
f 12242 12234 12235
f 12241 12242 12235
f 12241 12235 12236
f 12240 12241 12236
f 12240 12236 12237
f 12240 12237 12238
f 12240 12238 12239
f 12249 12250 12251
f 12249 12251 12252
f 12249 12253 12254
f 12249 12254 12250
f 12250 12254 12255
f 12250 12255 12251
f 12251 12255 12256
f 12251 12256 12252
f 12252 12256 12253
f 12252 12253 12249
f 12253 12256 12255
f 12253 12255 12254
f 12257 12258 12259
f 12257 12259 12260
f 12257 12261 12262
f 12257 12262 12258
f 12258 12262 12263
f 12258 12263 12259
f 12259 12263 12264
f 12259 12264 12260
f 12260 12264 12261
f 12260 12261 12257
f 12261 12264 12263
f 12261 12263 12262
f 12280 12279 12278
f 12280 12278 12277
f 12280 12277 12276
f 12280 12276 12275
f 12265 12280 12275
f 12266 12265 12275
f 12266 12275 12274
f 12267 12266 12274
f 12267 12274 12273
f 12268 12267 12273
f 12268 12273 12272
f 12269 12268 12272
f 12270 12269 12272
f 12271 12270 12272
f 12265 12266 12282
f 12265 12282 12281
f 12266 12267 12283
f 12266 12283 12282
f 12267 12268 12284
f 12267 12284 12283
f 12268 12269 12285
f 12268 12285 12284
f 12269 12270 12286
f 12269 12286 12285
f 12270 12271 12287
f 12270 12287 12286
f 12271 12272 12288
f 12271 12288 12287
f 12272 12273 12289
f 12272 12289 12288
f 12273 12274 12290
f 12273 12290 12289
f 12274 12275 12291
f 12274 12291 12290
f 12275 12276 12292
f 12275 12292 12291
f 12276 12277 12293
f 12276 12293 12292
f 12277 12278 12294
f 12277 12294 12293
f 12278 12279 12295
f 12278 12295 12294
f 12279 12280 12296
f 12279 12296 12295
f 12280 12265 12281
f 12280 12281 12296
f 12294 12295 12296
f 12293 12294 12296
f 12292 12293 12296
f 12291 12292 12296
f 12291 12296 12281
f 12291 12281 12282
f 12290 12291 12282
f 12290 12282 12283
f 12289 12290 12283
f 12289 12283 12284
f 12288 12289 12284
f 12288 12284 12285
f 12288 12285 12286
f 12288 12286 12287
f 12297 12298 12299
f 12297 12299 12300
f 12297 12301 12302
f 12297 12302 12298
f 12298 12302 12303
f 12298 12303 12299
f 12299 12303 12304
f 12299 12304 12300
f 12300 12304 12301
f 12300 12301 12297
f 12301 12304 12303
f 12301 12303 12302
f 12305 12306 12307
f 12305 12307 12308
f 12305 12309 12310
f 12305 12310 12306
f 12306 12310 12311
f 12306 12311 12307
f 12307 12311 12312
f 12307 12312 12308
f 12308 12312 12309
f 12308 12309 12305
f 12309 12312 12311
f 12309 12311 12310
