v 60.56 304.12 -129.89
v 60.66 304.06 -129.94
v 60.91 304.46 -129.38
v 69.57 338.91 -1.58
v 69.39 338.86 -0.81
v 69.27 338.89 -0.87
v 69.16 338.92 -0.94
v 60.46 304.17 -129.84
v 69.04 338.95 -1.00
v 60.35 304.23 -129.79
v 68.92 338.97 -1.06
v 60.25 304.28 -129.75
v 68.80 339.00 -1.12
v 60.15 304.34 -129.70
v 69.08 300.11 -132.97
v 68.73 299.54 -133.72
v 79.38 294.11 -137.59
v 90.85 332.95 9.17
v 78.67 336.40 4.13
v 78.92 336.49 3.07
v 68.68 339.03 -1.18
v 60.04 304.39 -129.65
v 79.18 336.58 1.97
v 69.46 300.70 -132.19
v 79.45 336.66 0.86
v 69.83 301.29 -131.39
v 68.56 339.06 -1.24
v 59.94 304.45 -129.61
v 70.21 301.87 -130.60
v 79.71 336.73 -0.24
v 61.16 304.85 -128.84
v 59.83 304.50 -129.56
v 59.73 304.56 -129.51
v 59.63 304.61 -129.46
v 59.53 304.67 -129.41
v 2.61 330.48 -98.68
v 61.40 305.22 -128.31
v 61.62 305.57 -127.82
v 61.82 305.88 -127.37
v 62.00 306.17 -126.96
v 62.16 306.41 -126.61
v 62.29 306.60 -126.32
v 62.38 306.75 -126.11
v 62.44 306.84 -125.97
v 62.47 306.87 -125.93
v 3.52 334.64 -89.36
v 8.60 337.96 -79.70
v 15.12 340.50 -69.97
v 69.74 338.95 -2.33
v 68.44 339.09 -1.30
v 68.32 339.12 -1.37
v 68.21 339.15 -1.43
v 68.09 339.18 -1.50
v 4.73 347.48 -38.65
v 69.91 338.99 -3.05
v 70.07 339.02 -3.72
v 70.21 339.05 -4.33
v 70.34 339.07 -4.89
v 70.45 339.09 -5.36
v 70.54 339.10 -5.75
v 70.61 339.11 -6.04
v 70.65 339.12 -6.22
v 70.66 339.12 -6.28
v 4.95 346.03 -49.15
v 9.37 343.65 -59.60
v 80.79 336.98 -4.89
v 71.78 304.26 -127.21
v 79.95 336.80 -1.29
v 70.56 302.41 -129.84
v 70.89 302.92 -129.14
v 80.18 336.85 -2.26
v 80.38 336.90 -3.13
v 71.19 303.36 -128.50
v 80.55 336.93 -3.85
v 71.43 303.73 -127.97
v 71.62 304.01 -127.56
v 80.68 336.96 -4.41
v 71.74 304.19 -127.30
v 80.76 336.97 -4.77
v 89.19 290.01 -139.78
v 98.25 287.22 -140.53
v 106.63 285.67 -140.00
v 114.39 285.24 -138.32
v 121.56 285.77 -135.58
v 128.14 287.10 -131.86
v 134.15 289.06 -127.25
v 139.57 291.48 -121.81
v 144.39 294.18 -115.66
v 148.58 297.01 -108.90
v 149.41 297.64 -107.35
v 150.21 298.26 -105.79
v 150.98 298.88 -104.20
v 151.72 299.49 -102.60
v 152.43 300.10 -100.98
v 153.10 300.71 -99.35
v 153.74 301.30 -97.71
v 154.35 301.89 -96.06
v 154.92 302.47 -94.40
v 155.46 303.04 -92.74
v 155.97 303.60 -91.07
v 156.22 303.89 -90.22
v 156.46 304.16 -89.37
v 156.69 304.44 -88.52
v 156.91 304.71 -87.66
v 157.12 304.98 -86.81
v 157.33 305.25 -85.97
v 157.52 305.52 -85.12
v 157.71 305.78 -84.27
v 157.89 306.03 -83.43
v 158.06 306.29 -82.59
v 158.22 306.54 -81.75
v 160.57 311.58 -61.75
v 160.61 311.76 -60.87
v 160.64 311.94 -59.99
v 160.67 312.12 -59.09
v 160.68 312.30 -58.19
v 160.69 312.48 -57.29
v 160.69 312.65 -56.38
v 160.68 312.83 -55.46
v 160.67 313.00 -54.54
v 160.64 313.17 -53.61
v 160.61 313.34 -52.68
v 160.57 313.51 -51.75
v 160.46 313.84 -49.91
v 160.32 314.15 -48.06
v 160.15 314.46 -46.19
v 159.94 314.76 -44.32
v 159.70 315.06 -42.44
v 159.42 315.34 -40.56
v 159.10 315.62 -38.68
v 158.75 315.88 -36.79
v 158.35 316.14 -34.91
v 157.93 316.39 -33.04
v 157.46 316.64 -31.17
v 154.83 317.66 -22.80
v 151.36 318.58 -14.85
v 147.04 319.47 -7.54
v 141.83 320.43 -1.06
v 135.73 321.57 4.39
v 128.71 322.99 8.61
v 120.76 324.80 11.40
v 111.83 327.06 12.57
v 101.88 329.79 11.91
v 157.25 302.02 -58.71
v 157.21 301.84 -59.54
v 157.27 302.19 -57.88
v 157.29 302.36 -57.04
v 157.30 302.53 -56.19
v 157.31 302.70 -55.34
v 157.30 302.86 -54.48
v 157.29 303.03 -53.62
v 157.27 303.19 -52.75
v 157.24 303.36 -51.88
v 157.20 303.52 -51.00
v 157.16 303.68 -50.12
v 157.04 303.99 -48.39
v 156.90 304.29 -46.64
v 156.72 304.59 -44.89
v 156.50 304.88 -43.13
v 156.25 305.16 -41.36
v 155.97 305.43 -39.58
v 155.65 305.70 -37.81
v 155.29 305.96 -36.04
v 154.90 306.21 -34.27
v 154.47 306.46 -32.50
v 154.01 306.69 -30.74
v 151.39 307.70 -22.86
v 147.96 308.62 -15.37
v 143.69 309.52 -8.47
v 138.55 310.50 -2.36
v 132.55 311.65 2.78
v 125.64 313.09 6.77
v 117.81 314.88 9.42
v 109.03 317.11 10.55
v 99.25 319.78 9.96
v 88.42 322.85 7.42
v 76.45 326.20 2.71
v 76.70 326.28 1.72
v 76.96 326.36 0.68
v 77.23 326.44 -0.36
v 77.48 326.50 -1.40
v 77.73 326.56 -2.39
v 77.95 326.61 -3.30
v 78.15 326.65 -4.12
v 78.32 326.68 -4.80
v 78.45 326.70 -5.32
v 78.53 326.72 -5.66
v 78.56 326.72 -5.78
v 68.61 328.82 -7.06
v 68.59 328.82 -7.00
v 68.55 328.81 -6.82
v 68.48 328.81 -6.55
v 68.39 328.79 -6.19
v 68.28 328.78 -5.74
v 68.16 328.76 -5.22
v 68.02 328.73 -4.64
v 67.86 328.70 -4.01
v 67.69 328.67 -3.34
v 67.52 328.63 -2.63
v 67.34 328.59 -1.90
v 67.23 328.61 -1.97
v 67.11 328.64 -2.03
v 67.00 328.67 -2.08
v 66.88 328.70 -2.14
v 66.76 328.73 -2.20
v 66.65 328.76 -2.25
v 66.53 328.78 -2.31
v 66.41 328.81 -2.37
v 66.30 328.84 -2.43
v 66.18 328.87 -2.49
v 66.07 328.90 -2.55
v 3.88 337.05 -37.33
v 4.13 335.69 -47.21
v 8.50 333.43 -57.06
v 14.18 330.45 -66.84
v 7.80 328.09 -76.00
v 2.83 324.98 -85.11
v 1.97 321.07 -93.92
v 58.18 296.39 -123.18
v 58.28 296.34 -123.23
v 58.38 296.28 -123.27
v 58.48 296.23 -123.32
v 58.58 296.18 -123.37
v 58.69 296.12 -123.41
v 58.79 296.07 -123.46
v 58.89 296.02 -123.50
v 59.00 295.97 -123.55
v 59.10 295.91 -123.59
v 59.20 295.86 -123.64
v 59.30 295.81 -123.69
v 59.54 296.19 -123.16
v 59.78 296.55 -122.64
v 60.01 296.90 -122.14
v 60.23 297.23 -121.67
v 60.43 297.52 -121.24
v 60.60 297.79 -120.86
v 60.76 298.01 -120.53
v 60.88 298.20 -120.25
v 60.97 298.33 -120.05
v 61.03 298.42 -119.92
v 61.05 298.45 -119.88
v 70.25 295.90 -121.12
v 70.20 295.84 -121.21
v 70.09 295.67 -121.46
v 69.90 295.41 -121.84
v 69.66 295.06 -122.35
v 69.38 294.64 -122.95
v 69.06 294.17 -123.62
v 68.71 293.65 -124.34
v 68.35 293.11 -125.09
v 67.99 292.56 -125.85
v 67.62 292.00 -126.60
v 67.28 291.47 -127.31
v 77.82 286.23 -131.02
v 87.51 282.26 -133.14
v 96.45 279.53 -133.88
v 104.71 277.97 -133.40
v 112.35 277.47 -131.82
v 119.38 277.89 -129.24
v 125.84 279.07 -125.73
v 131.72 280.86 -121.36
v 137.00 283.08 -116.22
v 141.69 285.57 -110.40
v 145.76 288.20 -104.01
v 146.56 288.78 -102.55
v 147.34 289.36 -101.07
v 148.08 289.94 -99.57
v 148.79 290.51 -98.06
v 149.47 291.08 -96.53
v 150.12 291.64 -94.99
v 150.74 292.20 -93.44
v 151.32 292.75 -91.89
v 151.88 293.29 -90.32
v 152.40 293.82 -88.75
v 152.88 294.35 -87.18
v 153.12 294.61 -86.38
v 153.35 294.87 -85.57
v 153.57 295.13 -84.77
v 153.78 295.39 -83.97
v 153.98 295.64 -83.16
v 154.18 295.89 -82.36
v 154.37 296.14 -81.57
v 154.54 296.38 -80.77
v 154.71 296.63 -79.97
v 154.88 296.86 -79.18
v 155.03 297.10 -78.39
v -82.90 344.70 -15.19
v -92.79 343.58 -20.28
v -99.21 342.27 -27.44
v -99.97 342.00 -29.02
v -100.57 341.73 -30.69
v -101.01 341.44 -32.45
v -101.29 341.14 -34.29
v -70.20 345.61 -11.81
v -101.39 340.83 -36.23
v -101.33 340.50 -38.26
v 41.81 341.16 -3.22
v 22.68 304.10 -128.94
v 35.42 301.39 -130.97
v 53.31 339.46 0.69
v 45.74 297.84 -134.07
v 70.20 336.23 8.79
v 60.52 290.78 -140.27
v 85.66 332.79 13.84
v 99.74 329.44 16.13
v 112.46 326.35 15.98
v 123.86 323.59 13.66
v 133.96 321.15 9.46
v 142.74 318.98 3.64
v 150.21 317.00 -3.51
v 156.35 315.14 -11.73
v 161.15 313.31 -20.74
v 164.61 311.46 -30.26
v 165.15 311.08 -32.22
v 165.65 310.70 -34.20
v 166.11 310.30 -36.17
v 166.53 309.91 -38.15
v 166.90 309.50 -40.13
v 167.23 309.09 -42.11
v 167.52 308.68 -44.08
v 167.77 308.26 -46.05
v 167.98 307.84 -48.01
v 168.15 307.41 -49.95
v 168.28 306.97 -51.89
v 168.33 306.75 -52.87
v 168.37 306.53 -53.85
v 168.41 306.30 -54.82
v 168.43 306.08 -55.79
v 168.45 305.85 -56.75
v 168.45 305.63 -57.71
v 168.45 305.40 -58.66
v 168.43 305.17 -59.61
v 168.41 304.95 -60.54
v 168.38 304.72 -61.48
v 168.34 304.49 -62.40
v 168.27 304.27 -63.31
v 168.13 303.91 -64.83
v 167.93 303.42 -66.83
v 167.68 302.82 -69.15
v 167.39 302.14 -71.67
v 167.08 301.42 -74.24
v 166.76 300.69 -76.73
v 166.46 299.99 -79.00
v 166.19 299.37 -80.94
v 165.97 298.89 -82.40
v 165.82 298.61 -83.28
v 165.65 298.33 -84.16
v 165.46 298.04 -85.06
v 165.26 297.75 -85.95
v 165.05 297.45 -86.85
v 164.83 297.16 -87.75
v 164.61 296.86 -88.65
v 164.37 296.56 -89.56
v 164.12 296.25 -90.46
v 163.86 295.95 -91.37
v 163.60 295.64 -92.27
v 163.32 295.33 -93.18
v 162.75 294.71 -94.95
v 162.14 294.09 -96.72
v 161.49 293.45 -98.49
v 160.81 292.81 -100.25
v 160.09 292.17 -102.00
v 159.33 291.52 -103.74
v 158.53 290.87 -105.47
v 157.70 290.21 -107.18
v 156.83 289.55 -108.88
v 155.92 288.90 -110.55
v 154.98 288.24 -112.21
v 149.73 285.11 -119.96
v 74.13 285.19 -144.16
v 143.44 282.26 -126.98
v 136.19 279.85 -133.12
v 86.70 281.10 -146.07
v 128.01 278.08 -138.24
v 98.33 278.48 -146.27
v 118.97 277.13 -142.21
v 109.07 277.21 -144.93
v 162.78 289.51 -78.89
v 162.65 289.24 -79.72
v 162.99 289.97 -77.50
v 163.25 290.55 -75.66
v 163.53 291.22 -73.49
v 163.82 291.91 -71.12
v 164.11 292.60 -68.68
v 164.38 293.25 -66.28
v 164.62 293.82 -64.07
v 164.81 294.28 -62.18
v 164.94 294.63 -60.73
v 165.00 294.84 -59.87
v 165.03 295.06 -58.98
v 165.06 295.27 -58.10
v 165.07 295.49 -57.20
v 165.08 295.71 -56.31
v 165.08 295.92 -55.40
v 165.07 296.14 -54.49
v 165.05 296.36 -53.57
v 165.02 296.57 -52.65
v 164.99 296.79 -51.73
v 164.94 297.00 -50.80
v 164.88 297.22 -49.86
v 164.74 297.63 -48.03
v 164.57 298.04 -46.17
v 164.35 298.45 -44.31
v 164.10 298.86 -42.44
v 163.80 299.26 -40.57
v 163.47 299.65 -38.68
v 163.10 300.04 -36.80
v 162.68 300.42 -34.92
v 162.22 300.80 -33.04
v 161.72 301.18 -31.16
v 161.18 301.55 -29.29
v 157.74 303.35 -20.24
v 153.00 305.15 -11.67
v 146.94 307.00 -3.84
v 139.58 308.95 2.97
v 130.93 311.10 8.51
v 121.00 313.51 12.53
v 109.79 316.23 14.76
v 97.28 319.27 14.94
v 83.45 322.55 12.80
v 68.26 325.91 8.04
v 51.68 329.06 0.38
v 40.38 330.73 -3.31
v 26.74 332.37 -5.57
v 27.92 342.84 -5.64
v 11.34 333.83 -6.81
v 12.25 344.32 -6.98
v -5.18 334.97 -7.42
v -4.56 345.48 -7.65
v -22.19 335.68 -7.79
v -21.87 346.20 -8.07
v -39.05 335.92 -8.30
v -39.02 346.44 -8.63
v -55.10 335.71 -9.33
v -55.36 346.23 -9.75
v -69.69 335.11 -11.26
v -82.16 334.22 -14.46
v -91.87 333.13 -19.28
v -98.18 331.87 -26.07
v -98.93 331.62 -27.57
v -99.51 331.35 -29.16
v -99.94 331.08 -30.82
v -100.21 330.80 -32.58
v -100.32 330.50 -34.41
v -100.25 330.19 -36.34
v -100.01 329.86 -38.36
v -101.09 340.15 -40.38
v -99.59 329.51 -40.47
v -100.66 339.78 -42.60
v -98.99 329.14 -42.67
v -100.05 339.39 -44.91
v -98.20 328.74 -44.97
v -99.26 338.96 -47.33
v -97.22 328.30 -47.36
v -98.26 338.50 -49.84
v -96.84 328.15 -48.21
v -97.87 338.34 -50.74
v -96.43 327.99 -49.08
v -97.46 338.16 -51.65
v -96.00 327.82 -49.96
v -97.02 337.99 -52.57
v -95.54 327.65 -50.85
v -96.55 337.80 -53.51
v -95.06 327.47 -51.75
v -96.06 337.62 -54.46
v -94.55 327.29 -52.66
v -95.55 337.42 -55.42
v -94.02 327.10 -53.59
v -95.01 337.22 -56.39
v -93.47 326.91 -54.52
v -94.45 337.02 -57.37
v -92.89 326.71 -55.47
v -93.86 336.81 -58.37
v -92.28 326.50 -56.43
v -93.25 336.59 -59.38
v -91.65 326.29 -57.40
v -92.61 336.36 -60.40
v -91.07 326.10 -58.28
v -92.02 336.16 -61.32
v -90.47 325.90 -59.16
v -91.41 335.95 -62.24
v -89.86 325.70 -60.05
v -90.78 335.73 -63.18
v -89.22 325.48 -60.95
v -90.13 335.51 -64.12
v -88.56 325.27 -61.85
v -89.46 335.28 -65.08
v -87.88 325.05 -62.77
v -88.77 335.04 -66.04
v -87.18 324.82 -63.70
v -88.06 334.80 -67.01
v -86.46 324.58 -64.64
v -87.33 334.55 -68.00
v -85.72 324.34 -65.58
v -86.58 334.29 -68.99
v -84.96 324.09 -66.54
v -85.81 334.03 -70.00
v -84.17 323.83 -67.50
v -85.01 333.75 -71.01
v -84.90 323.45 -68.44
v -85.75 333.36 -72.00
v -85.60 323.08 -69.37
v -86.46 332.96 -72.97
v -86.28 322.70 -70.28
v -87.15 332.56 -73.93
v -86.94 322.32 -71.19
v -87.83 332.17 -74.88
v -87.58 321.94 -72.07
v -88.48 331.77 -75.82
v -88.20 321.56 -72.95
v -89.11 331.37 -76.74
v -88.80 321.19 -73.82
v -89.72 330.98 -77.65
v -89.38 320.81 -74.67
v -90.31 330.58 -78.54
v -89.94 320.44 -75.51
v -90.87 330.19 -79.43
v -90.48 320.06 -76.34
v -91.42 329.80 -80.30
v -91.00 319.69 -77.15
v -91.95 329.41 -81.16
v -91.59 319.26 -78.10
v -92.55 328.95 -82.15
v -92.15 318.82 -79.03
v -93.12 328.50 -83.13
v -92.68 318.39 -79.95
v -93.66 328.05 -84.09
v -93.19 317.97 -80.85
v -94.18 327.60 -85.04
v -93.68 317.54 -81.73
v -94.67 327.15 -85.97
v -94.13 317.12 -82.60
v -95.14 326.71 -86.88
v -94.57 316.70 -83.46
v -95.58 326.27 -87.78
v -94.97 316.29 -84.30
v -95.99 325.84 -88.66
v -95.36 315.88 -85.12
v -96.38 325.41 -89.53
v -95.71 315.48 -85.94
v -96.74 324.98 -90.38
v -96.05 315.08 -86.73
v -97.08 324.56 -91.22
v -96.86 313.97 -88.91
v -97.91 323.40 -93.50
v -97.49 312.90 -90.97
v -98.55 322.28 -95.67
v -97.94 311.87 -92.93
v -99.00 321.19 -97.73
v -98.21 310.88 -94.79
v -99.28 320.16 -99.68
v -98.32 309.94 -96.56
v -99.38 319.17 -101.53
v -98.26 309.05 -98.23
v -99.32 318.23 -103.28
v -98.04 308.20 -99.81
v -99.10 317.34 -104.94
v -97.67 307.40 -101.30
v -98.72 316.49 -106.50
v -97.15 306.65 -102.71
v -98.19 315.70 -107.98
v -96.48 305.94 -104.05
v -97.51 314.96 -109.38
v -95.68 305.28 -105.30
v -96.69 314.26 -110.69
v -89.29 302.51 -110.86
v -90.21 311.33 -116.51
v -79.90 300.86 -114.75
v -80.67 309.57 -120.57
v -68.08 300.03 -117.34
v -68.67 308.68 -123.26
v -54.38 299.71 -118.96
v -54.77 308.33 -124.94
v -39.37 299.56 -119.92
v -39.54 308.17 -125.91
v -23.63 299.29 -120.50
v -23.57 307.90 -126.50
v -7.74 298.64 -121.01
v -7.45 307.24 -127.00
v 7.66 297.43 -121.71
v 8.18 306.02 -127.71
v 21.96 295.55 -122.92
v 34.51 292.92 -124.88
v 44.70 289.49 -127.88
v 59.30 282.68 -133.85
v 72.74 277.25 -137.61
v 85.15 273.26 -139.47
v 96.62 270.66 -139.68
v 107.21 269.36 -138.43
v 116.94 269.20 -135.86
v 125.82 270.02 -132.08
v 133.84 271.63 -127.20
v 140.94 273.86 -121.35
v 147.07 276.52 -114.66
v 152.18 279.45 -107.27
v 153.09 280.07 -105.70
v 153.97 280.68 -104.10
v 154.82 281.30 -102.48
v 155.62 281.92 -100.85
v 156.39 282.54 -99.21
v 157.13 283.15 -97.55
v 157.83 283.76 -95.88
v 158.49 284.36 -94.21
v 159.11 284.96 -92.53
v 159.70 285.55 -90.84
v 160.25 286.13 -89.15
v 160.51 286.43 -88.29
v 160.77 286.72 -87.43
v 161.02 287.01 -86.56
v 161.25 287.30 -85.70
v 161.48 287.58 -84.84
v 161.70 287.87 -83.98
v 161.91 288.15 -83.13
v 162.11 288.42 -82.27
v 162.30 288.70 -81.42
v 162.48 288.97 -80.57
v -88.91 343.14 -27.74
v -64.45 335.11 -70.99
v -86.85 343.38 -27.05
v -64.53 345.65 -15.99
v -57.42 335.46 -70.85
v -62.35 345.74 -15.82
v -35.76 346.15 -15.73
v -33.55 346.12 -16.08
v -6.87 345.35 -15.60
v -45.19 336.01 -70.22
v -4.95 345.20 -16.41
v -50.42 335.83 -70.41
v 26.16 342.99 -9.60
v 23.97 343.18 -11.04
v 19.51 343.48 -14.98
v 27.55 342.81 -10.91
v 25.41 343.00 -12.34
v 13.31 343.68 -20.87
v 5.88 343.60 -28.13
v 21.00 343.28 -16.26
v -62.43 335.41 -70.35
v -64.45 335.07 -71.09
v -86.97 315.47 -110.40
v -62.42 334.95 -71.74
v -57.42 335.32 -71.26
v -63.57 311.24 -120.01
v -55.29 335.59 -70.70
v -2.25 343.09 -36.20
v 14.84 343.46 -22.12
v -55.29 335.34 -71.43
v -48.25 335.77 -70.74
v -50.42 335.39 -71.73
v -50.36 335.31 -71.97
v -48.26 335.55 -71.42
v 7.45 343.36 -29.35
v -43.30 335.79 -70.97
v -10.52 342.12 -44.47
v -18.43 340.76 -52.40
v -0.64 342.83 -37.36
v -84.98 315.31 -110.98
v -43.30 335.71 -71.22
v -45.20 335.43 -71.96
v -9.38 311.57 -120.79
v -25.43 339.19 -59.43
v -31.04 337.69 -65.06
v -34.76 336.56 -68.79
v -36.11 336.13 -70.14
v -34.39 335.82 -71.09
v -29.34 337.39 -66.04
v -23.74 338.90 -60.45
v -16.76 340.47 -53.47
v -8.88 341.85 -45.59
v -34.39 335.81 -71.15
v -33.07 335.36 -72.50
v -36.13 335.49 -72.09
v -34.80 335.04 -73.44
v -31.18 333.75 -77.13
v -33.05 336.26 -69.75
v -34.46 312.21 -120.16
v -29.46 334.08 -76.18
v -25.77 331.66 -82.58
v -61.52 311.27 -120.16
v -36.54 312.01 -120.42
v -17.43 329.21 -88.25
v -24.07 332.02 -81.62
v -19.10 328.83 -89.22
v -11.71 325.35 -96.48
v -10.07 325.77 -95.49
v -2.48 321.85 -102.83
v -7.54 311.92 -120.17
v 4.84 317.72 -109.74
v -4.08 321.40 -103.82
v 3.28 317.24 -110.74
v 11.44 313.74 -115.80
v 16.89 310.32 -120.59
v 9.92 313.22 -116.80
v 15.41 309.77 -121.58
v 22.68 306.98 -124.88
v 21.29 306.40 -125.87
v 20.77 307.92 -123.74
v 19.33 307.35 -124.73
v -84.69 312.21 -109.10
v -64.28 331.64 -69.88
v -86.67 312.36 -108.53
v -62.25 331.52 -70.51
v -63.39 308.22 -118.00
v -55.16 331.91 -70.21
v -57.28 331.88 -70.05
v -61.35 308.25 -118.15
v -48.17 332.11 -70.21
v -36.50 308.98 -118.42
v -34.43 309.18 -118.16
v -50.32 331.95 -70.52
v -7.65 308.87 -118.19
v -45.13 332.00 -70.74
v -9.47 308.53 -118.80
v -43.24 332.27 -70.02
v -34.79 331.61 -72.20
v -34.39 332.36 -69.95
v -36.11 332.05 -70.87
v -33.07 331.92 -71.28
v -29.48 330.66 -74.90
v -31.19 330.34 -75.83
v -24.12 328.63 -80.25
v -25.80 328.29 -81.19
v -17.51 325.88 -86.77
v -19.17 325.51 -87.73
v -10.18 322.48 -93.90
v -11.81 322.08 -94.87
v -2.62 318.63 -101.12
v -4.22 318.19 -102.10
v 4.66 314.57 -107.93
v 3.11 314.09 -108.91
v 11.24 310.65 -113.89
v 9.72 310.14 -114.88
v 16.66 307.28 -118.61
v 15.19 306.74 -119.59
v 20.52 304.91 -121.72
v 19.09 304.35 -122.70
v 21.04 303.42 -123.82
v 22.42 303.99 -122.84
v -64.28 331.67 -69.78
v -86.56 339.78 -26.58
v -88.61 339.55 -27.26
v -62.26 331.97 -69.15
v -64.38 342.02 -15.73
v -55.17 332.14 -69.50
v -62.22 342.11 -15.56
v -57.29 332.02 -69.65
v -35.79 342.52 -15.49
v -48.17 332.33 -69.54
v -33.59 342.49 -15.83
v -50.33 332.38 -69.22
v -45.13 332.56 -69.03
v -5.16 341.58 -16.17
v -7.07 341.72 -15.37
v -43.24 332.35 -69.76
v -34.39 332.38 -69.89
v -34.76 333.10 -67.63
v -36.10 332.68 -68.96
v -33.05 332.80 -68.57
v -29.36 333.91 -64.93
v -31.06 334.21 -63.96
v -23.81 335.39 -59.44
v -25.49 335.69 -58.44
v -16.87 336.94 -52.58
v -18.53 337.23 -51.53
v -9.04 338.28 -44.84
v -10.67 338.56 -43.74
v -0.85 339.24 -36.76
v -2.45 339.50 -35.62
v 7.18 339.75 -28.89
v 5.62 339.99 -27.70
v 14.52 339.85 -21.80
v 13.00 340.07 -20.57
v 20.64 339.66 -16.04
v 19.16 339.86 -14.78
v 25.02 339.38 -12.19
v 23.59 339.56 -10.91
v 25.76 339.37 -9.51
v 27.14 339.20 -10.79
v 77.22 -99.40 -27.43
v 77.22 -92.23 -47.14
v 77.22 -28.41 -23.91
v 77.22 -118.92 -13.49
v 77.22 -112.16 -32.08
v 77.22 -93.40 -4.20
v 77.22 -75.99 -12.32
v 77.22 102.69 52.71
v 77.22 89.48 9.58
v 77.22 115.01 18.87
v 77.22 91.10 5.13
v 77.22 -23.77 -36.67
v 77.22 -26.38 -29.86
v 77.22 -89.80 -52.94
v 77.22 -25.19 -37.39
v 77.22 -25.88 -38.06
v 77.22 -27.45 -39.52
v 77.22 -48.34 -58.39
v 77.22 -48.33 -58.38
v 77.22 -48.33 -58.37
v 77.22 -48.38 -58.36
v 77.22 -48.33 -58.36
v 77.22 -48.45 -58.29
v 77.22 -47.81 -57.89
v 77.22 -48.57 -58.14
v 77.22 -48.75 -57.91
v 77.22 -48.99 -57.57
v 77.22 -46.37 -56.60
v 77.22 -49.32 -57.11
v 77.22 -49.74 -56.50
v 77.22 -50.27 -55.73
v 77.22 -44.22 -54.66
v 77.22 -50.78 -54.93
v 77.22 -51.15 -54.24
v 77.22 -51.41 -53.66
v 77.22 -51.57 -53.17
v 77.22 -51.65 -52.78
v 77.22 -51.68 -52.47
v 77.22 -51.65 -52.23
v 77.22 -51.60 -52.05
v 77.22 -51.55 -51.94
v 77.22 -51.50 -51.88
v 77.22 -51.48 -51.86
v 77.22 -36.49 -41.89
v 77.22 -41.55 -52.26
v 77.22 -38.56 -49.58
v 77.22 -35.46 -46.78
v 77.22 -32.44 -44.06
v 77.22 -29.70 -41.58
v 77.22 -90.51 -53.43
v 77.22 -90.76 -53.95
v 77.22 -90.61 -54.49
v 77.22 -90.12 -55.02
v 77.22 -89.34 -55.51
v 77.22 -42.32 -44.46
v 77.22 -47.64 -46.25
v 77.22 -51.93 -47.78
v 77.22 -55.42 -49.11
v 77.22 -58.33 -50.26
v 77.22 -60.89 -51.28
v 77.22 -63.34 -52.20
v 77.22 -65.90 -53.06
v 77.22 -68.80 -53.90
v 77.22 -72.28 -54.75
v 77.22 -76.55 -55.65
v 77.22 -81.85 -56.65
v 77.22 -83.15 -56.79
v 77.22 -84.50 -56.76
v 77.22 -85.86 -56.60
v 77.22 -87.15 -56.33
v 77.22 -88.33 -55.96
v 111.42 -23.77 -36.67
v 111.42 -25.19 -37.39
v 111.42 91.10 5.13
v 111.42 89.48 9.58
v 111.42 115.01 18.87
v 111.42 102.69 52.71
v 111.42 -75.99 -12.32
v 111.42 -93.40 -4.20
v 111.42 -118.92 -13.49
v 111.42 -112.16 -32.08
v 111.42 -99.40 -27.43
v 111.42 -92.23 -47.14
v 111.42 -28.41 -23.91
v 111.42 -26.38 -29.86
v 111.42 -89.80 -52.95
v 111.42 -90.51 -53.43
v 111.42 -90.76 -53.95
v 111.42 -90.61 -54.49
v 111.42 -90.12 -55.02
v 111.42 -89.34 -55.51
v 111.42 -88.33 -55.96
v 111.42 -87.15 -56.33
v 111.42 -85.86 -56.60
v 111.42 -84.50 -56.76
v 111.42 -83.15 -56.79
v 111.42 -81.85 -56.65
v 111.42 -76.55 -55.65
v 111.42 -72.28 -54.75
v 111.42 -68.80 -53.90
v 111.42 -65.90 -53.06
v 111.42 -63.34 -52.20
v 111.42 -60.89 -51.28
v 111.42 -58.33 -50.26
v 111.42 -55.42 -49.11
v 111.42 -51.93 -47.78
v 111.42 -47.64 -46.25
v 111.42 -42.32 -44.46
v 111.42 -36.49 -41.89
v 111.42 -51.48 -51.86
v 111.42 -51.50 -51.88
v 111.42 -51.55 -51.94
v 111.42 -51.60 -52.05
v 111.42 -51.65 -52.23
v 111.42 -51.68 -52.47
v 111.42 -51.65 -52.78
v 111.42 -51.57 -53.17
v 111.42 -51.41 -53.66
v 111.42 -51.15 -54.24
v 111.42 -50.78 -54.93
v 111.42 -50.27 -55.73
v 111.42 -49.74 -56.50
v 111.42 -49.32 -57.11
v 111.42 -48.99 -57.57
v 111.42 -48.75 -57.91
v 111.42 -48.57 -58.14
v 111.42 -48.45 -58.29
v 111.42 -48.38 -58.36
v 111.42 -48.34 -58.39
v 111.42 -48.33 -58.38
v 111.42 -48.33 -58.37
v 111.42 -48.33 -58.36
v 111.42 -47.81 -57.89
v 111.42 -46.37 -56.60
v 111.42 -44.22 -54.66
v 111.42 -41.55 -52.26
v 111.42 -38.56 -49.58
v 111.42 -35.46 -46.78
v 111.42 -32.44 -44.06
v 111.42 -29.70 -41.58
v 111.42 -27.45 -39.52
v 111.42 -25.88 -38.06
v 73.60 68.43 31.01
v 73.60 111.41 46.66
v 73.60 108.57 54.47
v 73.60 103.95 55.01
v 73.60 101.35 54.22
v 73.60 98.60 53.59
v 73.60 95.73 53.09
v 73.60 92.81 52.73
v 73.60 89.89 52.49
v 73.60 87.01 52.38
v 73.60 84.24 52.38
v 73.60 81.63 52.50
v 73.60 60.84 51.86
v 73.60 79.22 52.72
v 73.60 77.08 53.04
v 73.60 75.25 53.46
v 73.60 74.25 53.83
v 73.60 73.19 54.36
v 73.60 72.10 54.99
v 73.60 70.97 55.67
v 73.60 69.81 56.34
v 73.60 68.63 56.96
v 73.60 67.44 57.46
v 73.60 66.25 57.79
v 73.60 65.06 57.90
v 73.60 63.89 57.73
v 73.60 62.73 57.23
v 73.60 60.64 52.55
v 73.60 60.55 53.21
v 73.60 60.56 53.84
v 73.60 60.66 54.43
v 73.60 60.83 54.97
v 73.60 61.06 55.47
v 73.60 61.34 55.93
v 73.60 61.66 56.34
v 73.60 62.00 56.69
v 73.60 62.36 56.99
v 115.34 103.95 55.01
v 115.34 108.57 54.47
v 115.34 101.35 54.22
v 115.34 98.60 53.59
v 115.34 95.73 53.09
v 115.34 92.81 52.73
v 115.34 89.89 52.49
v 115.34 87.01 52.38
v 115.34 84.24 52.38
v 115.34 81.63 52.50
v 115.34 79.22 52.72
v 115.34 77.08 53.04
v 115.34 75.25 53.46
v 115.34 74.25 53.83
v 115.34 73.19 54.36
v 115.34 72.10 54.99
v 115.34 70.97 55.67
v 115.34 69.81 56.34
v 115.34 68.63 56.96
v 115.34 67.44 57.46
v 115.34 66.25 57.79
v 115.34 65.06 57.90
v 115.34 63.89 57.73
v 115.34 62.73 57.23
v 115.34 62.36 56.99
v 115.34 62.00 56.69
v 115.34 61.66 56.34
v 115.34 61.34 55.93
v 115.34 61.06 55.47
v 115.34 60.83 54.97
v 115.34 60.66 54.43
v 115.34 60.56 53.84
v 115.34 60.55 53.21
v 115.34 60.64 52.55
v 115.34 60.84 51.86
v 115.34 68.43 31.01
v 115.34 111.41 46.66
v 82.00 -37.86 14.26
v 82.00 -33.69 2.82
v 82.00 16.09 20.94
v 82.00 11.93 32.38
v 106.34 -33.69 2.82
v 106.34 16.09 20.94
v 106.34 -37.86 14.26
v 106.34 11.93 32.38
v 86.83 -8.96 -23.36
v 86.83 -7.80 -22.87
v 86.83 -10.18 -22.24
v 86.83 -13.19 -24.26
v 86.83 -15.43 -21.51
v 86.83 -19.32 -26.06
v 86.83 -22.89 -20.76
v 86.83 -26.93 -28.58
v 86.83 -31.90 -20.03
v 86.83 -35.58 -31.63
v 86.83 -41.80 -19.40
v 86.83 -44.85 -35.04
v 86.83 -51.93 -18.92
v 86.83 -54.32 -38.61
v 86.83 -61.63 -18.65
v 86.83 -63.55 -42.17
v 86.83 -70.24 -18.65
v 86.83 -72.12 -45.53
v 86.83 -77.10 -18.98
v 86.83 -81.54 -19.71
v 86.83 -79.60 -48.50
v 86.83 -84.64 -20.73
v 86.83 -87.86 -21.91
v 86.83 -91.17 -23.22
v 86.83 -85.57 -50.92
v 86.83 -94.54 -24.65
v 86.83 -97.92 -26.18
v 86.83 -89.60 -52.59
v 86.83 -101.29 -27.78
v 86.83 -92.47 -53.74
v 86.83 -104.61 -29.45
v 86.83 -95.29 -54.75
v 86.83 -107.84 -31.17
v 86.83 -98.04 -55.67
v 86.83 -110.95 -32.91
v 86.83 -100.74 -56.55
v 86.83 -113.89 -34.66
v 86.83 -103.40 -57.42
v 86.83 -116.65 -36.41
v 86.83 -106.01 -58.34
v 86.83 -119.24 -38.07
v 86.83 -108.58 -59.35
v 86.83 -121.73 -39.60
v 86.83 -111.12 -60.50
v 86.83 -124.14 -41.05
v 86.83 -113.63 -61.83
v 86.83 -126.46 -42.46
v 86.83 -116.11 -63.39
v 86.83 -128.72 -43.87
v 86.83 -130.92 -45.32
v 86.83 -118.58 -65.22
v 86.83 -133.07 -46.85
v 86.83 -135.18 -48.49
v 86.83 -120.99 -67.14
v 86.83 -137.27 -50.30
v 86.83 -123.29 -68.96
v 86.83 -139.35 -52.32
v 86.83 -125.49 -70.71
v 86.83 -141.42 -54.57
v 86.83 -127.60 -72.42
v 86.83 -143.38 -56.92
v 86.83 -145.13 -59.18
v 86.83 -129.64 -74.13
v 86.83 -146.72 -61.39
v 86.83 -131.62 -75.89
v 86.83 -148.17 -63.57
v 86.83 -133.54 -77.71
v 86.83 -149.50 -65.76
v 86.83 -135.42 -79.64
v 86.83 -150.75 -67.97
v 86.83 -151.95 -70.25
v 86.83 -137.27 -81.71
v 86.83 -153.13 -72.60
v 86.83 -139.11 -83.97
v 86.83 -154.32 -75.07
v 86.83 -140.93 -86.43
v 86.83 -155.55 -77.68
v 86.83 -156.84 -80.45
v 86.83 -141.17 -86.75
v 86.83 -141.83 -87.65
v 86.83 -142.85 -89.07
v 86.83 -158.03 -83.04
v 86.83 -144.14 -90.94
v 86.83 -159.29 -86.34
v 86.83 -145.63 -93.19
v 86.83 -160.62 -90.14
v 86.83 -147.25 -95.75
v 86.83 -148.92 -98.55
v 86.83 -162.05 -94.20
v 86.83 -150.58 -101.53
v 86.83 -163.59 -98.31
v 86.83 -152.14 -104.60
v 86.83 -165.26 -102.23
v 86.83 -153.53 -107.71
v 86.83 -167.06 -105.74
v 86.83 -154.67 -110.78
v 86.83 -155.74 -113.78
v 86.83 -169.02 -108.62
v 86.83 -156.90 -116.72
v 86.83 -158.15 -119.58
v 86.83 -171.16 -110.64
v 86.83 -159.43 -122.34
v 86.83 -160.73 -124.98
v 86.83 -173.48 -111.58
v 86.83 -162.01 -127.50
v 86.83 -163.24 -129.86
v 86.83 -164.39 -132.07
v 86.83 -176.00 -111.21
v 86.83 -165.43 -134.09
v 86.83 -201.73 -172.60
v 86.83 -201.17 -173.19
v 86.83 -200.33 -173.07
v 86.83 -199.19 -172.12
v 86.83 -202.06 -171.42
v 86.83 -202.21 -169.76
v 86.83 -197.23 -170.14
v 86.83 -202.20 -167.73
v 86.83 -194.61 -167.61
v 86.83 -202.08 -165.46
v 86.83 -201.89 -163.05
v 86.83 -191.47 -164.64
v 86.83 -201.67 -160.64
v 86.83 -201.46 -158.32
v 86.83 -187.98 -161.32
v 86.83 -201.30 -156.21
v 86.83 -201.29 -153.24
v 86.83 -184.29 -157.78
v 86.83 -201.64 -150.51
v 86.83 -180.58 -154.11
v 86.83 -202.30 -147.98
v 86.83 -176.99 -150.42
v 86.83 -203.20 -145.61
v 86.83 -173.68 -146.81
v 86.83 -204.32 -143.35
v 86.83 -170.82 -143.39
v 86.83 -205.58 -141.17
v 86.83 -168.56 -140.26
v 86.83 -167.07 -137.54
v 86.83 -206.95 -139.02
v 86.83 -166.34 -135.92
v 86.83 -208.37 -136.86
v 86.83 -209.79 -134.64
v 86.83 -177.26 -109.82
v 86.83 -179.07 -109.31
v 86.83 -181.38 -109.55
v 86.83 -184.13 -110.45
v 86.83 -187.26 -111.88
v 86.83 -190.72 -113.74
v 86.83 -194.46 -115.92
v 86.83 -198.40 -118.30
v 86.83 -202.51 -120.79
v 86.83 -206.72 -123.26
v 86.83 -211.17 -132.32
v 86.83 -210.97 -125.62
v 86.83 -212.45 -129.86
v 86.83 -211.22 -125.80
v 86.83 -211.48 -126.09
v 86.83 -211.72 -126.44
v 86.83 -211.94 -126.86
v 86.83 -212.14 -127.32
v 86.83 -212.31 -127.79
v 86.83 -212.44 -128.27
v 86.83 -212.53 -128.74
v 86.83 -212.56 -129.17
v 86.83 -212.54 -129.55
v 101.32 -84.64 -20.73
v 101.32 -81.54 -19.71
v 101.32 -87.86 -21.91
v 101.32 -91.17 -23.22
v 101.32 -94.54 -24.65
v 101.32 -97.92 -26.18
v 101.32 -101.29 -27.78
v 101.32 -104.61 -29.45
v 101.32 -107.84 -31.17
v 101.32 -110.95 -32.91
v 101.32 -113.89 -34.66
v 101.32 -116.65 -36.41
v 101.32 -119.24 -38.07
v 101.32 -121.73 -39.60
v 101.32 -124.14 -41.05
v 101.32 -126.46 -42.46
v 101.32 -128.72 -43.87
v 101.32 -130.92 -45.32
v 101.32 -133.07 -46.85
v 101.32 -135.18 -48.49
v 101.32 -137.27 -50.30
v 101.32 -139.35 -52.32
v 101.32 -141.42 -54.57
v 101.32 -143.38 -56.92
v 101.32 -145.13 -59.18
v 101.32 -146.72 -61.39
v 101.32 -148.17 -63.57
v 101.32 -149.50 -65.76
v 101.32 -150.75 -67.97
v 101.32 -151.95 -70.25
v 101.32 -153.13 -72.60
v 101.32 -154.32 -75.07
v 101.32 -155.55 -77.68
v 101.32 -156.84 -80.45
v 101.32 -158.03 -83.04
v 101.32 -159.29 -86.34
v 101.32 -160.62 -90.14
v 101.32 -162.05 -94.20
v 101.32 -163.59 -98.31
v 101.32 -165.26 -102.23
v 101.32 -167.06 -105.74
v 101.32 -169.02 -108.62
v 101.32 -171.16 -110.64
v 101.32 -173.48 -111.58
v 101.32 -176.00 -111.21
v 101.32 -177.26 -109.82
v 101.32 -179.07 -109.31
v 101.32 -181.38 -109.55
v 101.32 -184.13 -110.45
v 101.32 -187.26 -111.88
v 101.32 -190.72 -113.74
v 101.32 -194.46 -115.92
v 101.32 -198.40 -118.30
v 101.32 -202.51 -120.79
v 101.32 -206.72 -123.26
v 101.32 -210.97 -125.62
v 101.32 -211.22 -125.80
v 101.32 -211.48 -126.09
v 101.32 -211.72 -126.44
v 101.32 -211.94 -126.86
v 101.32 -212.14 -127.32
v 101.32 -212.31 -127.79
v 101.32 -212.44 -128.27
v 101.32 -212.53 -128.74
v 101.32 -212.56 -129.17
v 101.32 -212.54 -129.55
v 101.32 -212.45 -129.86
v 101.32 -211.17 -132.32
v 101.32 -209.79 -134.64
v 101.32 -208.37 -136.86
v 101.32 -206.95 -139.02
v 101.32 -205.58 -141.17
v 101.32 -204.32 -143.35
v 101.32 -203.20 -145.61
v 101.32 -202.30 -147.98
v 101.32 -201.64 -150.51
v 101.32 -201.29 -153.24
v 101.32 -201.30 -156.21
v 101.32 -201.46 -158.32
v 101.32 -201.67 -160.64
v 101.32 -201.89 -163.05
v 101.32 -202.08 -165.46
v 101.32 -202.20 -167.73
v 101.32 -202.21 -169.76
v 101.32 -202.06 -171.42
v 101.32 -201.73 -172.60
v 101.32 -201.17 -173.19
v 101.32 -200.33 -173.07
v 101.32 -199.19 -172.12
v 101.32 -197.23 -170.14
v 101.32 -194.61 -167.61
v 101.32 -191.47 -164.64
v 101.32 -187.98 -161.32
v 101.32 -184.29 -157.78
v 101.32 -180.58 -154.11
v 101.32 -176.99 -150.42
v 101.32 -173.68 -146.81
v 101.32 -170.82 -143.39
v 101.32 -168.56 -140.26
v 101.32 -167.07 -137.54
v 101.32 -166.34 -135.92
v 101.32 -165.43 -134.09
v 101.32 -164.39 -132.07
v 101.32 -163.24 -129.86
v 101.32 -162.01 -127.50
v 101.32 -160.73 -124.98
v 101.32 -159.43 -122.34
v 101.32 -158.15 -119.58
v 101.32 -156.90 -116.72
v 101.32 -155.74 -113.78
v 101.32 -154.67 -110.78
v 101.32 -153.53 -107.71
v 101.32 -152.14 -104.60
v 101.32 -150.58 -101.53
v 101.32 -148.92 -98.55
v 101.32 -147.25 -95.75
v 101.32 -145.63 -93.19
v 101.32 -144.14 -90.94
v 101.32 -142.85 -89.07
v 101.32 -141.83 -87.65
v 101.32 -141.17 -86.75
v 101.32 -140.93 -86.43
v 101.32 -139.11 -83.97
v 101.32 -137.27 -81.71
v 101.32 -135.42 -79.64
v 101.32 -133.54 -77.71
v 101.32 -131.62 -75.89
v 101.32 -129.64 -74.13
v 101.32 -127.60 -72.42
v 101.32 -125.49 -70.71
v 101.32 -123.29 -68.96
v 101.32 -120.99 -67.14
v 101.32 -118.58 -65.22
v 101.32 -116.11 -63.39
v 101.32 -113.63 -61.83
v 101.32 -111.12 -60.50
v 101.32 -108.58 -59.35
v 101.32 -106.01 -58.34
v 101.32 -103.40 -57.42
v 101.32 -100.74 -56.55
v 101.32 -98.04 -55.67
v 101.32 -95.29 -54.75
v 101.32 -92.47 -53.74
v 101.32 -89.60 -52.59
v 101.32 -85.57 -50.92
v 101.32 -79.60 -48.50
v 101.32 -72.12 -45.53
v 101.32 -63.55 -42.17
v 101.32 -54.32 -38.61
v 101.32 -44.85 -35.04
v 101.32 -35.58 -31.63
v 101.32 -26.93 -28.58
v 101.32 -19.32 -26.06
v 101.32 -13.19 -24.26
v 101.32 -8.96 -23.36
v 101.32 -7.80 -22.87
v 101.32 -10.18 -22.24
v 101.32 -15.43 -21.51
v 101.32 -22.89 -20.76
v 101.32 -31.90 -20.03
v 101.32 -41.80 -19.40
v 101.32 -51.93 -18.92
v 101.32 -61.63 -18.65
v 101.32 -70.24 -18.65
v 101.32 -77.10 -18.98
v 86.10 -30.77 -81.89
v 86.10 -21.38 -33.38
v 86.10 -43.91 -51.18
v 86.10 -44.14 -52.10
v 86.10 -44.77 -54.66
v 86.10 -45.72 -58.55
v 86.10 -46.87 -63.47
v 86.10 -48.14 -69.12
v 86.10 -49.44 -75.19
v 86.10 -52.98 -97.67
v 86.10 -52.98 -101.32
v 86.10 -52.33 -101.22
v 86.10 -50.67 -81.39
v 86.10 -50.53 -100.91
v 86.10 -51.73 -87.40
v 86.10 -23.76 -92.30
v 86.10 -22.47 -90.60
v 86.10 -22.55 -90.47
v 86.10 -22.79 -90.12
v 86.10 -52.53 -92.93
v 86.10 -29.46 -82.87
v 86.10 -28.24 -83.90
v 86.10 -47.82 -100.41
v 86.10 -44.46 -99.73
v 86.10 -40.66 -98.87
v 86.10 -36.69 -97.85
v 86.10 -32.77 -96.67
v 86.10 -29.15 -95.35
v 86.10 -27.12 -84.96
v 86.10 -26.06 -93.89
v 86.10 -26.09 -86.02
v 86.10 -25.18 -87.04
v 86.10 -24.39 -88.00
v 86.10 -23.72 -88.85
v 86.10 -23.18 -89.57
v 102.16 -43.91 -51.18
v 102.16 -21.38 -33.38
v 102.16 -44.14 -52.10
v 102.16 -44.77 -54.66
v 102.16 -45.72 -58.55
v 102.16 -46.87 -63.47
v 102.16 -48.14 -69.12
v 102.16 -49.44 -75.19
v 102.16 -50.67 -81.39
v 102.16 -51.73 -87.40
v 102.16 -52.53 -92.93
v 102.16 -52.98 -97.67
v 102.16 -52.98 -101.32
v 102.16 -52.33 -101.22
v 102.16 -50.53 -100.91
v 102.16 -47.82 -100.41
v 102.16 -44.46 -99.73
v 102.16 -40.66 -98.87
v 102.16 -36.69 -97.85
v 102.16 -32.77 -96.67
v 102.16 -29.15 -95.35
v 102.16 -26.06 -93.89
v 102.16 -23.76 -92.30
v 102.16 -22.47 -90.60
v 102.16 -22.55 -90.47
v 102.16 -22.79 -90.12
v 102.16 -23.18 -89.57
v 102.16 -23.72 -88.85
v 102.16 -24.39 -88.00
v 102.16 -25.18 -87.04
v 102.16 -26.09 -86.02
v 102.16 -27.12 -84.96
v 102.16 -28.24 -83.90
v 102.16 -29.46 -82.87
v 102.16 -30.77 -81.89
v 87.71 -4.37 -29.75
v 87.71 -3.89 -28.12
v 87.71 -14.77 -32.03
v 87.71 3.30 -44.49
v 87.71 4.70 -44.07
v 87.71 4.55 -43.92
v 87.71 3.14 -43.60
v 87.71 -4.49 -31.52
v 87.71 -14.66 -32.33
v 87.71 -14.53 -32.69
v 87.71 -14.38 -33.11
v 87.71 -14.21 -33.56
v 87.71 -14.04 -34.04
v 87.71 -4.27 -33.38
v 87.71 -13.88 -34.51
v 87.71 -13.71 -34.97
v 87.71 -13.57 -35.39
v 87.71 1.60 -44.59
v 87.71 1.74 -42.87
v 87.71 -13.44 -35.76
v 87.71 -13.34 -36.07
v 87.71 -3.76 -35.26
v 87.71 -13.27 -36.29
v 87.71 -12.65 -37.66
v 87.71 -11.57 -38.98
v 87.71 -10.13 -40.24
v 87.71 -8.40 -41.40
v 87.71 -2.99 -37.10
v 87.71 -6.47 -42.42
v 87.71 -2.02 -38.85
v 87.71 -4.43 -43.29
v 87.71 -0.88 -40.43
v 87.71 -2.34 -43.96
v 87.71 0.38 -41.79
v 87.71 -0.31 -44.40
v 100.39 -14.77 -32.03
v 100.39 -3.89 -28.12
v 100.39 -14.66 -32.33
v 100.39 -14.53 -32.69
v 100.39 -14.38 -33.11
v 100.39 -14.21 -33.56
v 100.39 -14.04 -34.04
v 100.39 -13.88 -34.51
v 100.39 -13.71 -34.97
v 100.39 -13.57 -35.39
v 100.39 -13.44 -35.76
v 100.39 -13.34 -36.07
v 100.39 -13.27 -36.29
v 100.39 -12.65 -37.66
v 100.39 -11.57 -38.98
v 100.39 -10.13 -40.24
v 100.39 -8.40 -41.40
v 100.39 -6.47 -42.42
v 100.39 -4.43 -43.29
v 100.39 -2.34 -43.96
v 100.39 -0.31 -44.40
v 100.39 1.60 -44.59
v 100.39 3.30 -44.49
v 100.39 4.70 -44.07
v 100.39 4.55 -43.92
v 100.39 3.14 -43.60
v 100.39 1.74 -42.87
v 100.39 0.38 -41.79
v 100.39 -0.88 -40.43
v 100.39 -2.02 -38.85
v 100.39 -2.99 -37.10
v 100.39 -3.76 -35.26
v 100.39 -4.27 -33.38
v 100.39 -4.49 -31.52
v 100.39 -4.37 -29.75
v 73.81 -17.46 -29.70
v 73.81 -16.91 -31.21
v 73.81 85.74 6.16
v 73.81 85.19 7.66
v 73.81 37.01 20.46
v 73.81 40.84 9.95
v 73.81 71.38 21.06
v 73.81 67.56 31.58
v 73.81 37.19 26.20
v 73.81 38.10 23.69
v 73.81 65.64 33.72
v 73.81 64.73 36.22
v 73.81 -32.10 1.55
v 73.81 -31.55 0.04
v 73.81 25.04 20.64
v 73.81 24.49 22.14
v 73.81 33.95 12.69
v 73.81 33.89 12.93
v 73.81 33.79 13.15
v 73.81 33.66 13.35
v 73.81 33.51 13.53
v 73.81 33.99 12.46
v 73.81 33.98 12.22
v 73.81 33.95 11.99
v 73.81 33.33 13.68
v 73.81 33.88 11.77
v 73.81 33.14 13.80
v 73.81 33.78 11.57
v 73.81 32.93 13.90
v 73.81 33.66 11.37
v 73.81 33.50 11.20
v 73.81 33.33 11.04
v 73.81 33.13 10.92
v 73.81 32.90 10.82
v 73.81 32.67 10.75
v 73.81 32.43 10.72
v 73.81 32.20 10.72
v 73.81 31.97 10.76
v 73.81 31.75 10.83
v 73.81 31.54 10.92
v 73.81 31.35 11.05
v 73.81 31.17 11.20
v 73.81 31.02 11.38
v 73.81 30.89 11.58
v 73.81 30.79 11.80
v 73.81 30.73 12.03
v 73.81 30.69 12.27
v 73.81 30.70 12.51
v 73.81 30.73 12.73
v 73.81 30.80 12.95
v 73.81 30.90 13.16
v 73.81 31.02 13.36
v 73.81 32.71 13.97
v 73.81 31.18 13.53
v 73.81 31.35 13.68
v 73.81 31.55 13.81
v 73.81 31.78 13.91
v 73.81 32.01 13.98
v 73.81 32.25 14.01
v 73.81 32.48 14.01
v 73.81 94.15 17.04
v 73.81 94.91 14.96
v 73.81 110.14 20.51
v 73.81 109.38 22.58
v 73.81 -24.60 -32.85
v 73.81 -24.87 -32.93
v 73.81 -25.12 -33.04
v 73.81 -25.35 -33.19
v 73.81 -25.56 -33.36
v 73.81 -24.33 -32.81
v 73.81 -24.06 -32.82
v 73.81 -23.80 -32.86
v 73.81 -25.73 -33.57
v 73.81 -23.54 -32.94
v 73.81 -25.88 -33.79
v 73.81 -23.30 -33.05
v 73.81 -25.99 -34.03
v 73.81 -23.08 -33.19
v 73.81 -22.88 -33.37
v 73.81 -22.70 -33.57
v 73.81 -22.56 -33.80
v 73.81 -22.44 -34.06
v 73.81 -22.36 -34.33
v 73.81 -22.33 -34.60
v 73.81 -22.33 -34.87
v 73.81 -22.38 -35.13
v 73.81 -22.45 -35.38
v 73.81 -22.56 -35.62
v 73.81 -22.71 -35.85
v 73.81 -22.88 -36.05
v 73.81 -23.09 -36.22
v 73.81 -23.32 -36.37
v 73.81 -23.57 -36.48
v 73.81 -23.84 -36.56
v 73.81 -24.11 -36.60
v 73.81 -24.38 -36.59
v 73.81 -24.65 -36.55
v 73.81 -24.90 -36.47
v 73.81 -25.14 -36.36
v 73.81 -25.36 -36.22
v 73.81 -26.07 -34.28
v 73.81 -25.56 -36.04
v 73.81 -25.74 -35.84
v 73.81 -25.89 -35.61
v 73.81 -26.00 -35.35
v 73.81 -26.08 -35.08
v 73.81 -26.11 -34.81
v 73.81 -26.11 -34.54
v 73.81 -69.24 -21.01
v 73.81 -69.09 -21.56
v 73.81 -68.86 -22.08
v 73.81 -69.32 -20.46
v 73.81 -69.31 -19.91
v 73.81 -68.56 -22.54
v 73.81 -68.20 -22.96
v 73.81 -69.22 -19.38
v 73.81 -67.79 -23.31
v 73.81 -69.07 -18.87
v 73.81 -67.34 -23.60
v 73.81 -68.84 -18.38
v 73.81 -66.86 -23.83
v 73.81 -66.34 -23.99
v 73.81 -65.81 -24.07
v 73.81 -65.26 -24.08
v 73.81 -64.71 -24.01
v 73.81 -64.16 -23.85
v 73.81 -68.55 -17.93
v 73.81 -68.19 -17.52
v 73.81 -67.78 -17.17
v 73.81 -67.31 -16.87
v 73.81 -66.79 -16.63
v 73.81 -63.82 -23.71
v 73.81 -63.50 -23.54
v 73.81 -63.19 -23.33
v 73.81 -62.92 -23.11
v 73.81 -62.66 -22.86
v 73.81 -62.44 -22.59
v 73.81 -62.24 -22.30
v 73.81 -62.06 -21.99
v 73.81 -61.92 -21.67
v 73.81 -61.80 -21.34
v 73.81 -66.45 -16.52
v 73.81 -61.72 -21.00
v 73.81 -66.10 -16.45
v 73.81 -65.75 -16.41
v 73.81 -65.40 -16.40
v 73.81 -65.05 -16.42
v 73.81 -64.71 -16.48
v 73.81 -64.38 -16.56
v 73.81 -64.06 -16.67
v 73.81 -63.75 -16.81
v 73.81 -63.45 -16.98
v 73.81 -63.17 -17.17
v 73.81 -62.54 -17.05
v 73.81 -61.14 -20.70
v 73.81 -61.80 -16.90
v 73.81 -60.48 -20.35
v 73.81 -61.00 -16.74
v 73.81 -59.75 -19.97
v 73.81 -60.15 -16.57
v 73.81 -59.00 -19.58
v 73.81 -59.31 -16.40
v 73.81 -58.25 -19.19
v 73.81 -58.50 -16.23
v 73.81 -57.53 -18.81
v 73.81 -57.76 -16.08
v 73.81 -56.87 -18.47
v 73.81 -57.13 -15.95
v 73.81 -56.30 -18.17
v 73.81 -56.63 -15.85
v 73.81 -55.86 -17.94
v 73.81 -56.31 -15.79
v 73.81 -55.57 -17.79
v 73.81 -56.19 -15.77
v 73.81 -55.47 -17.74
v 73.81 -55.38 -17.70
v 73.81 -56.09 -15.73
v 73.81 -55.99 -15.71
v 73.81 -55.29 -17.65
v 73.81 -55.21 -17.60
v 73.81 -55.90 -15.70
v 73.81 -55.80 -15.70
v 73.81 -55.13 -17.54
v 73.81 -55.06 -17.47
v 73.81 -55.70 -15.71
v 73.81 -54.99 -17.39
v 73.81 -55.60 -15.73
v 73.81 -54.94 -17.31
v 73.81 -54.89 -17.22
v 73.81 -54.85 -17.13
v 73.81 -54.82 -17.03
v 73.81 -54.80 -16.94
v 73.81 -54.78 -16.83
v 73.81 -54.78 -16.73
v 73.81 -54.79 -16.63
v 73.81 -54.80 -16.54
v 73.81 -54.83 -16.44
v 73.81 -54.86 -16.35
v 73.81 -55.50 -15.75
v 73.81 -55.41 -15.79
v 73.81 -55.32 -15.83
v 73.81 -55.24 -15.89
v 73.81 -55.16 -15.95
v 73.81 -55.08 -16.02
v 73.81 -55.01 -16.09
v 73.81 -54.95 -16.17
v 73.81 -54.90 -16.26
v 114.85 85.19 7.66
v 114.85 85.74 6.16
v 114.85 -17.46 -29.70
v 114.85 -16.91 -31.21
v 114.85 67.56 31.58
v 114.85 71.38 21.06
v 114.85 37.01 20.46
v 114.85 40.84 9.95
v 114.85 64.73 36.22
v 114.85 65.64 33.72
v 114.85 37.19 26.20
v 114.85 38.10 23.69
v 114.85 24.49 22.14
v 114.85 25.04 20.64
v 114.85 -32.10 1.55
v 114.85 -31.55 0.04
v 114.85 33.13 10.92
v 114.85 32.90 10.82
v 114.85 33.33 11.04
v 114.85 33.50 11.20
v 114.85 33.66 11.37
v 114.85 33.78 11.56
v 114.85 33.88 11.77
v 114.85 33.95 11.99
v 114.85 33.98 12.22
v 114.85 33.99 12.46
v 114.85 33.95 12.69
v 114.85 33.89 12.93
v 114.85 33.79 13.15
v 114.85 33.66 13.35
v 114.85 33.51 13.53
v 114.85 33.33 13.68
v 114.85 33.14 13.80
v 114.85 32.93 13.90
v 114.85 32.71 13.97
v 114.85 32.48 14.01
v 114.85 32.25 14.01
v 114.85 32.01 13.98
v 114.85 31.78 13.91
v 114.85 31.55 13.81
v 114.85 31.35 13.68
v 114.85 31.18 13.53
v 114.85 31.02 13.36
v 114.85 30.90 13.16
v 114.85 30.80 12.95
v 114.85 30.73 12.73
v 114.85 30.70 12.50
v 114.85 30.69 12.27
v 114.85 30.73 12.03
v 114.85 30.79 11.80
v 114.85 30.89 11.58
v 114.85 31.02 11.38
v 114.85 31.17 11.20
v 114.85 31.35 11.05
v 114.85 31.54 10.92
v 114.85 31.75 10.83
v 114.85 31.97 10.76
v 114.85 32.20 10.72
v 114.85 32.43 10.72
v 114.85 32.67 10.75
v 114.85 109.38 22.58
v 114.85 110.14 20.51
v 114.85 94.15 17.04
v 114.85 94.91 14.96
v 114.85 -23.32 -36.37
v 114.85 -23.57 -36.49
v 114.85 -23.09 -36.22
v 114.85 -22.88 -36.05
v 114.85 -22.71 -35.85
v 114.85 -22.56 -35.62
v 114.85 -22.45 -35.38
v 114.85 -22.38 -35.13
v 114.85 -22.33 -34.87
v 114.85 -22.33 -34.60
v 114.85 -22.36 -34.33
v 114.85 -22.44 -34.06
v 114.85 -22.56 -33.80
v 114.85 -22.70 -33.57
v 114.85 -22.88 -33.37
v 114.85 -23.08 -33.19
v 114.85 -23.30 -33.05
v 114.85 -23.54 -32.94
v 114.85 -23.80 -32.86
v 114.85 -24.06 -32.82
v 114.85 -24.33 -32.81
v 114.85 -24.60 -32.85
v 114.85 -24.87 -32.93
v 114.85 -25.12 -33.04
v 114.85 -25.35 -33.19
v 114.85 -25.56 -33.36
v 114.85 -25.73 -33.57
v 114.85 -25.88 -33.79
v 114.85 -25.99 -34.03
v 114.85 -26.07 -34.28
v 114.85 -26.11 -34.54
v 114.85 -26.11 -34.81
v 114.85 -26.08 -35.08
v 114.85 -26.00 -35.35
v 114.85 -25.89 -35.61
v 114.85 -25.74 -35.84
v 114.85 -25.56 -36.04
v 114.85 -25.36 -36.22
v 114.85 -25.14 -36.36
v 114.85 -24.90 -36.47
v 114.85 -24.65 -36.55
v 114.85 -24.38 -36.59
v 114.85 -24.11 -36.60
v 114.85 -23.84 -36.56
v 114.85 -67.31 -16.87
v 114.85 -66.79 -16.63
v 114.85 -67.78 -17.17
v 114.85 -68.19 -17.52
v 114.85 -68.55 -17.93
v 114.85 -68.84 -18.38
v 114.85 -69.07 -18.87
v 114.85 -69.22 -19.38
v 114.85 -69.31 -19.91
v 114.85 -69.32 -20.46
v 114.85 -69.24 -21.01
v 114.85 -69.09 -21.56
v 114.85 -68.86 -22.08
v 114.85 -68.56 -22.54
v 114.85 -68.20 -22.96
v 114.85 -67.79 -23.31
v 114.85 -67.34 -23.60
v 114.85 -66.86 -23.83
v 114.85 -66.34 -23.99
v 114.85 -65.81 -24.07
v 114.85 -65.26 -24.08
v 114.85 -64.71 -24.01
v 114.85 -64.16 -23.86
v 114.85 -63.82 -23.71
v 114.85 -63.50 -23.54
v 114.85 -63.19 -23.33
v 114.85 -62.92 -23.11
v 114.85 -62.66 -22.86
v 114.85 -62.44 -22.59
v 114.85 -62.24 -22.30
v 114.85 -62.06 -21.99
v 114.85 -61.92 -21.67
v 114.85 -61.80 -21.34
v 114.85 -61.72 -21.00
v 114.85 -61.14 -20.70
v 114.85 -60.48 -20.35
v 114.85 -59.75 -19.97
v 114.85 -59.00 -19.58
v 114.85 -58.25 -19.19
v 114.85 -57.53 -18.81
v 114.85 -56.87 -18.47
v 114.85 -56.30 -18.17
v 114.85 -55.86 -17.94
v 114.85 -55.57 -17.79
v 114.85 -55.47 -17.74
v 114.85 -55.38 -17.70
v 114.85 -55.29 -17.65
v 114.85 -55.21 -17.60
v 114.85 -55.13 -17.54
v 114.85 -55.06 -17.47
v 114.85 -54.99 -17.39
v 114.85 -54.94 -17.31
v 114.85 -54.89 -17.22
v 114.85 -54.85 -17.13
v 114.85 -54.82 -17.03
v 114.85 -54.80 -16.94
v 114.85 -54.78 -16.83
v 114.85 -54.78 -16.73
v 114.85 -54.79 -16.63
v 114.85 -54.80 -16.54
v 114.85 -54.83 -16.44
v 114.85 -54.86 -16.35
v 114.85 -54.90 -16.26
v 114.85 -54.95 -16.17
v 114.85 -55.01 -16.09
v 114.85 -55.08 -16.02
v 114.85 -55.16 -15.95
v 114.85 -55.24 -15.89
v 114.85 -55.32 -15.83
v 114.85 -55.41 -15.79
v 114.85 -55.50 -15.75
v 114.85 -55.60 -15.73
v 114.85 -55.70 -15.71
v 114.85 -55.80 -15.70
v 114.85 -55.90 -15.70
v 114.85 -55.99 -15.71
v 114.85 -56.09 -15.74
v 114.85 -56.19 -15.77
v 114.85 -56.31 -15.79
v 114.85 -56.63 -15.85
v 114.85 -57.13 -15.95
v 114.85 -57.76 -16.08
v 114.85 -58.50 -16.23
v 114.85 -59.31 -16.40
v 114.85 -60.15 -16.57
v 114.85 -61.00 -16.74
v 114.85 -61.80 -16.90
v 114.85 -62.54 -17.05
v 114.85 -63.17 -17.17
v 114.85 -63.45 -16.98
v 114.85 -63.75 -16.81
v 114.85 -64.06 -16.67
v 114.85 -64.38 -16.56
v 114.85 -64.71 -16.48
v 114.85 -65.05 -16.42
v 114.85 -65.40 -16.40
v 114.85 -65.75 -16.41
v 114.85 -66.10 -16.45
v 114.85 -66.45 -16.52
v 105.35 304.59 130.35
v 93.86 303.31 133.86
v 93.86 335.47 139.94
v 102.24 336.40 137.38
v 105.43 100.26 56.11
v 93.94 98.98 59.62
v 90.68 107.20 37.03
v 93.94 107.56 36.04
v 88.53 447.63 157.78
v 93.86 448.22 156.15
v 96.12 443.74 167.48
v 93.86 443.49 168.17
v 96.12 436.34 164.79
v 93.86 436.09 165.48
v 100.29 434.38 170.18
v 93.86 433.66 172.14
v 100.29 362.17 143.89
v 93.86 361.45 145.86
v 105.00 356.65 148.78
v 93.86 355.41 152.18
v 105.00 340.97 143.07
v 93.86 339.73 146.47
v 104.30 338.58 141.18
v 93.86 337.42 144.36
v 112.45 307.93 121.16
v 107.42 338.84 130.67
v 112.53 103.60 46.93
v 88.67 106.25 39.64
v 85.24 446.08 162.04
v 97.52 444.40 165.67
v 97.52 437.00 162.98
v 104.26 436.25 165.04
v 104.26 364.04 138.75
v 111.88 359.89 139.88
v 111.88 344.21 134.17
v 110.74 341.62 132.83
v 112.45 312.07 109.81
v 107.42 341.85 122.39
v 112.53 107.73 35.58
v 88.67 105.08 42.86
v 85.24 444.16 167.30
v 97.52 445.21 163.43
v 97.52 437.81 160.74
v 104.26 438.56 158.68
v 104.26 366.35 132.40
v 111.88 363.90 128.87
v 111.88 348.21 123.16
v 110.74 345.37 122.52
v 105.35 315.41 100.63
v 102.24 344.29 115.69
v 105.43 111.07 26.39
v 90.68 104.13 45.47
v 88.53 442.61 171.56
v 96.12 445.87 161.62
v 96.12 438.47 158.93
v 100.29 440.43 153.54
v 100.29 368.22 127.26
v 105.00 367.14 119.97
v 105.00 351.45 114.26
v 104.30 348.40 114.18
v 93.86 316.68 97.12
v 93.86 345.22 113.13
v 93.94 112.35 22.88
v 93.94 103.77 46.47
v 93.86 442.02 173.19
v 93.86 446.12 160.93
v 93.86 438.72 158.24
v 93.86 441.15 151.58
v 93.86 368.94 125.30
v 93.86 368.38 116.57
v 93.86 352.69 110.86
v 93.86 349.56 111.00
v 82.37 315.41 100.63
v 85.48 344.29 115.69
v 82.45 111.07 26.39
v 97.21 104.13 45.47
v 99.19 442.61 171.56
v 91.60 445.87 161.62
v 91.60 438.47 158.93
v 87.43 440.43 153.54
v 87.43 368.22 127.26
v 82.72 367.14 119.97
v 82.72 351.45 114.26
v 83.42 348.40 114.18
v 75.27 312.07 109.81
v 80.30 341.85 122.39
v 75.35 107.73 35.58
v 99.22 105.08 42.86
v 102.48 444.16 167.30
v 90.20 445.21 163.43
v 90.20 437.81 160.74
v 83.46 438.56 158.68
v 83.46 366.35 132.40
v 75.84 363.90 128.87
v 75.84 348.21 123.16
v 76.98 345.37 122.52
v 75.27 307.93 121.16
v 80.30 338.84 130.67
v 75.35 103.60 46.93
v 99.22 106.25 39.64
v 102.48 446.08 162.04
v 90.20 444.40 165.67
v 90.20 437.00 162.98
v 83.46 436.25 165.04
v 83.46 364.04 138.75
v 75.84 359.89 139.88
v 75.84 344.21 134.17
v 76.98 341.62 132.83
v 82.37 304.59 130.35
v 85.48 336.40 137.38
v 82.45 100.26 56.11
v 97.21 107.20 37.03
v 99.19 447.63 157.78
v 91.60 443.74 167.48
v 91.60 436.34 164.79
v 87.43 434.38 170.18
v 87.43 362.17 143.89
v 82.72 356.65 148.78
v 82.72 340.97 143.07
v 83.42 338.58 141.18
v 97.39 105.41 67.60
v 93.68 105.31 67.86
v 89.96 105.41 67.60
v 86.41 105.68 66.85
v 83.08 106.11 65.66
v 100.94 105.68 66.85
v 104.28 106.11 65.66
v 107.37 106.70 64.04
v 79.98 106.70 64.04
v 110.18 107.42 62.05
v 77.17 107.42 62.05
v 74.69 108.27 59.72
v 112.66 108.27 59.72
v 114.78 109.23 57.08
v 116.50 110.29 54.17
v 117.77 111.43 51.04
v 118.56 112.65 47.70
v 118.84 113.92 44.21
v 118.56 115.19 40.72
v 117.77 116.40 37.39
v 116.50 117.54 34.25
v 114.78 118.60 31.34
v 112.66 119.56 28.71
v 110.18 120.41 26.37
v 107.37 121.14 24.38
v 104.28 121.72 22.77
v 100.94 122.16 21.57
v 97.39 122.43 20.83
v 93.68 122.52 20.57
v 89.96 122.43 20.83
v 86.41 122.16 21.57
v 83.08 121.72 22.77
v 79.98 121.14 24.38
v 77.17 120.41 26.37
v 74.69 119.56 28.71
v 72.57 118.60 31.34
v 72.57 109.23 57.08
v 70.86 117.54 34.25
v 69.58 116.40 37.39
v 68.79 115.19 40.72
v 68.52 113.92 44.21
v 68.79 112.65 47.70
v 69.58 111.43 51.04
v 70.86 110.29 54.17
v 97.39 120.78 20.22
v 93.68 120.87 19.97
v 100.94 120.51 20.97
v 104.28 120.07 22.17
v 107.37 119.48 23.78
v 110.18 118.76 25.77
v 112.66 117.91 28.10
v 114.78 116.95 30.74
v 116.50 115.89 33.65
v 117.77 114.75 36.79
v 118.56 113.54 40.12
v 118.84 112.27 43.61
v 118.56 111.00 47.10
v 117.77 109.78 50.44
v 116.50 108.64 53.57
v 114.78 107.58 56.48
v 112.66 106.62 59.12
v 110.18 105.77 61.45
v 107.37 105.05 63.44
v 104.28 104.46 65.06
v 100.94 104.03 66.25
v 97.39 103.75 67.00
v 93.68 103.66 67.25
v 89.96 103.75 67.00
v 86.41 104.03 66.25
v 83.08 104.46 65.06
v 79.98 105.05 63.44
v 77.17 105.77 61.45
v 74.69 106.62 59.12
v 72.57 107.58 56.48
v 70.86 108.64 53.57
v 69.58 109.78 50.44
v 68.79 111.00 47.10
v 68.52 112.27 43.61
v 68.79 113.54 40.12
v 69.58 114.75 36.79
v 70.86 115.89 33.65
v 72.57 116.95 30.74
v 74.69 117.91 28.10
v 77.17 118.76 25.77
v 79.98 119.48 23.78
v 83.08 120.07 22.17
v 86.41 120.51 20.97
v 89.96 120.78 20.22
v 97.39 109.26 69.00
v 93.68 109.16 69.26
v 89.96 109.26 69.00
v 86.41 109.53 68.26
v 83.08 109.97 67.06
v 100.94 109.53 68.26
v 104.28 109.97 67.06
v 107.37 110.55 65.45
v 79.98 110.55 65.45
v 110.18 111.28 63.45
v 77.17 111.28 63.45
v 74.69 112.13 61.12
v 112.66 112.13 61.12
v 114.78 113.09 58.48
v 116.50 114.14 55.58
v 117.77 115.29 52.44
v 118.56 116.50 49.11
v 118.84 117.77 45.61
v 118.56 119.04 42.12
v 117.77 120.25 38.79
v 116.50 121.40 35.65
v 114.78 122.45 32.75
v 112.66 123.41 30.11
v 110.18 124.26 27.77
v 107.37 124.99 25.78
v 104.28 125.58 24.17
v 100.94 126.01 22.97
v 97.39 126.28 22.23
v 93.68 126.38 21.97
v 89.96 126.28 22.23
v 86.41 126.01 22.97
v 83.08 125.58 24.17
v 79.98 124.99 25.78
v 77.17 124.26 27.77
v 74.69 123.41 30.11
v 72.57 122.45 32.75
v 72.57 113.09 58.48
v 70.86 121.40 35.65
v 69.58 120.25 38.79
v 68.79 119.04 42.12
v 68.52 117.77 45.61
v 68.79 116.50 49.11
v 69.58 115.29 52.44
v 70.86 114.14 55.58
v 97.39 124.63 21.63
v 93.68 124.72 21.37
v 100.94 124.36 22.37
v 104.28 123.92 23.57
v 107.37 123.34 25.18
v 110.18 122.61 27.17
v 112.66 121.76 29.51
v 114.78 120.80 32.14
v 116.50 119.75 35.05
v 117.77 118.60 38.19
v 118.56 117.39 41.52
v 118.84 116.12 45.01
v 118.56 114.85 48.50
v 117.77 113.64 51.84
v 116.50 112.49 54.98
v 114.78 111.44 57.88
v 112.66 110.48 60.52
v 110.18 109.63 62.85
v 107.37 108.90 64.84
v 104.28 108.31 66.46
v 100.94 107.88 67.65
v 97.39 107.61 68.40
v 93.68 107.51 68.66
v 89.96 107.61 68.40
v 86.41 107.88 67.65
v 83.08 108.31 66.46
v 79.98 108.90 64.84
v 77.17 109.63 62.85
v 74.69 110.48 60.52
v 72.57 111.44 57.88
v 70.86 112.49 54.98
v 69.58 113.64 51.84
v 68.79 114.85 48.50
v 68.52 116.12 45.01
v 68.79 117.39 41.52
v 69.58 118.60 38.19
v 70.86 119.75 35.05
v 72.57 120.80 32.15
v 74.69 121.76 29.51
v 77.17 122.61 27.17
v 79.98 123.34 25.18
v 83.08 123.92 23.57
v 86.41 124.36 22.37
v 89.96 124.63 21.63
v 97.39 113.11 70.40
v 93.68 113.02 70.66
v 89.96 113.11 70.40
v 86.41 113.38 69.66
v 83.08 113.82 68.46
v 100.94 113.38 69.66
v 104.28 113.82 68.46
v 107.37 114.41 66.85
v 79.98 114.41 66.85
v 110.18 115.13 64.86
v 77.17 115.13 64.86
v 74.69 115.98 62.52
v 112.66 115.98 62.52
v 114.78 116.94 59.89
v 116.50 118.00 56.98
v 117.77 119.14 53.84
v 118.56 120.35 50.51
v 118.84 121.62 47.02
v 118.56 122.89 43.53
v 117.77 124.11 40.19
v 116.50 125.25 37.05
v 114.78 126.31 34.15
v 112.66 127.27 31.51
v 110.18 128.12 29.18
v 107.37 128.84 27.19
v 104.28 129.43 25.57
v 100.94 129.86 24.38
v 97.39 130.13 23.63
v 93.68 130.23 23.37
v 89.96 130.13 23.63
v 86.41 129.86 24.38
v 83.08 129.43 25.57
v 79.98 128.84 27.19
v 77.17 128.12 29.18
v 74.69 127.27 31.51
v 72.57 126.31 34.15
v 72.57 116.94 59.89
v 70.86 125.25 37.05
v 69.58 124.11 40.19
v 68.79 122.89 43.53
v 68.52 121.62 47.02
v 68.79 120.35 50.51
v 69.58 119.14 53.84
v 70.86 118.00 56.98
v 97.39 128.48 23.03
v 93.68 128.58 22.77
v 100.94 128.21 23.77
v 104.28 127.78 24.97
v 107.37 127.19 26.58
v 110.18 126.47 28.58
v 112.66 125.62 30.91
v 114.78 124.66 33.55
v 116.50 123.60 36.45
v 117.77 122.46 39.59
v 118.56 121.24 42.92
v 118.84 119.97 46.42
v 118.56 118.70 49.91
v 117.77 117.49 53.24
v 116.50 116.35 56.38
v 114.78 115.29 59.28
v 112.66 114.33 61.92
v 110.18 113.48 64.26
v 107.37 112.75 66.25
v 104.28 112.17 67.86
v 100.94 111.73 69.06
v 97.39 111.46 69.80
v 93.68 111.37 70.06
v 89.96 111.46 69.80
v 86.41 111.73 69.06
v 83.08 112.17 67.86
v 79.98 112.75 66.25
v 77.17 113.48 64.26
v 74.69 114.33 61.92
v 72.57 115.29 59.28
v 70.86 116.35 56.38
v 69.58 117.49 53.24
v 68.79 118.70 49.91
v 68.52 119.97 46.42
v 68.79 121.24 42.92
v 69.58 122.46 39.59
v 70.86 123.60 36.45
v 72.57 124.66 33.55
v 74.69 125.62 30.91
v 77.17 126.47 28.58
v 79.98 127.19 26.58
v 83.08 127.78 24.97
v 86.41 128.21 23.77
v 89.96 128.48 23.03
v 97.39 116.96 71.81
v 93.68 116.87 72.06
v 89.96 116.96 71.81
v 86.41 117.24 71.06
v 83.08 117.67 69.86
v 100.94 117.24 71.06
v 104.28 117.67 69.86
v 107.37 118.26 68.25
v 79.98 118.26 68.25
v 110.18 118.98 66.26
v 77.17 118.98 66.26
v 74.69 119.83 63.93
v 112.66 119.83 63.93
v 114.78 120.79 61.29
v 116.50 121.85 58.38
v 117.77 122.99 55.24
v 118.56 124.21 51.91
v 118.84 125.48 48.42
v 118.56 126.75 44.93
v 117.77 127.96 41.60
v 116.50 129.10 38.46
v 114.78 130.16 35.55
v 112.66 131.12 32.91
v 110.18 131.97 30.58
v 107.37 132.69 28.59
v 104.28 133.28 26.98
v 100.94 133.72 25.78
v 97.39 133.99 25.03
v 93.68 134.08 24.78
v 89.96 133.99 25.03
v 86.41 133.72 25.78
v 83.08 133.28 26.98
v 79.98 132.69 28.59
v 77.17 131.97 30.58
v 74.69 131.12 32.91
v 72.57 130.16 35.55
v 72.57 120.79 61.29
v 70.86 129.10 38.46
v 69.58 127.96 41.60
v 68.79 126.75 44.93
v 68.52 125.48 48.42
v 68.79 124.21 51.91
v 69.58 122.99 55.24
v 70.86 121.85 58.38
v 97.39 132.34 24.43
v 93.68 132.43 24.18
v 100.94 132.07 25.18
v 104.28 131.63 26.37
v 107.37 131.04 27.99
v 110.18 130.32 29.98
v 112.66 129.47 32.31
v 114.78 128.51 34.95
v 116.50 127.45 37.86
v 117.77 126.31 40.99
v 118.56 125.10 44.33
v 118.84 123.82 47.82
v 118.56 122.55 51.31
v 117.77 121.34 54.64
v 116.50 120.20 57.78
v 114.78 119.14 60.69
v 112.66 118.18 63.32
v 110.18 117.33 65.66
v 107.37 116.61 67.65
v 104.28 116.02 69.26
v 100.94 115.58 70.46
v 97.39 115.31 71.20
v 93.68 115.22 71.46
v 89.96 115.31 71.20
v 86.41 115.58 70.46
v 83.08 116.02 69.26
v 79.98 116.61 67.65
v 77.17 117.33 65.66
v 74.69 118.18 63.33
v 72.57 119.14 60.69
v 70.86 120.20 57.78
v 69.58 121.34 54.64
v 68.79 122.55 51.31
v 68.52 123.82 47.82
v 68.79 125.10 44.33
v 69.58 126.31 40.99
v 70.86 127.45 37.86
v 72.57 128.51 34.95
v 74.69 129.47 32.31
v 77.17 130.32 29.98
v 79.98 131.04 27.99
v 83.08 131.63 26.37
v 86.41 132.07 25.18
v 89.96 132.34 24.43
v 97.39 120.82 73.21
v 93.68 120.72 73.46
v 89.96 120.82 73.21
v 86.41 121.09 72.46
v 83.08 121.52 71.27
v 100.94 121.09 72.46
v 104.28 121.52 71.27
v 107.37 122.11 69.65
v 79.98 122.11 69.65
v 110.18 122.84 67.66
v 77.17 122.84 67.66
v 74.69 123.68 65.33
v 112.66 123.68 65.33
v 114.78 124.64 62.69
v 116.50 125.70 59.78
v 117.77 126.84 56.65
v 118.56 128.06 53.31
v 118.84 129.33 49.82
v 118.56 130.60 46.33
v 117.77 131.81 43.00
v 116.50 132.95 39.86
v 114.78 134.01 36.95
v 112.66 134.97 34.31
v 110.18 135.82 31.98
v 107.37 136.55 29.99
v 104.28 137.13 28.38
v 100.94 137.57 27.18
v 97.39 137.84 26.44
v 93.68 137.93 26.18
v 89.96 137.84 26.44
v 86.41 137.57 27.18
v 83.08 137.13 28.38
v 79.98 136.55 29.99
v 77.17 135.82 31.98
v 74.69 134.97 34.31
v 72.57 134.01 36.95
v 72.57 124.64 62.69
v 70.86 132.95 39.86
v 69.58 131.81 43.00
v 68.79 130.60 46.33
v 68.52 129.33 49.82
v 68.79 128.06 53.31
v 69.58 126.84 56.65
v 70.86 125.70 59.78
v 97.39 136.19 25.83
v 93.68 136.28 25.58
v 100.94 135.92 26.58
v 104.28 135.48 27.78
v 107.37 134.90 29.39
v 110.18 134.17 31.38
v 112.66 133.32 33.71
v 114.78 132.36 36.35
v 116.50 131.30 39.26
v 117.77 130.16 42.40
v 118.56 128.95 45.73
v 118.84 127.68 49.22
v 118.56 126.41 52.71
v 117.77 125.19 56.04
v 116.50 124.05 59.18
v 114.78 122.99 62.09
v 112.66 122.03 64.73
v 110.18 121.18 67.06
v 107.37 120.46 69.05
v 104.28 119.87 70.66
v 100.94 119.44 71.86
v 97.39 119.17 72.61
v 93.68 119.07 72.86
v 89.96 119.17 72.61
v 86.41 119.44 71.86
v 83.08 119.87 70.66
v 79.98 120.46 69.05
v 77.17 121.18 67.06
v 74.69 122.03 64.73
v 72.57 122.99 62.09
v 70.86 124.05 59.18
v 69.58 125.19 56.04
v 68.79 126.41 52.71
v 68.52 127.68 49.22
v 68.79 128.95 45.73
v 69.58 130.16 42.40
v 70.86 131.30 39.26
v 72.57 132.36 36.35
v 74.69 133.32 33.71
v 77.17 134.17 31.38
v 79.98 134.90 29.39
v 83.08 135.48 27.78
v 86.41 135.92 26.58
v 89.96 136.19 25.83
v 97.39 124.67 74.61
v 93.68 124.58 74.87
v 89.96 124.67 74.61
v 86.41 124.94 73.86
v 83.08 125.38 72.67
v 100.94 124.94 73.86
v 104.28 125.38 72.67
v 107.37 125.96 71.05
v 79.98 125.96 71.05
v 110.18 126.69 69.06
v 77.17 126.69 69.06
v 74.69 127.54 66.73
v 112.66 127.54 66.73
v 114.78 128.50 64.09
v 116.50 129.56 61.19
v 117.77 130.70 58.05
v 118.56 131.91 54.71
v 118.84 133.18 51.22
v 118.56 134.45 47.73
v 117.77 135.66 44.40
v 116.50 136.81 41.26
v 114.78 137.87 38.35
v 112.66 138.83 35.72
v 110.18 139.67 33.38
v 107.37 140.40 31.39
v 104.28 140.99 29.78
v 100.94 141.42 28.58
v 97.39 141.69 27.84
v 93.68 141.79 27.58
v 89.96 141.69 27.84
v 86.41 141.42 28.58
v 83.08 140.99 29.78
v 79.98 140.40 31.39
v 77.17 139.67 33.38
v 74.69 138.83 35.72
v 72.57 137.87 38.36
v 72.57 128.50 64.09
v 70.86 136.81 41.26
v 69.58 135.66 44.40
v 68.79 134.45 47.73
v 68.52 133.18 51.22
v 68.79 131.91 54.71
v 69.58 130.70 58.05
v 70.86 129.56 61.19
v 97.39 140.04 27.24
v 93.68 140.14 26.98
v 100.94 139.77 27.98
v 104.28 139.33 29.18
v 107.37 138.75 30.79
v 110.18 138.02 32.78
v 112.66 137.17 35.12
v 114.78 136.21 37.75
v 116.50 135.16 40.66
v 117.77 134.01 43.80
v 118.56 132.80 47.13
v 118.84 131.53 50.62
v 118.56 130.26 54.11
v 117.77 129.05 57.45
v 116.50 127.90 60.58
v 114.78 126.85 63.49
v 112.66 125.89 66.13
v 110.18 125.04 68.46
v 107.37 124.31 70.45
v 104.28 123.73 72.07
v 100.94 123.29 73.26
v 97.39 123.02 74.01
v 93.68 122.92 74.27
v 89.96 123.02 74.01
v 86.41 123.29 73.26
v 83.08 123.73 72.07
v 79.98 124.31 70.45
v 77.17 125.04 68.46
v 74.69 125.89 66.13
v 72.57 126.85 63.49
v 70.86 127.90 60.59
v 69.58 129.05 57.45
v 68.79 130.26 54.11
v 68.52 131.53 50.62
v 68.79 132.80 47.13
v 69.58 134.01 43.80
v 70.86 135.16 40.66
v 72.57 136.21 37.75
v 74.69 137.17 35.12
v 77.17 138.02 32.78
v 79.98 138.75 30.79
v 83.08 139.33 29.18
v 86.41 139.77 27.98
v 89.96 140.04 27.24
v 97.35 212.06 103.74
v 94.02 211.98 103.97
v 90.68 212.06 103.74
v 100.54 212.30 103.07
v 103.54 212.70 102.00
v 87.50 212.30 103.07
v 84.50 212.70 102.00
v 106.31 213.22 100.55
v 81.72 213.22 100.55
v 108.83 213.87 98.76
v 79.20 213.87 98.76
v 111.06 214.64 96.67
v 76.98 214.64 96.67
v 112.96 215.50 94.30
v 114.50 216.45 91.69
v 115.65 217.47 88.87
v 116.36 218.56 85.88
v 116.60 219.70 82.75
v 116.36 220.84 79.61
v 115.65 221.93 76.62
v 114.50 222.96 73.80
v 112.96 223.91 71.19
v 111.06 224.77 68.82
v 108.83 225.53 66.73
v 75.07 215.50 94.30
v 73.53 216.45 91.69
v 72.39 217.47 88.87
v 71.68 218.56 85.88
v 71.43 219.70 82.75
v 71.68 220.84 79.61
v 72.39 221.93 76.62
v 73.53 222.96 73.80
v 75.07 223.91 71.19
v 76.98 224.77 68.82
v 79.20 225.53 66.73
v 106.31 226.18 64.94
v 81.72 226.18 64.94
v 103.54 226.71 63.50
v 100.54 227.10 62.42
v 97.35 227.34 61.75
v 94.02 227.43 61.52
v 90.68 227.34 61.75
v 87.50 227.10 62.42
v 84.50 226.71 63.50
v 97.35 117.90 21.92
v 94.02 117.99 21.69
v 100.54 117.66 22.59
v 103.53 117.27 23.66
v 106.31 116.74 25.11
v 108.83 116.09 26.90
v 111.06 115.33 28.99
v 112.96 114.47 31.36
v 114.50 113.52 33.97
v 115.65 112.49 36.79
v 116.36 111.40 39.78
v 116.60 110.26 42.91
v 116.36 109.12 46.05
v 115.65 108.03 49.04
v 114.50 107.01 51.86
v 112.96 106.06 54.46
v 111.06 105.20 56.83
v 108.83 104.43 58.93
v 106.31 103.78 60.71
v 103.54 103.26 62.16
v 100.54 102.86 63.24
v 97.35 102.62 63.91
v 94.02 102.54 64.14
v 90.68 102.62 63.91
v 87.50 102.86 63.24
v 84.50 103.26 62.16
v 81.72 103.78 60.71
v 79.20 104.43 58.93
v 76.98 105.20 56.83
v 75.07 106.06 54.46
v 73.53 107.01 51.86
v 72.39 108.03 49.04
v 71.68 109.12 46.05
v 71.43 110.26 42.91
v 71.68 111.40 39.78
v 72.39 112.49 36.79
v 73.53 113.52 33.97
v 75.07 114.47 31.36
v 76.98 115.33 28.99
v 79.20 116.09 26.90
v 81.72 116.74 25.11
v 84.50 117.27 23.66
v 87.50 117.66 22.59
v 90.68 117.90 21.92
v 97.39 128.52 76.01
v 93.68 128.43 76.27
v 89.96 128.52 76.01
v 86.41 128.79 75.27
v 83.08 129.23 74.07
v 100.94 128.79 75.27
v 104.28 129.23 74.07
v 107.37 129.81 72.46
v 79.98 129.81 72.46
v 110.18 130.54 70.47
v 77.17 130.54 70.47
v 74.69 131.39 68.13
v 112.66 131.39 68.13
v 114.78 132.35 65.49
v 116.50 133.41 62.59
v 117.77 134.55 59.45
v 118.56 135.76 56.12
v 118.84 137.03 52.63
v 118.56 138.30 49.13
v 117.77 139.52 45.80
v 116.50 140.66 42.66
v 114.78 141.72 39.76
v 112.66 142.68 37.12
v 110.18 143.53 34.79
v 107.37 144.25 32.79
v 104.28 144.84 31.18
v 100.94 145.27 29.98
v 97.39 145.54 29.24
v 93.68 145.64 28.98
v 89.96 145.54 29.24
v 86.41 145.27 29.98
v 83.08 144.84 31.18
v 79.98 144.25 32.79
v 77.17 143.53 34.79
v 74.69 142.68 37.12
v 72.57 141.72 39.76
v 72.57 132.35 65.49
v 70.86 140.66 42.66
v 69.58 139.52 45.80
v 68.79 138.30 49.13
v 68.52 137.03 52.63
v 68.79 135.76 56.12
v 69.58 134.55 59.45
v 70.86 133.41 62.59
v 97.39 143.89 28.64
v 93.68 143.99 28.38
v 100.94 143.62 29.38
v 104.28 143.19 30.58
v 107.37 142.60 32.19
v 110.18 141.87 34.18
v 112.66 141.02 36.52
v 114.78 140.06 39.16
v 116.50 139.01 42.06
v 117.77 137.86 45.20
v 118.56 136.65 48.53
v 118.84 135.38 52.02
v 118.56 134.11 55.52
v 117.77 132.90 58.85
v 116.50 131.76 61.99
v 114.78 130.70 64.89
v 112.66 129.74 67.53
v 110.18 128.89 69.86
v 107.37 128.16 71.86
v 104.28 127.58 73.47
v 100.94 127.14 74.67
v 97.39 126.87 75.41
v 93.68 126.78 75.67
v 89.96 126.87 75.41
v 86.41 127.14 74.67
v 83.08 127.58 73.47
v 79.98 128.16 71.86
v 77.17 128.89 69.86
v 74.69 129.74 67.53
v 72.57 130.70 64.89
v 70.86 131.76 61.99
v 69.58 132.90 58.85
v 68.79 134.11 55.52
v 68.52 135.38 52.02
v 68.79 136.65 48.53
v 69.58 137.86 45.20
v 70.86 139.01 42.06
v 72.57 140.06 39.16
v 74.69 141.02 36.52
v 77.17 141.87 34.18
v 79.98 142.60 32.19
v 83.08 143.19 30.58
v 86.41 143.62 29.38
v 89.96 143.89 28.64
v 97.39 132.37 77.41
v 93.68 132.28 77.67
v 89.96 132.37 77.41
v 86.41 132.64 76.67
v 83.08 133.08 75.47
v 100.94 132.64 76.67
v 104.28 133.08 75.47
v 107.37 133.67 73.86
v 79.98 133.67 73.86
v 110.18 134.39 71.87
v 77.17 134.39 71.87
v 74.69 135.24 69.53
v 112.66 135.24 69.53
v 114.78 136.20 66.90
v 116.50 137.26 63.99
v 117.77 138.40 60.85
v 118.56 139.61 57.52
v 118.84 140.88 54.03
v 118.56 142.15 50.54
v 117.77 143.37 47.20
v 116.50 144.51 44.06
v 114.78 145.57 41.16
v 112.66 146.53 38.52
v 110.18 147.38 36.19
v 107.37 148.10 34.20
v 104.28 148.69 32.58
v 100.94 149.12 31.39
v 97.39 149.39 30.64
v 93.68 149.49 30.38
v 89.96 149.39 30.64
v 86.41 149.12 31.39
v 83.08 148.69 32.58
v 79.98 148.10 34.20
v 77.17 147.38 36.19
v 74.69 146.53 38.52
v 72.57 145.57 41.16
v 72.57 136.20 66.90
v 70.86 144.51 44.06
v 69.58 143.37 47.20
v 68.79 142.15 50.54
v 68.52 140.88 54.03
v 68.79 139.61 57.52
v 69.58 138.40 60.85
v 70.86 137.26 63.99
v 97.39 147.74 30.04
v 93.68 147.84 29.78
v 100.94 147.47 30.78
v 104.28 147.04 31.98
v 107.37 146.45 33.59
v 110.18 145.72 35.59
v 112.66 144.88 37.92
v 114.78 143.92 40.56
v 116.50 142.86 43.46
v 117.77 141.72 46.60
v 118.56 140.50 49.93
v 118.84 139.23 53.43
v 118.56 137.96 56.92
v 117.77 136.75 60.25
v 116.50 135.61 63.39
v 114.78 134.55 66.29
v 112.66 133.59 68.93
v 110.18 132.74 71.27
v 107.37 132.01 73.26
v 104.28 131.43 74.87
v 100.94 130.99 76.07
v 97.39 130.72 76.81
v 93.68 130.63 77.07
v 89.96 130.72 76.81
v 86.41 130.99 76.07
v 83.08 131.43 74.87
v 79.98 132.01 73.26
v 77.17 132.74 71.27
v 74.69 133.59 68.93
v 72.57 134.55 66.29
v 70.86 135.61 63.39
v 69.58 136.75 60.25
v 68.79 137.96 56.92
v 68.52 139.23 53.43
v 68.79 140.50 49.93
v 69.58 141.72 46.60
v 70.86 142.86 43.46
v 72.57 143.92 40.56
v 74.69 144.88 37.92
v 77.17 145.72 35.59
v 79.98 146.45 33.59
v 83.08 147.04 31.98
v 86.41 147.47 30.78
v 89.96 147.74 30.04
v 70.19 262.95 100.78
v 70.19 264.40 96.79
v 73.96 264.40 96.79
v 73.96 262.95 100.78
v 91.76 270.33 80.51
v 91.76 271.78 76.52
v 95.54 271.78 76.52
v 95.54 270.33 80.51
v 113.34 262.95 100.78
v 113.34 264.40 96.79
v 117.11 264.40 96.79
v 117.11 262.95 100.78
v 91.76 255.57 121.06
v 91.76 257.02 117.07
v 95.54 257.02 117.07
v 95.54 255.57 121.06
v 73.96 219.47 84.96
v 73.96 220.93 80.97
v 70.19 219.47 84.96
v 70.19 220.93 80.97
v 95.54 226.85 64.69
v 95.54 228.30 60.70
v 91.76 226.85 64.69
v 91.76 228.30 60.70
v 117.11 219.47 84.96
v 117.11 220.93 80.97
v 113.34 219.47 84.96
v 113.34 220.93 80.97
v 95.54 212.10 105.23
v 95.54 213.55 101.24
v 91.76 212.10 105.23
v 91.76 213.55 101.24
v 97.40 136.10 78.78
v 93.68 136.01 79.04
v 89.97 136.10 78.78
v 86.42 136.37 78.04
v 83.08 136.81 76.84
v 100.95 136.37 78.04
v 104.28 136.81 76.84
v 107.38 137.40 75.23
v 79.99 137.40 75.23
v 110.19 138.12 73.24
v 77.18 138.12 73.24
v 74.70 138.97 70.90
v 112.67 138.97 70.90
v 114.79 139.93 68.27
v 116.50 140.99 65.36
v 117.78 142.13 62.22
v 118.57 143.34 58.89
v 118.84 144.61 55.40
v 118.57 145.89 51.91
v 117.78 147.10 48.57
v 116.50 148.24 45.44
v 114.79 149.30 42.53
v 112.67 150.26 39.89
v 110.19 151.11 37.56
v 107.38 151.83 35.57
v 104.28 152.42 33.95
v 100.95 152.86 32.76
v 97.40 153.13 32.01
v 93.68 153.22 31.75
v 89.97 153.13 32.01
v 86.42 152.86 32.76
v 83.08 152.42 33.95
v 79.99 151.83 35.57
v 77.18 151.11 37.56
v 74.70 150.26 39.89
v 72.58 149.30 42.53
v 72.58 139.93 68.27
v 70.86 148.24 45.44
v 69.59 147.10 48.57
v 68.80 145.89 51.91
v 68.52 144.61 55.40
v 68.80 143.34 58.89
v 69.59 142.13 62.22
v 70.86 140.99 65.36
v 97.40 151.48 31.41
v 93.68 151.57 31.15
v 100.95 151.20 32.16
v 104.28 150.77 33.35
v 107.38 150.18 34.97
v 110.19 149.46 36.96
v 112.67 148.61 39.29
v 114.79 147.65 41.93
v 116.50 146.59 44.83
v 117.78 145.45 47.97
v 118.57 144.23 51.31
v 118.84 142.96 54.80
v 118.57 141.69 58.29
v 117.78 140.48 61.62
v 116.50 139.34 64.76
v 114.79 138.28 67.67
v 112.67 137.32 70.30
v 110.19 136.47 72.64
v 107.38 135.75 74.63
v 104.28 135.16 76.24
v 100.95 134.72 77.44
v 97.40 134.45 78.18
v 93.68 134.36 78.44
v 89.97 134.45 78.18
v 86.42 134.72 77.44
v 83.08 135.16 76.24
v 79.99 135.75 74.63
v 77.18 136.47 72.64
v 74.70 137.32 70.30
v 72.58 138.28 67.67
v 70.86 139.34 64.76
v 69.59 140.48 61.62
v 68.80 141.69 58.29
v 68.52 142.96 54.80
v 68.80 144.23 51.31
v 69.59 145.45 47.97
v 70.86 146.59 44.83
v 72.58 147.65 41.93
v 74.70 148.61 39.29
v 77.18 149.46 36.96
v 79.99 150.18 34.97
v 83.08 150.77 33.35
v 86.42 151.20 32.16
v 89.97 151.48 31.41
v 97.40 139.96 80.19
v 93.68 139.86 80.44
v 89.97 139.96 80.19
v 86.42 140.23 79.44
v 83.08 140.66 78.24
v 100.95 140.23 79.44
v 104.28 140.66 78.24
v 107.38 141.25 76.63
v 79.99 141.25 76.63
v 110.19 141.97 74.64
v 77.18 141.97 74.64
v 74.70 142.82 72.31
v 112.67 142.82 72.31
v 114.79 143.78 69.67
v 116.50 144.84 66.76
v 117.78 145.98 63.62
v 118.57 147.20 60.29
v 118.84 148.47 56.80
v 118.57 149.74 53.31
v 117.78 150.95 49.98
v 116.50 152.09 46.84
v 114.79 153.15 43.93
v 112.67 154.11 41.29
v 110.19 154.96 38.96
v 107.38 155.69 36.97
v 104.28 156.27 35.36
v 100.95 156.71 34.16
v 97.40 156.98 33.41
v 93.68 157.07 33.16
v 89.97 156.98 33.41
v 86.42 156.71 34.16
v 83.08 156.27 35.36
v 79.99 155.69 36.97
v 77.18 154.96 38.96
v 74.70 154.11 41.29
v 72.58 153.15 43.93
v 72.58 143.78 69.67
v 70.86 152.09 46.84
v 69.59 150.95 49.98
v 68.80 149.74 53.31
v 68.52 148.47 56.80
v 68.80 147.20 60.29
v 69.59 145.98 63.62
v 70.86 144.84 66.76
v 97.40 155.33 32.81
v 93.68 155.42 32.56
v 100.95 155.06 33.56
v 104.28 154.62 34.75
v 107.38 154.03 36.37
v 110.19 153.31 38.36
v 112.67 152.46 40.69
v 114.79 151.50 43.33
v 116.50 150.44 46.24
v 117.78 149.30 49.37
v 118.57 148.09 52.71
v 118.84 146.82 56.20
v 118.57 145.55 59.69
v 117.78 144.33 63.02
v 116.50 143.19 66.16
v 114.79 142.13 69.07
v 112.67 141.17 71.71
v 110.19 140.32 74.04
v 107.38 139.60 76.03
v 104.28 139.01 77.64
v 100.95 138.58 78.84
v 97.40 138.30 79.59
v 93.68 138.21 79.84
v 89.97 138.30 79.59
v 86.42 138.58 78.84
v 83.08 139.01 77.64
v 79.99 139.60 76.03
v 77.18 140.32 74.04
v 74.70 141.17 71.71
v 72.58 142.13 69.07
v 70.86 143.19 66.16
v 69.59 144.33 63.02
v 68.80 145.55 59.69
v 68.52 146.82 56.20
v 68.80 148.09 52.71
v 69.59 149.30 49.37
v 70.86 150.44 46.24
v 72.58 151.50 43.33
v 74.70 152.46 40.69
v 77.18 153.31 38.36
v 79.99 154.03 36.37
v 83.08 154.62 34.76
v 86.42 155.06 33.56
v 89.97 155.33 32.81
v 97.40 143.81 81.59
v 93.68 143.71 81.85
v 89.97 143.81 81.59
v 86.42 144.08 80.84
v 83.08 144.52 79.65
v 100.95 144.08 80.84
v 104.28 144.52 79.65
v 107.38 145.10 78.03
v 79.99 145.10 78.03
v 110.19 145.83 76.04
v 77.18 145.83 76.04
v 74.70 146.68 73.71
v 112.67 146.68 73.71
v 114.79 147.64 71.07
v 116.50 148.69 68.16
v 117.78 149.84 65.03
v 118.57 151.05 61.69
v 118.84 152.32 58.20
v 118.57 153.59 54.71
v 117.78 154.80 51.38
v 116.50 155.95 48.24
v 114.79 157.00 45.33
v 112.67 157.96 42.70
v 110.19 158.81 40.36
v 107.38 159.54 38.37
v 104.28 160.12 36.76
v 100.95 160.56 35.56
v 97.40 160.83 34.82
v 93.68 160.93 34.56
v 89.97 160.83 34.82
v 86.42 160.56 35.56
v 83.08 160.12 36.76
v 79.99 159.54 38.37
v 77.18 158.81 40.36
v 74.70 157.96 42.70
v 72.58 157.00 45.33
v 72.58 147.64 71.07
v 70.86 155.95 48.24
v 69.59 154.80 51.38
v 68.80 153.59 54.71
v 68.52 152.32 58.20
v 68.80 151.05 61.69
v 69.59 149.84 65.03
v 70.86 148.69 68.16
v 97.40 159.18 34.21
v 93.68 159.27 33.96
v 100.95 158.91 34.96
v 104.28 158.47 36.16
v 107.38 157.89 37.77
v 110.19 157.16 39.76
v 112.67 156.31 42.09
v 114.79 155.35 44.73
v 116.50 154.29 47.64
v 117.78 153.15 50.78
v 118.57 151.94 54.11
v 118.84 150.67 57.60
v 118.57 149.40 61.09
v 117.78 148.19 64.43
v 116.50 147.04 67.56
v 114.79 145.99 70.47
v 112.67 145.02 73.11
v 110.19 144.18 75.44
v 107.38 143.45 77.43
v 104.28 142.86 79.04
v 100.95 142.43 80.24
v 97.40 142.16 80.99
v 93.68 142.06 81.24
v 89.97 142.16 80.99
v 86.42 142.43 80.24
v 83.08 142.86 79.04
v 79.99 143.45 77.43
v 77.18 144.18 75.44
v 74.70 145.02 73.11
v 72.58 145.99 70.47
v 70.86 147.04 67.56
v 69.59 148.19 64.43
v 68.80 149.40 61.09
v 68.52 150.67 57.60
v 68.80 151.94 54.11
v 69.59 153.15 50.78
v 70.86 154.29 47.64
v 72.58 155.35 44.73
v 74.70 156.31 42.09
v 77.18 157.16 39.76
v 79.99 157.89 37.77
v 83.08 158.47 36.16
v 86.42 158.91 34.96
v 89.97 159.18 34.21
v 97.40 147.66 82.99
v 93.68 147.57 83.25
v 89.97 147.66 82.99
v 86.42 147.93 82.25
v 83.08 148.37 81.05
v 100.95 147.93 82.25
v 104.28 148.37 81.05
v 107.38 148.95 79.44
v 79.99 148.95 79.44
v 110.19 149.68 77.44
v 77.18 149.68 77.44
v 74.70 150.53 75.11
v 112.67 150.53 75.11
v 114.79 151.49 72.47
v 116.50 152.55 69.57
v 117.78 153.69 66.43
v 118.57 154.90 63.10
v 118.84 156.17 59.60
v 118.57 157.44 56.11
v 117.78 158.66 52.78
v 116.50 159.80 49.64
v 114.79 160.86 46.74
v 112.67 161.82 44.10
v 110.19 162.67 41.76
v 107.38 163.39 39.77
v 104.28 163.98 38.16
v 100.95 164.41 36.96
v 97.40 164.68 36.22
v 93.68 164.78 35.96
v 89.97 164.68 36.22
v 86.42 164.41 36.96
v 83.08 163.98 38.16
v 79.99 163.39 39.77
v 77.18 162.67 41.76
v 74.70 161.82 44.10
v 72.58 160.86 46.74
v 72.58 151.49 72.47
v 70.86 159.80 49.64
v 69.59 158.66 52.78
v 68.80 157.44 56.11
v 68.52 156.17 59.60
v 68.80 154.90 63.10
v 69.59 153.69 66.43
v 70.86 152.55 69.57
v 97.40 163.03 35.62
v 93.68 163.13 35.36
v 100.95 162.76 36.36
v 104.28 162.33 37.56
v 107.38 161.74 39.17
v 110.19 161.01 41.16
v 112.67 160.17 43.50
v 114.79 159.21 46.13
v 116.50 158.15 49.04
v 117.78 157.01 52.18
v 118.57 155.79 55.51
v 118.84 154.52 59.00
v 118.57 153.25 62.49
v 117.78 152.04 65.83
v 116.50 150.90 68.97
v 114.79 149.84 71.87
v 112.67 148.88 74.51
v 110.19 148.03 76.84
v 107.38 147.30 78.83
v 104.28 146.72 80.45
v 100.95 146.28 81.64
v 97.40 146.01 82.39
v 93.68 145.92 82.65
v 89.97 146.01 82.39
v 86.42 146.28 81.64
v 83.08 146.72 80.45
v 79.99 147.30 78.83
v 77.18 148.03 76.84
v 74.70 148.88 74.51
v 72.58 149.84 71.87
v 70.86 150.90 68.97
v 69.59 152.04 65.83
v 68.80 153.25 62.49
v 68.52 154.52 59.00
v 68.80 155.79 55.51
v 69.59 157.01 52.18
v 70.86 158.15 49.04
v 72.58 159.21 46.13
v 74.70 160.17 43.50
v 77.18 161.01 41.16
v 79.99 161.74 39.17
v 83.08 162.33 37.56
v 86.42 162.76 36.36
v 89.97 163.03 35.62
v 97.40 151.51 84.39
v 93.68 151.42 84.65
v 89.97 151.51 84.39
v 86.42 151.78 83.65
v 83.08 152.22 82.45
v 100.95 151.78 83.65
v 104.28 152.22 82.45
v 107.38 152.81 80.84
v 79.99 152.81 80.84
v 110.19 153.53 78.85
v 77.18 153.53 78.85
v 74.70 154.38 76.51
v 112.67 154.38 76.51
v 114.79 155.34 73.88
v 116.50 156.40 70.97
v 117.78 157.54 67.83
v 118.57 158.75 64.50
v 118.84 160.03 61.01
v 118.57 161.30 57.52
v 117.78 162.51 54.18
v 116.50 163.65 51.04
v 114.79 164.71 48.14
v 112.67 165.67 45.50
v 110.19 166.52 43.17
v 107.38 167.24 41.18
v 104.28 167.83 39.56
v 100.95 168.27 38.37
v 97.40 168.54 37.62
v 93.68 168.63 37.36
v 89.97 168.54 37.62
v 86.42 168.27 38.37
v 83.08 167.83 39.56
v 79.99 167.24 41.18
v 77.18 166.52 43.17
v 74.70 165.67 45.50
v 72.58 164.71 48.14
v 72.58 155.34 73.88
v 70.86 163.65 51.04
v 69.59 162.51 54.18
v 68.80 161.30 57.52
v 68.52 160.03 61.01
v 68.80 158.75 64.50
v 69.59 157.54 67.83
v 70.86 156.40 70.97
v 97.40 166.89 37.02
v 93.68 166.98 36.76
v 100.95 166.61 37.76
v 104.28 166.18 38.96
v 107.38 165.59 40.57
v 110.19 164.87 42.57
v 112.67 164.02 44.90
v 114.79 163.06 47.54
v 116.50 162.00 50.44
v 117.78 160.86 53.58
v 118.57 159.64 56.91
v 118.84 158.37 60.41
v 118.57 157.10 63.90
v 117.78 155.89 67.23
v 116.50 154.75 70.37
v 114.79 153.69 73.27
v 112.67 152.73 75.91
v 110.19 151.88 78.25
v 107.38 151.16 80.24
v 104.28 150.57 81.85
v 100.95 150.13 83.05
v 97.40 149.86 83.79
v 93.68 149.77 84.05
v 89.97 149.86 83.79
v 86.42 150.13 83.05
v 83.08 150.57 81.85
v 79.99 151.16 80.24
v 77.18 151.88 78.25
v 74.70 152.73 75.91
v 72.58 153.69 73.27
v 70.86 154.75 70.37
v 69.59 155.89 67.23
v 68.80 157.10 63.90
v 68.52 158.37 60.41
v 68.80 159.64 56.91
v 69.59 160.86 53.58
v 70.86 162.00 50.44
v 72.58 163.06 47.54
v 74.70 164.02 44.90
v 77.18 164.87 42.57
v 79.99 165.59 40.57
v 83.08 166.18 38.96
v 86.42 166.61 37.76
v 89.97 166.89 37.02
v 97.40 155.37 85.80
v 93.68 155.27 86.05
v 89.97 155.37 85.80
v 86.42 155.64 85.05
v 83.08 156.07 83.85
v 100.95 155.64 85.05
v 104.28 156.07 83.85
v 107.38 156.66 82.24
v 79.99 156.66 82.24
v 110.19 157.39 80.25
v 77.18 157.39 80.25
v 74.70 158.23 77.92
v 112.67 158.23 77.92
v 114.79 159.19 75.28
v 116.50 160.25 72.37
v 117.78 161.39 69.23
v 118.57 162.61 65.90
v 118.84 163.88 62.41
v 118.57 165.15 58.92
v 117.78 166.36 55.58
v 116.50 167.50 52.45
v 114.79 168.56 49.54
v 112.67 169.52 46.90
v 110.19 170.37 44.57
v 107.38 171.10 42.58
v 104.28 171.68 40.97
v 100.95 172.12 39.77
v 97.40 172.39 39.02
v 93.68 172.48 38.77
v 89.97 172.39 39.02
v 86.42 172.12 39.77
v 83.08 171.68 40.97
v 79.99 171.10 42.58
v 77.18 170.37 44.57
v 74.70 169.52 46.90
v 72.58 168.56 49.54
v 72.58 159.19 75.28
v 70.86 167.50 52.45
v 69.59 166.36 55.58
v 68.80 165.15 58.92
v 68.52 163.88 62.41
v 68.80 162.61 65.90
v 69.59 161.39 69.23
v 70.86 160.25 72.37
v 97.40 170.74 38.42
v 93.68 170.83 38.16
v 100.95 170.47 39.17
v 104.28 170.03 40.36
v 107.38 169.44 41.98
v 110.19 168.72 43.97
v 112.67 167.87 46.30
v 114.79 166.91 48.94
v 116.50 165.85 51.85
v 117.78 164.71 54.98
v 118.57 163.50 58.32
v 118.84 162.23 61.81
v 118.57 160.96 65.30
v 117.78 159.74 68.63
v 116.50 158.60 71.77
v 114.79 157.54 74.68
v 112.67 156.58 77.31
v 110.19 155.73 79.65
v 107.38 155.01 81.64
v 104.28 154.42 83.25
v 100.95 153.99 84.45
v 97.40 153.72 85.19
v 93.68 153.62 85.45
v 89.97 153.72 85.19
v 86.42 153.99 84.45
v 83.08 154.42 83.25
v 79.99 155.01 81.64
v 77.18 155.73 79.65
v 74.70 156.58 77.31
v 72.58 157.54 74.68
v 70.86 158.60 71.77
v 69.59 159.74 68.63
v 68.80 160.96 65.30
v 68.52 162.23 61.81
v 68.80 163.50 58.32
v 69.59 164.71 54.98
v 70.86 165.85 51.85
v 72.58 166.91 48.94
v 74.70 167.87 46.30
v 77.18 168.72 43.97
v 79.99 169.44 41.98
v 83.08 170.03 40.36
v 86.42 170.47 39.17
v 89.97 170.74 38.42
v 97.40 159.22 87.20
v 93.68 159.13 87.45
v 89.97 159.22 87.20
v 86.42 159.49 86.45
v 83.08 159.93 85.25
v 100.95 159.49 86.45
v 104.28 159.93 85.25
v 107.38 160.51 83.64
v 79.99 160.51 83.64
v 110.19 161.24 81.65
v 77.18 161.24 81.65
v 74.70 162.09 79.32
v 112.67 162.09 79.32
v 114.79 163.05 76.68
v 116.50 164.11 73.77
v 117.78 165.25 70.64
v 118.57 166.46 67.30
v 118.84 167.73 63.81
v 118.57 169.00 60.32
v 117.78 170.21 56.99
v 116.50 171.36 53.85
v 114.79 172.41 50.94
v 112.67 173.37 48.30
v 110.19 174.22 45.97
v 107.38 174.95 43.98
v 104.28 175.54 42.37
v 100.95 175.97 41.17
v 97.40 176.24 40.42
v 93.68 176.34 40.17
v 89.97 176.24 40.42
v 86.42 175.97 41.17
v 83.08 175.54 42.37
v 79.99 174.95 43.98
v 77.18 174.22 45.97
v 74.70 173.37 48.30
v 72.58 172.41 50.94
v 72.58 163.05 76.68
v 70.86 171.36 53.85
v 69.59 170.21 56.99
v 68.80 169.00 60.32
v 68.52 167.73 63.81
v 68.80 166.46 67.30
v 69.59 165.25 70.64
v 70.86 164.11 73.77
v 97.40 174.59 39.82
v 93.68 174.69 39.57
v 100.95 174.32 40.57
v 104.28 173.88 41.77
v 107.38 173.30 43.38
v 110.19 172.57 45.37
v 112.67 171.72 47.70
v 114.79 170.76 50.34
v 116.50 169.71 53.25
v 117.78 168.56 56.39
v 118.57 167.35 59.72
v 118.84 166.08 63.21
v 118.57 164.81 66.70
v 117.78 163.60 70.03
v 116.50 162.45 73.17
v 114.79 161.40 76.08
v 112.67 160.44 78.72
v 110.19 159.59 81.05
v 107.38 158.86 83.04
v 104.28 158.28 84.65
v 100.95 157.84 85.85
v 97.40 157.57 86.60
v 93.68 157.47 86.85
v 89.97 157.57 86.60
v 86.42 157.84 85.85
v 83.08 158.28 84.65
v 79.99 158.86 83.04
v 77.18 159.59 81.05
v 74.70 160.44 78.72
v 72.58 161.40 76.08
v 70.86 162.45 73.17
v 69.59 163.60 70.03
v 68.80 164.81 66.70
v 68.52 166.08 63.21
v 68.80 167.35 59.72
v 69.59 168.56 56.39
v 70.86 169.71 53.25
v 72.58 170.76 50.34
v 74.70 171.72 47.70
v 77.18 172.57 45.37
v 79.99 173.30 43.38
v 83.08 173.88 41.77
v 86.42 174.32 40.57
v 89.97 174.59 39.82
v 97.40 163.07 88.60
v 93.68 162.98 88.86
v 89.97 163.07 88.60
v 86.42 163.34 87.85
v 83.08 163.78 86.66
v 100.95 163.34 87.85
v 104.29 163.78 86.66
v 107.38 164.37 85.04
v 79.99 164.37 85.04
v 110.19 165.09 83.05
v 77.18 165.09 83.05
v 74.70 165.94 80.72
v 112.67 165.94 80.72
v 114.79 166.90 78.08
v 116.50 167.96 75.18
v 117.78 169.10 72.04
v 118.57 170.31 68.70
v 118.84 171.58 65.21
v 118.57 172.85 61.72
v 117.78 174.07 58.39
v 116.50 175.21 55.25
v 114.79 176.27 52.34
v 112.67 177.23 49.71
v 110.19 178.08 47.37
v 107.38 178.80 45.38
v 104.28 179.39 43.77
v 100.95 179.82 42.57
v 97.40 180.10 41.83
v 93.68 180.19 41.57
v 89.97 180.10 41.83
v 86.42 179.82 42.57
v 83.08 179.39 43.77
v 79.99 178.80 45.38
v 77.18 178.08 47.37
v 74.70 177.23 49.71
v 72.58 176.27 52.34
v 72.58 166.90 78.08
v 70.86 175.21 55.25
v 69.59 174.07 58.39
v 68.80 172.85 61.72
v 68.52 171.58 65.21
v 68.80 170.31 68.70
v 69.59 169.10 72.04
v 70.86 167.96 75.18
v 97.40 178.44 41.23
v 93.68 178.54 40.97
v 100.95 178.17 41.97
v 104.28 177.74 43.17
v 107.38 177.15 44.78
v 110.19 176.43 46.77
v 112.67 175.58 49.11
v 114.79 174.62 51.74
v 116.50 173.56 54.65
v 117.78 172.42 57.79
v 118.57 171.20 61.12
v 118.84 169.93 64.61
v 118.57 168.66 68.10
v 117.78 167.45 71.44
v 116.50 166.31 74.57
v 114.79 165.25 77.48
v 112.67 164.29 80.12
v 110.19 163.44 82.45
v 107.38 162.71 84.44
v 104.28 162.13 86.06
v 100.95 161.69 87.25
v 97.40 161.42 88.00
v 93.68 161.33 88.26
v 89.97 161.42 88.00
v 86.42 161.69 87.25
v 83.08 162.13 86.06
v 79.99 162.71 84.44
v 77.18 163.44 82.45
v 74.70 164.29 80.12
v 72.58 165.25 77.48
v 70.86 166.31 74.57
v 69.59 167.45 71.44
v 68.80 168.66 68.10
v 68.52 169.93 64.61
v 68.80 171.20 61.12
v 69.59 172.42 57.79
v 70.86 173.56 54.65
v 72.58 174.62 51.74
v 74.70 175.58 49.11
v 77.18 176.43 46.77
v 79.99 177.15 44.78
v 83.08 177.74 43.17
v 86.42 178.17 41.97
v 89.97 178.44 41.23
v 97.40 166.92 90.00
v 93.68 166.83 90.26
v 89.97 166.92 90.00
v 86.42 167.20 89.26
v 83.08 167.63 88.06
v 100.95 167.20 89.26
v 104.29 167.63 88.06
v 107.38 168.22 86.45
v 79.99 168.22 86.45
v 110.19 168.94 84.46
v 77.18 168.94 84.46
v 74.70 169.79 82.12
v 112.67 169.79 82.12
v 114.79 170.75 79.48
v 116.50 171.81 76.58
v 117.78 172.95 73.44
v 118.57 174.17 70.11
v 118.84 175.44 66.62
v 118.57 176.71 63.12
v 117.78 177.92 59.79
v 116.50 179.06 56.65
v 114.79 180.12 53.75
v 112.67 181.08 51.11
v 110.19 181.93 48.78
v 107.38 182.65 46.78
v 104.28 183.24 45.17
v 100.95 183.68 43.97
v 97.40 183.95 43.23
v 93.68 184.04 42.97
v 89.97 183.95 43.23
v 86.42 183.68 43.97
v 83.08 183.24 45.17
v 79.99 182.65 46.78
v 77.18 181.93 48.78
v 74.70 181.08 51.11
v 72.58 180.12 53.75
v 72.58 170.75 79.48
v 70.86 179.06 56.65
v 69.59 177.92 59.79
v 68.80 176.71 63.12
v 68.52 175.44 66.62
v 68.80 174.17 70.11
v 69.59 172.95 73.44
v 70.86 171.81 76.58
v 97.40 182.30 42.63
v 93.68 182.39 42.37
v 100.95 182.03 43.37
v 104.28 181.59 44.57
v 107.38 181.00 46.18
v 110.19 180.28 48.17
v 112.67 179.43 50.51
v 114.79 178.47 53.15
v 116.50 177.41 56.05
v 117.78 176.27 59.19
v 118.57 175.06 62.52
v 118.84 173.79 66.01
v 118.57 172.51 69.51
v 117.78 171.30 72.84
v 116.50 170.16 75.98
v 114.79 169.10 78.88
v 112.67 168.14 81.52
v 110.19 167.29 83.85
v 107.38 166.57 85.85
v 104.29 165.98 87.46
v 100.95 165.54 88.66
v 97.40 165.27 89.40
v 93.68 165.18 89.66
v 89.97 165.27 89.40
v 86.42 165.54 88.66
v 83.08 165.98 87.46
v 79.99 166.57 85.85
v 77.18 167.29 83.85
v 74.70 168.14 81.52
v 72.58 169.10 78.88
v 70.86 170.16 75.98
v 69.59 171.30 72.84
v 68.80 172.51 69.51
v 68.52 173.79 66.01
v 68.80 175.06 62.52
v 69.59 176.27 59.19
v 70.86 177.41 56.05
v 72.58 178.47 53.15
v 74.70 179.43 50.51
v 77.18 180.28 48.17
v 79.99 181.00 46.18
v 83.08 181.59 44.57
v 86.42 182.03 43.37
v 89.97 182.30 42.63
v 97.40 170.78 91.40
v 93.68 170.68 91.66
v 89.97 170.78 91.40
v 86.42 171.05 90.66
v 83.08 171.48 89.46
v 100.95 171.05 90.66
v 104.28 171.48 89.46
v 107.38 172.07 87.85
v 79.99 172.07 87.85
v 110.19 172.80 85.86
v 77.18 172.80 85.86
v 74.70 173.65 83.52
v 112.67 173.65 83.52
v 114.79 174.61 80.89
v 116.50 175.66 77.98
v 117.78 176.81 74.84
v 118.57 178.02 71.51
v 118.84 179.29 68.02
v 118.57 180.56 64.53
v 117.78 181.77 61.19
v 116.50 182.92 58.06
v 114.79 183.97 55.15
v 112.67 184.93 52.51
v 110.19 185.78 50.18
v 107.38 186.51 48.19
v 104.28 187.09 46.57
v 100.95 187.53 45.38
v 97.40 187.80 44.63
v 93.68 187.89 44.37
v 89.97 187.80 44.63
v 86.42 187.53 45.38
v 83.08 187.09 46.57
v 79.99 186.51 48.19
v 77.18 185.78 50.18
v 74.70 184.93 52.51
v 72.58 183.97 55.15
v 72.58 174.61 80.89
v 70.86 182.92 58.06
v 69.59 181.77 61.19
v 68.80 180.56 64.53
v 68.52 179.29 68.02
v 68.80 178.02 71.51
v 69.59 176.81 74.84
v 70.86 175.66 77.98
v 97.40 186.15 44.03
v 93.68 186.24 43.77
v 100.95 185.88 44.78
v 104.28 185.44 45.97
v 107.38 184.86 47.59
v 110.19 184.13 49.58
v 112.67 183.28 51.91
v 114.79 182.32 54.55
v 116.50 181.26 57.45
v 117.78 180.12 60.59
v 118.57 178.91 63.93
v 118.84 177.64 67.42
v 118.57 176.37 70.91
v 117.78 175.15 74.24
v 116.50 174.01 77.38
v 114.79 172.95 80.29
v 112.67 171.99 82.92
v 110.19 171.14 85.26
v 107.38 170.42 87.25
v 104.29 169.83 88.86
v 100.95 169.40 90.06
v 97.40 169.13 90.80
v 93.68 169.03 91.06
v 89.97 169.13 90.80
v 86.42 169.40 90.06
v 83.08 169.83 88.86
v 79.99 170.42 87.25
v 77.18 171.14 85.26
v 74.70 171.99 82.92
v 72.58 172.95 80.29
v 70.86 174.01 77.38
v 69.59 175.15 74.24
v 68.80 176.37 70.91
v 68.52 177.64 67.42
v 68.80 178.91 63.93
v 69.59 180.12 60.59
v 70.86 181.26 57.45
v 72.58 182.32 54.55
v 74.70 183.28 51.91
v 77.18 184.13 49.58
v 79.99 184.86 47.59
v 83.08 185.44 45.97
v 86.42 185.88 44.78
v 89.97 186.15 44.03
v 97.40 174.63 92.81
v 93.68 174.54 93.06
v 89.97 174.63 92.81
v 86.42 174.90 92.06
v 83.08 175.34 90.86
v 100.95 174.90 92.06
v 104.29 175.34 90.86
v 107.38 175.92 89.25
v 79.99 175.92 89.25
v 110.19 176.65 87.26
v 77.18 176.65 87.26
v 74.70 177.50 84.93
v 112.67 177.50 84.93
v 114.79 178.46 82.29
v 116.50 179.52 79.38
v 117.78 180.66 76.24
v 118.57 181.87 72.91
v 118.84 183.14 69.42
v 118.57 184.41 65.93
v 117.78 185.63 62.60
v 116.50 186.77 59.46
v 114.79 187.83 56.55
v 112.67 188.79 53.91
v 110.19 189.64 51.58
v 107.38 190.36 49.59
v 104.28 190.95 47.98
v 100.95 191.38 46.78
v 97.40 191.65 46.03
v 93.68 191.75 45.78
v 89.97 191.65 46.03
v 86.42 191.38 46.78
v 83.08 190.95 47.98
v 79.99 190.36 49.59
v 77.18 189.64 51.58
v 74.70 188.79 53.91
v 72.58 187.83 56.55
v 72.58 178.46 82.29
v 70.86 186.77 59.46
v 69.59 185.63 62.60
v 68.80 184.41 65.93
v 68.52 183.14 69.42
v 68.80 181.87 72.91
v 69.59 180.66 76.24
v 70.86 179.52 79.38
v 97.40 190.00 45.43
v 93.68 190.10 45.18
v 100.95 189.73 46.18
v 104.28 189.30 47.38
v 107.38 188.71 48.99
v 110.19 187.98 50.98
v 112.67 187.13 53.31
v 114.79 186.17 55.95
v 116.50 185.12 58.86
v 117.78 183.97 62.00
v 118.57 182.76 65.33
v 118.84 181.49 68.82
v 118.57 180.22 72.31
v 117.78 179.01 75.64
v 116.50 177.86 78.78
v 114.79 176.81 81.69
v 112.67 175.85 84.33
v 110.19 175.00 86.66
v 107.38 174.27 88.65
v 104.29 173.69 90.26
v 100.95 173.25 91.46
v 97.40 172.98 92.21
v 93.68 172.89 92.46
v 89.97 172.98 92.21
v 86.42 173.25 91.46
v 83.08 173.69 90.26
v 79.99 174.27 88.65
v 77.18 175.00 86.66
v 74.70 175.85 84.33
v 72.58 176.81 81.69
v 70.86 177.86 78.78
v 69.59 179.01 75.64
v 68.80 180.22 72.31
v 68.52 181.49 68.82
v 68.80 182.76 65.33
v 69.59 183.97 62.00
v 70.86 185.12 58.86
v 72.58 186.17 55.95
v 74.70 187.13 53.31
v 77.18 187.98 50.98
v 79.99 188.71 48.99
v 83.08 189.30 47.38
v 86.42 189.73 46.18
v 89.97 190.00 45.43
v 97.40 178.48 94.21
v 93.68 178.39 94.47
v 89.97 178.48 94.21
v 86.42 178.75 93.46
v 83.08 179.19 92.27
v 100.95 178.75 93.46
v 104.29 179.19 92.27
v 107.38 179.78 90.65
v 79.99 179.78 90.65
v 110.19 180.50 88.66
v 77.18 180.50 88.66
v 74.70 181.35 86.33
v 112.67 181.35 86.33
v 114.79 182.31 83.69
v 116.50 183.37 80.78
v 117.78 184.51 77.65
v 118.57 185.72 74.31
v 118.84 186.99 70.82
v 118.57 188.27 67.33
v 117.78 189.48 64.00
v 116.50 190.62 60.86
v 114.79 191.68 57.95
v 112.67 192.64 55.32
v 110.19 193.49 52.98
v 107.38 194.21 50.99
v 104.28 194.80 49.38
v 100.95 195.24 48.18
v 97.40 195.51 47.44
v 93.68 195.60 47.18
v 89.97 195.51 47.44
v 86.42 195.24 48.18
v 83.08 194.80 49.38
v 79.99 194.21 50.99
v 77.18 193.49 52.98
v 74.70 192.64 55.32
v 72.58 191.68 57.95
v 72.58 182.31 83.69
v 70.86 190.62 60.86
v 69.59 189.48 64.00
v 68.80 188.27 67.33
v 68.52 186.99 70.82
v 68.80 185.72 74.31
v 69.59 184.51 77.65
v 70.86 183.37 80.78
v 97.40 193.86 46.84
v 93.68 193.95 46.58
v 100.95 193.58 47.58
v 104.28 193.15 48.78
v 107.38 192.56 50.39
v 110.19 191.84 52.38
v 112.67 190.99 54.71
v 114.79 190.03 57.35
v 116.50 188.97 60.26
v 117.78 187.83 63.40
v 118.57 186.61 66.73
v 118.84 185.34 70.22
v 118.57 184.07 73.71
v 117.78 182.86 77.05
v 116.50 181.72 80.18
v 114.79 180.66 83.09
v 112.67 179.70 85.73
v 110.19 178.85 88.06
v 107.38 178.13 90.05
v 104.29 177.54 91.67
v 100.95 177.10 92.86
v 97.40 176.83 93.61
v 93.68 176.74 93.86
v 89.97 176.83 93.61
v 86.42 177.10 92.86
v 83.08 177.54 91.67
v 79.99 178.13 90.05
v 77.18 178.85 88.06
v 74.70 179.70 85.73
v 72.58 180.66 83.09
v 70.86 181.72 80.18
v 69.59 182.86 77.05
v 68.80 184.07 73.71
v 68.52 185.34 70.22
v 68.80 186.61 66.73
v 69.59 187.83 63.40
v 70.86 188.97 60.26
v 72.58 190.03 57.35
v 74.70 190.99 54.71
v 77.18 191.84 52.38
v 79.99 192.56 50.39
v 83.08 193.15 48.78
v 86.42 193.58 47.58
v 89.97 193.86 46.84
v 97.40 182.34 95.61
v 93.68 182.24 95.87
v 89.97 182.34 95.61
v 86.42 182.61 94.87
v 83.08 183.04 93.67
v 100.95 182.61 94.87
v 104.29 183.04 93.67
v 107.38 183.63 92.06
v 79.99 183.63 92.06
v 110.19 184.35 90.06
v 77.18 184.35 90.06
v 74.70 185.20 87.73
v 112.67 185.20 87.73
v 114.79 186.16 85.09
v 116.50 187.22 82.19
v 117.78 188.36 79.05
v 118.57 189.58 75.72
v 118.84 190.85 72.22
v 118.57 192.12 68.73
v 117.78 193.33 65.40
v 116.50 194.47 62.26
v 114.79 195.53 59.36
v 112.67 196.49 56.72
v 110.19 197.34 54.38
v 107.38 198.07 52.39
v 104.28 198.65 50.78
v 100.95 199.09 49.58
v 97.40 199.36 48.84
v 93.68 199.45 48.58
v 89.97 199.36 48.84
v 86.42 199.09 49.58
v 83.08 198.65 50.78
v 79.99 198.07 52.39
v 77.18 197.34 54.38
v 74.70 196.49 56.72
v 72.58 195.53 59.36
v 72.58 186.16 85.09
v 70.86 194.47 62.26
v 69.59 193.33 65.40
v 68.80 192.12 68.73
v 68.52 190.85 72.22
v 68.80 189.58 75.72
v 69.59 188.36 79.05
v 70.86 187.22 82.19
v 97.40 197.71 48.24
v 93.68 197.80 47.98
v 100.95 197.44 48.98
v 104.28 197.00 50.18
v 107.38 196.41 51.79
v 110.19 195.69 53.78
v 112.67 194.84 56.12
v 114.79 193.88 58.76
v 116.50 192.82 61.66
v 117.78 191.68 64.80
v 118.57 190.47 68.13
v 118.84 189.20 71.62
v 118.57 187.93 75.11
v 117.78 186.71 78.45
v 116.50 185.57 81.59
v 114.79 184.51 84.49
v 112.67 183.55 87.13
v 110.19 182.70 89.46
v 107.38 181.98 91.45
v 104.29 181.39 93.07
v 100.95 180.96 94.26
v 97.40 180.68 95.01
v 93.68 180.59 95.27
v 89.97 180.68 95.01
v 86.42 180.96 94.26
v 83.08 181.39 93.07
v 79.99 181.98 91.45
v 77.18 182.70 89.46
v 74.70 183.55 87.13
v 72.58 184.51 84.49
v 70.86 185.57 81.59
v 69.59 186.71 78.45
v 68.80 187.93 75.11
v 68.52 189.20 71.62
v 68.80 190.47 68.13
v 69.59 191.68 64.80
v 70.86 192.82 61.66
v 72.58 193.88 58.76
v 74.70 194.84 56.12
v 77.18 195.69 53.78
v 79.99 196.41 51.79
v 83.08 197.00 50.18
v 86.42 197.44 48.98
v 89.97 197.71 48.24
v 97.40 186.19 97.01
v 93.68 186.09 97.27
v 89.97 186.19 97.01
v 86.42 186.46 96.27
v 83.08 186.90 95.07
v 100.95 186.46 96.27
v 104.29 186.90 95.07
v 107.38 187.48 93.46
v 79.99 187.48 93.46
v 110.19 188.21 91.47
v 77.18 188.21 91.47
v 74.70 189.06 89.13
v 112.67 189.06 89.13
v 114.79 190.02 86.50
v 116.50 191.07 83.59
v 117.78 192.22 80.45
v 118.57 193.43 77.12
v 118.84 194.70 73.63
v 118.57 195.97 70.14
v 117.78 197.18 66.80
v 116.50 198.33 63.66
v 114.79 199.38 60.76
v 112.67 200.34 58.12
v 110.19 201.19 55.79
v 107.38 201.92 53.80
v 104.28 202.50 52.18
v 100.95 202.94 50.99
v 97.40 203.21 50.24
v 93.68 203.31 49.98
v 89.97 203.21 50.24
v 86.42 202.94 50.99
v 83.08 202.50 52.18
v 79.99 201.92 53.80
v 77.18 201.19 55.79
v 74.70 200.34 58.12
v 72.58 199.38 60.76
v 72.58 190.02 86.50
v 70.86 198.33 63.66
v 69.59 197.18 66.80
v 68.80 195.97 70.14
v 68.52 194.70 73.63
v 68.80 193.43 77.12
v 69.59 192.22 80.45
v 70.86 191.07 83.59
v 97.40 201.56 49.64
v 93.68 201.65 49.38
v 100.95 201.29 50.38
v 104.28 200.85 51.58
v 107.38 200.27 53.20
v 110.19 199.54 55.19
v 112.67 198.69 57.52
v 114.79 197.73 60.16
v 116.50 196.67 63.06
v 117.78 195.53 66.20
v 118.57 194.32 69.53
v 118.84 193.05 73.03
v 118.57 191.78 76.52
v 117.78 190.57 79.85
v 116.50 189.42 82.99
v 114.79 188.37 85.89
v 112.67 187.41 88.53
v 110.19 186.56 90.87
v 107.38 185.83 92.86
v 104.29 185.24 94.47
v 100.95 184.81 95.67
v 97.40 184.54 96.41
v 93.68 184.44 96.67
v 89.97 184.54 96.41
v 86.42 184.81 95.67
v 83.08 185.24 94.47
v 79.99 185.83 92.86
v 77.18 186.56 90.87
v 74.70 187.41 88.53
v 72.58 188.37 85.89
v 70.86 189.42 82.99
v 69.59 190.57 79.85
v 68.80 191.78 76.52
v 68.52 193.05 73.03
v 68.80 194.32 69.54
v 69.59 195.53 66.20
v 70.86 196.67 63.06
v 72.58 197.73 60.16
v 74.70 198.69 57.52
v 77.18 199.54 55.19
v 79.99 200.27 53.20
v 83.08 200.85 51.58
v 86.42 201.29 50.38
v 89.97 201.56 49.64
v 97.40 190.04 98.42
v 93.68 189.95 98.67
v 89.97 190.04 98.42
v 86.42 190.31 97.67
v 83.08 190.75 96.47
v 100.95 190.31 97.67
v 104.29 190.75 96.47
v 107.38 191.34 94.86
v 79.99 191.33 94.86
v 110.19 192.06 92.87
v 77.18 192.06 92.87
v 74.70 192.91 90.54
v 112.67 192.91 90.54
v 114.79 193.87 87.90
v 116.50 194.93 84.99
v 117.78 196.07 81.85
v 118.57 197.28 78.52
v 118.84 198.55 75.03
v 118.57 199.82 71.54
v 117.78 201.04 68.21
v 116.50 202.18 65.07
v 114.79 203.24 62.16
v 112.67 204.20 59.52
v 110.19 205.05 57.19
v 107.38 205.77 55.20
v 104.28 206.36 53.59
v 100.95 206.79 52.39
v 97.40 207.06 51.64
v 93.68 207.16 51.39
v 89.97 207.06 51.64
v 86.42 206.79 52.39
v 83.08 206.36 53.59
v 79.99 205.77 55.20
v 77.18 205.05 57.19
v 74.70 204.20 59.52
v 72.58 203.24 62.16
v 72.58 193.87 87.90
v 70.86 202.18 65.07
v 69.59 201.04 68.21
v 68.80 199.82 71.54
v 68.52 198.55 75.03
v 68.80 197.28 78.52
v 69.59 196.07 81.85
v 70.86 194.93 84.99
v 97.40 205.41 51.04
v 93.68 205.51 50.79
v 100.95 205.14 51.79
v 104.28 204.71 52.98
v 107.38 204.12 54.60
v 110.19 203.40 56.59
v 112.67 202.55 58.92
v 114.79 201.59 61.56
v 116.50 200.53 64.47
v 117.78 199.39 67.60
v 118.57 198.17 70.94
v 118.84 196.90 74.43
v 118.57 195.63 77.92
v 117.78 194.42 81.25
v 116.50 193.28 84.39
v 114.79 192.22 87.30
v 112.67 191.26 89.94
v 110.19 190.41 92.27
v 107.38 189.68 94.26
v 104.28 189.10 95.87
v 100.95 188.66 97.07
v 97.40 188.39 97.81
v 93.68 188.30 98.07
v 89.97 188.39 97.81
v 86.42 188.66 97.07
v 83.08 189.10 95.87
v 79.99 189.68 94.26
v 77.18 190.41 92.27
v 74.70 191.26 89.94
v 72.58 192.22 87.30
v 70.86 193.28 84.39
v 69.59 194.42 81.25
v 68.80 195.63 77.92
v 68.52 196.90 74.43
v 68.80 198.17 70.94
v 69.59 199.39 67.60
v 70.86 200.53 64.47
v 72.58 201.59 61.56
v 74.70 202.55 58.92
v 77.18 203.40 56.59
v 79.99 204.12 54.60
v 83.08 204.71 52.98
v 86.42 205.14 51.79
v 89.97 205.41 51.04
v 97.40 193.89 99.82
v 93.68 193.80 100.07
v 89.97 193.89 99.82
v 86.42 194.17 99.07
v 83.08 194.60 97.88
v 100.95 194.17 99.07
v 104.29 194.60 97.88
v 107.38 195.19 96.26
v 79.99 195.19 96.26
v 110.19 195.91 94.27
v 77.18 195.91 94.27
v 74.70 196.76 91.94
v 112.67 196.76 91.94
v 114.79 197.72 89.30
v 116.50 198.78 86.39
v 117.78 199.92 83.26
v 118.57 201.14 79.92
v 118.84 202.41 76.43
v 118.57 203.68 72.94
v 117.78 204.89 69.61
v 116.50 206.03 66.47
v 114.79 207.09 63.56
v 112.67 208.05 60.92
v 110.19 208.90 58.59
v 107.38 209.62 56.60
v 104.28 210.21 54.99
v 100.95 210.65 53.79
v 97.40 210.92 53.05
v 93.68 211.01 52.79
v 89.97 210.92 53.05
v 86.42 210.65 53.79
v 83.08 210.21 54.99
v 79.99 209.62 56.60
v 77.18 208.90 58.59
v 74.70 208.05 60.92
v 72.58 207.09 63.56
v 72.58 197.72 89.30
v 70.86 206.03 66.47
v 69.59 204.89 69.61
v 68.80 203.68 72.94
v 68.52 202.41 76.43
v 68.80 201.14 79.92
v 69.59 199.92 83.26
v 70.86 198.78 86.39
v 97.40 209.27 52.44
v 93.68 209.36 52.19
v 100.95 209.00 53.19
v 104.28 208.56 54.39
v 107.38 207.97 56.00
v 110.19 207.25 57.99
v 112.67 206.40 60.32
v 114.79 205.44 62.96
v 116.50 204.38 65.87
v 117.78 203.24 69.01
v 118.57 202.03 72.34
v 118.84 200.75 75.83
v 118.57 199.48 79.32
v 117.78 198.27 82.65
v 116.50 197.13 85.79
v 114.79 196.07 88.70
v 112.67 195.11 91.34
v 110.19 194.26 93.67
v 107.38 193.54 95.66
v 104.29 192.95 97.27
v 100.95 192.51 98.47
v 97.40 192.24 99.22
v 93.68 192.15 99.47
v 89.97 192.24 99.22
v 86.42 192.51 98.47
v 83.08 192.95 97.27
v 79.99 193.54 95.66
v 77.18 194.26 93.67
v 74.70 195.11 91.34
v 72.58 196.07 88.70
v 70.86 197.13 85.79
v 69.59 198.27 82.65
v 68.80 199.48 79.32
v 68.52 200.75 75.83
v 68.80 202.03 72.34
v 69.59 203.24 69.01
v 70.86 204.38 65.87
v 72.58 205.44 62.96
v 74.70 206.40 60.32
v 77.18 207.25 57.99
v 79.99 207.97 56.00
v 83.08 208.56 54.39
v 86.42 209.00 53.19
v 89.97 209.27 52.44
v 97.40 197.75 101.22
v 93.68 197.65 101.48
v 89.97 197.75 101.22
v 86.42 198.02 100.48
v 83.08 198.45 99.28
v 100.95 198.02 100.48
v 104.29 198.45 99.28
v 107.38 199.04 97.66
v 79.99 199.04 97.67
v 110.19 199.77 95.67
v 77.18 199.77 95.67
v 74.70 200.61 93.34
v 112.67 200.61 93.34
v 114.79 201.57 90.70
v 116.50 202.63 87.80
v 117.78 203.77 84.66
v 118.57 204.99 81.32
v 118.84 206.26 77.83
v 118.57 207.53 74.34
v 117.78 208.74 71.01
v 116.50 209.88 67.87
v 114.79 210.94 64.97
v 112.67 211.90 62.33
v 110.19 212.75 59.99
v 107.38 213.48 58.00
v 104.28 214.06 56.39
v 100.95 214.50 55.19
v 97.40 214.77 54.45
v 93.68 214.86 54.19
v 89.97 214.77 54.45
v 86.42 214.50 55.19
v 83.08 214.06 56.39
v 79.99 213.48 58.00
v 77.18 212.75 59.99
v 74.70 211.90 62.33
v 72.58 210.94 64.97
v 72.58 201.57 90.70
v 70.86 209.88 67.87
v 69.59 208.74 71.01
v 68.80 207.53 74.34
v 68.52 206.26 77.83
v 68.80 204.99 81.33
v 69.59 203.77 84.66
v 70.86 202.63 87.80
v 97.40 213.12 53.85
v 93.68 213.21 53.59
v 100.95 212.85 54.59
v 104.28 212.41 55.79
v 107.38 211.83 57.40
v 110.19 211.10 59.39
v 112.67 210.25 61.73
v 114.79 209.29 64.36
v 116.50 208.23 67.27
v 117.78 207.09 70.41
v 118.57 205.88 73.74
v 118.84 204.61 77.23
v 118.57 203.34 80.72
v 117.78 202.12 84.06
v 116.50 200.98 87.20
v 114.79 199.92 90.10
v 112.67 198.96 92.74
v 110.19 198.11 95.07
v 107.38 197.39 97.06
v 104.29 196.80 98.68
v 100.95 196.37 99.87
v 97.40 196.10 100.62
v 93.68 196.00 100.88
v 89.97 196.10 100.62
v 86.42 196.37 99.87
v 83.08 196.80 98.68
v 79.99 197.39 97.06
v 77.18 198.11 95.07
v 74.70 198.96 92.74
v 72.58 199.92 90.10
v 70.86 200.98 87.20
v 69.59 202.12 84.06
v 68.80 203.34 80.72
v 68.52 204.61 77.23
v 68.80 205.88 73.74
v 69.59 207.09 70.41
v 70.86 208.23 67.27
v 72.58 209.29 64.36
v 74.70 210.25 61.73
v 77.18 211.10 59.39
v 79.99 211.83 57.40
v 83.08 212.41 55.79
v 86.42 212.85 54.59
v 89.97 213.12 53.85
v 97.40 201.60 102.62
v 93.68 201.51 102.88
v 89.97 201.60 102.62
v 86.42 201.87 101.88
v 83.08 202.31 100.68
v 100.95 201.87 101.88
v 104.29 202.31 100.68
v 107.38 202.89 99.07
v 79.99 202.89 99.07
v 110.19 203.62 97.08
v 77.18 203.62 97.08
v 74.70 204.47 94.74
v 112.67 204.47 94.74
v 114.79 205.43 92.10
v 116.50 206.49 89.20
v 117.78 207.63 86.06
v 118.57 208.84 82.73
v 118.84 210.11 79.24
v 118.57 211.38 75.75
v 117.78 212.60 72.41
v 116.50 213.74 69.27
v 114.79 214.80 66.37
v 112.67 215.76 63.73
v 110.19 216.60 61.40
v 107.38 217.33 59.41
v 104.28 217.92 57.79
v 100.95 218.35 56.60
v 97.40 218.62 55.85
v 93.68 218.72 55.59
v 89.97 218.62 55.85
v 86.42 218.35 56.60
v 83.08 217.92 57.79
v 79.99 217.33 59.41
v 77.18 216.60 61.40
v 74.70 215.76 63.73
v 72.58 214.80 66.37
v 72.58 205.43 92.10
v 70.86 213.74 69.27
v 69.59 212.60 72.41
v 68.80 211.38 75.75
v 68.52 210.11 79.24
v 68.80 208.84 82.73
v 69.59 207.63 86.06
v 70.86 206.49 89.20
v 97.40 216.97 55.25
v 93.68 217.07 54.99
v 100.95 216.70 55.99
v 104.28 216.26 57.19
v 107.38 215.68 58.80
v 110.19 214.95 60.80
v 112.67 214.10 63.13
v 114.79 213.14 65.77
v 116.50 212.09 68.67
v 117.78 210.94 71.81
v 118.57 209.73 75.14
v 118.84 208.46 78.64
v 118.57 207.19 82.13
v 117.78 205.98 85.46
v 116.50 204.83 88.60
v 114.79 203.78 91.50
v 112.67 202.82 94.14
v 110.19 201.97 96.47
v 107.38 201.24 98.47
v 104.29 200.66 100.08
v 100.95 200.22 101.28
v 97.40 199.95 102.02
v 93.68 199.85 102.28
v 89.97 199.95 102.02
v 86.42 200.22 101.28
v 83.08 200.66 100.08
v 79.99 201.24 98.47
v 77.18 201.97 96.48
v 74.70 202.82 94.14
v 72.58 203.78 91.50
v 70.86 204.83 88.60
v 69.59 205.98 85.46
v 68.80 207.19 82.13
v 68.52 208.46 78.64
v 68.80 209.73 75.14
v 69.59 210.94 71.81
v 70.86 212.09 68.67
v 72.58 213.14 65.77
v 74.70 214.10 63.13
v 77.18 214.95 60.80
v 79.99 215.68 58.80
v 83.08 216.26 57.19
v 86.42 216.70 55.99
v 89.97 216.97 55.25
v 97.40 205.45 104.02
v 93.68 205.36 104.28
v 89.97 205.45 104.02
v 86.42 205.72 103.28
v 83.08 206.16 102.08
v 100.95 205.72 103.28
v 104.29 206.16 102.08
v 107.38 206.75 100.47
v 79.99 206.75 100.47
v 110.19 207.47 98.48
v 77.18 207.47 98.48
v 74.70 208.32 96.15
v 112.67 208.32 96.15
v 114.79 209.28 93.51
v 116.50 210.34 90.60
v 117.78 211.48 87.46
v 118.57 212.69 84.13
v 118.84 213.96 80.64
v 118.57 215.23 77.15
v 117.78 216.45 73.81
v 116.50 217.59 70.68
v 114.79 218.65 67.77
v 112.67 219.61 65.13
v 110.19 220.46 62.80
v 107.38 221.18 60.81
v 104.28 221.77 59.19
v 100.95 222.20 58.00
v 97.40 222.48 57.25
v 93.68 222.57 57.00
v 89.97 222.48 57.25
v 86.42 222.20 58.00
v 83.08 221.77 59.19
v 79.99 221.18 60.81
v 77.18 220.46 62.80
v 74.70 219.61 65.13
v 72.58 218.65 67.77
v 72.58 209.28 93.51
v 70.86 217.59 70.68
v 69.59 216.45 73.81
v 68.80 215.23 77.15
v 68.52 213.96 80.64
v 68.80 212.69 84.13
v 69.59 211.48 87.46
v 70.86 210.34 90.60
v 97.40 220.82 56.65
v 93.68 220.92 56.39
v 100.95 220.55 57.40
v 104.28 220.12 58.59
v 107.38 219.53 60.21
v 110.19 218.81 62.20
v 112.67 217.96 64.53
v 114.79 217.00 67.17
v 116.50 215.94 70.08
v 117.78 214.80 73.21
v 118.57 213.58 76.55
v 118.84 212.31 80.04
v 118.57 211.04 83.53
v 117.78 209.83 86.86
v 116.50 208.69 90.00
v 114.79 207.63 92.91
v 112.67 206.67 95.54
v 110.19 205.82 97.88
v 107.38 205.09 99.87
v 104.29 204.51 101.48
v 100.95 204.07 102.68
v 97.40 203.80 103.42
v 93.68 203.71 103.68
v 89.97 203.80 103.42
v 86.42 204.07 102.68
v 83.08 204.51 101.48
v 79.99 205.09 99.87
v 77.18 205.82 97.88
v 74.70 206.67 95.54
v 72.58 207.63 92.91
v 70.86 208.69 90.00
v 69.59 209.83 86.86
v 68.80 211.04 83.53
v 68.52 212.31 80.04
v 68.80 213.58 76.55
v 69.59 214.80 73.21
v 70.86 215.94 70.08
v 72.58 217.00 67.17
v 74.70 217.96 64.53
v 77.18 218.81 62.20
v 79.99 219.53 60.21
v 83.08 220.12 58.59
v 86.42 220.55 57.40
v 89.97 220.82 56.65
v 97.40 209.30 105.43
v 93.68 209.21 105.68
v 89.97 209.30 105.43
v 86.42 209.58 104.68
v 83.08 210.01 103.48
v 100.95 209.58 104.68
v 104.29 210.01 103.48
v 107.38 210.60 101.87
v 79.99 210.60 101.87
v 110.19 211.32 99.88
v 77.18 211.32 99.88
v 74.70 212.17 97.55
v 112.67 212.17 97.55
v 114.79 213.13 94.91
v 116.50 214.19 92.00
v 117.78 215.33 88.86
v 118.57 216.55 85.53
v 118.84 217.82 82.04
v 118.57 219.09 78.55
v 117.78 220.30 75.22
v 116.50 221.44 72.08
v 114.79 222.50 69.17
v 112.67 223.46 66.53
v 110.19 224.31 64.20
v 107.38 225.03 62.21
v 104.28 225.62 60.60
v 100.95 226.06 59.40
v 97.40 226.33 58.65
v 93.68 226.42 58.40
v 89.97 226.33 58.65
v 86.42 226.06 59.40
v 83.08 225.62 60.60
v 79.99 225.03 62.21
v 77.18 224.31 64.20
v 74.70 223.46 66.53
v 72.58 222.50 69.17
v 72.58 213.13 94.91
v 70.86 221.44 72.08
v 69.59 220.30 75.22
v 68.80 219.09 78.55
v 68.52 217.82 82.04
v 68.80 216.55 85.53
v 69.59 215.33 88.86
v 70.86 214.19 92.00
v 97.40 224.68 58.05
v 93.68 224.77 57.80
v 100.95 224.41 58.80
v 104.28 223.97 60.00
v 107.38 223.38 61.61
v 110.19 222.66 63.60
v 112.67 221.81 65.93
v 114.79 220.85 68.57
v 116.50 219.79 71.48
v 117.78 218.65 74.62
v 118.57 217.44 77.95
v 118.84 216.17 81.44
v 118.57 214.89 84.93
v 117.78 213.68 88.26
v 116.50 212.54 91.40
v 114.79 211.48 94.31
v 112.67 210.52 96.95
v 110.19 209.67 99.28
v 107.38 208.95 101.27
v 104.29 208.36 102.88
v 100.95 207.92 104.08
v 97.40 207.65 104.83
v 93.68 207.56 105.08
v 89.97 207.65 104.83
v 86.42 207.92 104.08
v 83.08 208.36 102.88
v 79.99 208.95 101.27
v 77.18 209.67 99.28
v 74.70 210.52 96.95
v 72.58 211.48 94.31
v 70.86 212.54 91.40
v 69.59 213.68 88.26
v 68.80 214.89 84.93
v 68.52 216.17 81.44
v 68.80 217.44 77.95
v 69.59 218.65 74.62
v 70.86 219.79 71.48
v 72.58 220.85 68.57
v 74.70 221.81 65.93
v 77.18 222.66 63.60
v 79.99 223.38 61.61
v 83.08 223.97 60.00
v 86.42 224.41 58.80
v 89.97 224.68 58.05
v 97.40 213.16 106.83
v 93.68 213.06 107.09
v 89.97 213.16 106.83
v 86.42 213.43 106.08
v 83.08 213.86 104.89
v 100.95 213.43 106.08
v 104.29 213.86 104.89
v 107.38 214.45 103.27
v 79.99 214.45 103.27
v 110.19 215.18 101.28
v 77.18 215.18 101.28
v 74.70 216.03 98.95
v 112.67 216.03 98.95
v 114.79 216.99 96.31
v 116.50 218.04 93.41
v 117.78 219.19 90.27
v 118.57 220.40 86.93
v 118.84 221.67 83.44
v 118.57 222.94 79.95
v 117.78 224.15 76.62
v 116.50 225.30 73.48
v 114.79 226.35 70.57
v 112.67 227.31 67.94
v 110.19 228.16 65.60
v 107.38 228.89 63.61
v 104.28 229.47 62.00
v 100.95 229.91 60.80
v 97.40 230.18 60.06
v 93.68 230.27 59.80
v 89.97 230.18 60.06
v 86.42 229.91 60.80
v 83.08 229.47 62.00
v 79.99 228.89 63.61
v 77.18 228.16 65.60
v 74.70 227.31 67.94
v 72.58 226.35 70.57
v 72.58 216.99 96.31
v 70.86 225.30 73.48
v 69.59 224.15 76.62
v 68.80 222.94 79.95
v 68.52 221.67 83.44
v 68.80 220.40 86.93
v 69.59 219.19 90.27
v 70.86 218.04 93.41
v 97.40 228.53 59.46
v 93.68 228.62 59.20
v 100.95 228.26 60.20
v 104.28 227.82 61.40
v 107.38 227.24 63.01
v 110.19 226.51 65.00
v 112.67 225.66 67.34
v 114.79 224.70 69.97
v 116.50 223.64 72.88
v 117.78 222.50 76.02
v 118.57 221.29 79.35
v 118.84 220.02 82.84
v 118.57 218.75 86.33
v 117.78 217.53 89.67
v 116.50 216.39 92.80
v 114.79 215.33 95.71
v 112.67 214.37 98.35
v 110.19 213.53 100.68
v 107.38 212.80 102.67
v 104.29 212.21 104.29
v 100.95 211.78 105.48
v 97.40 211.51 106.23
v 93.68 211.41 106.49
v 89.97 211.51 106.23
v 86.42 211.78 105.48
v 83.08 212.21 104.29
v 79.99 212.80 102.67
v 77.18 213.53 100.68
v 74.70 214.37 98.35
v 72.58 215.33 95.71
v 70.86 216.39 92.80
v 69.59 217.53 89.67
v 68.80 218.75 86.33
v 68.52 220.02 82.84
v 68.80 221.29 79.35
v 69.59 222.50 76.02
v 70.86 223.64 72.88
v 72.58 224.70 69.97
v 74.70 225.66 67.34
v 77.18 226.51 65.00
v 79.99 227.24 63.01
v 83.08 227.82 61.40
v 86.42 228.26 60.20
v 89.97 228.53 59.46
v 109.16 141.25 63.23
v 109.16 140.01 62.88
v 109.16 138.84 62.36
v 109.16 142.49 63.40
v 109.16 143.72 63.38
v 109.16 137.79 61.68
v 109.16 136.85 60.88
v 109.16 144.93 63.19
v 109.16 136.05 59.96
v 109.16 146.09 62.83
v 109.16 135.39 58.94
v 109.16 147.18 62.32
v 109.16 134.88 57.84
v 109.16 148.20 61.66
v 109.16 149.12 60.86
v 109.16 149.93 59.93
v 109.16 150.60 58.87
v 109.16 151.13 57.70
v 109.16 151.48 56.47
v 109.16 151.64 55.22
v 109.16 151.62 53.99
v 109.16 151.43 52.79
v 109.16 151.07 51.63
v 109.16 150.56 50.53
v 109.16 134.53 56.68
v 109.16 134.34 55.48
v 109.16 134.32 54.25
v 109.16 134.48 53.00
v 109.16 134.83 51.77
v 109.16 135.35 50.60
v 109.16 136.03 49.54
v 109.16 136.84 48.61
v 109.16 137.76 47.81
v 109.16 138.77 47.15
v 109.16 139.87 46.64
v 109.16 141.03 46.28
v 109.16 149.90 49.51
v 109.16 149.10 48.59
v 109.16 148.17 47.79
v 109.16 147.12 47.11
v 109.16 145.94 46.58
v 109.16 144.71 46.24
v 109.16 143.47 46.07
v 109.16 142.23 46.09
v 185.12 147.12 47.11
v 185.12 145.94 46.58
v 185.12 148.17 47.79
v 185.12 149.10 48.59
v 185.12 149.90 49.51
v 185.12 150.56 50.53
v 185.12 151.07 51.63
v 185.12 151.43 52.79
v 185.12 151.62 53.99
v 185.12 151.64 55.22
v 185.12 151.48 56.47
v 185.12 151.13 57.70
v 185.12 150.60 58.87
v 185.12 149.93 59.93
v 185.12 149.12 60.86
v 185.12 148.20 61.66
v 185.12 147.18 62.32
v 185.12 146.09 62.83
v 185.12 144.93 63.19
v 185.12 143.72 63.38
v 185.12 142.49 63.40
v 185.12 141.25 63.23
v 185.12 140.01 62.88
v 185.12 138.84 62.36
v 185.12 137.79 61.68
v 185.12 136.85 60.88
v 185.12 136.05 59.96
v 185.12 135.39 58.94
v 185.12 134.88 57.84
v 185.12 134.53 56.68
v 185.12 134.34 55.48
v 185.12 134.32 54.25
v 185.12 134.48 53.00
v 185.12 134.83 51.77
v 185.12 135.35 50.60
v 185.12 136.03 49.54
v 185.12 136.84 48.61
v 185.12 137.76 47.81
v 185.12 138.77 47.15
v 185.12 139.87 46.64
v 185.12 141.03 46.28
v 185.12 142.23 46.09
v 185.12 143.47 46.07
v 185.12 144.71 46.23
v -79.41 -184.68 -26.57
v -26.31 -184.01 -26.46
v -33.08 -184.01 -50.31
v -62.18 -137.76 -81.94
v -66.21 -82.97 -90.58
v -67.03 -83.01 -94.09
v -70.00 -27.60 -97.54
v -70.10 4.55 -100.88
v -73.82 5.49 -100.56
v -107.67 -28.15 -15.43
v -116.79 4.61 -48.93
v -109.32 -4.82 -16.35
v -101.44 66.59 -90.87
v -110.13 35.51 -81.52
v -93.59 35.56 -95.86
v -32.37 -137.74 -6.11
v -32.48 -184.01 -2.00
v -60.62 -184.01 -71.39
v -43.10 -184.01 -63.71
v -43.93 -137.74 -72.60
v -84.47 -137.74 -74.09
v -89.03 -83.16 -83.40
v -103.03 -83.19 -68.58
v -32.49 -27.93 -75.06
v -31.31 -82.85 -68.32
v -24.29 -82.63 -40.35
v -91.27 -27.44 -90.47
v -92.57 -184.01 -2.60
v -99.83 -184.01 -26.44
v -103.02 -137.74 -33.69
v -103.38 -82.69 -11.85
v -87.26 -82.52 4.22
v -83.28 -137.74 5.93
v -61.98 -184.01 19.54
v -80.82 -184.01 11.88
v -62.60 -137.74 15.27
v -44.34 -137.74 7.17
v -65.32 -82.52 13.32
v -95.87 -137.74 -6.57
v -110.45 -82.97 -40.09
v -83.59 -83.13 -86.16
v -26.32 -137.74 -33.87
v -45.21 -82.89 -82.78
v -81.81 -184.01 -66.73
v -96.56 -137.74 -58.22
v -96.68 65.59 -99.67
v -97.38 65.94 -95.05
v -117.13 33.66 -50.66
v -109.71 8.78 -80.08
v -93.62 8.29 -93.98
v -108.01 -27.53 -76.07
v -114.69 -27.38 -45.76
v -46.54 -5.65 -92.22
v -69.39 -38.05 14.65
v -44.38 -39.26 4.70
v -71.94 36.57 -102.58
v -79.30 36.14 -101.74
v -63.02 -137.76 -86.23
v -46.35 -27.86 -89.94
v -45.31 -82.54 4.48
v -91.92 -34.04 6.08
v -44.16 -184.01 12.23
v -30.75 -82.58 -11.23
v -32.64 -137.74 -58.37
v -93.10 -184.01 -50.23
v -32.17 -38.17 -15.25
v -75.90 -184.01 -69.24
v -79.05 -137.74 -77.47
v -89.39 7.90 -94.98
v -86.31 -27.47 -91.95
v -24.93 -37.69 -45.84
v -71.11 -27.55 -100.12
v -108.87 61.69 -82.51
v -78.38 -137.76 -84.21
v -79.83 36.42 -104.63
v -82.93 55.28 -101.79
v -83.77 56.57 -104.39
v -74.83 6.20 -103.39
v -85.22 -27.51 -98.06
v -88.42 7.82 -100.01
v -92.94 35.85 -100.25
v -82.69 -83.08 -92.93
v -61.40 -184.01 -77.11
v -75.25 -184.01 -76.89
v -78.10 -31.39 -59.04
v -62.40 -38.45 -56.22
v -74.38 -44.38 -35.89
v -53.62 -46.36 -42.95
v -54.69 -47.20 -21.77
v -70.65 -39.58 -7.09
v -86.89 -33.65 -11.89
v -95.67 -28.29 -29.68
v -93.81 -24.33 -49.73
v -76.51 -6.55 -77.96
v -103.65 2.77 -56.78
v -108.44 -4.29 -21.21
v -89.81 -16.15 5.61
v -62.40 -24.33 12.67
v -33.13 -36.76 -15.00
v -47.77 -21.51 -70.90
v -32.07 -34.78 -46.90
v -75.71 -42.40 -81.35
v -105.25 -37.04 -59.89
v -107.91 -42.97 -21.49
v -89.28 -52.57 4.20
v -33.13 -67.53 -12.46
v -31.27 -68.66 -45.49
v -46.44 -58.50 -70.34
v -61.87 -64.14 10.69
v -68.53 -161.83 -60.42
v -89.81 -158.73 -45.46
v -83.96 -205.03 -42.35
v -92.21 -152.80 -17.79
v -85.82 -211.24 -16.94
v -80.77 -150.26 5.36
v -78.37 -169.46 2.82
v -60.28 -151.39 12.14
v -36.86 -157.60 0.85
v -39.79 -174.82 -0.85
v -32.60 -170.02 -26.54
v -38.65 -212.09 -24.28
v -45.37 -170.30 -51.39
v -47.24 -206.44 -47.72
v -68.53 -197.69 -57.60
v -60.81 -162.96 6.78
v -0.79 121.98 8.20
v -54.98 121.78 4.14
v -35.13 121.83 5.30
v -17.96 121.98 8.20
v -17.96 121.83 5.30
v -35.13 121.98 8.20
v -0.79 121.83 5.30
v -54.98 121.95 7.62
v -73.22 121.81 4.72
v -72.69 121.64 1.25
v -87.17 121.49 -1.64
v -86.10 121.38 -3.96
v -97.90 120.98 -12.07
v -95.76 120.87 -14.38
v -104.34 120.30 -25.96
v -101.12 120.24 -27.12
v 19.06 121.95 7.62
v 19.06 121.78 4.14
v 37.30 121.81 4.72
v 36.77 121.64 1.25
v 51.25 121.49 -1.65
v 50.18 121.38 -3.96
v 61.98 120.98 -12.07
v 59.84 120.87 -14.38
v 68.42 120.30 -25.96
v 65.20 120.24 -27.12
v 30.33 116.15 -110.49
v 33.55 115.81 -117.43
v 50.18 116.23 -108.75
v 46.96 116.66 -100.07
v -86.10 116.23 -108.75
v -69.47 115.81 -117.43
v -66.25 116.15 -110.49
v -82.88 116.66 -100.07
v -5.08 115.75 -118.59
v -4.01 115.38 -126.12
v 12.09 115.49 -123.80
v 11.55 115.89 -115.70
v -48.01 115.49 -123.80
v -31.91 115.38 -126.12
v -30.84 115.75 -118.59
v -47.47 115.89 -115.70
v 60.91 117.34 -86.17
v 68.96 117.17 -89.64
v 77.01 118.02 -72.28
v 70.03 118.25 -67.64
v -112.93 118.02 -72.28
v -104.88 117.17 -89.64
v -96.83 117.34 -86.17
v -105.95 118.25 -67.64
v 68.42 119.19 -48.54
v 78.08 120.27 -26.54
v 80.23 119.30 -46.22
v 72.18 119.16 -49.12
v 66.28 118.31 -66.49
v 58.23 117.43 -84.43
v 45.35 116.77 -97.75
v 29.25 116.29 -107.59
v 11.01 116.03 -112.80
v -5.08 115.95 -114.54
v -17.96 115.75 -118.59
v -17.96 115.95 -114.54
v -30.84 115.95 -114.54
v -46.93 116.03 -112.80
v -65.18 116.29 -107.59
v -81.27 116.77 -97.75
v -94.15 117.43 -84.43
v -102.20 118.31 -66.49
v -108.10 119.16 -49.12
v -104.34 119.19 -48.54
v -114.00 120.27 -26.54
v -116.15 119.30 -46.22
v -17.96 76.25 10.76
v -0.79 76.25 10.76
v -35.13 76.25 10.76
v -54.98 76.22 10.18
v -73.22 76.08 7.28
v -87.17 75.76 0.91
v -97.90 75.25 -9.51
v -104.34 74.57 -23.40
v -114.00 74.54 -23.98
v -116.15 73.57 -43.67
v -108.10 73.43 -46.56
v -105.95 72.52 -65.09
v -112.93 72.29 -69.72
v -104.88 71.44 -87.09
v -96.83 71.61 -83.61
v -82.88 70.93 -97.51
v -86.10 70.50 -106.19
v -69.47 70.08 -114.88
v -66.25 70.42 -107.93
v -47.47 70.16 -113.14
v -48.01 69.76 -121.24
v -31.91 69.65 -123.56
v -30.84 70.02 -116.03
v -17.96 70.02 -116.03
v -5.08 70.02 -116.03
v -4.01 69.65 -123.56
v 12.09 69.76 -121.24
v 11.55 70.16 -113.14
v 30.33 70.42 -107.93
v 33.55 70.08 -114.88
v 50.18 70.50 -106.19
v 46.96 70.93 -97.51
v 60.91 71.61 -83.61
v 68.96 71.44 -87.09
v 77.01 72.29 -69.72
v 70.03 72.52 -65.09
v 72.18 73.43 -46.56
v 80.23 73.57 -43.67
v 78.08 74.54 -23.98
v 68.42 74.57 -23.40
v 61.98 75.25 -9.51
v 51.25 75.76 0.91
v 37.30 76.08 7.28
v 19.06 76.22 10.18
v -17.96 70.22 -111.98
v -5.08 70.22 -111.98
v -30.84 70.22 -111.98
v -46.93 70.30 -110.24
v -65.18 70.56 -105.03
v -81.27 71.04 -95.19
v -94.15 71.70 -81.88
v -102.20 72.58 -63.93
v -104.34 73.46 -45.98
v -101.12 74.51 -24.56
v -95.76 75.14 -11.82
v -86.10 75.65 -1.40
v -72.69 75.90 3.81
v -54.98 76.05 6.70
v -35.13 76.10 7.86
v -17.96 76.10 7.86
v -0.79 76.10 7.86
v 19.06 76.05 6.70
v 36.77 75.90 3.81
v 50.18 75.65 -1.40
v 59.84 75.14 -11.82
v 65.20 74.51 -24.56
v 68.42 73.46 -45.98
v 66.28 72.58 -63.93
v 58.23 71.70 -81.88
v 45.35 71.04 -95.19
v 29.25 70.56 -105.03
v 11.01 70.30 -110.24
v -53.88 73.99 0.61
v -53.88 123.83 -2.43
v -53.88 123.86 -0.02
v -53.88 74.26 3.02
v -53.88 123.66 2.36
v -53.88 74.74 5.36
v -53.88 75.45 7.62
v -53.88 123.24 4.70
v -53.88 76.36 9.80
v -53.88 122.60 6.97
v -53.88 77.47 11.87
v -53.88 121.75 9.17
v -53.88 120.70 11.27
v -53.88 78.76 13.83
v -53.88 119.46 13.27
v -53.88 118.03 15.14
v -53.88 116.42 16.89
v -53.88 114.64 18.48
v -53.88 112.69 19.91
v -53.88 110.61 21.14
v -53.88 108.45 22.16
v -53.88 106.22 22.96
v -53.88 103.93 23.55
v -53.88 101.61 23.91
v -53.88 99.26 24.05
v -53.88 96.91 23.97
v -53.88 94.57 23.67
v -53.88 92.25 23.15
v -53.88 89.98 22.40
v -53.88 87.77 21.43
v -53.88 85.66 20.25
v -53.88 83.70 18.89
v -53.88 81.89 17.35
v -53.88 80.24 15.67
v 17.96 123.83 -2.43
v 17.96 73.99 0.61
v 17.96 123.86 -0.02
v 17.96 123.66 2.36
v 17.96 123.24 4.70
v 17.96 122.60 6.97
v 17.96 121.75 9.17
v 17.96 120.70 11.27
v 17.96 119.46 13.27
v 17.96 118.03 15.14
v 17.96 116.42 16.89
v 17.96 114.64 18.48
v 17.96 112.69 19.91
v 17.96 110.61 21.14
v 17.96 108.45 22.16
v 17.96 106.22 22.96
v 17.96 103.93 23.54
v 17.96 101.61 23.91
v 17.96 99.26 24.05
v 17.96 96.91 23.97
v 17.96 94.57 23.67
v 17.96 92.25 23.15
v 17.96 89.98 22.40
v 17.96 87.77 21.43
v 17.96 85.66 20.25
v 17.96 83.70 18.89
v 17.96 81.89 17.35
v 17.96 80.24 15.67
v 17.96 78.76 13.83
v 17.96 77.47 11.87
v 17.96 76.36 9.80
v 17.96 75.45 7.62
v 17.96 74.74 5.36
v 17.96 74.26 3.02
v 108.53 264.26 0.15
v 115.11 221.58 -1.18
v 97.81 220.31 2.03
v 91.23 262.99 3.58
v 123.20 265.11 -9.70
v 129.78 222.43 -10.43
v 133.00 265.42 -24.47
v 139.58 222.73 -24.29
v 142.94 222.59 -34.05
v 136.38 265.18 -34.65
v 147.76 222.70 -46.47
v 147.76 222.99 -34.94
v 140.86 265.09 -48.02
v 136.38 264.61 -49.27
v 133.00 264.30 -59.29
v 142.94 222.02 -47.77
v 123.20 263.05 -73.98
v 129.78 220.36 -70.76
v 139.58 221.62 -56.97
v 108.53 261.56 -83.74
v 115.11 218.88 -79.92
v 91.23 260.07 -87.09
v 97.81 217.38 -83.07
v 89.37 281.83 -85.02
v 73.54 282.17 -85.04
v 75.53 260.42 -87.11
v 87.80 300.49 -76.01
v 71.84 300.82 -76.02
v 86.75 313.23 -61.25
v 70.71 313.55 -61.26
v 70.89 316.89 -50.62
v 87.26 316.56 -50.61
v 87.98 321.03 -49.29
v 87.98 321.34 -36.42
v 70.69 321.38 -49.29
v 87.26 317.14 -35.29
v 86.75 314.35 -24.77
v 70.89 317.46 -35.29
v 87.80 302.56 -9.37
v 71.84 302.89 -9.37
v 70.71 314.67 -24.77
v 89.37 284.52 0.53
v 73.54 284.87 0.54
v 75.53 263.35 3.59
v 112.29 219.46 -40.62
v 81.78 220.63 2.04
v 81.78 217.71 -83.09
v 96.13 280.70 -84.94
v 102.15 276.46 -84.67
v 106.50 269.74 -84.25
v 100.29 298.42 -75.89
v 111.41 290.58 -75.46
v 119.45 278.16 -74.79
v 103.07 310.52 -61.14
v 117.59 300.28 -60.72
v 128.10 284.04 -60.06
v 96.21 315.84 -50.57
v 106.64 317.94 -49.21
v 106.64 318.25 -36.38
v 97.88 320.20 -49.25
v 104.60 313.70 -50.53
v 112.59 308.96 -50.39
v 123.25 306.23 -48.93
v 123.25 306.53 -36.22
v 115.51 312.79 -49.07
v 120.02 302.81 -50.24
v 125.88 294.90 -50.02
v 135.26 287.67 -48.51
v 135.26 287.97 -35.99
v 129.82 297.65 -48.72
v 131.18 285.57 -49.80
v 134.06 275.80 -49.53
v 140.86 265.39 -35.74
v 138.63 277.09 -48.26
v 104.60 314.26 -35.25
v 103.07 311.64 -24.75
v 96.21 316.41 -35.27
v 120.02 303.38 -35.11
v 117.59 301.40 -24.68
v 112.59 309.53 -35.18
v 131.18 286.15 -34.89
v 128.10 285.16 -24.58
v 125.88 295.47 -35.00
v 134.06 276.37 -34.77
v 100.29 300.49 -9.39
v 111.41 292.65 -9.45
v 119.45 280.22 -9.56
v 96.13 283.41 0.51
v 102.15 279.16 0.44
v 106.50 272.44 0.31
v 70.69 321.68 -36.42
v 97.88 320.50 -36.40
v 115.51 313.10 -36.30
v 129.82 297.96 -36.11
v 138.63 277.39 -35.87
v 116.65 136.14 -40.10
v 139.45 137.20 -23.57
v 142.37 137.30 -34.08
v 139.49 136.93 -46.46
v 135.49 136.61 -53.64
v 126.89 136.00 -62.82
v 118.57 135.31 -66.96
v 107.27 134.26 -67.53
v 96.52 133.11 -59.67
v 92.17 132.46 -47.44
v 92.03 132.41 -35.31
v 97.72 133.13 -21.88
v 108.59 134.22 -15.55
v 115.42 135.03 -11.73
v 126.09 136.08 -12.07
v 101.91 212.03 -11.54
v 109.40 212.69 -6.62
v 121.12 213.72 -7.08
v 135.78 215.01 -21.89
v 141.71 215.09 -46.63
v 135.84 215.02 -48.19
v 145.29 137.02 -45.06
v 131.45 214.64 -60.58
v 122.00 213.81 -71.32
v 112.87 213.01 -76.66
v 100.46 211.91 -77.42
v 88.66 210.86 -67.29
v 83.87 210.43 -52.62
v 83.71 210.42 -36.98
v 89.98 210.97 -19.68
v 139.00 215.30 -34.47
v 146.01 137.11 -35.02
v 142.50 215.16 -35.51
v 78.55 252.69 -46.36
v 67.00 273.44 -42.78
v 71.61 276.57 -20.37
v 96.79 272.28 -72.35
v 78.51 287.77 -60.33
v 114.86 290.15 -50.91
v 84.65 302.04 -43.76
v 112.05 285.44 -17.12
v 77.62 297.05 -26.86
v 86.99 257.77 -17.12
v 95.32 238.51 -17.12
v 86.15 231.68 -47.66
v 106.30 243.76 -70.40
v 128.92 248.35 -51.56
v 123.48 244.88 -15.82
v 88.31 194.48 -44.73
v 110.64 199.05 -71.05
v 129.78 200.59 -16.10
v 97.13 193.64 -17.68
v 135.61 201.99 -50.26
v 100.75 155.68 -19.30
v 93.50 154.07 -44.08
v 116.25 156.69 -68.13
v 136.09 160.93 -47.33
v 130.21 159.59 -18.42
v 105.61 111.86 -22.31
v 99.72 106.66 -50.91
v 120.71 131.80 -57.08
v 138.85 115.21 -48.96
v 129.55 113.43 -23.29
v -56.15 -374.23 24.64
v -62.05 -374.23 25.09
v -62.69 -334.07 24.07
v -62.59 -286.81 29.90
v -71.76 -334.06 22.25
v -84.47 -286.81 19.97
v -79.23 -334.06 16.80
v -84.62 -334.06 8.58
v -78.61 -374.22 10.83
v -82.38 -374.22 1.77
v -87.44 -334.06 -0.40
v -84.43 -374.21 -6.50
v -83.15 -408.81 4.44
v -88.80 -334.04 -19.29
v -89.08 -334.05 -10.52
v -83.44 -374.21 -14.76
v -81.75 -374.21 -22.70
v -86.13 -334.04 -25.27
v -78.49 -374.21 -28.82
v -79.21 -402.68 -22.55
v -44.75 -374.23 21.63
v -53.95 -334.07 23.66
v -36.42 -334.07 7.39
v -39.93 -334.07 14.68
v -34.87 -286.81 18.79
v -37.01 -408.12 1.44
v -38.12 -410.35 11.21
v -38.71 -374.22 7.88
v -36.25 -406.04 -7.74
v -38.13 -374.22 -0.78
v -36.93 -334.06 -18.61
v -38.46 -374.21 -16.35
v -37.42 -374.22 -8.12
v -33.25 -286.81 -21.20
v -36.73 -286.81 -30.27
v -81.87 -286.81 -41.76
v -88.13 -286.81 -35.73
v -81.83 -334.03 -30.46
v -65.39 -374.20 -39.16
v -72.86 -374.20 -31.98
v -70.10 -400.46 -32.38
v -65.74 -286.81 -56.39
v -65.39 -334.03 -49.32
v -54.29 -334.03 -49.26
v -65.03 -374.20 -45.58
v -64.37 -399.76 -38.25
v -54.65 -286.81 -56.24
v -52.81 -334.04 -41.66
v -54.19 -374.20 -45.58
v -51.93 -399.68 -38.24
v -42.17 -400.90 -30.43
v -45.03 -374.21 -32.04
v -76.21 -334.03 -34.27
v -39.14 -402.36 -23.98
v -41.46 -374.21 -23.31
v -36.96 -404.04 -16.53
v -41.96 -374.23 15.35
v -46.02 -334.07 20.29
v -42.11 -286.81 25.32
v -48.16 -413.60 25.46
v -57.26 -414.32 28.60
v -82.38 -404.61 -14.05
v -84.17 -406.53 -5.56
v -91.70 -286.81 8.29
v -71.23 -414.10 27.63
v -74.35 -412.83 22.09
v -74.08 -374.22 17.95
v -63.39 -414.32 28.62
v -69.89 -374.22 23.05
v -73.96 -286.81 27.27
v -78.43 -411.13 14.64
v -96.29 -286.81 -22.82
v -96.19 -286.81 -14.44
v -41.85 -411.94 18.18
v -35.13 -334.07 -2.09
v -35.49 -334.06 -10.94
v -31.28 -286.81 -12.39
v -39.57 -334.05 -26.39
v -44.24 -334.05 -33.77
v -66.34 -334.03 -42.48
v -42.17 -286.81 -38.58
v -66.75 -286.81 -49.26
v -63.77 -399.51 -44.16
v -53.77 -399.26 -44.20
v -52.79 -374.21 -39.57
v -75.72 -401.33 -28.52
v -30.60 -286.81 -1.32
v -31.56 -286.81 10.34
v -93.11 -286.81 -30.07
v -94.30 -286.81 -2.54
v -52.98 -286.81 -48.56
v -51.73 -286.81 29.03
v -64.44 -248.98 31.30
v -63.29 -207.52 21.53
v -54.83 -207.52 20.90
v -76.25 -248.99 28.84
v -92.98 -248.99 10.47
v -85.97 -248.99 21.52
v -96.65 -248.99 -1.60
v -92.47 -207.53 -11.03
v -87.06 -207.53 1.63
v -60.93 -206.94 -23.05
v -95.41 -207.53 -22.57
v -98.78 -249.00 -15.21
v -98.42 -249.01 -27.01
v -94.94 -249.01 -35.04
v -91.56 -207.54 -45.19
v -93.99 -207.54 -34.10
v -86.89 -207.54 -53.72
v -53.08 -248.98 30.75
v -38.47 -207.52 16.69
v -34.83 -248.98 18.66
v -30.27 -248.98 8.86
v -27.96 -207.53 -24.83
v -29.45 -207.53 -36.32
v -30.94 -248.99 -26.09
v -89.34 -249.02 -42.02
v -78.81 -207.54 -58.14
v -67.00 -207.54 -64.73
v -54.91 -249.02 -64.45
v -65.32 -249.02 -64.58
v -64.77 -207.54 -72.89
v -54.18 -207.54 -72.93
v -53.47 -249.01 -56.48
v -82.03 -249.02 -47.15
v -33.76 -207.53 -46.03
v -34.47 -207.52 7.92
v -29.82 -207.52 -2.49
v -42.75 -248.98 26.21
v -74.54 -207.52 18.67
v -80.56 -207.52 11.56
v -28.98 -207.53 -14.59
v -28.59 -248.98 -3.88
v -29.06 -248.99 -15.78
v -34.37 -249.00 -36.56
v -40.44 -249.00 -46.47
v -67.23 -249.02 -55.95
v -52.79 -207.54 -65.95
v -38.89 -207.54 -58.23
v -49.51 -170.63 -82.95
v -77.31 -170.63 -82.95
v -89.08 -202.04 -77.58
v -36.14 -199.94 -77.94
v -49.51 -234.49 -72.04
v -76.78 -234.49 -72.04
v -49.51 -167.86 -72.02
v -36.14 -197.18 -67.01
v -77.31 -167.86 -72.02
v -89.08 -199.27 -66.65
v -76.78 -231.73 -61.11
v -49.51 -231.73 -61.11
v -64.78 -146.02 -31.28
v -79.47 -157.32 -46.85
v -63.94 -159.01 -55.03
v -82.57 -155.34 -29.69
v -77.21 -153.93 -11.74
v -63.37 -152.52 -7.78
v -49.82 -154.78 -14.38
v -48.13 -155.90 -28.11
v -50.39 -158.45 -46.06
v -64.50 -178.49 -61.63
v -46.15 -176.23 -48.17
v -44.46 -172.56 -27.32
v -47.28 -167.76 -9.36
v -65.07 -168.33 3.31
v -81.16 -166.35 -6.46
v -83.14 -173.13 -49.75
v -79.75 -170.87 -29.69
v -49.26 -199.67 -45.00
v -36.83 -201.64 -26.52
v -47.00 -197.97 -6.20
v -63.66 -192.61 5.68
v -81.44 -193.46 -6.20
v -88.22 -197.69 -26.79
v -68.45 -200.51 -58.99
v -85.68 -196.84 -45.27
v -49.54 -227.34 -41.31
v -40.50 -226.49 -25.20
v -45.02 -227.90 -3.82
v -62.81 -227.05 8.85
v -85.96 -224.23 -1.44
v -89.63 -225.36 -23.88
v -86.52 -230.16 -41.04
v -68.17 -230.16 -47.91
v -61.68 -399.28 -36.20
v -52.08 -390.25 -29.07
v -63.37 -387.42 -33.30
v -50.10 -405.78 -33.30
v -48.41 -389.97 -18.51
v -48.41 -410.58 -9.01
v -47.00 -389.97 -6.37
v -55.47 -403.52 4.98
v -56.60 -390.53 6.04
v -65.35 -408.04 -1.88
v -69.02 -393.07 -0.04
v -75.51 -420.46 -13.23
v -77.49 -393.35 -12.71
v -72.41 -407.47 -29.34
v -75.51 -390.53 -26.96
v -64.22 -398.72 -36.20
v -47.56 -409.73 -20.89
v 26.76 -334.07 24.07
v 26.13 -374.23 25.09
v 20.23 -374.23 24.64
v 35.84 -334.06 22.24
v 26.66 -286.81 29.90
v 48.70 -334.06 8.58
v 43.31 -334.06 16.80
v 48.55 -286.81 19.96
v 51.52 -334.06 -0.40
v 46.46 -374.22 1.77
v 42.69 -374.22 10.83
v 47.23 -408.80 4.44
v 48.51 -374.21 -6.50
v 53.15 -334.05 -10.52
v 52.88 -334.04 -19.29
v 50.21 -334.04 -25.27
v 45.83 -374.21 -22.70
v 47.52 -374.21 -14.76
v 43.29 -402.68 -22.55
v 42.57 -374.21 -28.82
v 18.03 -334.07 23.66
v 8.83 -374.23 21.63
v -1.05 -286.81 18.79
v 4.01 -334.07 14.68
v 0.50 -334.07 7.39
v 2.79 -374.22 7.88
v 2.20 -410.35 11.21
v 1.09 -408.12 1.44
v 2.21 -374.22 -0.78
v 0.33 -406.04 -7.74
v 1.50 -374.22 -8.12
v 2.54 -374.21 -16.35
v 1.01 -334.06 -18.61
v 0.81 -286.81 -30.27
v -2.67 -286.81 -21.21
v 45.90 -334.03 -30.46
v 52.21 -286.81 -35.73
v 45.95 -286.81 -41.76
v 34.18 -400.46 -32.38
v 36.94 -374.20 -31.98
v 29.47 -374.20 -39.16
v 18.37 -334.03 -49.26
v 29.47 -334.03 -49.32
v 29.81 -286.81 -56.39
v 28.45 -399.76 -38.25
v 29.11 -374.20 -45.58
v 18.73 -286.81 -56.24
v 18.27 -374.20 -45.59
v 16.89 -334.04 -41.66
v 9.11 -374.21 -32.04
v 6.25 -400.90 -30.43
v 16.01 -399.68 -38.24
v 40.28 -334.03 -34.27
v 5.54 -374.21 -23.31
v 3.22 -402.36 -23.98
v 1.04 -404.04 -16.53
v 6.04 -374.23 15.35
v 6.19 -286.81 25.32
v 10.10 -334.07 20.29
v 21.34 -414.32 28.60
v 12.24 -413.60 25.46
v 46.45 -404.61 -14.05
v 48.25 -406.53 -5.56
v 55.78 -286.81 8.29
v 38.16 -374.22 17.95
v 38.42 -412.83 22.09
v 35.31 -414.10 27.63
v 27.47 -414.32 28.62
v 33.97 -374.22 23.05
v 38.04 -286.81 27.27
v 42.51 -411.13 14.64
v 60.27 -286.81 -14.44
v 60.37 -286.81 -22.82
v 5.93 -411.94 18.18
v -0.79 -334.07 -2.09
v -4.64 -286.81 -12.39
v -0.43 -334.06 -10.94
v 3.65 -334.05 -26.39
v 8.32 -334.05 -33.77
v 30.41 -334.03 -42.48
v 6.25 -286.81 -38.58
v 30.83 -286.81 -49.26
v 17.85 -399.26 -44.20
v 27.85 -399.51 -44.16
v 16.87 -374.21 -39.57
v 39.80 -401.33 -28.52
v -5.32 -286.81 -1.32
v -4.36 -286.81 10.34
v 57.19 -286.81 -30.07
v 58.38 -286.81 -2.54
v 17.05 -286.81 -48.56
v 15.80 -286.81 29.03
v 18.91 -207.52 20.90
v 27.37 -207.52 21.53
v 28.52 -248.98 31.30
v 40.33 -248.99 28.84
v 50.05 -248.99 21.52
v 57.06 -248.99 10.47
v 51.14 -207.53 1.62
v 56.55 -207.53 -11.03
v 60.73 -248.99 -1.61
v 59.49 -207.53 -22.57
v 25.01 -206.94 -23.05
v 62.50 -249.01 -27.01
v 62.86 -249.00 -15.21
v 58.07 -207.54 -34.10
v 55.64 -207.54 -45.19
v 59.02 -249.01 -35.04
v 50.97 -207.54 -53.72
v 2.55 -207.52 16.69
v 17.16 -248.98 30.75
v -5.65 -248.98 8.86
v -1.09 -248.98 18.66
v -4.99 -248.99 -26.09
v -6.47 -207.53 -36.32
v -7.96 -207.53 -24.83
v 53.42 -249.02 -42.02
v 31.07 -207.54 -64.73
v 42.89 -207.54 -58.14
v 29.40 -249.02 -64.58
v 18.98 -249.02 -64.45
v 28.85 -207.54 -72.89
v 17.55 -249.01 -56.48
v 18.26 -207.54 -72.93
v 46.11 -249.02 -47.15
v -2.16 -207.53 -46.03
v -6.11 -207.52 -2.49
v -1.45 -207.52 7.92
v 6.83 -248.98 26.21
v 38.62 -207.52 18.67
v 44.64 -207.52 11.56
v -6.94 -207.53 -14.59
v -7.34 -248.98 -3.88
v -6.86 -248.99 -15.78
v -1.55 -249.00 -36.56
v 4.52 -249.00 -46.48
v 31.31 -249.02 -55.95
v 16.87 -207.54 -65.96
v 2.97 -207.54 -58.23
v 33.75 -143.48 -30.21
v 22.18 -152.80 -46.58
v 36.01 -153.65 -49.75
v 17.94 -151.11 -31.80
v 20.76 -147.15 -19.13
v 28.95 -146.02 -12.00
v 42.51 -149.69 -15.17
v 45.89 -149.69 -27.31
v 45.33 -149.69 -39.45
v 37.71 -167.76 -58.99
v 47.02 -166.92 -25.99
v 43.92 -166.63 -8.04
v 27.82 -167.20 3.31
v 11.73 -164.94 -10.68
v 9.47 -166.35 -32.85
v 19.35 -168.33 -51.07
v 52.10 -167.20 -42.36
v 51.48 -192.61 -40.51
v 49.44 -194.02 -20.97
v 43.23 -192.04 -3.29
v 27.54 -191.20 3.58
v 10.32 -197.41 -6.45
v 3.82 -197.13 -28.36
v 15.40 -193.46 -47.11
v 38.83 -191.76 -56.08
v 53.23 -223.67 -35.49
v 51.02 -222.26 -18.60
v 44.98 -220.56 1.99
v 24.44 -223.67 8.59
v 5.24 -225.36 -5.13
v 4.39 -225.36 -28.89
v 17.38 -224.51 -42.62
v 39.40 -225.64 -46.58
v 40.53 -406.34 -22.74
v 41.09 -386.86 -20.10
v 29.52 -383.19 -30.66
v 39.12 -413.40 -9.01
v 38.55 -389.40 -6.37
v 28.11 -409.16 -0.04
v 29.52 -391.38 2.87
v 18.22 -389.40 5.77
v 11.73 -405.49 -7.69
v 10.32 -388.55 -6.64
v 10.60 -407.19 -23.00
v 12.29 -386.86 -18.78
v 18.51 -401.82 -32.77
v 19.64 -383.19 -28.55
v 31.78 -394.48 -32.24
v 15.97 -401.26 3.40
v -5.58 -183.81 -50.39
v -12.35 -183.81 -26.54
v 40.75 -184.48 -26.65
v 28.37 -82.81 -94.17
v 27.55 -82.77 -90.66
v 23.52 -137.56 -82.02
v 35.16 5.69 -100.65
v 31.44 4.75 -100.96
v 31.34 -27.40 -97.62
v 70.66 -4.62 -16.43
v 78.13 4.81 -49.01
v 69.01 -27.95 -15.51
v 54.93 35.76 -95.94
v 71.47 35.71 -81.60
v 62.78 66.79 -90.95
v -6.18 -183.81 -2.08
v -6.29 -137.54 -6.19
v 5.27 -137.54 -72.68
v 4.44 -183.81 -63.79
v 21.96 -183.81 -71.47
v 64.37 -82.99 -68.66
v 50.37 -82.96 -83.48
v 45.81 -137.54 -74.17
v -14.37 -82.43 -40.43
v -7.35 -82.65 -68.40
v -6.17 -27.73 -75.14
v 52.61 -27.24 -90.55
v 64.36 -137.54 -33.77
v 61.17 -183.81 -26.52
v 53.91 -183.81 -2.68
v 44.62 -137.54 5.85
v 48.60 -82.32 4.14
v 64.72 -82.49 -11.93
v 23.94 -137.54 15.19
v 42.16 -183.81 11.80
v 23.32 -183.81 19.46
v 26.66 -82.32 13.24
v 5.68 -137.54 7.09
v 57.21 -137.54 -6.65
v 71.79 -82.76 -40.18
v 44.92 -82.92 -86.24
v -12.34 -137.54 -33.95
v 6.55 -82.69 -82.86
v 57.90 -137.54 -58.31
v 43.15 -183.81 -66.81
v 58.72 66.15 -95.13
v 58.02 65.80 -99.75
v 71.05 8.98 -80.16
v 78.47 33.86 -50.74
v 69.35 -27.33 -76.15
v 54.96 8.49 -94.06
v 76.03 -27.18 -45.84
v 7.88 -5.45 -92.30
v 5.72 -39.06 4.62
v 30.73 -37.85 14.57
v 40.64 36.34 -101.82
v 33.28 36.77 -102.66
v 24.36 -137.56 -86.31
v 7.69 -27.66 -90.02
v 6.65 -82.34 4.40
v 53.26 -33.84 5.99
v 5.50 -183.81 12.15
v -7.91 -82.38 -11.31
v -6.02 -137.54 -58.45
v 54.44 -183.81 -50.31
v -6.49 -37.96 -15.33
v 37.24 -183.81 -69.32
v 40.39 -137.54 -77.55
v 47.65 -27.27 -92.03
v 50.73 8.10 -95.06
v -13.73 -37.49 -45.92
v 32.45 -27.35 -100.20
v 70.20 61.89 -82.59
v 39.72 -137.56 -84.29
v 45.11 56.77 -104.47
v 44.27 55.48 -101.87
v 41.17 36.62 -104.71
v 36.17 6.40 -103.47
v 49.76 8.02 -100.09
v 46.56 -27.31 -98.15
v 54.28 36.05 -100.34
v 44.03 -82.87 -93.01
v 22.74 -183.81 -77.19
v 36.59 -183.81 -76.98
v 34.21 -185.63 -76.64
v 36.69 -185.90 -84.21
v 53.80 -185.59 -75.55
v 51.32 -185.32 -67.75
v 1.68 -185.30 -67.04
v -1.28 -185.55 -74.21
v 14.23 -185.92 -84.88
v 18.04 -185.64 -76.89
v 66.10 -184.78 -52.21
v 69.84 -183.97 -28.88
v 62.04 -183.88 -26.44
v 59.22 -184.78 -52.27
v -2.69 -183.88 -26.44
v -9.04 -184.78 -52.27
v -12.09 -183.88 -26.44
v -19.65 -183.99 -29.64
v -15.71 -184.80 -52.88
v 36.69 -208.08 -83.65
v 34.21 -207.82 -76.08
v 53.80 -207.78 -74.99
v 51.32 -207.51 -67.19
v 59.22 -206.97 -51.72
v 66.10 -206.97 -51.66
v 69.84 -206.15 -28.33
v 62.04 -206.07 -25.88
v -2.69 -206.07 -25.88
v -12.09 -206.07 -25.88
v -19.65 -206.18 -29.08
v -15.71 -206.99 -52.32
v -9.04 -206.97 -51.72
v 1.68 -207.48 -66.48
v -1.28 -207.74 -73.65
v 14.23 -208.11 -84.32
v 18.04 -207.83 -76.33
v 35.23 -44.38 -36.48
v 23.25 -38.45 -56.81
v 38.95 -31.39 -59.63
v 14.47 -46.36 -43.54
v 15.54 -47.20 -22.36
v 31.50 -39.58 -7.68
v 47.74 -33.65 -12.48
v 56.52 -28.29 -30.27
v 54.65 -24.33 -50.32
v 37.36 -6.55 -78.55
v 64.50 2.77 -57.37
v 69.29 -4.29 -21.80
v 50.66 -16.15 5.02
v 23.25 -24.33 12.08
v -6.02 -36.76 -15.59
v 8.62 -21.51 -71.49
v -7.08 -34.78 -47.49
v 36.56 -42.40 -81.94
v 66.10 -37.04 -60.48
v 68.76 -42.97 -22.08
v 50.13 -52.57 3.61
v -6.02 -67.53 -13.05
v -7.88 -68.66 -46.08
v 7.29 -58.50 -70.93
v 22.72 -64.14 10.11
v 46.65 -205.03 -42.20
v 52.51 -158.73 -45.31
v 31.22 -161.83 -60.27
v 48.52 -211.24 -16.79
v 54.90 -152.80 -17.64
v 41.07 -169.46 2.97
v 43.46 -150.26 5.51
v 22.97 -151.39 12.29
v 2.48 -174.82 -0.70
v -0.45 -157.60 1.00
v 6.04 -212.09 -24.13
v -4.71 -170.02 -26.39
v 8.07 -170.30 -51.24
v 9.93 -206.44 -47.57
v 31.22 -197.69 -57.45
v 23.50 -162.96 6.92
v -69.06 -477.40 -7.07
v -51.43 -477.40 32.53
v -45.38 -477.40 24.71
v -106.98 -469.93 -97.92
v -108.41 -470.84 -87.44
v -110.77 -471.10 -87.40
v -100.81 -468.51 -111.38
v -102.91 -468.79 -112.43
v -93.52 -467.18 -126.54
v -82.20 -466.21 -130.78
v -92.40 -467.00 -124.55
v -45.32 -470.89 -81.72
v -46.13 -470.70 -97.16
v -43.77 -471.15 -97.40
v -54.07 -462.14 -36.46
v -54.38 -464.05 -46.36
v -52.12 -462.73 -35.96
v -43.17 -462.00 -8.26
v -43.60 -462.16 -18.36
v -40.67 -462.55 -8.99
v -47.87 -464.37 23.54
v -44.96 -463.70 15.56
v -41.88 -464.16 16.23
v -71.55 -464.85 31.68
v -64.95 -465.14 33.68
v -65.52 -465.81 36.60
v -83.15 -463.52 6.87
v -80.30 -463.78 17.79
v -83.11 -464.39 19.24
v -88.79 -464.55 -6.56
v -87.73 -465.53 -18.09
v -85.40 -464.18 -7.17
v -105.33 -471.70 -61.87
v -107.49 -472.09 -60.87
v -110.39 -471.78 -76.49
v -74.10 -476.38 -111.42
v -102.51 -475.54 -112.21
v -108.57 -476.38 -98.75
v -85.57 -477.40 7.85
v -82.89 -477.40 19.13
v -93.39 -474.74 -126.10
v -58.12 -477.40 35.68
v -65.56 -477.40 36.27
v -68.28 -466.45 -133.00
v -68.66 -474.41 -132.79
v -58.42 -475.98 -125.42
v -43.10 -471.52 -81.67
v -43.45 -476.99 -81.51
v -48.21 -477.40 -64.69
v -47.82 -462.13 -27.64
v -47.95 -477.40 -27.31
v -43.85 -477.40 -18.03
v -39.86 -477.40 6.02
v -42.23 -477.40 16.03
v -110.42 -476.95 -87.29
v -109.00 -470.08 -98.74
v -93.19 -477.40 -29.94
v -99.93 -477.40 -45.46
v -100.40 -470.95 -45.60
v -78.79 -477.40 28.07
v -36.81 -453.34 -25.33
v -50.45 -461.44 -27.86
v -45.84 -461.53 -18.37
v -39.89 -451.18 -39.48
v -98.78 -470.83 -48.02
v -90.85 -467.80 -30.92
v -93.38 -468.08 -30.11
v -72.96 -477.40 33.67
v -78.94 -465.04 28.35
v -90.30 -477.40 -18.47
v -110.00 -477.24 -76.21
v -41.60 -477.40 -8.53
v -47.90 -469.63 -65.08
v -52.78 -477.40 -45.75
v -58.12 -468.11 -125.42
v -48.11 -477.16 -111.22
v -50.93 -465.58 32.69
v -83.11 -474.14 -132.25
v -107.15 -477.20 -61.08
v -90.69 -465.98 -18.82
v -85.82 -464.06 7.95
v -76.42 -464.43 26.71
v -73.16 -465.59 33.96
v -52.72 -464.79 30.14
v -45.04 -464.90 24.80
v -42.78 -462.84 4.00
v -50.14 -469.01 -64.99
v -59.38 -467.79 -123.79
v -69.15 -466.19 -130.97
v -52.55 -477.40 -35.45
v -82.84 -466.29 -132.53
v -49.91 -469.41 -110.44
v -47.91 -470.02 -111.31
v -52.38 -464.56 -46.30
v -58.52 -465.00 32.92
v -58.08 -465.81 35.90
v -108.17 -471.48 -76.87
v -87.49 -477.40 -6.49
v -43.98 -477.37 -97.31
v -39.65 -463.44 5.83
v -107.41 -456.20 -55.92
v -101.60 -452.05 -46.57
v -99.54 -460.74 -37.64
v -100.31 -466.49 -50.27
v -71.88 -452.27 34.97
v -77.35 -448.84 28.19
v -73.60 -434.68 25.04
v -87.56 -450.30 1.63
v -83.95 -436.82 5.76
v -80.37 -443.60 18.90
v -78.72 -387.69 -6.01
v -77.07 -389.08 1.81
v -82.29 -425.83 6.57
v -94.35 -447.74 -19.95
v -89.50 -439.54 -11.63
v -88.46 -455.93 -2.97
v -111.21 -462.49 -77.31
v -110.47 -459.35 -65.32
v -110.20 -463.59 -88.09
v -97.69 -444.26 -53.88
v -93.77 -439.84 -46.17
v -87.02 -431.82 -22.13
v -83.64 -426.19 -32.39
v -80.82 -419.83 -26.09
v -73.95 -383.89 -27.11
v -76.56 -384.94 -21.33
v -78.41 -412.82 -21.53
v -91.16 -438.23 -60.79
v -102.68 -447.82 -61.37
v -100.29 -449.19 -91.39
v -109.16 -455.26 -88.94
v -107.26 -457.88 -100.42
v -58.00 -453.96 35.75
v -48.74 -453.76 31.94
v -42.60 -450.40 22.93
v -47.73 -437.17 28.58
v -36.72 -426.05 3.44
v -37.82 -431.20 13.65
v -42.03 -390.10 7.59
v -34.46 -440.22 2.80
v -33.77 -434.32 -7.49
v -35.38 -450.80 -7.85
v -35.97 -421.35 -6.13
v -41.56 -388.65 -0.61
v -48.84 -460.87 -51.44
v -37.65 -422.61 -26.19
v -34.13 -428.73 -17.17
v -36.67 -417.01 -15.28
v -67.99 -454.82 -128.71
v -68.55 -460.78 -131.06
v -57.29 -460.56 -122.96
v -47.35 -445.95 -91.93
v -50.68 -448.47 -100.82
v -47.28 -459.32 -99.37
v -43.33 -456.33 -77.04
v -46.36 -456.56 -44.58
v -41.53 -446.99 -54.31
v -39.22 -442.63 -47.92
v -35.89 -445.52 -33.61
v -38.52 -437.08 -42.09
v -41.67 -418.19 -33.04
v -38.82 -413.70 -23.02
v -72.16 -414.50 -35.81
v -77.74 -416.48 -31.95
v -78.76 -423.29 -38.27
v -78.10 -430.47 -55.63
v -87.26 -434.16 -52.27
v -87.72 -443.52 -84.82
v -98.65 -446.73 -81.71
v -65.24 -382.70 -33.64
v -69.43 -383.35 -30.10
v -69.40 -408.29 -31.73
v -71.59 -433.57 -65.12
v -80.93 -435.33 -63.57
v -83.56 -438.23 -70.28
v -77.99 -445.13 -96.29
v -89.27 -445.73 -94.20
v -90.64 -449.86 -105.84
v -45.79 -443.88 -81.97
v -41.47 -452.45 -61.85
v -42.87 -429.14 -49.30
v -40.06 -427.14 -37.93
v -46.66 -414.44 -38.12
v -41.81 -410.87 -29.71
v -47.44 -407.97 -35.31
v -54.06 -412.61 -40.49
v -52.83 -420.24 -46.82
v -43.92 -422.66 -44.10
v -49.71 -425.32 -53.81
v -43.60 -442.21 -70.12
v -44.01 -439.64 -61.69
v -49.88 -434.18 -65.51
v -55.26 -445.38 -99.79
v -66.96 -444.48 -98.21
v -54.19 -442.64 -92.17
v -61.27 -432.61 -65.80
v -49.31 -429.87 -57.55
v -60.67 -382.54 -34.51
v -64.59 -406.98 -34.95
v -69.43 -428.95 -56.78
v -79.79 -452.77 -122.07
v -67.80 -451.74 -123.31
v -66.96 -448.43 -109.58
v -74.21 -440.32 -80.19
v -63.91 -439.47 -82.06
v -61.61 -436.99 -73.85
v -78.88 -449.06 -107.94
v -68.71 -420.31 -45.66
v -68.12 -425.30 -52.10
v -59.72 -424.39 -54.00
v -59.88 -406.58 -36.11
v -68.05 -412.90 -38.41
v -61.18 -412.36 -39.71
v -61.13 -419.53 -47.32
v -60.00 -428.06 -57.86
v -64.87 -441.60 -90.66
v -52.49 -440.48 -83.07
v -63.54 -453.04 -123.43
v -50.55 -436.72 -73.85
v -43.10 -435.60 -53.56
v -47.10 -383.34 -30.16
v -89.62 -453.24 -118.26
v -99.66 -452.20 -103.73
v -73.12 -437.66 -71.95
v -86.08 -440.69 -77.83
v -73.77 -421.61 -42.78
v -75.66 -426.55 -50.02
v -94.76 -441.33 -67.38
v -44.23 -384.84 -21.90
v -35.07 -438.66 -31.43
v -45.12 -458.08 -87.62
v -50.43 -459.35 -110.88
v -82.05 -461.86 -131.01
v -41.82 -386.03 -15.32
v -35.80 -446.86 -22.33
v -40.99 -387.42 -7.54
v -38.11 -446.82 15.11
v -46.87 -392.36 20.59
v -56.72 -437.79 31.88
v -100.55 -460.54 -113.22
v -93.65 -462.23 -125.23
v -95.43 -455.10 -115.87
v -110.32 -453.33 -79.10
v -81.53 -416.60 -12.70
v -107.76 -466.02 -98.52
v -77.92 -386.30 -13.82
v -83.30 -420.81 -3.85
v -96.17 -455.76 -28.50
v -89.76 -460.03 -8.79
v -77.63 -431.13 17.24
v -70.52 -436.84 30.86
v -70.41 -391.76 17.11
v -65.35 -453.02 36.58
v -80.63 -455.78 -128.26
v -62.78 -437.55 31.89
v -60.75 -392.92 23.86
v -83.70 -424.73 -16.40
v -87.00 -430.64 -6.41
v -97.52 -446.76 -38.92
v -107.62 -450.16 -69.45
v -88.47 -432.34 -39.93
v -41.50 -434.26 20.95
v -34.00 -440.48 -19.64
v -35.46 -433.16 -29.20
v -56.03 -450.11 -111.40
v -74.96 -410.11 -27.73
v -82.76 -429.11 -45.59
v -97.08 -443.57 -74.24
v -76.16 -442.47 -88.40
v -53.12 -406.49 -37.22
v -55.89 -382.45 -35.00
v -50.97 -382.72 -33.54
v -89.54 -456.67 -123.93
v -44.63 -391.33 14.65
v -92.02 -439.49 -30.39
v -74.05 -390.58 10.38
v -67.05 -392.59 21.93
v -56.02 -392.85 23.43
v 121.16 5.99 -61.22
v 135.07 9.18 -71.62
v 129.11 10.04 -77.39
v 122.63 10.13 -79.91
v 113.78 9.48 -79.28
v 106.92 7.55 -74.59
v 103.81 5.38 -65.40
v 103.70 3.49 -56.25
v 107.78 1.78 -46.04
v 114.61 1.49 -39.96
v 122.94 1.36 -38.01
v 131.43 2.10 -40.79
v 137.40 4.73 -46.80
v 142.23 7.96 -63.94
v 138.71 8.32 -64.31
v 117.91 129.75 -37.98
v 107.65 128.81 -13.57
v 99.32 127.99 -20.27
v 93.53 127.59 -33.69
v 93.68 127.67 -45.79
v 98.10 128.07 -58.00
v 108.97 128.93 -65.89
v 120.37 129.82 -65.34
v 128.73 130.44 -61.22
v 136.20 131.07 -54.00
v 141.36 131.35 -44.67
v 142.61 131.50 -31.42
v 137.72 131.22 -17.47
v 127.92 130.15 -10.38
v 117.19 129.32 -10.07
v 145.80 131.46 -44.14
v 147.10 131.45 -32.22
v 139.46 6.78 -55.74
v 142.62 6.35 -56.58
v 110.32 155.09 -57.57
v 127.98 150.56 -55.45
v 116.88 157.13 -49.37
v 126.47 149.77 -45.25
v 108.80 154.14 -43.96
v 110.32 130.61 -55.13
v 106.02 146.24 -33.61
v 130.51 143.62 -39.57
v 128.74 142.95 -58.19
v 110.06 142.14 -60.56
v 130.26 131.51 -49.05
v 123.95 144.80 -35.74
v 101.73 142.93 -45.06
v 110.82 123.94 -60.64
v 95.68 121.69 -45.73
v 104.51 122.69 -29.65
v 124.20 122.00 -28.86
v 142.12 124.53 -41.46
v 133.54 124.89 -57.12
v 127.98 124.16 -58.05
v 98.20 90.35 -49.68
v 103.75 88.74 -31.00
v 123.44 91.31 -24.75
v 142.62 94.62 -43.26
v 130.00 94.55 -64.11
v 112.08 93.14 -64.25
v 116.63 64.73 -68.76
v 102.74 61.65 -53.94
v 106.02 59.97 -34.98
v 124.70 60.77 -28.05
v 141.11 65.33 -45.30
v 132.27 64.64 -65.92
v 107.29 24.60 -57.59
v 111.58 22.68 -38.94
v 126.47 24.42 -34.77
v 133.03 28.60 -66.33
v 117.89 26.28 -68.27
v 139.60 27.35 -50.47
v 122.68 17.45 -68.57
v 114.86 14.63 -58.00
v 119.40 13.55 -43.55
v 132.02 14.17 -41.78
v 138.84 15.94 -55.02
v 133.28 19.62 -67.79
v -52.93 325.08 -124.74
v -53.25 328.05 -108.65
v -53.78 325.43 -108.19
v -53.43 322.59 -124.30
v -51.50 327.19 -125.11
v -51.74 330.27 -109.04
v -49.36 328.60 -125.36
v -49.49 331.75 -109.30
v -46.83 329.09 -125.44
v -46.83 332.28 -109.39
v -44.30 328.60 -125.36
v -44.17 331.75 -109.30
v -42.16 327.19 -125.11
v -41.91 330.27 -109.04
v -40.73 325.08 -124.74
v -40.41 328.05 -108.65
v -40.23 322.59 -124.30
v -39.88 325.43 -108.19
v -40.73 320.10 -123.86
v -40.41 322.81 -107.73
v -42.16 317.99 -123.49
v -41.91 320.59 -107.33
v -44.30 316.58 -123.24
v -44.17 319.11 -107.07
v -46.83 316.09 -123.15
v -46.83 318.58 -106.98
v -49.36 316.58 -123.24
v -49.49 319.11 -107.07
v -51.50 317.99 -123.49
v -51.74 320.59 -107.33
v -52.93 320.10 -123.86
v -53.25 322.81 -107.73
v -51.97 324.70 -124.61
v -52.39 322.60 -124.24
v -50.76 326.47 -124.92
v -48.96 327.66 -125.13
v -46.83 328.08 -125.20
v -44.70 327.66 -125.13
v -42.90 326.47 -124.92
v -41.69 324.70 -124.61
v -41.27 322.60 -124.24
v -41.69 320.50 -123.87
v -42.90 318.73 -123.55
v -44.70 317.54 -123.34
v -46.83 317.12 -123.27
v -48.96 317.54 -123.34
v -50.76 318.73 -123.55
v -51.97 320.50 -123.87
v -52.24 324.97 -123.71
v -52.69 322.76 -123.32
v -50.97 326.84 -124.04
v -49.07 328.09 -124.26
v -46.83 328.53 -124.34
v -44.59 328.09 -124.26
v -42.69 326.84 -124.04
v -41.42 324.97 -123.71
v -40.97 322.76 -123.32
v -41.42 320.56 -122.93
v -42.69 318.68 -122.60
v -44.59 317.43 -122.38
v -46.83 316.99 -122.30
v -49.07 317.43 -122.38
v -50.97 318.68 -122.60
v -52.24 320.56 -122.93
v -46.83 325.43 -108.19
v -46.83 322.76 -123.32
v 17.86 325.43 -108.19
v 17.33 328.05 -108.65
v 17.01 325.08 -124.74
v 17.51 322.59 -124.30
v 15.82 330.27 -109.04
v 15.58 327.19 -125.11
v 13.57 331.75 -109.30
v 13.43 328.60 -125.36
v 10.91 332.28 -109.39
v 10.91 329.09 -125.44
v 8.25 331.75 -109.30
v 8.38 328.60 -125.36
v 5.99 330.27 -109.04
v 6.24 327.19 -125.11
v 4.49 328.05 -108.65
v 4.81 325.08 -124.74
v 3.96 325.43 -108.19
v 4.30 322.59 -124.30
v 4.49 322.81 -107.73
v 4.81 320.10 -123.86
v 5.99 320.59 -107.33
v 6.24 317.99 -123.49
v 8.25 319.11 -107.07
v 8.38 316.58 -123.24
v 10.91 318.58 -106.98
v 10.91 316.09 -123.15
v 13.57 319.11 -107.07
v 13.44 316.58 -123.24
v 15.82 320.59 -107.33
v 15.58 317.99 -123.49
v 17.33 322.81 -107.73
v 17.01 320.10 -123.86
v 16.05 324.70 -124.61
v 16.47 322.60 -124.24
v 14.84 326.47 -124.92
v 13.04 327.66 -125.13
v 10.91 328.08 -125.20
v 8.78 327.66 -125.13
v 6.97 326.47 -124.92
v 5.77 324.70 -124.61
v 5.34 322.60 -124.24
v 5.77 320.50 -123.87
v 6.97 318.73 -123.55
v 8.78 317.54 -123.34
v 10.91 317.12 -123.27
v 13.04 317.54 -123.34
v 14.84 318.73 -123.55
v 16.05 320.50 -123.87
v 16.32 324.97 -123.71
v 16.76 322.76 -123.32
v 15.05 326.84 -124.04
v 13.15 328.09 -124.26
v 10.91 328.53 -124.34
v 8.67 328.09 -124.26
v 6.77 326.84 -124.04
v 5.50 324.97 -123.71
v 5.05 322.76 -123.32
v 5.50 320.56 -122.93
v 6.77 318.68 -122.60
v 8.67 317.43 -122.38
v 10.91 316.99 -122.30
v 13.15 317.43 -122.38
v 15.05 318.68 -122.60
v 16.32 320.56 -122.93
v 10.91 325.43 -108.19
v 10.91 322.76 -123.32
v -17.96 425.57 5.69
v -17.96 424.25 8.03
v -27.22 424.25 7.60
v -27.07 425.57 5.46
v -17.96 411.51 9.36
v -27.31 411.51 8.93
v -17.96 397.53 9.79
v -27.32 397.53 9.35
v -17.96 382.86 9.57
v -27.29 382.86 9.13
v -17.96 381.59 9.90
v -27.33 381.59 9.46
v -17.96 380.31 10.88
v -27.45 380.31 10.44
v -17.96 377.95 15.46
v -27.97 377.95 15.00
v -17.96 373.46 19.01
v -28.38 373.46 18.52
v -17.96 366.48 20.90
v -28.59 366.48 20.40
v -17.96 359.25 20.90
v -28.59 359.25 20.40
v -17.96 351.10 18.11
v -28.27 352.70 17.63
v -17.96 349.28 12.39
v -27.62 349.28 11.94
v -36.39 424.25 5.88
v -36.10 425.57 3.67
v -36.70 411.51 7.16
v -36.78 397.53 7.57
v -36.73 382.86 7.36
v -36.81 381.59 7.68
v -37.07 380.31 8.63
v -38.26 377.95 13.06
v -39.18 373.46 16.48
v -39.68 366.48 18.31
v -39.68 359.25 18.31
v -38.95 352.70 15.62
v -37.46 349.28 10.09
v -45.31 424.25 2.72
v -45.09 425.57 0.53
v -45.85 411.51 3.91
v -46.02 397.53 4.29
v -45.93 382.86 4.09
v -46.07 381.59 4.39
v -46.47 380.31 5.29
v -48.36 377.95 9.47
v -49.82 373.46 12.70
v -50.60 366.48 14.43
v -50.60 359.25 14.43
v -49.45 352.70 11.88
v -47.09 349.28 6.67
v -54.46 424.25 -2.39
v -53.49 425.57 -4.39
v -55.34 411.51 -1.40
v -55.64 397.53 -1.09
v -55.50 382.86 -1.27
v -55.70 381.59 -1.00
v -56.29 380.31 -0.21
v -59.03 377.95 3.46
v -61.16 373.46 6.30
v -62.29 366.48 7.82
v -62.29 359.25 7.82
v -60.62 352.70 5.58
v -57.20 349.28 1.00
v -62.05 424.25 -9.80
v -60.60 425.57 -11.34
v -63.22 411.51 -9.09
v -63.64 397.53 -8.89
v -63.47 382.86 -9.03
v -63.72 381.57 -8.82
v -64.47 380.31 -8.18
v -67.97 377.84 -5.21
v -70.67 373.24 -2.92
v -72.11 366.09 -1.69
v -72.11 358.68 -1.69
v -69.98 351.96 -3.50
v -65.62 348.45 -7.20
v -68.24 424.25 -18.60
v -66.86 425.57 -19.99
v -69.60 411.51 -18.15
v -70.08 397.53 -18.04
v -69.89 382.63 -18.15
v -70.17 381.29 -17.99
v -71.03 379.96 -17.51
v -75.03 377.47 -15.26
v -78.12 372.74 -13.52
v -79.77 365.40 -12.59
v -79.77 357.79 -12.59
v -77.34 350.89 -13.96
v -72.35 347.29 -16.76
v -72.55 424.25 -28.49
v -70.91 425.57 -29.68
v -75.03 409.95 -30.88
v -74.67 401.96 -29.38
v -75.03 393.96 -30.88
v -74.64 380.50 -28.20
v -74.33 381.89 -28.31
v -75.57 379.12 -27.88
v -79.89 376.54 -26.35
v -83.23 371.65 -25.17
v -85.02 364.04 -24.53
v -85.02 356.16 -24.53
v -82.39 349.02 -25.46
v -76.99 345.29 -27.37
v -75.54 424.25 -39.29
v -73.77 425.57 -40.27
v -77.68 379.65 -39.23
v -77.36 381.09 -40.11
v -78.65 378.14 -38.23
v -83.15 375.54 -36.29
v -85.78 370.76 -33.42
v -86.75 363.47 -30.01
v -86.45 355.72 -28.33
v -83.84 348.51 -29.00
v -76.96 424.25 -50.02
v -75.21 425.57 -50.67
v -77.01 424.25 -60.58
v -75.51 425.57 -61.42
v -78.34 344.75 -30.87
v -24.63 405.88 -125.27
v -23.10 380.68 -132.73
v -17.96 381.31 -133.52
v -23.10 379.16 -128.89
v -17.96 369.16 -133.16
v -17.96 379.78 -129.68
v -24.81 407.41 -126.70
v -30.34 404.82 -126.00
v -30.02 402.32 -124.56
v -26.96 377.52 -127.12
v -22.96 368.79 -132.41
v -34.25 371.41 -121.22
v -28.68 367.42 -129.63
v -30.71 374.80 -124.58
v -42.35 364.93 -113.60
v -35.84 363.29 -121.29
v -37.92 368.15 -117.30
v -55.10 360.06 -108.13
v -57.05 357.75 -106.19
v -56.31 356.65 -107.86
v -74.62 365.10 -83.35
v -72.13 367.91 -81.04
v -75.66 366.72 -80.38
v -66.06 361.91 -93.51
v -67.40 360.58 -92.83
v -66.12 358.78 -95.05
v -77.18 361.49 -85.34
v -84.07 360.93 -77.49
v -80.02 353.72 -89.33
v -87.56 354.50 -74.16
v -83.84 347.37 -86.05
v -81.13 343.10 -91.37
v -77.85 349.01 -95.92
v -77.30 349.10 -95.45
v -87.03 347.26 -70.48
v -83.22 340.51 -82.55
v -80.83 336.21 -87.86
v -81.70 342.80 -91.70
v -83.94 340.56 -67.25
v -80.35 334.27 -79.48
v -78.17 330.26 -84.83
v -81.38 335.92 -88.18
v -76.91 335.92 -64.90
v -72.82 328.87 -76.82
v -70.52 324.78 -82.19
v -78.57 329.62 -85.13
v -78.36 375.78 -57.28
v -78.70 376.25 -53.80
v -81.25 374.97 -53.09
v -76.66 368.25 -77.09
v -73.28 369.38 -77.71
v -83.29 372.14 -59.36
v -87.57 368.97 -50.16
v -86.58 366.24 -64.01
v -79.18 364.67 -79.37
v -80.11 366.25 -76.11
v -89.76 361.74 -46.50
v -89.42 359.18 -60.73
v -89.54 353.98 -42.42
v -89.06 351.79 -56.84
v -86.37 346.91 -39.00
v -86.46 345.15 -53.60
v -80.28 343.47 -37.38
v -79.37 340.74 -51.36
v -65.84 380.48 -100.19
v -67.32 376.45 -95.90
v -62.18 368.04 -102.45
v -26.96 379.05 -130.96
v -34.25 372.93 -125.07
v -41.00 392.36 -121.37
v -45.81 389.82 -119.19
v -37.92 369.67 -121.14
v -65.56 363.43 -94.28
v -68.67 372.28 -91.09
v -17.96 408.01 -126.86
v -54.65 387.72 -115.04
v -60.28 384.11 -107.44
v -53.69 386.87 -113.85
v -46.44 392.78 -120.65
v -41.53 396.17 -122.82
v -49.83 399.41 -118.36
v -17.96 418.61 -126.88
v -24.86 418.61 -126.70
v -70.96 392.83 -79.30
v -75.21 374.31 -68.35
v -76.32 373.13 -67.72
v -75.37 372.00 -71.05
v -69.38 394.45 -91.08
v -70.82 402.52 -85.92
v -35.68 407.67 -124.99
v -31.36 413.80 -125.79
v -36.66 399.83 -124.71
v -71.15 410.55 -83.87
v -72.06 402.65 -86.94
v -72.46 410.70 -84.88
v -55.57 396.43 -114.07
v -70.50 394.67 -92.19
v -70.04 415.94 -93.18
v -72.55 418.61 -83.99
v -74.89 393.96 -68.76
v -75.51 387.18 -64.24
v -72.71 383.89 -77.19
v -71.16 418.58 -83.02
v -70.53 411.61 -91.98
v -68.15 389.35 -97.61
v -69.49 404.67 -94.67
v -25.91 368.28 -131.39
v -42.35 366.45 -117.44
v -32.26 365.35 -125.46
v -62.54 384.27 -104.42
v -65.72 385.52 -102.33
v -64.79 385.36 -101.40
v -47.46 362.56 -110.82
v -45.19 359.57 -113.76
v -40.28 361.18 -117.02
v -64.66 382.15 -102.16
v -55.10 361.58 -111.98
v -51.98 361.40 -109.52
v -51.98 362.92 -113.36
v -30.71 376.33 -128.42
v -53.89 357.89 -110.36
v -50.28 358.56 -111.72
v -36.18 396.31 -123.16
v -57.95 355.07 -104.90
v -57.95 356.59 -108.75
v -57.05 359.27 -110.03
v -43.32 402.75 -122.03
v -61.48 393.02 -108.16
v -61.40 384.29 -108.26
v -74.62 401.96 -70.36
v -68.11 399.28 -97.69
v -47.45 415.94 -119.88
v -56.11 418.61 -113.70
v -56.14 415.94 -113.49
v -65.09 395.02 -103.40
v -38.08 415.94 -124.12
v -38.02 418.61 -124.17
v -47.40 418.61 -119.97
v -65.49 415.94 -102.56
v -65.55 418.61 -102.64
v -33.07 415.94 -125.43
v -71.26 351.57 -99.07
v -62.85 353.22 -102.20
v -62.28 353.35 -101.70
v -67.02 388.76 -96.75
v -76.88 382.65 -57.28
v -77.20 378.90 -55.31
v -74.48 375.44 -68.95
v -74.82 409.95 -68.76
v -17.96 407.13 -125.52
v -28.58 409.62 -61.19
v -73.02 354.61 -95.19
v -70.01 357.89 -94.32
v -74.78 357.65 -91.31
v -73.90 356.13 -93.25
v -75.98 359.57 -88.33
v -63.56 384.52 -105.30
v -47.46 364.08 -114.66
v -81.04 367.83 -72.85
v -78.47 370.97 -70.50
v -82.31 370.32 -66.34
v -81.68 369.07 -69.59
v -82.80 371.23 -62.85
v -79.90 373.09 -63.72
v -79.28 372.16 -67.20
v -70.30 370.55 -82.42
v -58.80 354.68 -104.98
v -72.34 361.51 -89.28
v -71.09 359.55 -92.24
v -77.88 377.43 -54.52
v -70.98 369.14 -81.70
v -71.77 378.24 -78.09
v -77.81 375.03 -60.76
v -77.07 374.08 -64.24
v -69.97 364.58 -86.94
v -68.69 362.58 -89.88
v -74.43 370.86 -74.38
v -71.05 366.25 -83.99
v -60.78 353.91 -103.83
v -71.30 324.27 -82.54
v -68.93 356.22 -96.40
v -64.84 356.97 -97.26
v -72.38 380.71 -77.10
v -78.33 378.57 -46.04
v -79.31 377.32 -45.18
v -79.10 376.79 -49.49
v -81.41 375.38 -48.60
v -83.84 374.65 -43.05
v -83.72 373.97 -47.71
v -86.99 369.98 -39.72
v -88.48 362.65 -35.73
v -88.48 354.71 -34.59
v -85.75 347.46 -35.13
v -80.13 343.59 -36.31
v -77.60 380.03 -46.82
v -83.61 373.29 -52.38
v -75.90 416.73 -35.19
v -76.78 421.26 -41.71
v -75.90 387.18 -35.19
v -76.78 383.06 -41.03
v -77.14 422.85 -49.46
v -79.97 380.29 -46.24
v -77.34 381.06 -49.46
v -79.80 381.19 -40.72
v -76.88 421.26 -57.28
v -76.57 419.00 -60.59
v -76.16 418.61 -61.42
v -75.45 416.73 -64.24
v -77.65 409.55 -31.06
v -77.31 401.86 -29.56
v -78.48 416.08 -35.33
v -79.31 420.44 -41.80
v -79.66 421.97 -49.49
v -79.41 420.44 -57.18
v -78.81 416.08 -63.68
v -76.25 416.73 -63.89
v -78.22 409.55 -67.99
v -75.62 409.95 -68.28
v -77.97 401.86 -69.51
v -75.36 401.96 -69.81
v -78.22 394.16 -67.99
v -75.62 393.96 -68.28
v -78.81 387.64 -63.68
v -76.25 387.18 -63.89
v -79.41 383.28 -57.18
v -79.66 381.75 -49.49
v -79.31 383.28 -41.80
v -78.48 387.64 -35.33
v -77.65 394.16 -31.06
v -81.24 406.38 -38.28
v -81.09 401.86 -37.36
v -81.63 410.22 -40.90
v -82.01 412.78 -44.83
v -82.17 413.68 -49.48
v -82.06 412.78 -54.10
v -81.79 410.22 -58.01
v -81.51 406.38 -60.62
v -81.40 401.86 -61.53
v -81.51 397.33 -60.62
v -81.79 393.49 -58.01
v -82.06 390.93 -54.10
v -82.17 390.03 -49.48
v -82.01 390.93 -44.83
v -81.63 393.49 -40.90
v -81.24 397.33 -38.28
v -82.17 401.86 -49.48
v -88.22 370.76 -33.93
v -90.93 362.65 -35.01
v -89.43 370.08 -39.02
v -89.19 363.31 -30.42
v -90.93 354.71 -33.87
v -88.90 355.51 -28.84
v -88.19 347.46 -34.40
v -86.28 348.33 -29.56
v -82.58 343.59 -35.59
v -80.13 379.65 -39.75
v -80.77 378.74 -45.39
v -81.09 378.14 -38.74
v -81.75 377.46 -44.50
v -85.20 375.54 -36.80
v -86.29 374.77 -42.42
v -80.79 344.44 -31.56
v -73.58 363.47 -86.31
v -78.18 363.08 -82.35
v -80.52 374.02 -60.23
v -80.90 374.58 -56.58
v -83.45 372.72 -55.87
v -77.67 369.78 -73.79
v -8.70 424.25 7.60
v -8.85 425.57 5.46
v -8.61 411.51 8.93
v -8.60 397.53 9.35
v -8.63 382.86 9.13
v -8.59 381.59 9.46
v -8.48 380.31 10.44
v -7.95 377.95 15.00
v -7.54 373.46 18.52
v -7.33 366.48 20.40
v -7.33 359.25 20.40
v -7.65 352.70 17.63
v -8.30 349.28 11.94
v 0.47 424.25 5.88
v 0.17 425.57 3.67
v 0.77 411.51 7.16
v 0.86 397.53 7.57
v 0.80 382.86 7.36
v 0.89 381.59 7.68
v 1.15 380.31 8.63
v 2.34 377.95 13.06
v 3.26 373.46 16.48
v 3.75 366.48 18.31
v 3.75 359.25 18.31
v 3.03 352.70 15.62
v 1.54 349.28 10.09
v 9.39 424.25 2.72
v 9.17 425.57 0.53
v 9.93 411.51 3.91
v 10.10 397.53 4.29
v 10.01 382.86 4.09
v 10.14 381.59 4.39
v 10.55 380.31 5.29
v 12.44 377.95 9.47
v 13.90 373.46 12.70
v 14.67 366.48 14.43
v 14.67 359.25 14.43
v 13.53 352.70 11.88
v 11.17 349.28 6.67
v 18.54 424.25 -2.39
v 17.57 425.57 -4.39
v 19.42 411.51 -1.40
v 19.71 397.53 -1.09
v 19.58 382.86 -1.27
v 19.78 381.59 -1.00
v 20.37 380.31 -0.21
v 23.11 377.95 3.46
v 25.24 373.46 6.30
v 26.37 366.48 7.82
v 26.37 359.25 7.82
v 24.70 352.70 5.58
v 21.27 349.28 1.00
v 26.13 424.25 -9.80
v 24.68 425.57 -11.34
v 27.30 411.51 -9.09
v 27.72 397.53 -8.89
v 27.55 382.86 -9.03
v 27.80 381.57 -8.82
v 28.55 380.31 -8.18
v 32.04 377.84 -5.21
v 34.75 373.24 -2.92
v 36.19 366.09 -1.69
v 36.19 358.68 -1.69
v 34.06 351.96 -3.50
v 29.70 348.45 -7.20
v 32.32 424.25 -18.60
v 30.94 425.57 -19.99
v 33.68 411.51 -18.15
v 34.16 397.53 -18.04
v 33.97 382.63 -18.15
v 34.25 381.29 -17.99
v 35.11 379.96 -17.51
v 39.11 377.47 -15.26
v 42.20 372.74 -13.52
v 43.85 365.40 -12.59
v 43.85 357.79 -12.59
v 41.42 350.89 -13.96
v 36.43 347.29 -16.77
v 36.63 424.25 -28.49
v 34.99 425.57 -29.68
v 39.11 409.95 -30.89
v 38.75 401.96 -29.38
v 39.11 393.96 -30.89
v 38.72 380.50 -28.21
v 38.41 381.89 -28.31
v 39.64 379.12 -27.88
v 43.97 376.54 -26.35
v 47.31 371.65 -25.17
v 49.09 364.04 -24.53
v 49.09 356.16 -24.53
v 46.46 349.02 -25.47
v 41.07 345.29 -27.37
v 39.61 424.25 -39.29
v 37.85 425.57 -40.28
v 41.76 379.65 -39.24
v 41.44 381.09 -40.11
v 42.73 378.14 -38.23
v 47.23 375.54 -36.29
v 49.86 370.76 -33.42
v 50.83 363.47 -30.01
v 50.53 355.72 -28.33
v 47.92 348.51 -29.00
v 41.04 424.25 -50.02
v 39.29 425.57 -50.67
v 41.08 424.25 -60.58
v 39.59 425.57 -61.42
v 42.42 344.75 -30.87
v -12.82 380.68 -132.73
v -11.29 405.88 -125.27
v -12.82 379.16 -128.89
v -5.90 402.32 -124.56
v -5.58 404.82 -126.00
v -11.11 407.41 -126.70
v -12.96 368.79 -132.41
v -8.96 377.52 -127.12
v -5.21 374.80 -124.58
v -7.24 367.42 -129.63
v -1.67 371.41 -121.22
v 2.00 368.15 -117.30
v -0.08 363.29 -121.29
v 6.43 364.93 -113.60
v 20.39 356.65 -107.86
v 21.13 357.75 -106.19
v 19.17 360.06 -108.13
v 39.73 366.72 -80.38
v 36.21 367.91 -81.04
v 38.69 365.10 -83.35
v 30.20 358.78 -95.05
v 31.48 360.58 -92.83
v 30.14 361.91 -93.51
v 44.10 353.72 -89.33
v 48.14 360.93 -77.49
v 41.26 361.49 -85.34
v 47.92 347.37 -86.05
v 51.63 354.50 -74.16
v 41.38 349.10 -95.45
v 41.92 349.01 -95.92
v 45.21 343.10 -91.37
v 47.29 340.51 -82.55
v 51.11 347.26 -70.48
v 45.78 342.80 -91.70
v 44.91 336.21 -87.86
v 44.43 334.27 -79.48
v 48.02 340.56 -67.25
v 45.46 335.92 -88.18
v 42.25 330.26 -84.83
v 36.90 328.87 -76.82
v 40.99 335.92 -64.90
v 42.64 329.62 -85.13
v 34.60 324.78 -82.19
v 45.33 374.97 -53.09
v 42.78 376.25 -53.80
v 42.44 375.78 -57.28
v 37.36 369.38 -77.71
v 40.74 368.25 -77.09
v 50.66 366.24 -64.01
v 51.64 368.97 -50.16
v 47.37 372.14 -59.36
v 44.19 366.25 -76.11
v 43.26 364.67 -79.37
v 53.50 359.18 -60.73
v 53.84 361.74 -46.50
v 53.14 351.79 -56.84
v 53.62 353.98 -42.42
v 50.54 345.15 -53.60
v 50.45 346.91 -39.00
v 43.45 340.74 -51.36
v 44.36 343.47 -37.38
v 26.26 368.04 -102.45
v 31.40 376.45 -95.90
v 29.92 380.48 -100.19
v -8.96 379.05 -130.96
v 9.89 389.82 -119.19
v 5.08 392.36 -121.37
v -1.67 372.93 -125.07
v 2.00 369.67 -121.14
v 32.75 372.28 -91.09
v 29.64 363.43 -94.28
v 17.77 386.87 -113.85
v 24.36 384.11 -107.44
v 18.73 387.72 -115.04
v 13.91 399.41 -118.36
v 5.61 396.17 -122.82
v 10.52 392.78 -120.65
v -11.06 418.61 -126.70
v 35.04 392.83 -79.30
v 39.45 372.00 -71.05
v 40.40 373.13 -67.72
v 39.29 374.31 -68.35
v 34.90 402.52 -85.92
v 33.46 394.45 -91.08
v -4.56 413.80 -125.79
v -0.25 407.67 -124.99
v 0.74 399.83 -124.71
v 36.54 410.70 -84.88
v 36.14 402.65 -86.94
v 35.23 410.55 -83.87
v 19.64 396.43 -114.07
v 34.58 394.67 -92.19
v 36.63 418.61 -83.99
v 34.11 415.94 -93.18
v 36.79 383.89 -77.19
v 39.59 387.18 -64.24
v 38.97 393.96 -68.77
v 35.24 418.58 -83.02
v 34.61 411.61 -91.98
v 32.23 389.35 -97.61
v 33.57 404.67 -94.67
v -10.01 368.28 -131.39
v 6.43 366.45 -117.44
v -3.66 365.35 -125.46
v 28.87 385.36 -101.41
v 29.80 385.52 -102.33
v 26.62 384.27 -104.42
v 4.36 361.18 -117.02
v 9.27 359.57 -113.76
v 11.53 362.56 -110.82
v 19.17 361.58 -111.98
v 28.73 382.15 -102.16
v 16.06 361.40 -109.52
v 16.06 362.92 -113.36
v -5.21 376.33 -128.42
v 17.97 357.89 -110.36
v 14.36 358.56 -111.72
v 0.26 396.31 -123.16
v 22.03 355.07 -104.90
v 21.13 359.27 -110.03
v 22.03 356.59 -108.75
v 7.40 402.75 -122.03
v 25.48 384.29 -108.27
v 25.56 393.02 -108.16
v 38.70 401.96 -70.36
v 32.19 399.28 -97.69
v 20.22 415.94 -113.49
v 20.19 418.61 -113.70
v 11.52 415.94 -119.88
v 29.17 395.02 -103.40
v 11.47 418.61 -119.97
v 2.09 418.61 -124.17
v 2.16 415.94 -124.12
v 29.63 418.61 -102.64
v 29.57 415.94 -102.56
v -2.85 415.94 -125.43
v 26.35 353.35 -101.70
v 26.93 353.22 -102.20
v 35.34 351.57 -99.07
v 31.10 388.76 -96.75
v 38.56 375.44 -68.95
v 41.27 378.90 -55.31
v 40.96 382.65 -57.28
v 38.90 409.95 -68.77
v -7.34 409.62 -61.19
v 37.10 354.61 -95.19
v 37.98 356.13 -93.25
v 38.86 357.65 -91.31
v 34.09 357.89 -94.32
v 40.06 359.57 -88.33
v 27.64 384.52 -105.30
v 11.53 364.08 -114.66
v 45.12 367.83 -72.85
v 45.76 369.07 -69.59
v 46.39 370.32 -66.34
v 42.55 370.97 -70.50
v 46.88 371.23 -62.85
v 43.36 372.16 -67.20
v 43.98 373.09 -63.72
v 34.38 370.55 -82.42
v 22.88 354.68 -104.98
v 35.17 359.55 -92.24
v 36.41 361.51 -89.28
v 41.96 377.43 -54.52
v 35.05 369.14 -81.70
v 35.85 378.24 -78.09
v 41.14 374.08 -64.24
v 41.89 375.03 -60.76
v 32.77 362.58 -89.88
v 34.05 364.58 -86.94
v 38.51 370.86 -74.38
v 35.13 366.25 -83.99
v 24.85 353.91 -103.83
v 35.37 324.27 -82.54
v 28.92 356.97 -97.26
v 33.01 356.22 -96.40
v 36.46 380.71 -77.10
v 42.41 378.57 -46.04
v 43.18 376.79 -49.49
v 43.38 377.32 -45.18
v 47.80 373.97 -47.71
v 47.92 374.65 -43.05
v 45.49 375.38 -48.60
v 51.07 369.98 -39.72
v 52.56 362.65 -35.73
v 52.56 354.71 -34.59
v 49.83 347.46 -35.13
v 44.21 343.59 -36.31
v 41.68 380.03 -46.82
v 47.68 373.29 -52.38
v 39.98 416.73 -35.19
v 40.86 421.26 -41.71
v 39.98 387.18 -35.19
v 40.86 383.06 -41.03
v 41.22 422.85 -49.46
v 41.42 381.06 -49.46
v 44.05 380.29 -46.24
v 43.88 381.19 -40.72
v 40.96 421.26 -57.28
v 40.24 418.61 -61.42
v 40.65 419.00 -60.59
v 39.52 416.73 -64.24
v 41.73 409.55 -31.06
v 41.39 401.86 -29.56
v 42.56 416.08 -35.33
v 43.39 420.44 -41.80
v 43.74 421.97 -49.49
v 43.49 420.44 -57.18
v 40.33 416.73 -63.89
v 42.89 416.08 -63.68
v 39.70 409.95 -68.28
v 42.29 409.55 -67.99
v 39.44 401.96 -69.81
v 42.05 401.86 -69.51
v 39.70 393.96 -68.28
v 42.29 394.16 -67.99
v 40.33 387.18 -63.89
v 42.89 387.64 -63.68
v 43.49 383.28 -57.18
v 43.74 381.75 -49.49
v 43.39 383.28 -41.80
v 42.56 387.64 -35.33
v 41.73 394.16 -31.06
v 45.32 406.38 -38.28
v 45.16 401.86 -37.36
v 45.71 410.22 -40.90
v 46.09 412.78 -44.83
v 46.25 413.68 -49.49
v 46.14 412.78 -54.10
v 45.86 410.22 -58.01
v 45.59 406.38 -60.62
v 45.48 401.86 -61.53
v 45.59 397.33 -60.62
v 45.86 393.49 -58.01
v 46.14 390.93 -54.10
v 46.25 390.03 -49.49
v 46.09 390.93 -44.83
v 45.71 393.49 -40.90
v 45.32 397.33 -38.28
v 46.25 401.86 -49.49
v 53.51 370.08 -39.02
v 55.01 362.65 -35.01
v 52.30 370.76 -33.93
v 55.01 354.71 -33.87
v 53.27 363.31 -30.42
v 52.27 347.46 -34.40
v 52.97 355.51 -28.84
v 46.65 343.59 -35.59
v 50.36 348.33 -29.56
v 44.85 378.74 -45.39
v 44.20 379.65 -39.75
v 45.83 377.46 -44.50
v 45.17 378.14 -38.74
v 50.36 374.77 -42.42
v 49.28 375.54 -36.80
v 44.87 344.44 -31.56
v 37.65 363.47 -86.31
v 42.26 363.08 -82.35
v 44.60 374.02 -60.23
v 47.53 372.72 -55.87
v 44.98 374.58 -56.58
v 41.75 369.78 -73.79
v -22.58 370.51 -136.79
v -23.64 350.51 -142.88
v -20.48 351.22 -143.22
v -17.96 370.79 -137.35
v -23.19 348.95 -142.94
v -20.38 349.57 -143.24
v -17.96 351.52 -143.36
v -21.96 345.66 -131.16
v -17.96 346.38 -131.49
v -17.96 349.83 -143.36
v -17.96 322.90 -121.04
v -37.49 364.19 -124.05
v -30.37 343.09 -139.39
v -29.06 345.65 -140.59
v -27.01 348.61 -141.99
v -27.41 369.35 -134.45
v -32.35 366.84 -129.39
v -27.87 344.77 -140.98
v -25.93 347.52 -142.27
v -25.10 343.06 -129.98
v -37.88 331.59 -133.69
v -42.83 331.61 -130.32
v -37.61 330.12 -133.52
v -38.88 328.68 -124.38
v -36.47 325.93 -114.01
v -32.63 327.76 -123.95
v -29.14 342.28 -139.80
v -25.93 340.76 -128.93
v -52.98 338.09 -122.49
v -54.64 334.11 -126.19
v -51.75 335.17 -126.70
v -33.16 333.92 -135.35
v -42.61 361.85 -119.34
v -51.10 359.92 -115.45
v -45.43 334.72 -127.96
v -48.69 333.76 -126.83
v -45.79 333.18 -127.84
v -42.39 333.02 -130.49
v -43.20 330.41 -125.21
v -49.49 329.95 -115.88
v -43.82 328.24 -115.09
v -28.85 331.87 -124.89
v -51.52 341.87 -119.10
v -54.40 341.09 -118.67
v -54.04 332.68 -126.31
v -51.39 333.61 -126.76
v -48.52 335.49 -126.86
v -58.98 330.27 -124.36
v -57.94 329.26 -124.67
v -56.21 331.18 -125.59
v -54.90 326.93 -114.48
v -58.82 348.92 -110.05
v -57.86 356.46 -108.72
v -60.78 353.91 -103.83
v -81.38 335.92 -88.18
v -78.57 329.62 -85.13
v -75.63 326.07 -98.62
v -66.76 330.72 -118.95
v -64.33 333.69 -120.41
v -61.61 324.48 -121.58
v -60.04 324.28 -122.28
v -59.35 326.77 -123.47
v -56.44 323.86 -113.05
v -81.70 342.80 -91.70
v -77.37 331.55 -101.34
v -67.40 323.86 -115.79
v -59.78 318.55 -118.74
v -58.47 319.23 -119.86
v -59.64 321.80 -121.09
v -55.58 321.62 -112.00
v -40.43 316.53 -109.63
v -37.50 317.29 -109.98
v -63.55 317.55 -112.81
v -54.18 314.41 -116.75
v -65.86 317.53 -107.63
v -70.75 324.02 -110.67
v -53.53 315.32 -117.98
v -56.45 317.10 -118.84
v -51.20 318.53 -110.56
v -56.47 313.06 -110.70
v -57.80 313.36 -105.69
v -45.09 311.66 -115.43
v -44.70 312.73 -116.74
v -43.64 316.43 -109.58
v -45.49 310.58 -106.85
v -39.62 310.59 -106.86
v -40.04 311.68 -115.44
v -40.42 312.64 -116.70
v -36.02 322.54 -112.43
v -40.15 327.09 -114.55
v -33.95 312.88 -116.02
v -36.36 311.88 -115.53
v -32.75 311.96 -107.50
v -32.07 315.19 -117.12
v -32.73 318.20 -119.37
v -33.62 315.86 -118.24
v -37.27 312.92 -116.83
v -36.38 319.40 -110.96
v -55.01 358.61 -112.81
v -77.85 349.01 -95.92
v -76.55 337.29 -104.20
v -71.26 351.57 -99.07
v -72.54 342.30 -106.74
v -31.98 333.23 -135.54
v -35.75 332.04 -134.39
v -30.38 314.67 -108.76
v -32.53 322.90 -121.63
v -34.89 330.87 -134.34
v -50.10 342.87 -120.74
v -35.41 314.01 -117.36
v -30.61 322.90 -120.90
v -30.88 317.99 -118.47
v -28.92 318.04 -110.33
v -35.47 310.87 -106.99
v -28.72 323.02 -112.65
v -54.76 351.02 -113.53
v -67.99 345.05 -108.11
v -62.85 353.22 -102.20
v -62.37 334.92 -120.97
v -60.55 347.72 -109.44
v -71.55 328.15 -112.59
v -67.90 336.40 -116.45
v -70.54 332.66 -114.69
v -64.81 338.45 -117.41
v -57.42 340.50 -118.35
v -17.96 322.99 -112.64
v -71.30 324.27 -82.54
v -69.52 319.77 -95.42
v -61.71 320.04 -80.37
v -60.46 315.54 -93.34
v -56.08 337.50 -122.21
v -67.69 327.42 -117.44
v -53.66 314.26 -92.70
v -15.44 351.22 -143.22
v -12.28 350.51 -142.88
v -13.35 370.51 -136.79
v -15.55 349.57 -143.24
v -12.73 348.95 -142.94
v -13.96 345.66 -131.16
v -6.86 345.65 -140.59
v -5.55 343.09 -139.39
v 1.57 364.19 -124.05
v -3.57 366.84 -129.39
v -8.51 369.35 -134.45
v -8.91 348.61 -141.99
v -8.05 344.77 -140.98
v -10.82 343.06 -129.98
v -10.00 347.52 -142.27
v 1.69 330.12 -133.52
v 6.91 331.61 -130.32
v 1.96 331.59 -133.69
v -3.29 327.76 -123.95
v 0.55 325.93 -114.01
v 2.96 328.68 -124.38
v -6.78 342.28 -139.80
v -9.99 340.76 -128.93
v 15.83 335.17 -126.70
v 18.72 334.11 -126.19
v 17.06 338.09 -122.49
v 15.18 359.92 -115.45
v 6.68 361.85 -119.34
v -2.76 333.92 -135.35
v 9.86 333.18 -127.84
v 12.77 333.76 -126.83
v 9.51 334.72 -127.96
v 6.47 333.02 -130.49
v 7.28 330.41 -125.21
v 7.90 328.24 -115.09
v 13.57 329.95 -115.88
v -7.07 331.87 -124.89
v 18.47 341.09 -118.67
v 15.60 341.87 -119.10
v 15.47 333.61 -126.76
v 18.12 332.68 -126.31
v 12.60 335.49 -126.86
v 20.28 331.18 -125.59
v 22.02 329.26 -124.67
v 23.06 330.27 -124.36
v 18.98 326.93 -114.48
v 24.85 353.91 -103.83
v 21.94 356.46 -108.72
v 22.90 348.92 -110.05
v 39.71 326.07 -98.62
v 42.64 329.62 -85.13
v 45.46 335.92 -88.18
v 28.41 333.69 -120.41
v 30.84 330.72 -118.95
v 23.43 326.77 -123.48
v 24.12 324.28 -122.28
v 25.69 324.48 -121.58
v 20.51 323.86 -113.05
v 41.45 331.55 -101.34
v 45.78 342.80 -91.70
v 23.86 318.55 -118.74
v 31.48 323.86 -115.79
v 23.72 321.80 -121.09
v 22.55 319.23 -119.86
v 19.65 321.62 -112.00
v 1.58 317.29 -109.98
v 4.51 316.53 -109.63
v 18.26 314.41 -116.75
v 27.63 317.55 -112.81
v 34.83 324.02 -110.67
v 29.93 317.53 -107.63
v 20.53 317.10 -118.84
v 17.61 315.32 -117.98
v 15.28 318.53 -110.56
v 21.88 313.36 -105.69
v 20.55 313.06 -110.70
v 9.17 311.66 -115.43
v 8.78 312.73 -116.74
v 7.72 316.43 -109.58
v 9.57 310.58 -106.85
v 4.12 311.68 -115.44
v 3.70 310.59 -106.86
v 4.50 312.64 -116.70
v 4.22 327.09 -114.55
v 0.10 322.54 -112.43
v -3.18 311.96 -107.50
v 0.44 311.88 -115.53
v -1.97 312.88 -116.02
v -3.86 315.19 -117.12
v -2.30 315.86 -118.24
v -3.20 318.20 -119.37
v 1.35 312.92 -116.83
v 0.46 319.40 -110.96
v 19.08 358.61 -112.81
v 40.63 337.29 -104.20
v 41.92 349.01 -95.92
v 36.62 342.30 -106.74
v 35.34 351.57 -99.07
v -3.94 333.23 -135.54
v -0.17 332.04 -134.39
v -5.54 314.67 -108.76
v -3.39 322.90 -121.63
v -1.03 330.87 -134.34
v 14.17 342.87 -120.74
v -0.51 314.01 -117.36
v -5.04 317.99 -118.47
v -5.31 322.90 -120.90
v -7.00 318.04 -110.33
v -0.45 310.87 -106.99
v -7.20 323.02 -112.65
v 18.83 351.02 -113.53
v 26.93 353.22 -102.20
v 32.07 345.05 -108.11
v 26.45 334.92 -120.97
v 24.62 347.72 -109.44
v 35.63 328.15 -112.59
v 34.62 332.66 -114.69
v 31.98 336.40 -116.45
v 28.89 338.45 -117.41
v 21.50 340.50 -118.35
v 33.60 319.77 -95.42
v 35.37 324.27 -82.54
v 24.54 315.54 -93.34
v 25.79 320.04 -80.37
v 20.16 337.50 -122.21
v 31.76 327.42 -117.44
v 17.74 314.26 -92.70
v -30.72 418.58 -123.63
v -26.19 418.58 -123.81
v -26.21 423.32 -122.48
v -30.62 423.32 -122.31
v -35.20 418.58 -122.94
v -34.98 423.32 -121.64
v -39.60 418.58 -121.73
v -39.25 423.32 -120.46
v -43.85 418.58 -120.02
v -43.39 423.32 -118.80
v -47.93 418.58 -117.83
v -47.34 423.32 -116.68
v -51.77 418.58 -115.19
v -51.08 423.32 -114.10
v -55.33 418.58 -112.11
v -54.55 423.32 -111.11
v -58.59 418.58 -108.64
v -57.72 423.32 -107.74
v -61.50 418.58 -104.82
v -60.55 423.32 -104.02
v -64.04 418.58 -100.68
v -63.01 423.32 -100.00
v -66.16 418.58 -96.27
v -65.08 423.32 -95.71
v -67.86 418.58 -91.64
v -66.73 423.32 -91.21
v -69.11 418.58 -86.84
v -67.94 423.32 -86.54
v -30.78 413.73 -124.43
v -26.18 413.73 -124.60
v -35.34 413.73 -123.72
v -39.81 413.73 -122.49
v -44.14 413.73 -120.76
v -48.28 413.73 -118.53
v -52.18 413.73 -115.84
v -55.81 413.73 -112.71
v -59.12 413.73 -109.19
v -62.08 413.73 -105.30
v -64.66 413.73 -101.09
v -66.82 413.73 -96.61
v -68.54 413.73 -91.90
v -69.81 413.73 -87.02
v -30.80 408.83 -124.69
v -35.39 408.83 -123.98
v -39.88 408.83 -122.75
v -44.23 408.83 -121.00
v -48.39 408.83 -118.76
v -52.32 408.83 -116.06
v -55.97 408.83 -112.92
v -59.30 408.83 -109.37
v -62.28 408.83 -105.46
v -64.86 408.83 -101.23
v -67.04 408.83 -96.72
v -68.77 408.83 -91.99
v -70.05 408.83 -87.08
v -35.34 403.92 -123.72
v -39.81 403.92 -122.49
v -44.14 403.92 -120.76
v -48.28 403.92 -118.53
v -52.18 403.92 -115.84
v -55.81 403.92 -112.71
v -59.12 403.92 -109.19
v -62.08 403.92 -105.30
v -64.66 403.92 -101.09
v -66.82 403.92 -96.61
v -68.54 403.92 -91.90
v -69.81 403.92 -87.02
v -39.60 399.07 -121.73
v -43.85 399.07 -120.02
v -47.93 399.07 -117.83
v -51.77 399.07 -115.19
v -55.33 399.07 -112.11
v -58.59 399.07 -108.64
v -61.50 399.07 -104.82
v -64.04 399.07 -100.68
v -66.16 399.07 -96.27
v -67.86 399.07 -91.64
v -69.11 399.07 -86.84
v -43.39 394.33 -118.80
v -47.34 394.33 -116.68
v -51.08 394.33 -114.10
v -54.55 394.33 -111.11
v -57.72 394.33 -107.74
v -60.55 394.33 -104.02
v -63.01 394.33 -100.00
v -65.08 394.33 -95.71
v -66.73 394.33 -91.21
v -67.94 394.33 -86.54
v -46.54 389.75 -115.08
v -50.13 389.75 -112.61
v -53.46 389.75 -109.73
v -56.50 389.75 -106.49
v -59.22 389.75 -102.92
v -61.59 389.75 -99.06
v -63.57 389.75 -94.94
v -65.16 389.75 -90.62
v -66.32 389.75 -86.13
v -9.71 423.32 -122.48
v -9.73 418.58 -123.81
v -5.20 418.58 -123.63
v -5.31 423.32 -122.31
v -0.72 418.58 -122.94
v -0.95 423.32 -121.64
v 3.68 418.58 -121.73
v 3.33 423.32 -120.46
v 7.93 418.58 -120.02
v 7.47 423.32 -118.80
v 12.00 418.58 -117.83
v 11.42 423.32 -116.68
v 15.84 418.58 -115.19
v 15.16 423.32 -114.10
v 19.41 418.58 -112.11
v 18.63 423.32 -111.11
v 22.67 418.58 -108.64
v 21.79 423.32 -107.74
v 25.58 418.58 -104.82
v 24.63 423.32 -104.02
v 28.11 418.58 -100.68
v 27.09 423.32 -100.00
v 30.24 418.58 -96.27
v 29.16 423.32 -95.71
v 31.94 418.58 -91.64
v 30.80 423.32 -91.21
v 33.19 418.58 -86.84
v 32.02 423.32 -86.54
v -9.74 413.73 -124.60
v -5.14 413.73 -124.43
v -0.58 413.73 -123.72
v 3.89 413.73 -122.49
v 8.22 413.73 -120.76
v 12.35 413.73 -118.53
v 16.26 413.73 -115.84
v 19.89 413.73 -112.71
v 23.20 413.73 -109.19
v 26.16 413.73 -105.30
v 28.74 413.73 -101.09
v 30.90 413.73 -96.61
v 32.62 413.73 -91.90
v 33.89 413.73 -87.02
v -5.12 408.83 -124.69
v -0.53 408.83 -123.98
v 3.96 408.83 -122.75
v 8.31 408.83 -121.00
v 12.47 408.83 -118.76
v 16.40 408.83 -116.06
v 20.05 408.83 -112.92
v 23.38 408.83 -109.37
v 26.35 408.83 -105.46
v 28.94 408.83 -101.23
v 31.12 408.83 -96.72
v 32.85 408.83 -91.99
v 34.13 408.83 -87.08
v -0.58 403.92 -123.72
v 3.89 403.92 -122.49
v 8.22 403.92 -120.76
v 12.36 403.92 -118.53
v 16.26 403.92 -115.84
v 19.89 403.92 -112.71
v 23.20 403.92 -109.19
v 26.16 403.92 -105.30
v 28.74 403.92 -101.09
v 30.90 403.92 -96.61
v 32.62 403.92 -91.90
v 33.89 403.92 -87.02
v 3.68 399.07 -121.73
v 7.93 399.07 -120.02
v 12.00 399.07 -117.83
v 15.84 399.07 -115.19
v 19.41 399.07 -112.11
v 22.67 399.07 -108.64
v 25.58 399.07 -104.82
v 28.11 399.07 -100.68
v 30.24 399.07 -96.27
v 31.94 399.07 -91.64
v 33.19 399.07 -86.84
v 7.47 394.33 -118.80
v 11.42 394.33 -116.68
v 15.16 394.33 -114.10
v 18.63 394.33 -111.11
v 21.79 394.33 -107.74
v 24.63 394.33 -104.02
v 27.09 394.33 -100.00
v 29.15 394.33 -95.71
v 30.80 394.33 -91.21
v 32.02 394.33 -86.54
v 10.62 389.75 -115.08
v 14.21 389.75 -112.61
v 17.54 389.75 -109.73
v 20.58 389.75 -106.50
v 23.30 389.75 -102.92
v 25.67 389.75 -99.06
v 27.65 389.75 -94.94
v 29.24 389.75 -90.62
v 30.40 389.75 -86.13
v -31.33 320.66 -120.70
v -31.17 320.31 -121.45
v -31.17 330.49 -126.19
v -31.33 330.84 -125.45
v -30.70 320.02 -122.08
v -30.70 330.20 -126.82
v -30.01 319.82 -122.50
v -30.01 330.00 -127.24
v -29.19 319.75 -122.64
v -29.19 329.93 -127.39
v -28.37 319.82 -122.50
v -28.37 330.00 -127.24
v -27.68 320.02 -122.08
v -27.68 330.20 -126.82
v -27.21 320.31 -121.45
v -27.21 330.49 -126.19
v -27.05 320.66 -120.70
v -27.05 330.84 -125.45
v -27.05 333.10 -120.60
v -27.21 333.84 -120.95
v -27.21 331.58 -125.80
v -27.68 334.47 -121.24
v -27.68 332.21 -126.09
v -28.37 334.89 -121.44
v -28.37 332.63 -126.29
v -29.19 335.03 -121.51
v -29.19 332.77 -126.35
v -30.01 334.89 -121.44
v -30.01 332.63 -126.29
v -30.70 334.47 -121.24
v -30.70 332.21 -126.09
v -31.17 333.84 -120.95
v -31.17 331.58 -125.80
v -31.33 333.10 -120.60
v -31.33 322.92 -115.86
v -31.17 322.18 -115.51
v -31.17 319.92 -120.36
v -30.70 321.55 -115.22
v -30.70 319.29 -120.07
v -30.01 321.13 -115.02
v -30.01 318.87 -119.87
v -29.19 320.98 -114.95
v -29.19 318.72 -119.80
v -28.37 321.13 -115.02
v -28.37 318.87 -119.87
v -27.68 321.55 -115.22
v -27.68 319.29 -120.07
v -27.21 322.18 -115.51
v -27.21 319.92 -120.36
v -27.05 322.92 -115.86
v -27.21 320.06 -121.26
v -27.21 319.89 -120.98
v -27.21 319.84 -120.67
v -27.68 319.54 -121.73
v -27.68 319.24 -121.22
v -27.68 319.15 -120.64
v -28.37 319.20 -122.04
v -28.37 318.80 -121.38
v -28.37 318.68 -120.62
v -29.19 319.08 -122.15
v -29.19 318.65 -121.44
v -29.19 318.52 -120.61
v -30.01 319.20 -122.04
v -30.01 318.80 -121.38
v -30.01 318.68 -120.62
v -30.70 319.54 -121.73
v -30.70 319.24 -121.22
v -30.70 319.15 -120.64
v -31.17 320.06 -121.26
v -31.17 319.89 -120.98
v -31.17 319.84 -120.67
v -27.21 331.39 -126.05
v -27.21 331.12 -126.22
v -27.21 330.80 -126.27
v -27.68 331.86 -126.56
v -27.68 331.35 -126.87
v -27.68 330.77 -126.96
v -28.37 332.17 -126.91
v -28.37 331.51 -127.31
v -28.37 330.75 -127.42
v -29.19 332.28 -127.03
v -29.19 331.57 -127.46
v -29.19 330.74 -127.59
v -30.01 332.17 -126.91
v -30.01 331.51 -127.31
v -30.01 330.75 -127.42
v -30.70 331.86 -126.56
v -30.70 331.35 -126.87
v -30.70 330.77 -126.96
v -31.17 331.39 -126.05
v -31.17 331.12 -126.22
v -31.17 330.80 -126.27
v -27.59 316.63 -122.25
v -27.42 316.29 -122.99
v -27.42 336.64 -132.48
v -27.59 336.99 -131.74
v -26.96 315.99 -123.62
v -26.96 336.35 -133.11
v -26.27 315.80 -124.04
v -26.27 336.15 -133.53
v -25.45 315.73 -124.19
v -25.45 336.08 -133.68
v -24.63 315.80 -124.04
v -24.63 336.15 -133.53
v -23.93 315.99 -123.62
v -23.93 336.35 -133.11
v -23.47 316.29 -122.99
v -23.47 336.64 -132.48
v -23.31 316.63 -122.25
v -23.31 336.99 -131.74
v -23.31 339.25 -126.89
v -23.47 339.99 -127.24
v -23.47 337.73 -132.09
v -23.93 340.62 -127.53
v -23.93 338.36 -132.38
v -24.63 341.04 -127.73
v -24.63 338.78 -132.57
v -25.45 341.18 -127.80
v -25.45 338.92 -132.64
v -26.27 341.04 -127.73
v -26.27 338.78 -132.57
v -26.96 340.62 -127.53
v -26.96 338.36 -132.38
v -27.42 339.99 -127.24
v -27.42 337.73 -132.09
v -27.59 339.25 -126.89
v -27.59 318.89 -117.40
v -27.42 318.15 -117.06
v -27.42 315.89 -121.90
v -26.96 317.52 -116.76
v -26.96 315.26 -121.61
v -26.27 317.10 -116.57
v -26.27 314.84 -121.41
v -25.45 316.95 -116.50
v -25.45 314.69 -121.34
v -24.63 317.10 -116.57
v -24.63 314.84 -121.41
v -23.93 317.52 -116.76
v -23.93 315.26 -121.61
v -23.47 318.15 -117.06
v -23.47 315.89 -121.90
v -23.31 318.89 -117.40
v -23.47 316.03 -122.80
v -23.47 315.86 -122.53
v -23.47 315.81 -122.21
v -23.93 315.52 -123.27
v -23.93 315.21 -122.77
v -23.93 315.12 -122.18
v -24.63 315.17 -123.58
v -24.63 314.77 -122.92
v -24.63 314.66 -122.16
v -25.45 315.05 -123.69
v -25.45 314.62 -122.98
v -25.45 314.49 -122.15
v -26.27 315.17 -123.58
v -26.27 314.77 -122.92
v -26.27 314.66 -122.16
v -26.96 315.52 -123.27
v -26.96 315.21 -122.77
v -26.96 315.12 -122.18
v -27.42 316.03 -122.80
v -27.42 315.86 -122.53
v -27.42 315.81 -122.21
v -23.47 337.54 -132.34
v -23.47 337.27 -132.51
v -23.47 336.95 -132.56
v -23.93 338.01 -132.85
v -23.93 337.50 -133.16
v -23.93 336.92 -133.25
v -24.63 338.32 -133.20
v -24.63 337.66 -133.60
v -24.63 336.90 -133.71
v -25.45 338.43 -133.32
v -25.45 337.72 -133.75
v -25.45 336.89 -133.88
v -26.27 338.32 -133.20
v -26.27 337.66 -133.60
v -26.27 336.90 -133.71
v -26.96 338.01 -132.85
v -26.96 337.50 -133.16
v -26.96 336.92 -133.25
v -27.42 337.54 -132.34
v -27.42 337.27 -132.51
v -27.42 336.95 -132.56
v -15.98 344.78 -139.98
v -15.98 312.31 -124.84
v -15.82 312.65 -124.10
v -15.82 345.12 -139.24
v -16.45 344.48 -140.61
v -16.45 312.02 -125.47
v -17.14 344.29 -141.03
v -17.14 311.82 -125.89
v -17.96 344.22 -141.18
v -17.96 311.75 -126.04
v -18.78 344.29 -141.03
v -18.78 311.82 -125.89
v -19.47 344.48 -140.61
v -19.47 312.02 -125.47
v -19.94 344.78 -139.98
v -19.94 312.31 -124.84
v -20.10 345.12 -139.24
v -20.10 312.65 -124.10
v -19.94 345.87 -139.59
v -19.94 348.13 -134.74
v -20.10 347.38 -134.39
v -19.47 346.49 -139.88
v -19.47 348.75 -135.03
v -18.78 346.91 -140.08
v -18.78 349.17 -135.23
v -17.96 347.06 -140.15
v -17.96 349.32 -135.30
v -17.14 346.91 -140.08
v -17.14 349.17 -135.23
v -16.45 346.49 -139.88
v -16.45 348.75 -135.03
v -15.98 345.87 -139.59
v -15.98 348.13 -134.74
v -15.82 347.38 -134.39
v -15.98 311.91 -123.75
v -15.98 314.17 -118.91
v -15.82 314.91 -119.25
v -16.45 311.28 -123.46
v -16.45 313.54 -118.62
v -17.14 310.86 -123.27
v -17.14 313.12 -118.42
v -17.96 310.72 -123.20
v -17.96 312.98 -118.35
v -18.78 310.86 -123.27
v -18.78 313.12 -118.42
v -19.47 311.28 -123.46
v -19.47 313.54 -118.62
v -19.94 311.91 -123.75
v -19.94 314.17 -118.91
v -20.10 314.91 -119.25
v -19.94 312.05 -124.65
v -19.94 311.89 -124.38
v -19.94 311.84 -124.06
v -19.47 311.54 -125.12
v -19.47 311.23 -124.62
v -19.47 311.14 -124.03
v -18.78 311.20 -125.44
v -18.78 310.80 -124.78
v -18.78 310.68 -124.01
v -17.96 311.08 -125.55
v -17.96 310.64 -124.83
v -17.96 310.52 -124.01
v -17.14 311.20 -125.44
v -17.14 310.80 -124.78
v -17.14 310.68 -124.01
v -16.45 311.54 -125.12
v -16.45 311.23 -124.62
v -16.45 311.14 -124.03
v -15.98 312.05 -124.65
v -15.98 311.89 -124.38
v -15.98 311.84 -124.06
v -19.94 345.68 -139.84
v -19.94 345.40 -140.01
v -19.94 345.09 -140.06
v -19.47 346.15 -140.36
v -19.47 345.64 -140.66
v -19.47 345.06 -140.75
v -18.78 346.46 -140.70
v -18.78 345.80 -141.10
v -18.78 345.04 -141.22
v -17.96 346.57 -140.82
v -17.96 345.86 -141.25
v -17.96 345.03 -141.38
v -17.14 346.46 -140.70
v -17.14 345.80 -141.10
v -17.14 345.04 -141.22
v -16.45 346.15 -140.36
v -16.45 345.64 -140.66
v -16.45 345.06 -140.75
v -15.98 345.68 -139.84
v -15.98 345.40 -140.01
v -15.98 345.09 -140.06
v -8.50 336.64 -132.48
v -8.50 316.29 -122.99
v -8.34 316.63 -122.25
v -8.34 336.99 -131.74
v -8.96 336.35 -133.11
v -8.96 315.99 -123.62
v -9.66 336.15 -133.53
v -9.66 315.80 -124.04
v -10.47 336.08 -133.68
v -10.47 315.73 -124.19
v -11.29 336.15 -133.53
v -11.29 315.80 -124.04
v -11.99 336.35 -133.11
v -11.99 315.99 -123.62
v -12.45 336.64 -132.48
v -12.45 316.29 -122.99
v -12.61 336.99 -131.74
v -12.61 316.63 -122.25
v -12.45 337.73 -132.09
v -12.45 339.99 -127.24
v -12.61 339.25 -126.89
v -11.99 338.36 -132.38
v -11.99 340.62 -127.53
v -11.29 338.78 -132.57
v -11.29 341.04 -127.73
v -10.47 338.92 -132.64
v -10.47 341.18 -127.80
v -9.66 338.78 -132.57
v -9.66 341.04 -127.73
v -8.96 338.36 -132.38
v -8.96 340.62 -127.53
v -8.50 337.73 -132.09
v -8.50 339.99 -127.24
v -8.34 339.25 -126.89
v -8.50 315.89 -121.90
v -8.50 318.15 -117.06
v -8.34 318.89 -117.40
v -8.96 315.26 -121.61
v -8.96 317.52 -116.76
v -9.66 314.84 -121.41
v -9.66 317.10 -116.57
v -10.47 314.69 -121.34
v -10.47 316.95 -116.50
v -11.29 314.84 -121.41
v -11.29 317.10 -116.57
v -11.99 315.26 -121.61
v -11.99 317.52 -116.76
v -12.45 315.89 -121.90
v -12.45 318.15 -117.06
v -12.61 318.89 -117.40
v -12.45 316.03 -122.80
v -12.45 315.86 -122.53
v -12.45 315.81 -122.21
v -11.99 315.52 -123.27
v -11.99 315.21 -122.77
v -11.99 315.12 -122.18
v -11.29 315.17 -123.58
v -11.29 314.77 -122.92
v -11.29 314.66 -122.16
v -10.47 315.05 -123.69
v -10.47 314.62 -122.98
v -10.47 314.49 -122.15
v -9.66 315.17 -123.58
v -9.66 314.77 -122.92
v -9.66 314.66 -122.16
v -8.96 315.52 -123.27
v -8.96 315.21 -122.77
v -8.96 315.12 -122.18
v -8.50 316.03 -122.80
v -8.50 315.86 -122.53
v -8.50 315.81 -122.21
v -12.45 337.54 -132.34
v -12.45 337.27 -132.51
v -12.45 336.95 -132.56
v -11.99 338.01 -132.85
v -11.99 337.50 -133.16
v -11.99 336.92 -133.25
v -11.29 338.32 -133.20
v -11.29 337.66 -133.60
v -11.29 336.90 -133.71
v -10.47 338.43 -133.32
v -10.47 337.72 -133.75
v -10.47 336.89 -133.88
v -9.66 338.32 -133.20
v -9.66 337.66 -133.60
v -9.66 336.90 -133.71
v -8.96 338.01 -132.85
v -8.96 337.50 -133.16
v -8.96 336.92 -133.25
v -8.50 337.54 -132.34
v -8.50 337.27 -132.51
v -8.50 336.95 -132.56
v -8.87 320.66 -120.70
v -8.71 320.31 -121.45
v -8.71 330.49 -126.19
v -8.87 330.84 -125.45
v -8.24 320.02 -122.08
v -8.24 330.20 -126.82
v -7.55 319.82 -122.50
v -7.55 330.00 -127.24
v -6.73 319.75 -122.64
v -6.73 329.93 -127.39
v -5.91 319.82 -122.50
v -5.91 330.00 -127.24
v -5.22 320.02 -122.08
v -5.22 330.20 -126.82
v -4.76 320.31 -121.45
v -4.76 330.49 -126.19
v -4.59 320.66 -120.70
v -4.59 330.84 -125.45
v -4.59 333.10 -120.60
v -4.76 333.84 -120.95
v -4.76 331.58 -125.80
v -5.22 334.47 -121.24
v -5.22 332.21 -126.09
v -5.91 334.89 -121.44
v -5.91 332.63 -126.29
v -6.73 335.03 -121.51
v -6.73 332.77 -126.35
v -7.55 334.89 -121.44
v -7.55 332.63 -126.29
v -8.24 334.47 -121.24
v -8.24 332.21 -126.09
v -8.71 333.84 -120.95
v -8.71 331.58 -125.80
v -8.87 333.10 -120.60
v -8.87 322.92 -115.86
v -8.71 322.18 -115.51
v -8.71 319.92 -120.36
v -8.24 321.55 -115.22
v -8.24 319.29 -120.07
v -7.55 321.13 -115.02
v -7.55 318.87 -119.87
v -6.73 320.98 -114.95
v -6.73 318.72 -119.80
v -5.91 321.13 -115.02
v -5.91 318.87 -119.87
v -5.22 321.55 -115.22
v -5.22 319.29 -120.07
v -4.76 322.18 -115.51
v -4.76 319.92 -120.36
v -4.59 322.92 -115.86
v -4.76 320.06 -121.26
v -4.76 319.89 -120.98
v -4.76 319.84 -120.67
v -5.22 319.54 -121.73
v -5.22 319.24 -121.22
v -5.22 319.15 -120.64
v -5.91 319.20 -122.04
v -5.91 318.80 -121.38
v -5.91 318.68 -120.62
v -6.73 319.08 -122.15
v -6.73 318.65 -121.44
v -6.73 318.52 -120.61
v -7.55 319.20 -122.04
v -7.55 318.80 -121.38
v -7.55 318.68 -120.62
v -8.24 319.54 -121.73
v -8.24 319.24 -121.22
v -8.24 319.15 -120.64
v -8.71 320.06 -121.26
v -8.71 319.89 -120.98
v -8.71 319.84 -120.67
v -4.76 331.39 -126.05
v -4.76 331.12 -126.22
v -4.76 330.80 -126.27
v -5.22 331.86 -126.57
v -5.22 331.35 -126.87
v -5.22 330.77 -126.96
v -5.91 332.17 -126.91
v -5.91 331.51 -127.31
v -5.91 330.75 -127.42
v -6.73 332.28 -127.03
v -6.73 331.57 -127.46
v -6.73 330.74 -127.59
v -7.55 332.17 -126.91
v -7.55 331.51 -127.31
v -7.55 330.75 -127.42
v -8.24 331.86 -126.57
v -8.24 331.35 -126.87
v -8.24 330.77 -126.96
v -8.71 331.39 -126.05
v -8.71 331.12 -126.22
v -8.71 330.80 -126.27
v -23.84 312.65 -124.10
v -23.68 312.31 -124.84
v -23.68 344.78 -139.98
v -23.84 345.12 -139.24
v -23.22 312.02 -125.47
v -23.22 344.48 -140.61
v -22.52 311.82 -125.89
v -22.52 344.29 -141.03
v -21.70 311.75 -126.04
v -21.70 344.22 -141.18
v -20.89 311.82 -125.89
v -20.89 344.29 -141.03
v -20.19 312.02 -125.47
v -20.19 344.48 -140.61
v -19.73 312.31 -124.84
v -19.73 344.78 -139.98
v -19.56 312.65 -124.10
v -19.56 345.12 -139.24
v -19.56 347.38 -134.39
v -19.73 348.13 -134.74
v -19.73 345.87 -139.59
v -20.19 348.75 -135.03
v -20.19 346.49 -139.88
v -20.89 349.17 -135.23
v -20.89 346.91 -140.08
v -21.70 349.32 -135.30
v -21.70 347.06 -140.15
v -22.52 349.17 -135.23
v -22.52 346.91 -140.08
v -23.22 348.75 -135.03
v -23.22 346.49 -139.88
v -23.68 348.13 -134.74
v -23.68 345.87 -139.59
v -23.84 347.38 -134.39
v -23.84 314.91 -119.25
v -23.68 314.17 -118.91
v -23.68 311.91 -123.75
v -23.22 313.54 -118.62
v -23.22 311.28 -123.46
v -22.52 313.12 -118.42
v -22.52 310.86 -123.27
v -21.70 312.98 -118.35
v -21.70 310.72 -123.20
v -20.89 313.12 -118.42
v -20.89 310.86 -123.27
v -20.19 313.54 -118.62
v -20.19 311.28 -123.46
v -19.73 314.17 -118.91
v -19.73 311.91 -123.75
v -19.56 314.91 -119.25
v -19.73 312.05 -124.65
v -19.73 311.89 -124.38
v -19.73 311.84 -124.06
v -20.19 311.54 -125.12
v -20.19 311.23 -124.62
v -20.19 311.14 -124.03
v -20.89 311.20 -125.44
v -20.89 310.80 -124.78
v -20.89 310.68 -124.01
v -21.70 311.08 -125.55
v -21.70 310.64 -124.83
v -21.70 310.52 -124.01
v -22.52 311.20 -125.44
v -22.52 310.80 -124.78
v -22.52 310.68 -124.01
v -23.22 311.54 -125.12
v -23.22 311.23 -124.62
v -23.22 311.14 -124.03
v -23.68 312.05 -124.65
v -23.68 311.89 -124.38
v -23.68 311.84 -124.06
v -19.73 345.68 -139.84
v -19.73 345.40 -140.01
v -19.73 345.09 -140.06
v -20.19 346.15 -140.36
v -20.19 345.64 -140.66
v -20.19 345.06 -140.75
v -20.89 346.46 -140.70
v -20.89 345.80 -141.10
v -20.89 345.04 -141.22
v -21.70 346.57 -140.82
v -21.70 345.86 -141.25
v -21.70 345.03 -141.38
v -22.52 346.46 -140.70
v -22.52 345.80 -141.10
v -22.52 345.04 -141.22
v -23.22 346.15 -140.36
v -23.22 345.64 -140.66
v -23.22 345.06 -140.75
v -23.68 345.68 -139.84
v -23.68 345.40 -140.01
v -23.68 345.09 -140.06
v -16.36 312.65 -124.10
v -16.19 312.31 -124.84
v -16.19 344.78 -139.98
v -16.36 345.12 -139.24
v -15.73 312.02 -125.47
v -15.73 344.48 -140.61
v -15.04 311.82 -125.89
v -15.04 344.29 -141.03
v -14.22 311.75 -126.04
v -14.22 344.22 -141.18
v -13.40 311.82 -125.89
v -13.40 344.29 -141.03
v -12.71 312.02 -125.47
v -12.71 344.48 -140.61
v -12.24 312.31 -124.84
v -12.24 344.78 -139.98
v -12.08 312.65 -124.10
v -12.08 345.12 -139.24
v -12.08 347.38 -134.40
v -12.24 348.13 -134.74
v -12.24 345.87 -139.59
v -12.71 348.75 -135.03
v -12.71 346.49 -139.88
v -13.40 349.17 -135.23
v -13.40 346.91 -140.08
v -14.22 349.32 -135.30
v -14.22 347.06 -140.15
v -15.04 349.17 -135.23
v -15.04 346.91 -140.08
v -15.73 348.75 -135.03
v -15.73 346.49 -139.88
v -16.19 348.13 -134.74
v -16.19 345.87 -139.59
v -16.36 347.38 -134.39
v -16.36 314.91 -119.25
v -16.19 314.17 -118.91
v -16.19 311.91 -123.75
v -15.73 313.54 -118.62
v -15.73 311.28 -123.46
v -15.04 313.12 -118.42
v -15.04 310.86 -123.27
v -14.22 312.98 -118.35
v -14.22 310.72 -123.20
v -13.40 313.12 -118.42
v -13.40 310.86 -123.27
v -12.71 313.54 -118.62
v -12.71 311.28 -123.46
v -12.24 314.17 -118.91
v -12.24 311.91 -123.75
v -12.08 314.91 -119.25
v -12.24 312.05 -124.65
v -12.24 311.89 -124.38
v -12.24 311.84 -124.06
v -12.71 311.54 -125.12
v -12.71 311.23 -124.62
v -12.71 311.14 -124.03
v -13.40 311.20 -125.44
v -13.40 310.80 -124.78
v -13.40 310.68 -124.01
v -14.22 311.08 -125.55
v -14.22 310.64 -124.83
v -14.22 310.52 -124.01
v -15.04 311.20 -125.44
v -15.04 310.80 -124.78
v -15.04 310.68 -124.01
v -15.73 311.54 -125.12
v -15.73 311.23 -124.62
v -15.73 311.14 -124.03
v -16.19 312.05 -124.65
v -16.19 311.89 -124.38
v -16.19 311.84 -124.06
v -12.24 345.68 -139.84
v -12.24 345.40 -140.01
v -12.24 345.09 -140.06
v -12.71 346.15 -140.36
v -12.71 345.64 -140.66
v -12.71 345.06 -140.75
v -13.40 346.46 -140.70
v -13.40 345.80 -141.10
v -13.40 345.04 -141.22
v -14.22 346.57 -140.82
v -14.22 345.86 -141.25
v -14.22 345.03 -141.38
v -15.04 346.46 -140.70
v -15.04 345.80 -141.10
v -15.04 345.04 -141.22
v -15.73 346.15 -140.36
v -15.73 345.64 -140.66
v -15.73 345.06 -140.75
v -16.19 345.68 -139.84
v -16.19 345.40 -140.01
v -16.19 345.09 -140.06
v -17.96 477.40 -61.42
v -17.96 476.72 -83.06
v -12.09 476.72 -82.40
v -8.61 474.70 -94.86
v -17.96 474.70 -95.90
v -10.40 461.61 -116.71
v -2.90 461.61 -115.24
v -11.07 467.24 -111.84
v -11.96 471.33 -105.26
v -17.96 471.33 -105.42
v -9.37 446.10 -125.24
v -0.85 446.10 -123.53
v -9.72 454.15 -122.17
v -17.96 461.61 -116.91
v -8.85 425.57 -128.31
v 0.17 425.57 -126.52
v -9.04 436.21 -127.17
v -17.96 446.10 -125.47
v -8.65 418.61 -129.80
v 0.58 418.61 -127.97
v -17.96 425.57 -128.54
v -17.96 418.61 -126.18
v -1.80 418.61 -121.97
v -17.96 418.61 -130.04
v -6.46 476.72 -79.81
v 0.36 474.70 -90.72
v 4.54 461.61 -112.78
v 11.54 461.61 -108.57
v 2.55 467.24 -108.24
v -0.12 471.33 -102.14
v -6.02 471.33 -104.09
v 7.61 446.10 -120.69
v 15.57 446.10 -115.84
v 6.56 454.15 -117.84
v 9.17 425.57 -123.38
v 17.57 425.57 -118.46
v 8.59 436.21 -122.49
v 9.74 418.61 -124.93
v 18.36 418.61 -119.73
v 13.71 418.61 -112.26
v -2.14 476.72 -74.78
v 7.26 474.70 -82.71
v 17.44 461.61 -102.83
v 22.64 461.61 -95.68
v 14.32 467.24 -99.18
v 10.11 471.33 -94.25
v 5.43 471.33 -98.81
v 22.27 446.10 -109.21
v 28.19 446.10 -100.96
v 20.61 454.15 -106.91
v 23.81 436.21 -110.66
v 25.63 418.61 -112.63
v 30.94 425.57 -102.86
v 24.68 425.57 -111.51
v 25.62 418.61 -98.36
v 0.10 476.72 -68.24
v 10.83 474.71 -72.29
v 25.95 461.61 -87.74
v 28.38 461.61 -78.91
v 22.07 467.24 -85.42
v 16.85 471.33 -82.29
v 14.23 471.33 -88.58
v 31.94 446.10 -91.80
v 34.71 446.10 -81.61
v 29.88 454.15 -90.34
v 34.99 425.57 -93.17
v 37.85 425.57 -82.57
v 33.85 436.21 -92.72
v 32.83 441.47 -92.23
v 36.10 418.61 -93.97
v 39.10 418.61 -83.05
v 32.96 425.57 -98.02
v 34.07 418.61 -98.88
v 31.78 418.61 -80.27
v 32.03 418.61 -103.79
v 0.66 476.72 -61.42
v 11.72 474.71 -61.42
v 29.57 461.61 -70.32
v 29.82 461.61 -61.42
v 25.38 467.24 -69.53
v 19.73 471.33 -68.48
v 18.78 471.33 -75.29
v 36.06 446.10 -71.69
v 36.35 446.10 -61.42
v 33.83 454.15 -71.20
v 40.56 418.61 -72.42
v 40.87 418.61 -61.42
v 39.29 425.57 -72.18
v 33.33 418.61 -61.42
v 25.61 467.24 -61.42
v 19.93 471.33 -61.42
v 24.29 467.24 -77.37
v 34.11 454.15 -61.42
v 32.53 454.15 -80.63
v 36.96 441.77 -71.83
v 37.12 441.54 -67.92
v 32.87 436.21 -95.08
v 26.28 454.15 -99.06
v 35.65 441.47 -81.89
v 19.06 467.24 -92.66
v 8.94 467.24 -104.41
v 14.18 454.15 -113.22
v 29.95 436.21 -102.16
v 16.85 436.21 -117.49
v -0.19 436.21 -125.41
v -1.55 454.15 -120.54
v -4.23 467.24 -110.49
v -17.96 467.24 -112.01
v -17.96 454.15 -122.38
v -17.96 436.21 -127.40
v 38.31 436.21 -65.39
v 38.42 436.21 -61.42
v 38.12 436.21 -72.00
v 36.72 436.21 -82.22
v -12.09 476.72 -40.45
v -17.96 476.72 -39.79
v -17.96 474.71 -26.95
v -8.61 474.71 -27.99
v -11.07 467.24 -11.01
v -2.90 461.61 -7.61
v -10.40 461.61 -6.14
v -17.96 471.33 -17.43
v -11.96 471.33 -17.59
v -9.72 454.15 -0.68
v -0.85 446.10 0.68
v -9.37 446.10 2.39
v -17.96 461.61 -5.94
v -9.04 436.21 4.32
v 0.17 425.57 3.67
v -17.96 446.10 2.62
v -6.46 476.72 -43.04
v 0.36 474.71 -32.13
v 2.56 467.24 -14.61
v 11.54 461.61 -14.28
v 4.54 461.61 -10.07
v -6.02 471.33 -18.76
v -0.12 471.33 -20.71
v 7.08 450.12 -3.58
v 6.56 454.15 -5.01
v 14.88 450.12 -8.32
v 8.59 436.21 -0.36
v 7.61 446.10 -2.16
v -2.14 476.72 -48.07
v 7.26 474.71 -40.14
v 14.32 467.24 -23.67
v 22.64 461.61 -27.17
v 17.44 461.61 -20.02
v 5.43 471.33 -24.04
v 10.11 471.33 -28.60
v 20.61 454.15 -15.94
v 28.19 446.10 -21.89
v 21.44 450.12 -14.79
v 23.81 436.21 -12.19
v 15.57 446.10 -7.01
v 22.27 446.10 -13.64
v 0.10 476.72 -54.61
v 10.83 474.71 -50.56
v 22.07 467.24 -37.43
v 28.38 461.61 -43.94
v 25.95 461.61 -35.11
v 14.23 471.33 -34.27
v 16.85 471.33 -40.56
v 29.88 454.15 -32.51
v 34.71 446.10 -41.24
v 31.94 446.10 -31.05
v 33.85 436.21 -30.13
v 34.99 425.57 -29.68
v 25.38 467.24 -53.32
v 29.57 461.61 -52.53
v 18.78 471.33 -47.56
v 19.73 471.33 -54.37
v 33.83 454.15 -51.65
v 36.06 446.10 -51.16
v 38.12 436.21 -50.85
v 24.29 467.24 -45.48
v 32.53 454.15 -42.22
v 26.28 454.15 -23.79
v 36.72 436.21 -40.63
v 19.06 467.24 -30.19
v 8.94 467.24 -18.44
v 14.18 454.15 -9.63
v 29.95 436.21 -20.69
v 16.85 436.21 -5.36
v -0.19 436.21 2.56
v -1.55 454.15 -2.31
v -4.23 467.24 -12.36
v -17.96 467.24 -10.84
v -17.96 454.15 -0.47
v -17.96 436.21 4.55
v -23.83 476.72 -82.40
v -27.31 474.70 -94.86
v -24.86 467.24 -111.84
v -33.02 461.61 -115.24
v -25.52 461.61 -116.71
v -23.96 471.33 -105.26
v -26.20 454.15 -122.17
v -35.07 446.10 -123.53
v -26.56 446.10 -125.24
v -26.88 436.21 -127.17
v -36.10 425.57 -126.52
v -27.07 425.57 -128.31
v -36.50 418.61 -127.97
v -27.27 418.61 -129.80
v -34.12 418.61 -121.97
v -29.46 476.72 -79.81
v -36.29 474.70 -90.72
v -38.48 467.24 -108.24
v -47.46 461.61 -108.57
v -40.46 461.61 -112.77
v -29.90 471.33 -104.09
v -35.80 471.33 -102.14
v -42.48 454.15 -117.84
v -51.49 446.10 -115.84
v -43.53 446.10 -120.69
v -44.51 436.21 -122.49
v -53.49 425.57 -118.46
v -45.10 425.57 -123.38
v -54.28 418.61 -119.73
v -45.67 418.61 -124.93
v -49.63 418.61 -112.26
v -33.78 476.72 -74.78
v -43.18 474.70 -82.71
v -50.24 467.24 -99.17
v -58.56 461.61 -95.68
v -53.36 461.61 -102.83
v -41.35 471.33 -98.81
v -46.03 471.33 -94.25
v -56.53 454.15 -106.91
v -64.11 446.10 -100.96
v -58.20 446.10 -109.21
v -59.73 436.21 -110.66
v -60.60 425.57 -111.51
v -66.86 425.57 -102.86
v -61.55 418.61 -112.63
v -61.54 418.61 -98.36
v -36.02 476.72 -68.24
v -46.75 474.71 -72.29
v -57.99 467.24 -85.42
v -64.30 461.61 -78.91
v -61.87 461.61 -87.74
v -50.15 471.33 -88.58
v -52.77 471.33 -82.29
v -65.80 454.15 -90.34
v -70.63 446.10 -81.60
v -67.86 446.10 -91.80
v -69.77 436.21 -92.72
v -73.77 425.57 -82.57
v -70.91 425.57 -93.17
v -68.75 441.47 -92.23
v -75.02 418.61 -83.05
v -72.02 418.61 -93.97
v -69.99 418.61 -98.88
v -68.89 425.57 -98.02
v -67.70 418.61 -80.27
v -67.95 418.61 -103.79
v -36.58 476.72 -61.42
v -47.64 474.71 -61.42
v -61.30 467.24 -69.53
v -65.74 461.61 -61.42
v -65.49 461.61 -70.32
v -54.70 471.33 -75.29
v -55.65 471.33 -68.48
v -69.75 454.15 -71.19
v -72.27 446.10 -61.42
v -71.98 446.10 -71.69
v -75.21 425.57 -72.18
v -76.80 418.61 -61.42
v -76.49 418.61 -72.42
v -69.25 418.61 -61.42
v -55.85 471.33 -61.42
v -61.53 467.24 -61.42
v -60.21 467.24 -77.37
v -70.03 454.15 -61.42
v -68.46 454.15 -80.63
v -73.04 441.54 -67.92
v -72.89 441.77 -71.82
v -68.79 436.21 -95.08
v -62.20 454.15 -99.06
v -71.57 441.47 -81.89
v -54.98 467.24 -92.66
v -44.86 467.24 -104.41
v -50.10 454.15 -113.22
v -65.87 436.21 -102.16
v -52.77 436.21 -117.49
v -35.73 436.21 -125.41
v -34.37 454.15 -120.54
v -31.69 467.24 -110.49
v -74.34 436.21 -61.42
v -74.23 436.21 -65.39
v -74.05 436.21 -72.00
v -72.64 436.21 -82.21
v -23.83 476.72 -40.45
v -27.31 474.71 -27.99
v -25.52 461.61 -6.14
v -33.02 461.61 -7.61
v -24.86 467.24 -11.01
v -23.96 471.33 -17.59
v -26.56 446.10 2.39
v -35.07 446.10 0.68
v -26.20 454.15 -0.68
v -36.10 425.57 3.67
v -26.88 436.21 4.32
v -29.46 476.72 -43.04
v -36.29 474.71 -32.13
v -40.46 461.61 -10.07
v -47.46 461.61 -14.28
v -38.48 467.24 -14.61
v -35.80 471.33 -20.71
v -29.90 471.33 -18.76
v -50.80 450.12 -8.32
v -42.48 454.15 -5.01
v -43.01 450.12 -3.58
v -44.51 436.21 -0.36
v -43.53 446.10 -2.16
v -33.78 476.72 -48.07
v -43.18 474.71 -40.14
v -53.36 461.61 -20.02
v -58.56 461.61 -27.17
v -50.24 467.24 -23.67
v -46.03 471.33 -28.60
v -41.35 471.33 -24.04
v -57.36 450.12 -14.79
v -64.11 446.10 -21.89
v -56.53 454.15 -15.94
v -59.73 436.21 -12.19
v -58.19 446.10 -13.64
v -51.49 446.10 -7.01
v -36.02 476.72 -54.61
v -46.75 474.71 -50.56
v -61.87 461.61 -35.11
v -64.30 461.61 -43.94
v -57.99 467.24 -37.43
v -52.77 471.33 -40.56
v -50.15 471.33 -34.27
v -67.86 446.10 -31.05
v -70.63 446.10 -41.24
v -65.80 454.15 -32.51
v -70.91 425.57 -29.68
v -69.77 436.21 -30.13
v -65.49 461.61 -52.53
v -61.30 467.24 -53.32
v -55.65 471.33 -54.37
v -54.70 471.33 -47.56
v -71.98 446.10 -51.16
v -69.75 454.15 -51.65
v -74.05 436.21 -50.85
v -60.21 467.24 -45.48
v -68.46 454.15 -42.22
v -62.20 454.15 -23.79
v -72.64 436.21 -40.63
v -54.98 467.24 -30.19
v -44.86 467.24 -18.44
v -50.10 454.15 -9.63
v -65.87 436.21 -20.69
v -52.77 436.21 -5.36
v -35.73 436.21 2.56
v -34.37 454.15 -2.31
v -31.69 467.24 -12.36
v -23.10 379.86 -130.67
v -17.96 380.49 -131.46
v -26.96 378.23 -128.90
v -34.25 372.11 -123.00
v -30.71 375.51 -126.36
v -42.35 365.63 -115.38
v -37.92 368.85 -119.08
v -57.05 358.45 -107.97
v -55.10 360.76 -109.91
v -22.96 370.31 -136.25
v -17.96 370.68 -137.01
v -17.96 369.87 -134.94
v -22.96 369.49 -134.19
v -28.68 368.94 -133.48
v -25.91 369.80 -135.23
v -25.91 368.99 -133.16
v -28.68 368.12 -131.41
v -35.84 364.81 -125.13
v -32.26 366.88 -129.30
v -32.26 366.06 -127.24
v -35.84 363.99 -123.07
v -45.19 361.09 -117.61
v -40.28 362.70 -120.86
v -40.28 361.89 -118.80
v -45.19 360.28 -115.54
v -51.98 362.10 -111.30
v -47.46 363.26 -112.60
v -53.89 359.41 -114.21
v -50.28 360.08 -115.56
v -50.28 359.27 -113.50
v -53.89 358.59 -112.14
v -56.31 358.18 -111.71
v -56.31 357.36 -109.64
v -57.95 355.78 -106.68
v -12.82 379.86 -130.67
v -8.96 378.23 -128.90
v -5.21 375.51 -126.36
v -1.67 372.11 -123.00
v 2.00 368.85 -119.08
v 6.43 365.63 -115.38
v 19.17 360.76 -109.91
v 21.13 358.45 -107.97
v -12.96 370.31 -136.25
v -12.96 369.49 -134.19
v -10.01 369.80 -135.23
v -7.24 368.94 -133.48
v -7.24 368.12 -131.41
v -10.01 368.99 -133.16
v -3.66 366.88 -129.30
v -0.08 364.81 -125.13
v -0.08 363.99 -123.07
v -3.66 366.06 -127.24
v 4.36 362.70 -120.86
v 9.27 361.09 -117.61
v 9.27 360.28 -115.54
v 4.36 361.89 -118.80
v 11.53 363.26 -112.60
v 16.06 362.10 -111.30
v 14.36 360.08 -115.56
v 17.97 359.41 -114.21
v 17.97 358.59 -112.14
v 14.36 359.27 -113.50
v 20.39 358.18 -111.71
v 20.39 357.36 -109.64
v 22.03 355.78 -106.68
v -20.72 370.77 -134.08
v -15.28 370.77 -134.08
v -15.28 380.54 -131.42
v -20.72 380.54 -131.42
v -5.53 375.97 -128.51
v -8.92 378.21 -130.05
v -7.73 369.94 -131.86
v -4.38 368.04 -130.24
v 13.30 363.50 -113.12
v 10.28 364.86 -114.76
v 10.76 360.78 -115.50
v 13.69 360.24 -113.70
v -28.20 369.63 -131.87
v -27.00 377.90 -130.06
v -30.39 375.67 -128.52
v -31.54 367.73 -130.25
v -38.89 364.33 -122.29
v -37.88 369.89 -121.36
v -40.68 367.29 -119.28
v -41.56 362.48 -120.08
v -46.92 360.78 -115.35
v -46.43 364.86 -114.62
v -49.45 363.50 -112.97
v -49.84 360.24 -113.56
v -20.72 379.88 -129.02
v -15.28 379.88 -129.02
v -20.72 370.12 -131.69
v -15.28 370.12 -131.69
v -10.24 377.53 -128.06
v -6.85 375.30 -126.51
v -9.05 369.26 -129.87
v -5.70 367.36 -128.25
v 8.96 364.04 -112.77
v 11.98 362.68 -111.12
v 9.44 359.95 -113.50
v 12.37 359.41 -111.71
v -30.22 367.05 -128.25
v -29.07 374.99 -126.52
v -26.88 368.95 -129.87
v -25.68 377.22 -128.07
v -39.80 361.77 -118.46
v -38.92 366.57 -117.65
v -37.13 363.61 -120.67
v -36.12 369.17 -119.73
v -48.52 359.41 -111.56
v -48.13 362.68 -110.98
v -45.60 359.95 -113.36
v -45.11 364.04 -112.63
v 4.63 367.29 -119.28
v 1.83 369.89 -121.36
v 2.84 364.33 -122.29
v 5.51 362.48 -120.08
v 3.75 361.77 -118.46
v 2.88 366.57 -117.65
v 1.08 363.61 -120.67
v 0.07 369.17 -119.73
v -31.25 88.65 -103.10
v -17.96 115.35 -106.44
v -48.28 115.55 -105.40
v -97.79 115.58 -72.62
v -104.52 195.02 -79.12
v -108.38 195.14 -50.89
v -75.86 115.55 -95.43
v -79.01 194.99 -105.79
v -96.49 194.99 -95.12
v -88.68 115.55 -86.31
v -50.68 195.12 -112.14
v -63.99 88.65 -97.75
v -87.96 88.65 -83.43
v -75.65 88.65 -92.36
v -47.43 88.65 -102.45
v -103.96 115.70 -45.65
v -98.70 88.65 -69.96
v -18.52 194.99 -114.87
v -104.90 88.65 -43.58
v -17.96 88.65 -103.90
v 12.35 115.55 -105.40
v -4.67 88.65 -103.10
v 71.34 195.14 -50.89
v 67.48 195.02 -79.12
v 61.87 115.58 -72.62
v 59.45 194.99 -95.12
v 41.97 194.99 -105.79
v 39.94 115.55 -95.43
v 52.76 115.55 -86.31
v 13.64 195.12 -112.14
v 28.07 88.65 -97.75
v 39.73 88.65 -92.36
v 52.04 88.65 -83.43
v 11.51 88.65 -102.45
v 68.04 115.70 -45.66
v 62.77 88.65 -69.96
v 68.98 88.65 -43.58
v -63.72 115.67 4.00
v -31.63 115.38 4.47
v -31.32 92.46 5.83
v -100.19 115.63 -17.77
v -84.89 115.66 -3.78
v -79.53 92.52 -2.08
v -103.96 115.70 -50.61
v -103.93 115.69 -36.40
v -103.24 92.78 -32.00
v -33.58 195.00 17.07
v -18.52 194.99 17.02
v -17.96 115.37 4.43
v -88.45 195.09 6.90
v -66.33 195.10 16.49
v -108.35 195.12 -33.28
v -104.44 195.07 -10.27
v -93.58 92.50 -11.73
v -60.10 92.52 5.38
v -17.96 92.45 5.79
v -102.84 92.54 -47.08
v -4.60 92.46 5.83
v -4.29 115.38 4.47
v 27.80 115.67 4.00
v 43.61 92.52 -2.08
v 48.97 115.66 -3.78
v 64.27 115.63 -17.77
v 67.31 92.78 -32.00
v 68.01 115.69 -36.40
v 68.04 115.70 -50.61
v -3.45 195.00 17.07
v 29.30 195.10 16.49
v 51.41 195.09 6.90
v 67.40 195.07 -10.27
v 71.31 195.12 -33.28
v 57.66 92.50 -11.73
v 24.18 92.52 5.38
v 66.92 92.54 -47.08
v -65.26 181.31 -108.75
v -65.26 180.85 -114.49
v 29.34 180.85 -114.49
v 29.34 181.31 -108.75
v -65.26 95.01 -99.61
v -65.26 94.55 -105.35
v 29.34 95.01 -99.61
v 29.34 94.55 -105.35
v -39.11 99.82 -105.91
v 2.52 99.82 -105.91
v 19.53 156.17 -111.88
v 18.41 156.09 -111.87
v 20.59 156.41 -111.91
v 21.60 156.79 -111.95
v 22.53 157.30 -112.00
v 23.37 157.93 -112.07
v 24.12 158.67 -112.15
v 24.76 159.51 -112.23
v 25.27 160.43 -112.33
v 25.66 161.43 -112.44
v 25.90 162.49 -112.55
v 25.98 163.60 -112.67
v 25.90 164.70 -112.78
v 25.66 165.76 -112.90
v 25.27 166.76 -113.00
v 24.76 167.68 -113.10
v 24.12 168.52 -113.19
v 23.37 169.26 -113.27
v 22.53 169.89 -113.33
v 21.60 170.40 -113.39
v 20.59 170.78 -113.43
v 19.53 171.02 -113.45
v 18.41 171.10 -113.46
v 10.84 163.60 -112.67
v 10.92 164.70 -112.78
v 2.52 172.60 -113.62
v 10.92 162.49 -112.55
v 11.16 161.43 -112.44
v 11.55 160.43 -112.33
v 12.06 159.51 -112.23
v 12.70 158.67 -112.15
v 13.45 157.93 -112.07
v 14.29 157.30 -112.00
v 15.22 156.79 -111.95
v 16.23 156.41 -111.91
v 17.29 156.17 -111.88
v -46.80 99.84 -105.91
v -39.11 172.60 -113.62
v -61.90 99.84 -105.91
v 17.29 171.02 -113.45
v 16.23 170.78 -113.43
v 15.22 170.40 -113.39
v 14.29 169.89 -113.33
v 13.45 169.26 -113.27
v 12.70 168.52 -113.19
v 12.06 167.68 -113.10
v 11.55 166.76 -113.00
v 11.16 165.76 -112.90
v -46.80 151.59 -111.40
v -61.90 151.59 -111.40
v 2.52 172.97 -111.78
v -39.11 100.16 -104.20
v 2.52 100.16 -104.20
v -39.11 172.97 -111.78
v 19.53 156.54 -110.07
v 17.29 156.54 -110.07
v 18.41 156.45 -110.06
v 20.59 156.77 -110.09
v 21.60 157.15 -110.13
v 16.23 156.77 -110.09
v 15.22 157.15 -110.13
v 22.53 157.66 -110.18
v 14.29 157.66 -110.18
v 13.45 158.30 -110.25
v 23.37 158.30 -110.25
v 12.70 159.04 -110.33
v 24.12 159.04 -110.33
v 12.06 159.87 -110.41
v 11.55 160.80 -110.51
v 11.16 161.79 -110.61
v 10.92 162.85 -110.72
v 10.84 163.96 -110.84
v 10.92 165.07 -110.95
v 11.16 166.13 -111.06
v 11.55 167.12 -111.17
v 12.06 168.05 -111.26
v 12.70 168.88 -111.35
v 13.45 169.62 -111.43
v 14.29 170.26 -111.49
v 15.22 170.77 -111.55
v 16.23 171.15 -111.59
v 17.29 171.39 -111.61
v 18.41 171.47 -111.62
v 19.53 171.39 -111.61
v 20.59 171.15 -111.59
v 21.60 170.77 -111.55
v 22.53 170.26 -111.49
v 23.37 169.62 -111.43
v 24.12 168.88 -111.35
v 24.76 168.05 -111.26
v 24.76 159.87 -110.41
v 25.27 167.12 -111.17
v 25.66 166.13 -111.06
v 25.90 165.07 -110.95
v 25.98 163.96 -110.84
v 25.90 162.85 -110.72
v 25.66 161.79 -110.61
v 25.27 160.80 -110.51
v -46.80 100.18 -104.21
v -61.90 151.95 -109.59
v -61.90 100.18 -104.21
v -46.80 151.95 -109.59
v 23.07 162.90 -114.74
v 23.12 163.59 -114.81
v 23.07 164.28 -114.89
v 22.92 162.25 -114.67
v 22.69 161.63 -114.61
v 22.92 164.94 -114.96
v 22.69 165.56 -115.02
v 22.37 166.13 -115.08
v 22.37 161.05 -114.55
v 21.97 160.53 -114.49
v 21.97 166.65 -115.14
v 21.51 160.07 -114.44
v 21.51 167.11 -115.18
v 20.99 159.68 -114.40
v 20.41 159.36 -114.37
v 19.79 159.12 -114.34
v 19.12 158.98 -114.33
v 18.43 158.93 -114.32
v 17.74 158.98 -114.33
v 17.08 159.12 -114.34
v 16.45 159.36 -114.37
v 15.88 159.68 -114.40
v 15.35 160.07 -114.44
v 14.89 160.53 -114.49
v 20.99 167.51 -115.23
v 20.41 167.83 -115.26
v 19.79 168.06 -115.28
v 19.12 168.21 -115.30
v 18.43 168.26 -115.30
v 17.74 168.21 -115.30
v 17.08 168.06 -115.28
v 16.45 167.83 -115.26
v 15.88 167.51 -115.23
v 15.35 167.11 -115.18
v 14.89 166.65 -115.14
v 14.50 166.13 -115.08
v 14.50 161.05 -114.55
v 14.18 161.63 -114.61
v 13.94 162.25 -114.67
v 13.79 162.90 -114.74
v 13.74 163.59 -114.81
v 13.79 164.28 -114.89
v 13.94 164.94 -114.96
v 14.18 165.56 -115.02
v -37.16 169.67 -111.39
v -37.16 169.25 -115.41
v 0.61 169.25 -115.41
v 0.61 169.67 -111.39
v -37.16 103.42 -104.43
v -37.16 102.99 -108.44
v 0.61 103.42 -104.43
v 0.61 102.99 -108.44
v 19.12 159.40 -110.31
v 18.43 159.35 -110.30
v 19.79 159.55 -110.33
v 20.41 159.78 -110.35
v 20.99 160.10 -110.38
v 21.51 160.49 -110.43
v 21.97 160.96 -110.47
v 22.37 161.48 -110.53
v 22.69 162.05 -110.59
v 22.92 162.67 -110.65
v 23.07 163.33 -110.72
v 23.12 164.02 -110.80
v 23.07 164.70 -110.87
v 22.92 165.36 -110.94
v 22.69 165.98 -111.00
v 22.37 166.56 -111.06
v 21.97 167.08 -111.12
v 21.51 167.54 -111.17
v 20.99 167.93 -111.21
v 20.41 168.25 -111.24
v 19.79 168.48 -111.26
v 19.12 168.63 -111.28
v 18.43 168.68 -111.29
v 17.74 168.63 -111.28
v 17.08 168.48 -111.26
v 16.45 168.25 -111.24
v 15.88 167.93 -111.21
v 15.35 167.54 -111.17
v 14.89 167.08 -111.12
v 14.50 166.56 -111.06
v 14.18 165.98 -111.00
v 13.94 165.36 -110.94
v 13.79 164.70 -110.87
v 13.74 164.02 -110.80
v 13.79 163.33 -110.72
v 13.94 162.67 -110.65
v 14.18 162.05 -110.59
v 14.50 161.48 -110.53
v 14.89 160.96 -110.47
v 15.35 160.49 -110.43
v 15.88 160.10 -110.38
v 16.45 159.78 -110.35
v 17.08 159.55 -110.33
v 17.74 159.40 -110.31
v -47.12 150.81 -109.41
v -47.12 150.39 -113.43
v -47.12 100.81 -108.21
v -47.12 101.23 -104.20
v -61.54 150.81 -109.41
v -61.54 150.39 -113.43
v -61.54 101.23 -104.20
v -61.54 100.81 -108.21
v -3.84 159.66 -114.40
v -32.08 159.66 -114.40
v -32.08 110.14 -109.20
v -3.84 110.14 -109.20
v -3.84 159.81 -112.91
v -32.08 110.27 -107.92
v -3.84 110.27 -107.92
v -32.08 159.81 -112.91
v -30.77 157.50 -111.63
v -30.77 157.14 -115.28
v -5.15 157.14 -115.28
v -5.15 157.50 -111.63
v -30.77 112.54 -107.10
v -30.77 112.17 -110.75
v -5.15 112.54 -107.10
v -5.15 112.17 -110.75
v -59.97 144.40 -112.80
v -59.91 145.19 -112.88
v -59.91 143.61 -112.71
v -59.74 142.86 -112.63
v -57.53 136.49 -111.96
v -56.87 136.86 -112.00
v -58.65 140.90 -112.43
v -58.12 136.04 -111.92
v -59.11 141.50 -112.49
v -59.47 142.15 -112.56
v -58.65 135.52 -111.86
v -59.11 134.92 -111.80
v -59.47 134.26 -111.73
v -59.74 133.56 -111.66
v -59.91 132.80 -111.58
v -59.97 132.02 -111.49
v -59.91 131.23 -111.41
v -59.74 130.48 -111.33
v -59.47 129.77 -111.26
v -51.40 115.37 -109.74
v -51.09 115.60 -109.77
v -51.41 115.37 -109.74
v -54.59 124.97 -110.75
v -55.40 126.74 -110.94
v -54.60 124.97 -110.75
v -54.61 124.97 -110.75
v -53.81 124.91 -110.75
v -54.61 126.68 -110.93
v -54.22 124.94 -110.75
v -54.23 124.94 -110.75
v -54.33 124.95 -110.75
v -54.33 124.95 -110.75
v -54.34 124.95 -110.75
v -54.34 124.95 -110.75
v -55.40 124.91 -110.75
v -56.15 126.91 -110.96
v -56.15 124.74 -110.73
v -56.87 127.18 -110.99
v -57.53 127.54 -111.02
v -58.65 128.52 -111.13
v -56.87 124.47 -110.70
v -58.12 127.99 -111.07
v -57.53 124.11 -110.66
v -58.12 123.66 -110.62
v -58.65 123.13 -110.56
v -59.11 122.54 -110.50
v -59.47 121.88 -110.43
v -59.74 121.17 -110.35
v -59.11 129.11 -111.19
v -59.91 120.42 -110.28
v -59.97 119.63 -110.19
v -59.91 118.84 -110.11
v -59.74 118.09 -110.03
v -59.47 117.38 -109.96
v -59.11 116.73 -109.89
v -58.65 116.13 -109.83
v -58.12 115.60 -109.77
v -54.61 101.91 -108.33
v -53.81 101.97 -108.34
v -53.06 102.14 -108.35
v -52.35 102.41 -108.38
v -51.69 102.77 -108.42
v -51.09 103.22 -108.47
v -50.56 103.75 -108.52
v -50.11 104.34 -108.59
v -49.74 105.00 -108.65
v -49.47 105.71 -108.73
v -49.30 106.46 -108.81
v -49.24 107.25 -108.89
v -49.30 108.03 -108.97
v -49.47 108.79 -109.05
v -49.74 109.49 -109.13
v -50.11 110.15 -109.20
v -51.69 115.16 -109.72
v -50.56 110.75 -109.26
v -52.35 114.79 -109.68
v -51.09 111.27 -109.31
v -53.06 114.52 -109.66
v -51.69 111.72 -109.36
v -52.35 112.09 -109.40
v -53.81 114.35 -109.64
v -54.61 114.30 -109.63
v -53.06 112.36 -109.43
v -53.81 112.52 -109.45
v -54.61 112.58 -109.45
v -55.40 112.52 -109.45
v -56.15 112.36 -109.43
v -55.40 114.35 -109.64
v -56.87 112.09 -109.40
v -56.15 114.52 -109.66
v -57.53 111.72 -109.36
v -56.87 114.79 -109.68
v -58.12 111.27 -109.31
v -58.65 110.75 -109.26
v -57.53 115.16 -109.72
v -59.11 110.15 -109.20
v -59.47 109.49 -109.13
v -59.74 108.79 -109.05
v -59.91 108.03 -108.97
v -59.97 107.25 -108.89
v -59.91 106.46 -108.81
v -59.74 105.71 -108.73
v -59.47 105.00 -108.65
v -59.11 104.34 -108.59
v -58.65 103.75 -108.52
v -58.12 103.22 -108.47
v -57.53 102.77 -108.42
v -56.87 102.41 -108.38
v -56.15 102.14 -108.35
v -55.40 101.97 -108.34
v -49.47 142.86 -112.63
v -49.30 143.61 -112.71
v -49.24 144.40 -112.80
v -49.30 145.19 -112.88
v -49.47 145.94 -112.96
v -49.74 146.65 -113.03
v -50.11 147.31 -113.10
v -50.56 147.90 -113.16
v -51.09 148.43 -113.22
v -51.69 148.88 -113.27
v -52.35 149.24 -113.31
v -53.06 149.51 -113.33
v -53.81 149.68 -113.35
v -54.61 149.74 -113.36
v -55.40 149.68 -113.35
v -56.15 149.51 -113.33
v -56.87 149.24 -113.31
v -57.53 148.88 -113.27
v -58.12 148.43 -113.22
v -58.65 147.90 -113.16
v -59.11 147.31 -113.10
v -59.47 146.65 -113.03
v -59.74 145.94 -112.96
v -58.12 140.38 -112.37
v -57.53 139.93 -112.33
v -56.87 139.56 -112.29
v -56.15 139.29 -112.26
v -55.40 139.12 -112.24
v -54.61 139.07 -112.24
v -53.81 126.74 -110.94
v -53.06 126.91 -110.96
v -49.30 131.23 -111.41
v -49.47 130.48 -111.33
v -49.24 132.02 -111.49
v -49.30 132.80 -111.58
v -49.47 133.56 -111.66
v -49.74 134.26 -111.73
v -50.11 134.92 -111.80
v -50.56 135.52 -111.86
v -51.09 136.04 -111.92
v -51.69 136.49 -111.97
v -50.11 141.50 -112.49
v -50.56 140.90 -112.43
v -49.74 142.15 -112.56
v -52.35 136.86 -112.00
v -51.09 140.38 -112.37
v -51.69 139.93 -112.33
v -53.06 137.13 -112.03
v -52.35 139.56 -112.29
v -53.06 139.29 -112.26
v -53.81 137.29 -112.05
v -53.81 139.12 -112.24
v -54.61 137.35 -112.06
v -55.40 137.29 -112.05
v -56.15 137.13 -112.03
v -50.56 116.13 -109.83
v -50.11 116.73 -109.89
v -49.74 117.38 -109.96
v -49.47 118.09 -110.03
v -49.30 118.84 -110.11
v -49.24 119.63 -110.19
v -49.30 120.42 -110.28
v -49.47 121.17 -110.35
v -49.74 121.88 -110.43
v -50.11 122.54 -110.50
v -50.56 123.13 -110.56
v -49.74 129.77 -111.26
v -50.11 129.11 -111.19
v -51.09 123.66 -110.62
v -50.56 128.52 -111.13
v -51.09 127.99 -111.07
v -51.69 124.11 -110.66
v -51.69 127.54 -111.02
v -52.35 127.18 -110.99
v -52.35 124.47 -110.70
v -53.06 124.74 -110.73
v -20.15 126.35 -112.18
v -20.15 128.46 -112.39
v -29.16 126.35 -112.18
v -20.15 120.03 -111.54
v -20.15 122.14 -111.76
v -29.16 120.03 -111.54
v -20.15 116.86 -111.22
v -20.15 118.97 -111.44
v -29.16 116.86 -111.22
v -20.15 115.81 -111.12
v -29.16 115.81 -111.12
v -29.16 113.70 -110.91
v -20.15 113.70 -110.91
v -29.16 112.65 -110.80
v -20.15 112.65 -110.80
v -8.79 137.00 -113.25
v -9.13 136.65 -113.22
v -8.49 137.38 -113.29
v -8.25 137.81 -113.33
v -8.08 138.27 -113.38
v -7.97 138.76 -113.43
v -7.93 139.27 -113.48
v -7.97 139.79 -113.53
v -8.08 140.27 -113.58
v -8.25 140.73 -113.63
v -8.49 141.16 -113.67
v -8.79 141.55 -113.71
v -9.13 141.89 -113.74
v -9.52 142.18 -113.77
v -14.76 140.27 -113.58
v -14.58 140.73 -113.63
v -29.16 129.52 -112.50
v -14.87 139.79 -113.53
v -14.90 139.27 -113.48
v -20.15 129.52 -112.50
v -14.87 138.76 -113.43
v -14.76 138.27 -113.38
v -14.58 137.81 -113.33
v -14.34 137.38 -113.29
v -14.05 137.00 -113.25
v -13.70 136.65 -113.22
v -13.31 136.36 -113.19
v -12.89 136.13 -113.16
v -12.42 135.95 -113.15
v -11.93 135.84 -113.14
v -11.42 135.80 -113.13
v -9.52 126.08 -112.15
v -9.95 125.84 -112.13
v -9.13 126.37 -112.18
v -8.79 126.72 -112.22
v -8.49 127.10 -112.26
v -8.25 127.53 -112.30
v -8.08 127.99 -112.34
v -7.97 128.48 -112.39
v -7.93 128.99 -112.45
v -7.97 129.50 -112.50
v -8.08 129.99 -112.55
v -8.25 130.45 -112.59
v -8.49 130.88 -112.64
v -9.52 136.36 -113.19
v -8.79 131.27 -112.67
v -9.95 136.13 -113.16
v -9.13 131.61 -112.71
v -9.52 131.90 -112.74
v -10.41 135.95 -113.15
v -9.95 132.14 -112.76
v -10.90 135.84 -113.14
v -10.41 132.31 -112.78
v -10.90 132.42 -112.79
v -11.42 132.46 -112.79
v -11.93 132.42 -112.79
v -12.42 132.31 -112.78
v -12.89 132.14 -112.76
v -13.31 131.90 -112.74
v -13.70 131.61 -112.71
v -14.05 131.27 -112.67
v -14.34 130.88 -112.64
v -14.58 130.45 -112.59
v -14.76 129.99 -112.55
v -14.87 129.50 -112.50
v -14.90 128.99 -112.45
v -14.87 128.48 -112.39
v -14.76 127.99 -112.34
v -14.58 127.53 -112.30
v -14.34 127.10 -112.26
v -14.05 126.72 -112.22
v -11.42 115.24 -111.06
v -10.90 115.28 -111.06
v -11.42 115.24 -111.06
v -10.41 115.39 -111.08
v -9.95 115.56 -111.09
v -9.52 115.80 -111.12
v -9.13 116.09 -111.15
v -8.79 116.43 -111.18
v -8.49 116.82 -111.22
v -8.25 117.25 -111.26
v -8.08 117.71 -111.31
v -7.97 118.20 -111.36
v -7.93 118.71 -111.41
v -7.97 119.22 -111.46
v -8.08 119.71 -111.51
v -8.25 120.17 -111.56
v -10.41 125.67 -112.11
v -8.49 120.60 -111.60
v -8.79 120.99 -111.64
v -10.90 125.56 -112.10
v -9.13 121.33 -111.67
v -11.42 125.52 -112.10
v -9.52 121.62 -111.70
v -9.95 121.86 -111.73
v -11.93 125.56 -112.10
v -10.41 122.03 -111.74
v -12.42 125.67 -112.11
v -12.89 125.84 -112.13
v -10.90 122.14 -111.76
v -11.42 122.18 -111.76
v -13.70 126.37 -112.18
v -13.31 126.08 -112.15
v -11.93 122.14 -111.76
v -12.42 122.03 -111.74
v -12.89 121.86 -111.73
v -13.31 121.62 -111.70
v -13.70 121.33 -111.67
v -14.05 120.99 -111.64
v -20.15 125.30 -112.07
v -14.34 120.60 -111.60
v -14.58 120.17 -111.56
v -14.76 119.71 -111.51
v -20.15 123.19 -111.86
v -14.87 119.22 -111.46
v -14.90 118.71 -111.41
v -14.87 118.20 -111.36
v -14.76 117.71 -111.31
v -14.58 117.25 -111.26
v -14.34 116.82 -111.22
v -14.05 116.43 -111.18
v -13.70 116.09 -111.15
v -13.31 115.80 -111.12
v -12.89 115.56 -111.09
v -12.42 115.39 -111.08
v -11.93 115.28 -111.06
v -10.89 145.33 -114.09
v -11.40 145.30 -114.09
v -12.42 142.60 -113.82
v -12.89 142.42 -113.80
v -10.40 145.44 -114.10
v -11.93 142.70 -113.83
v -11.42 142.74 -113.83
v -9.94 145.62 -114.12
v -10.90 142.70 -113.83
v -9.51 145.86 -114.14
v -10.41 142.60 -113.82
v -9.12 146.15 -114.17
v -8.77 146.49 -114.21
v -9.95 142.42 -113.80
v -8.48 146.88 -114.25
v -8.24 147.30 -114.29
v -8.06 147.77 -114.34
v -7.96 148.25 -114.39
v -7.92 148.77 -114.44
v -7.96 149.28 -114.49
v -8.06 149.77 -114.54
v -8.24 150.23 -114.58
v -8.48 150.66 -114.63
v -8.77 151.04 -114.67
v -13.31 142.18 -113.77
v -13.70 141.89 -113.74
v -14.05 141.55 -113.71
v -11.92 145.33 -114.09
v -29.16 142.17 -113.77
v -29.16 141.12 -113.67
v -20.15 141.12 -113.67
v -20.15 142.17 -113.77
v -29.16 139.01 -113.45
v -20.15 139.01 -113.45
v -29.16 137.95 -113.35
v -20.15 137.95 -113.35
v -29.16 135.85 -113.14
v -20.15 135.85 -113.14
v -29.16 134.79 -113.03
v -20.15 134.79 -113.03
v -29.16 132.68 -112.82
v -20.15 132.68 -112.82
v -29.16 131.63 -112.71
v -20.15 131.63 -112.71
v -29.16 128.46 -112.39
v -29.16 125.30 -112.07
v -29.16 123.19 -111.86
v -29.16 122.14 -111.76
v -29.16 118.97 -111.44
v -9.12 151.38 -114.70
v -9.51 151.68 -114.73
v -9.94 151.91 -114.75
v -10.40 152.09 -114.77
v -10.89 152.20 -114.78
v -11.40 152.24 -114.79
v -11.92 152.20 -114.78
v -12.41 152.09 -114.77
v -12.87 151.91 -114.75
v -13.30 151.68 -114.73
v -13.69 151.38 -114.70
v -14.04 151.04 -114.67
v -14.33 150.66 -114.63
v -14.57 150.23 -114.58
v -14.74 149.77 -114.54
v -14.85 149.28 -114.49
v -14.89 148.77 -114.44
v -14.85 148.25 -114.39
v -14.74 147.77 -114.34
v -14.57 147.30 -114.29
v -14.33 146.88 -114.25
v -14.04 146.49 -114.21
v -13.69 146.15 -114.17
v -13.30 145.86 -114.14
v -12.87 145.62 -114.12
v -12.41 145.44 -114.10
v -23.89 143.75 -113.93
v -24.40 143.71 -113.93
v -23.39 143.86 -113.94
v -22.93 144.03 -113.96
v -22.50 144.27 -113.98
v -22.11 144.56 -114.01
v -21.77 144.91 -114.05
v -21.47 145.29 -114.09
v -21.24 145.72 -114.13
v -21.06 146.18 -114.18
v -20.95 146.67 -114.23
v -20.91 147.18 -114.28
v -14.34 141.16 -113.67
v -20.95 147.69 -114.33
v -21.06 148.18 -114.38
v -21.24 148.64 -114.42
v -21.47 149.07 -114.47
v -21.77 149.46 -114.51
v -22.11 149.80 -114.54
v -22.50 150.09 -114.57
v -22.93 150.33 -114.59
v -23.39 150.50 -114.61
v -23.89 150.61 -114.62
v -24.40 150.65 -114.63
v -24.91 150.61 -114.62
v -25.41 150.50 -114.61
v -25.87 150.33 -114.59
v -26.30 150.09 -114.57
v -26.69 149.80 -114.54
v -27.03 149.46 -114.51
v -27.33 149.07 -114.47
v -27.56 148.64 -114.42
v -27.74 148.18 -114.38
v -27.85 147.69 -114.33
v -27.89 147.18 -114.28
v -27.85 146.67 -114.23
v -27.74 146.18 -114.18
v -27.56 145.72 -114.13
v -27.33 145.29 -114.09
v -27.03 144.91 -114.05
v -26.69 144.56 -114.01
v -26.30 144.27 -113.98
v -25.87 144.03 -113.96
v -25.41 143.86 -113.94
v -24.91 143.75 -113.93
v -20.15 142.37 -111.82
v -29.16 141.31 -111.72
v -20.15 141.31 -111.72
v -29.16 142.37 -111.82
v -49.30 145.27 -112.11
v -49.30 143.69 -111.96
v -49.24 144.48 -112.03
v -49.47 146.02 -112.19
v -49.74 146.73 -112.26
v -49.47 142.94 -111.88
v -49.74 142.23 -111.81
v -50.11 147.38 -112.33
v -50.11 141.57 -111.74
v -50.56 140.98 -111.68
v -50.56 147.98 -112.39
v -51.09 148.51 -112.44
v -51.09 140.45 -111.63
v -51.69 140.00 -111.58
v -52.35 139.64 -111.55
v -53.06 139.37 -111.52
v -53.81 139.20 -111.50
v -54.61 139.14 -111.50
v -55.40 139.20 -111.50
v -56.15 139.37 -111.52
v -56.87 139.64 -111.55
v -57.53 140.00 -111.58
v -58.12 140.45 -111.63
v -58.65 140.98 -111.68
v -51.69 148.96 -112.49
v -52.35 149.32 -112.52
v -53.06 149.59 -112.55
v -53.81 149.76 -112.57
v -54.61 149.82 -112.57
v -55.40 149.76 -112.57
v -56.15 149.59 -112.55
v -56.87 149.32 -112.52
v -57.53 148.96 -112.49
v -58.12 148.51 -112.44
v -58.65 147.98 -112.39
v -59.11 147.38 -112.33
v -59.11 141.57 -111.74
v -59.47 142.23 -111.81
v -59.74 142.94 -111.88
v -59.91 143.69 -111.96
v -59.97 144.48 -112.03
v -59.91 145.27 -112.11
v -59.74 146.02 -112.19
v -59.47 146.73 -112.26
v -59.91 131.30 -110.71
v -59.91 132.88 -110.87
v -59.97 132.09 -110.79
v -59.74 133.63 -110.94
v -59.47 134.34 -111.01
v -59.74 130.55 -110.63
v -59.47 129.84 -110.56
v -59.11 134.99 -111.08
v -59.11 129.18 -110.49
v -58.65 128.59 -110.43
v -58.65 135.59 -111.14
v -58.12 136.12 -111.19
v -58.12 128.06 -110.38
v -57.53 136.56 -111.24
v -56.87 136.93 -111.27
v -56.15 137.20 -111.30
v -55.40 137.37 -111.32
v -54.61 137.43 -111.32
v -53.81 137.37 -111.32
v -53.06 137.20 -111.30
v -52.35 136.93 -111.27
v -51.69 136.56 -111.24
v -51.09 136.12 -111.19
v -50.56 135.59 -111.14
v -57.53 127.61 -110.34
v -56.87 127.25 -110.30
v -56.15 126.98 -110.27
v -55.40 126.81 -110.26
v -54.61 126.75 -110.25
v -53.81 126.81 -110.26
v -53.06 126.98 -110.27
v -52.35 127.25 -110.30
v -51.69 127.61 -110.34
v -51.09 128.06 -110.38
v -50.56 128.59 -110.43
v -50.11 134.99 -111.08
v -50.11 129.18 -110.49
v -49.74 129.84 -110.56
v -49.47 130.55 -110.63
v -49.30 131.30 -110.71
v -49.24 132.09 -110.79
v -49.30 132.88 -110.87
v -49.47 133.63 -110.94
v -49.74 134.34 -111.01
v -59.91 118.91 -109.46
v -59.91 120.48 -109.62
v -59.97 119.70 -109.54
v -59.74 118.16 -109.38
v -59.47 117.45 -109.31
v -59.74 121.24 -109.69
v -59.47 121.95 -109.77
v -59.11 116.79 -109.25
v -59.11 122.60 -109.83
v -58.65 123.20 -109.89
v -58.65 116.20 -109.19
v -58.12 123.72 -109.95
v -58.12 115.67 -109.13
v -57.53 124.17 -109.99
v -56.87 124.54 -110.03
v -56.15 124.81 -110.05
v -55.40 124.98 -110.07
v -54.61 125.03 -110.08
v -53.81 124.98 -110.07
v -53.06 124.81 -110.05
v -52.35 124.54 -110.03
v -51.69 124.17 -109.99
v -51.09 123.72 -109.95
v -50.56 123.20 -109.89
v -57.53 115.22 -109.09
v -56.87 114.86 -109.05
v -56.15 114.58 -109.02
v -55.40 114.42 -109.01
v -54.61 114.36 -109.00
v -53.81 114.42 -109.01
v -53.06 114.58 -109.02
v -52.35 114.86 -109.05
v -51.69 115.22 -109.09
v -51.09 115.67 -109.13
v -50.56 116.20 -109.19
v -50.11 116.79 -109.25
v -50.11 122.60 -109.83
v -49.74 121.95 -109.77
v -49.47 121.24 -109.69
v -49.30 120.48 -109.62
v -49.24 119.70 -109.54
v -49.30 118.91 -109.46
v -49.47 118.16 -109.38
v -49.74 117.45 -109.31
v -59.91 106.52 -108.21
v -59.91 108.09 -108.37
v -59.97 107.31 -108.29
v -59.74 105.77 -108.14
v -59.47 105.06 -108.07
v -59.74 108.85 -108.45
v -59.47 109.56 -108.52
v -59.11 104.40 -108.00
v -59.11 110.21 -108.58
v -58.65 110.81 -108.64
v -58.65 103.80 -107.94
v -58.12 103.28 -107.89
v -58.12 111.33 -108.70
v -57.53 111.78 -108.74
v -56.87 112.15 -108.78
v -56.15 112.42 -108.81
v -55.40 112.59 -108.82
v -54.61 112.64 -108.83
v -53.81 112.59 -108.82
v -53.06 112.42 -108.81
v -52.35 112.15 -108.78
v -51.69 111.78 -108.74
v -51.09 111.33 -108.70
v -50.56 110.81 -108.64
v -57.53 102.83 -107.84
v -56.87 102.46 -107.80
v -56.15 102.19 -107.78
v -55.40 102.03 -107.76
v -54.61 101.97 -107.75
v -53.81 102.03 -107.76
v -53.06 102.19 -107.78
v -52.35 102.46 -107.80
v -51.69 102.83 -107.84
v -51.09 103.28 -107.89
v -50.56 103.80 -107.94
v -50.11 104.40 -108.00
v -50.11 110.21 -108.58
v -49.74 109.56 -108.52
v -49.47 108.85 -108.45
v -49.30 108.09 -108.37
v -49.24 107.31 -108.29
v -49.30 106.52 -108.21
v -49.47 105.77 -108.14
v -49.74 105.06 -108.07
v -20.15 139.21 -111.50
v -29.16 138.15 -111.40
v -20.15 138.15 -111.40
v -29.16 139.21 -111.50
v -20.15 136.04 -111.19
v -29.16 134.99 -111.08
v -20.15 134.99 -111.08
v -29.16 136.04 -111.19
v -20.15 132.88 -110.87
v -29.16 131.82 -110.76
v -20.15 131.82 -110.76
v -29.16 132.88 -110.87
v -20.15 129.71 -110.55
v -29.16 128.66 -110.44
v -20.15 128.66 -110.44
v -29.16 129.71 -110.55
v -20.15 126.55 -110.23
v -29.16 125.50 -110.12
v -20.15 125.50 -110.12
v -29.16 126.55 -110.23
v -20.15 123.39 -109.91
v -29.16 122.33 -109.81
v -20.15 122.33 -109.81
v -29.16 123.39 -109.91
v -20.15 120.22 -109.59
v -29.16 119.17 -109.49
v -20.15 119.17 -109.49
v -29.16 120.22 -109.59
v -20.15 117.06 -109.27
v -29.16 116.01 -109.17
v -20.15 116.01 -109.17
v -29.16 117.06 -109.27
v -20.15 113.90 -108.96
v -29.16 112.84 -108.85
v -20.15 112.84 -108.85
v -29.16 113.90 -108.96
v -11.93 142.90 -111.88
v -10.90 142.90 -111.88
v -11.42 142.94 -111.88
v -10.41 142.79 -111.87
v -9.95 142.62 -111.85
v -12.42 142.79 -111.87
v -12.89 142.62 -111.85
v -9.52 142.38 -111.82
v -13.31 142.38 -111.82
v -13.70 142.09 -111.79
v -9.13 142.09 -111.79
v -8.79 141.74 -111.76
v -14.05 141.74 -111.76
v -8.49 141.36 -111.72
v -8.25 140.93 -111.68
v -8.08 140.47 -111.63
v -7.97 139.98 -111.58
v -7.93 139.47 -111.53
v -7.97 138.96 -111.48
v -8.08 138.47 -111.43
v -8.25 138.01 -111.38
v -8.49 137.58 -111.34
v -8.79 137.19 -111.30
v -9.13 136.85 -111.27
v -14.34 141.36 -111.72
v -14.58 140.93 -111.68
v -14.76 140.47 -111.63
v -14.87 139.98 -111.58
v -14.90 139.47 -111.53
v -14.87 138.96 -111.48
v -14.76 138.47 -111.43
v -14.58 138.01 -111.38
v -14.34 137.58 -111.34
v -14.05 137.19 -111.30
v -13.70 136.85 -111.27
v -9.52 136.56 -111.24
v -13.31 136.56 -111.24
v -9.95 136.32 -111.21
v -10.41 136.15 -111.20
v -10.90 136.04 -111.19
v -11.42 136.00 -111.18
v -11.93 136.04 -111.19
v -12.42 136.15 -111.20
v -12.89 136.32 -111.21
v -10.90 125.76 -110.15
v -11.93 125.76 -110.15
v -11.42 125.72 -110.15
v -10.41 125.86 -110.16
v -9.95 126.04 -110.18
v -12.42 125.86 -110.16
v -12.89 126.04 -110.18
v -9.52 126.28 -110.20
v -13.31 126.28 -110.20
v -13.70 126.57 -110.23
v -9.13 126.57 -110.23
v -14.05 126.91 -110.27
v -8.79 126.91 -110.27
v -8.49 127.30 -110.31
v -8.25 127.73 -110.35
v -8.08 128.19 -110.39
v -7.97 128.68 -110.44
v -7.93 129.19 -110.50
v -7.97 129.70 -110.55
v -8.08 130.19 -110.60
v -8.25 130.65 -110.64
v -8.49 131.08 -110.69
v -8.79 131.46 -110.72
v -9.13 131.81 -110.76
v -14.34 127.30 -110.31
v -14.58 127.73 -110.35
v -14.76 128.19 -110.39
v -14.87 128.68 -110.44
v -14.90 129.19 -110.50
v -14.87 129.70 -110.55
v -14.76 130.19 -110.60
v -14.58 130.65 -110.64
v -14.34 131.08 -110.69
v -14.05 131.46 -110.72
v -13.70 131.81 -110.76
v -9.52 132.10 -110.79
v -13.31 132.10 -110.79
v -12.89 132.33 -110.81
v -12.42 132.51 -110.83
v -11.93 132.62 -110.84
v -11.42 132.66 -110.84
v -10.90 132.62 -110.84
v -10.41 132.51 -110.83
v -9.95 132.33 -110.81
v -11.93 122.34 -109.81
v -10.90 122.34 -109.81
v -11.42 122.38 -109.81
v -10.41 122.23 -109.79
v -9.95 122.05 -109.78
v -12.42 122.23 -109.79
v -12.89 122.05 -109.78
v -13.31 121.82 -109.75
v -9.52 121.82 -109.75
v -13.70 121.52 -109.72
v -9.13 121.52 -109.72
v -8.79 121.18 -109.69
v -14.05 121.18 -109.69
v -8.49 120.79 -109.65
v -8.25 120.37 -109.61
v -8.08 119.91 -109.56
v -7.97 119.42 -109.51
v -7.93 118.91 -109.46
v -7.97 118.39 -109.41
v -8.08 117.90 -109.36
v -8.25 117.44 -109.31
v -8.49 117.02 -109.27
v -8.79 116.63 -109.23
v -9.13 116.29 -109.20
v -14.34 120.79 -109.65
v -14.58 120.37 -109.61
v -14.76 119.91 -109.56
v -14.87 119.42 -109.51
v -14.90 118.91 -109.46
v -14.87 118.39 -109.41
v -14.76 117.90 -109.36
v -14.58 117.44 -109.31
v -14.34 117.02 -109.27
v -14.05 116.63 -109.23
v -13.70 116.29 -109.20
v -9.52 116.00 -109.17
v -13.31 116.00 -109.17
v -9.95 115.76 -109.14
v -10.41 115.58 -109.13
v -10.90 115.47 -109.11
v -11.42 115.44 -109.11
v -11.93 115.47 -109.11
v -12.42 115.58 -109.13
v -12.89 115.76 -109.14
v -10.89 145.55 -111.95
v -11.92 145.55 -111.95
v -11.40 145.51 -111.94
v -12.41 145.66 -111.96
v -12.87 145.84 -111.97
v -10.40 145.66 -111.96
v -9.94 145.84 -111.97
v -13.30 146.07 -112.00
v -9.51 146.07 -112.00
v -13.69 146.36 -112.03
v -9.12 146.36 -112.03
v -14.04 146.71 -112.06
v -8.77 146.71 -112.06
v -8.48 147.09 -112.10
v -8.24 147.52 -112.14
v -8.06 147.98 -112.19
v -7.96 148.47 -112.24
v -7.92 148.98 -112.29
v -7.96 149.49 -112.34
v -8.06 149.98 -112.39
v -8.24 150.44 -112.44
v -8.48 150.87 -112.48
v -8.77 151.26 -112.52
v -9.12 151.60 -112.55
v -14.33 147.09 -112.10
v -14.57 147.52 -112.14
v -14.74 147.98 -112.19
v -14.85 148.47 -112.24
v -14.89 148.98 -112.29
v -14.85 149.49 -112.34
v -14.74 149.98 -112.39
v -14.57 150.44 -112.44
v -14.33 150.87 -112.48
v -14.04 151.26 -112.52
v -13.69 151.60 -112.55
v -9.51 151.89 -112.58
v -13.30 151.89 -112.58
v -12.87 152.13 -112.61
v -12.41 152.31 -112.63
v -11.92 152.41 -112.64
v -11.40 152.45 -112.64
v -10.89 152.41 -112.64
v -10.40 152.31 -112.63
v -9.94 152.13 -112.61
v -23.89 143.95 -111.98
v -24.91 143.95 -111.98
v -24.40 143.91 -111.98
v -23.39 144.06 -111.99
v -22.93 144.23 -112.01
v -25.41 144.06 -111.99
v -25.87 144.23 -112.01
v -22.50 144.47 -112.03
v -26.30 144.47 -112.03
v -22.11 144.76 -112.06
v -26.69 144.76 -112.06
v -27.03 145.10 -112.10
v -21.77 145.10 -112.10
v -21.47 145.49 -112.14
v -21.24 145.92 -112.18
v -21.06 146.38 -112.23
v -20.95 146.87 -112.28
v -20.91 147.38 -112.33
v -20.95 147.89 -112.38
v -21.06 148.38 -112.43
v -21.24 148.84 -112.47
v -21.47 149.27 -112.52
v -21.77 149.65 -112.56
v -22.11 150.00 -112.59
v -27.33 145.49 -112.14
v -27.56 145.92 -112.18
v -27.74 146.38 -112.23
v -27.85 146.87 -112.28
v -27.89 147.38 -112.33
v -27.85 147.89 -112.38
v -27.74 148.38 -112.43
v -27.56 148.84 -112.47
v -27.33 149.27 -112.52
v -27.03 149.65 -112.56
v -26.69 150.00 -112.59
v -26.30 150.29 -112.62
v -22.50 150.29 -112.62
v -25.87 150.53 -112.64
v -25.41 150.70 -112.66
v -24.91 150.81 -112.67
v -24.40 150.85 -112.68
v -23.89 150.81 -112.67
v -23.39 150.70 -112.66
v -22.93 150.53 -112.64
v -33.67 212.66 31.58
v -17.96 211.78 31.52
v -18.95 185.78 17.90
v -92.04 220.42 20.15
v -67.83 221.38 30.92
v -66.77 185.89 17.37
v -111.66 223.28 -25.02
v -107.58 218.46 6.21
v -104.87 185.86 -9.39
v -68.04 255.72 31.14
v -33.74 248.45 31.58
v -113.66 249.51 6.39
v -96.54 252.47 20.35
v -50.34 344.07 6.13
v -32.92 344.13 8.47
v -32.81 342.16 4.80
v -79.28 336.51 -28.24
v -79.60 339.81 -24.66
v -70.09 342.78 -5.03
v -69.72 340.88 -8.55
v -76.92 328.84 -6.01
v -49.99 342.12 2.50
v -35.45 312.80 13.71
v -63.53 348.99 -47.04
v -56.96 338.21 -61.57
v -55.50 338.66 -59.61
v -60.02 356.65 -15.53
v -62.62 354.28 -30.85
v -60.11 354.32 -30.90
v -30.79 360.68 -1.40
v -48.79 359.45 -5.01
v -45.66 359.47 -8.22
v -106.10 320.04 -4.55
v -74.58 308.87 14.04
v -81.58 329.20 -52.06
v -69.78 284.50 22.20
v -106.00 282.33 18.89
v -106.04 297.05 15.24
v -17.96 248.45 31.51
v -33.41 285.35 22.82
v -17.96 344.09 9.04
v -17.96 285.76 22.57
v -17.96 361.06 -0.81
v -28.84 360.71 -4.78
v -56.47 357.27 -18.08
v -61.05 347.96 -46.68
v -17.96 342.12 5.37
v -17.96 320.34 11.89
v -111.69 224.44 -44.17
v -108.78 185.91 -32.40
v -88.88 185.88 7.79
v -34.02 185.79 17.95
v -17.96 361.33 -4.26
v -108.81 185.92 -50.01
v -2.25 212.66 31.58
v 28.86 185.89 17.37
v 31.91 221.38 30.92
v 54.98 220.67 20.15
v 66.97 185.86 -9.39
v 71.66 218.46 6.21
v 75.74 223.28 -25.03
v -2.18 248.45 31.58
v 32.12 255.72 31.14
v 60.62 252.47 20.35
v 77.74 249.51 6.39
v -3.11 342.16 4.80
v -3.00 344.13 8.47
v 14.42 344.07 6.13
v 34.17 342.78 -5.03
v 43.67 339.81 -24.66
v 43.36 336.51 -28.24
v 41.00 328.84 -6.01
v 33.80 340.88 -8.55
v -0.47 312.80 13.71
v 14.07 342.12 2.50
v 19.58 338.66 -59.61
v 21.04 338.21 -61.57
v 27.61 348.99 -47.04
v 24.19 354.32 -30.90
v 26.70 354.28 -30.85
v 24.10 356.65 -15.53
v 9.74 359.47 -8.22
v 12.87 359.45 -5.01
v -5.13 360.68 -1.40
v 38.66 308.87 14.04
v 70.18 320.04 -4.55
v 45.66 329.20 -52.06
v 70.12 297.05 15.24
v 70.07 282.33 18.89
v 33.86 284.50 22.20
v -2.51 285.35 22.82
v -7.09 360.71 -4.78
v 20.55 357.27 -18.08
v 25.13 347.96 -46.68
v 70.88 185.91 -32.40
v 75.77 224.44 -44.17
v 50.98 185.88 7.78
v -3.89 185.79 17.95
v 70.91 185.92 -50.01
v -19.71 190.98 -117.26
v -17.96 206.39 -117.68
v -29.03 206.63 -117.33
v -116.64 209.26 -79.00
v -121.06 219.75 -46.84
v -112.90 162.64 -48.20
v -87.37 206.24 -111.30
v -107.42 206.82 -99.01
v -101.70 169.40 -98.46
v -54.17 206.38 -115.45
v -54.48 224.89 -115.75
v -87.95 318.42 -79.18
v -56.84 320.75 -83.66
v -59.25 333.80 -67.02
v -17.96 321.87 -85.50
v -56.03 301.95 -98.42
v -87.37 331.07 -63.79
v -109.29 164.87 -80.27
v -84.47 177.87 -110.57
v -54.83 187.37 -114.73
v -90.67 218.45 -111.41
v -88.62 235.62 -113.18
v -109.71 241.83 -96.80
v -54.90 243.53 -123.29
v -80.20 243.70 -118.99
v -107.95 271.20 -85.30
v -17.96 303.07 -99.62
v -55.34 278.22 -111.78
v -36.38 243.37 -124.82
v -90.31 278.19 -107.11
v -36.06 206.54 -117.55
v -21.59 260.24 -120.23
v -17.96 260.92 -120.12
v -17.96 278.15 -114.08
v -29.11 225.08 -119.30
v -17.96 243.70 -119.87
v -28.93 243.53 -119.96
v -89.13 300.07 -94.79
v -43.59 224.93 -117.15
v -43.56 206.61 -116.12
v -103.84 320.39 -48.40
v -105.60 308.63 -64.44
v -106.78 289.21 -77.65
v -117.95 233.77 -77.81
v -17.96 254.53 -117.61
v -43.73 235.57 -118.26
v -36.22 224.96 -120.92
v -17.96 225.20 -120.05
v -54.64 235.58 -117.14
v -6.89 206.63 -117.33
v 73.47 162.64 -48.20
v 85.14 219.75 -46.84
v 80.72 209.26 -79.00
v 62.27 169.40 -98.46
v 71.49 206.82 -99.01
v 51.45 206.24 -111.30
v 18.56 224.89 -115.75
v 18.25 206.38 -115.45
v 23.33 333.80 -67.02
v 20.92 320.75 -83.66
v 52.03 318.42 -79.18
v 20.11 301.95 -98.42
v 51.45 331.07 -63.79
v 69.86 164.87 -80.27
v 15.41 187.37 -114.73
v 45.05 177.87 -110.57
v 73.79 241.83 -96.80
v 52.70 235.62 -113.18
v 52.60 218.19 -111.42
v 42.00 243.70 -118.99
v 18.77 243.53 -123.29
v 72.03 271.20 -85.30
v 19.42 278.22 -111.78
v 0.46 243.37 -124.82
v 54.39 278.19 -107.11
v 0.14 206.54 -117.55
v -14.64 260.24 -120.23
v -6.99 243.53 -119.96
v -6.81 225.08 -119.30
v 53.21 300.07 -94.79
v 7.23 206.61 -116.12
v 7.67 224.93 -117.15
v 67.91 320.39 -48.40
v 70.86 289.21 -77.65
v 69.68 308.63 -64.44
v 82.03 233.77 -77.81
v 7.81 235.57 -118.26
v 0.30 224.96 -120.93
v 18.72 235.58 -117.14
v -103.96 164.37 -48.46
v -100.83 166.76 -78.06
v -93.63 171.36 -93.20
v -82.44 177.28 -101.49
v -53.39 186.66 -105.70
v -19.71 189.81 -107.33
v 61.40 166.76 -78.06
v 64.54 164.37 -48.46
v 43.02 177.28 -101.49
v 54.21 171.36 -93.20
v 13.97 186.66 -105.70
v 7.44 162.82 1.60
v 6.87 145.87 -5.56
v -14.02 146.72 -10.33
v 30.59 143.33 -8.21
v 34.54 161.40 -1.58
v 51.76 133.17 -22.00
v 59.10 162.25 -16.43
v 61.36 108.89 -34.73
v 65.03 161.68 -32.35
v 63.06 106.91 -45.87
v 64.75 160.84 -51.18
v 60.52 108.32 -57.55
v 59.67 161.12 -62.32
v 52.33 134.86 -73.19
v 22.40 162.25 -97.60
v 20.71 141.36 -91.50
v 2.35 162.25 -106.08
v 1.51 141.36 -98.13
v -21.08 162.53 -102.64
v -20.52 143.33 -95.47
v -37.74 143.05 -96.27
v -42.82 162.82 -103.70
v -67.95 140.23 -81.15
v -71.34 161.40 -88.31
v -84.61 134.86 -68.95
v -88.56 160.84 -71.34
v -101.27 104.65 -52.51
v -99.57 161.68 -40.83
v -97.31 106.06 -41.37
v -96.75 107.19 -30.76
v -97.88 162.25 -23.59
v -88.00 125.26 -18.29
v -65.41 162.82 3.46
v -64.28 142.48 -2.64
v -35.48 145.87 -2.38
v -30.96 163.10 4.26
v -12.61 163.66 2.40
v -93.08 161.68 -13.52
v -97.03 162.81 -56.48
v 48.66 162.25 -76.38
v -13.46 183.99 1.60
v 9.13 183.14 0.54
v 36.80 180.88 -1.31
v 63.90 180.88 -14.05
v 69.55 180.32 -31.02
v 63.34 183.14 -51.98
v 54.30 183.99 -66.30
v 44.99 184.55 -80.09
v 4.61 186.81 -106.88
v -17.98 187.94 -106.08
v -44.52 188.23 -102.90
v -73.03 186.53 -93.35
v -90.54 184.84 -72.13
v -96.47 183.99 -58.08
v -99.29 184.27 -41.90
v -100.14 182.58 -25.45
v -97.88 182.86 -12.45
v -68.51 186.53 5.58
v -33.22 185.40 3.73
v 24.38 185.97 -101.84
v -14.30 201.49 0.81
v 10.82 200.93 -0.52
v 67.86 200.36 -12.99
v 72.09 202.34 -31.29
v 60.23 203.75 -52.24
v 49.22 207.42 -70.54
v 44.42 209.40 -83.27
v 26.07 210.81 -106.88
v 5.18 211.38 -110.59
v -20.23 211.66 -106.88
v -47.34 213.35 -106.88
v -76.98 211.10 -96.01
v -91.67 207.14 -74.26
v -95.90 205.73 -58.87
v -98.72 205.73 -42.96
v -103.52 204.60 -23.33
v -70.77 201.49 5.32
v -34.07 201.49 3.19
v -102.96 204.04 -12.45
v 37.65 200.36 -2.38
v -15.15 224.08 17.81
v 12.24 225.49 17.28
v 40.19 224.08 15.15
v 70.40 222.67 9.05
v 72.37 225.21 -15.88
v 60.23 230.01 -53.57
v 55.43 236.50 -76.91
v 50.35 237.07 -92.82
v 29.18 239.89 -105.29
v 7.72 241.59 -109.27
v -20.80 238.20 -107.15
v -49.03 238.76 -106.62
v -77.83 237.35 -97.86
v -97.03 231.42 -62.05
v -97.03 231.14 -45.87
v -106.63 226.34 -3.15
v -104.09 226.06 9.85
v -72.75 227.47 23.64
v -34.63 225.21 21.26
v -16.56 257.96 19.13
v 15.34 255.70 18.07
v 44.99 257.40 14.36
v 74.63 255.14 8.26
v 63.34 257.12 -55.16
v 64.47 262.48 -84.87
v 30.30 268.13 -97.86
v 9.41 268.69 -99.98
v -19.95 267.84 -100.78
v -51.29 267.28 -99.98
v -78.40 267.00 -91.23
v -102.11 264.17 -79.83
v -98.72 254.86 -45.34
v -110.58 255.14 0.30
v -108.04 255.70 13.30
v -75.86 255.42 24.17
v -36.04 257.12 21.52
v -104.94 263.33 -71.34
v 53.17 265.02 -91.50
v 76.61 255.14 -15.08
v 17.60 286.20 14.89
v 46.12 286.76 11.44
v 75.76 285.63 2.42
v 87.90 281.68 -10.04
v 47.53 281.40 -53.57
v 67.86 280.27 -86.46
v 55.72 283.37 -88.58
v 34.26 283.94 -88.84
v 10.54 287.04 -92.82
v -20.52 285.07 -91.23
v -51.86 285.91 -90.97
v -103.81 285.35 -76.91
v -110.30 284.22 -73.46
v -83.76 276.60 -46.14
v -115.10 283.37 1.10
v -110.87 286.48 8.26
v -77.55 287.33 17.54
v -16.00 285.91 16.48
v -38.30 287.89 19.13
v -77.55 282.81 -82.48
v -14.87 305.11 11.44
v 18.73 304.27 9.85
v 46.96 305.96 5.08
v 79.43 301.73 -6.86
v 50.92 299.47 -53.83
v 72.94 292.97 -82.21
v 61.36 296.08 -83.27
v 36.52 295.51 -81.95
v 11.11 297.21 -84.87
v -20.23 294.10 -83.80
v -52.70 296.36 -82.48
v -80.09 293.26 -75.32
v -104.37 296.64 -74.52
v -112.56 295.51 -71.87
v -85.74 297.77 -45.34
v -119.90 297.21 -2.88
v -112.84 300.03 2.69
v -78.11 303.98 11.44
v -41.69 305.96 13.56
v 89.03 298.05 -16.41
v -14.87 321.21 1.36
v 16.75 324.60 -2.88
v 48.09 321.77 -12.17
v 74.91 314.43 -47.47
v 85.08 309.63 -57.28
v 65.88 309.07 -73.73
v 39.62 307.09 -70.54
v 13.36 310.20 -81.15
v -21.93 303.98 -79.56
v -52.42 307.94 -75.58
v -82.07 307.65 -65.50
v -105.78 311.32 -62.58
v -113.97 313.30 -12.70
v -81.50 320.08 -2.09
v -41.41 323.47 3.22
v -124.42 309.91 -46.14
v -15.72 327.98 -5.53
v 15.62 329.68 -9.78
v 46.96 329.11 -51.71
v 15.91 318.67 -75.32
v -17.98 307.09 -75.05
v -51.01 316.41 -69.75
v -85.17 325.72 -46.67
v -44.52 331.37 -7.39
v -14.87 330.52 -8.72
v 10.82 338.43 -51.45
v -20.52 321.49 -67.62
v -45.93 339.84 -48.53
v -87.96 88.65 -88.27
v -89.36 62.24 -87.97
v -74.71 59.40 -96.57
v -47.64 -3.55 -93.35
v -37.36 -4.81 -96.33
v -40.26 12.50 -100.90
v -22.31 -31.18 -82.30
v -30.96 -29.06 -81.28
v -29.32 -31.78 -74.77
v -17.96 88.65 -108.73
v -31.25 88.65 -107.94
v -30.75 55.17 -107.98
v -17.96 54.67 -108.68
v -28.73 30.32 -106.08
v -17.96 10.94 -103.43
v -27.28 11.49 -102.75
v -24.74 -5.65 -98.46
v -17.96 29.58 -106.96
v -66.82 34.23 -95.42
v -98.70 88.65 -74.80
v -17.96 -31.55 -82.80
v -21.84 -33.93 -75.63
v -57.68 32.61 -100.32
v -63.50 57.68 -101.59
v -34.71 -19.56 -91.14
v -23.67 -20.90 -93.28
v -17.96 -21.06 -94.11
v -22.85 -27.24 -88.54
v -75.65 88.65 -97.20
v -100.63 67.33 -73.08
v -17.96 -6.01 -99.06
v -17.96 -27.46 -89.23
v -46.87 55.96 -106.16
v -42.80 31.09 -104.30
v -47.43 88.65 -107.28
v -104.90 88.65 -48.41
v -106.34 68.80 -48.32
v -63.99 88.65 -102.59
v -54.99 14.50 -97.09
v -26.87 -33.96 -60.43
v -32.78 -25.41 -86.82
v -17.96 -34.28 -76.04
v -21.59 -35.57 -60.50
v -17.96 -35.90 -60.56
v -39.18 -23.33 -84.32
v -42.85 -17.73 -88.62
v -33.55 -29.37 -73.45
v -36.65 -26.78 -79.74
v 38.79 59.40 -96.57
v 53.44 62.24 -87.97
v 52.04 88.65 -88.27
v 4.34 12.50 -100.91
v 1.44 -4.81 -96.33
v 11.72 -3.55 -93.35
v -6.60 -31.78 -74.77
v -4.96 -29.06 -81.28
v -13.61 -31.18 -82.30
v -5.17 55.17 -107.98
v -4.67 88.65 -107.94
v -7.19 30.32 -106.08
v -11.18 -5.65 -98.46
v -8.64 11.49 -102.75
v 30.89 34.23 -95.42
v 62.77 88.65 -74.80
v -14.09 -33.93 -75.63
v 27.58 57.68 -101.59
v 21.76 32.61 -100.32
v -12.25 -20.90 -93.28
v -1.21 -19.56 -91.14
v -13.07 -27.24 -88.54
v 39.73 88.65 -97.20
v 64.71 67.33 -73.08
v 6.88 31.09 -104.30
v 10.95 55.96 -106.16
v 11.51 88.65 -107.28
v 70.41 68.80 -48.32
v 68.98 88.65 -48.41
v 28.07 88.65 -102.59
v 19.07 14.50 -97.09
v -9.05 -33.96 -60.43
v -3.15 -25.41 -86.82
v -14.33 -35.57 -60.50
v 3.26 -23.33 -84.32
v 6.93 -17.73 -88.62
v -2.38 -29.37 -73.45
v 0.73 -26.78 -79.74
v -109.95 44.55 -46.81
v -112.40 19.01 -47.15
v -113.67 18.86 -48.39
v -39.27 -34.94 -0.37
v -23.62 -32.79 -24.15
v -41.58 -44.69 0.25
v -67.61 -34.98 5.21
v -64.74 -8.62 20.07
v -101.86 -14.68 -21.15
v -88.24 -26.17 -0.99
v -90.00 -40.15 -5.08
v -90.32 88.65 -23.73
v -65.62 88.65 -11.29
v -92.42 64.48 -7.07
v -65.15 58.28 9.68
v -64.49 22.68 22.86
v -93.89 30.85 4.54
v -17.96 88.65 -5.04
v -17.96 54.32 17.32
v -39.06 54.32 18.76
v -40.62 20.57 28.49
v -92.13 -2.82 5.37
v -100.66 67.51 -23.02
v -106.34 68.80 -48.32
v -104.90 88.65 -48.41
v -97.61 88.65 -47.20
v -39.62 -10.38 20.84
v -17.96 21.86 26.47
v -113.44 -0.02 -47.46
v -114.71 -0.13 -48.69
v -68.51 -43.64 5.96
v -17.96 -32.21 -2.07
v -17.96 -32.56 -24.18
v -109.21 8.96 -21.83
v -17.96 -8.88 17.69
v -109.48 38.06 -22.07
v -104.12 68.58 -47.09
v -43.55 88.65 -6.31
v -111.19 44.41 -48.05
v 77.75 18.86 -48.39
v 76.48 19.01 -47.15
v 74.02 44.55 -46.81
v 5.66 -44.69 0.25
v -12.30 -32.79 -24.15
v 3.35 -34.94 -0.37
v 28.82 -8.62 20.07
v 31.69 -34.98 5.21
v 54.08 -40.15 -5.08
v 52.32 -26.17 -0.99
v 65.94 -14.68 -21.15
v 56.50 64.48 -7.07
v 29.70 88.65 -11.29
v 54.40 88.65 -23.73
v 57.97 30.85 4.54
v 28.57 22.68 22.86
v 29.23 58.28 9.68
v 3.13 54.32 18.76
v 4.70 20.57 28.49
v 56.21 -2.82 5.37
v 64.74 67.51 -23.02
v 61.69 88.65 -47.20
v 68.98 88.65 -48.41
v 70.41 68.80 -48.32
v 3.70 -10.38 20.84
v 78.79 -0.13 -48.69
v 77.52 -0.02 -47.46
v 32.59 -43.64 5.96
v 73.29 8.96 -21.83
v 73.56 38.06 -22.07
v 68.20 68.58 -47.09
v 7.63 88.65 -6.31
v 75.27 44.41 -48.05
v 5.49 117.12 -98.68
v 7.30 151.00 -97.89
v -18.50 150.72 -99.03
v 28.82 117.12 -88.42
v 25.32 151.56 -84.84
v 52.84 119.94 -66.87
v 40.67 153.26 -64.18
v 43.05 118.81 -44.61
v 36.06 149.59 -47.79
v 34.08 151.85 -35.12
v 51.27 121.64 -28.16
v 25.07 154.95 -19.68
v 30.86 120.51 -12.71
v 5.63 154.95 -16.00
v 4.22 120.23 -9.60
v -17.37 154.11 -19.59
v -19.03 121.92 -12.90
v -46.68 161.73 -15.08
v -70.71 123.33 -9.49
v -63.35 156.36 -20.31
v -77.46 152.69 -27.69
v -89.28 124.46 -22.46
v -72.25 147.89 -48.04
v -78.76 118.53 -43.54
v -77.63 152.41 -70.83
v -87.22 123.61 -65.90
v -65.09 150.72 -83.39
v -70.09 122.48 -86.58
v -43.04 149.02 -97.24
v -43.46 117.40 -96.15
v -20.19 117.68 -98.80
v -42.81 121.92 -7.60
v 4.02 92.27 -101.06
v 30.57 93.40 -88.14
v 58.65 95.66 -68.18
v 64.93 97.07 -40.87
v 58.71 95.10 -23.74
v 32.40 93.97 -11.89
v 6.78 95.38 -13.83
v -20.39 95.66 -14.53
v -45.49 97.07 -12.66
v -91.49 99.05 -19.84
v -101.59 101.31 -43.79
v -95.82 98.77 -66.28
v -71.63 95.94 -85.34
v -41.71 92.84 -100.01
v -17.68 91.71 -99.40
v -70.91 96.51 -11.01
v 4.44 66.86 -98.02
v 33.20 67.43 -89.79
v 60.12 71.38 -67.86
v 69.27 72.79 -42.49
v 61.72 70.53 -22.60
v 37.11 71.10 -6.59
v 7.22 69.40 -6.40
v -19.66 67.43 -11.27
v -46.03 67.43 -8.19
v -70.12 69.69 -5.17
v -94.40 68.84 -14.01
v -107.33 70.53 -41.98
v -96.73 69.69 -62.54
v -73.41 69.69 -85.87
v -41.29 68.56 -99.03
v -18.18 66.86 -98.82
v 5.42 36.93 -99.18
v 38.62 36.37 -91.82
v 68.51 40.04 -69.01
v 75.98 41.45 -41.34
v 67.31 40.89 -21.29
v 38.88 41.73 0.15
v 6.50 38.91 3.01
v -41.36 38.35 0.99
v -69.96 39.48 4.37
v -98.33 39.76 -9.35
v -111.25 43.43 -39.37
v -106.76 38.06 -65.05
v -78.37 37.78 -88.82
v -40.70 37.22 -98.85
v -17.03 36.93 -98.71
v -21.10 35.52 -7.19
v 4.36 10.96 -96.46
v 41.56 11.81 -91.18
v 71.20 7.85 -66.01
v 67.03 8.42 -21.25
v 39.83 9.27 -1.27
v 6.53 11.52 5.33
v -21.27 11.81 -8.46
v -40.21 10.68 3.16
v -68.32 9.27 5.95
v -96.89 9.83 -9.28
v -111.63 11.81 -38.03
v -108.97 12.09 -62.43
v -80.05 10.96 -88.59
v -39.03 10.68 -94.95
v -16.82 11.24 -97.19
v 74.44 8.42 -40.09
v -18.46 -11.91 -79.91
v 3.85 -13.60 -79.33
v 38.20 -18.12 -73.93
v 60.79 -13.32 -54.52
v 58.20 -13.60 -29.61
v 39.74 -10.78 -8.24
v 2.42 -5.70 0.20
v -21.48 2.21 -9.98
v -38.56 -8.24 -1.46
v -68.62 -10.50 -2.53
v -90.37 -14.17 -19.99
v -97.00 -15.30 -49.84
v -78.74 -15.86 -74.81
v -37.30 -13.32 -80.19
v -98.77 -13.32 -37.71
v 60.49 -13.32 -40.00
v -18.74 -15.86 -58.94
v 1.54 -25.46 -60.67
v 35.56 -28.57 -41.01
v 2.03 -23.77 -17.32
v -20.98 -11.91 -18.84
v -36.75 -21.51 -15.40
v -72.97 -29.42 -36.57
v -38.14 -26.03 -59.14
v -19.70 -18.12 -47.18
v -0.20 -26.59 -46.22
v -0.71 -27.72 -33.23
v -21.27 -18.12 -31.46
v -35.82 -27.44 -29.48
v -36.45 -28.29 -46.71
v -22.06 -17.84 -39.37
v -25.29 -0.71 -105.26
v -50.17 69.16 -113.22
v -35.89 -4.59 -104.81
v -35.89 -3.66 -96.65
v -50.17 70.09 -105.05
v -25.29 0.22 -97.09
v -17.66 0.22 -97.09
v -17.66 -0.71 -105.26
v -10.63 0.22 -97.09
v -10.63 -0.71 -105.26
v -0.03 -3.66 -96.65
v -0.03 -4.59 -104.81
v 14.35 70.09 -105.05
v 14.35 69.16 -113.22
v -10.71 67.47 -113.02
v -14.22 67.47 -113.02
v -10.71 -0.18 -105.32
v -25.28 67.47 -113.02
v -21.77 67.47 -113.02
v -25.28 -0.18 -105.32
v -14.22 -0.18 -105.32
v -21.77 -0.18 -105.32
v -10.71 67.68 -111.15
v -14.22 0.03 -103.45
v -10.71 0.03 -103.45
v -14.22 67.68 -111.15
v -21.77 67.68 -111.15
v -25.28 0.03 -103.45
v -21.77 0.03 -103.45
v -25.28 67.68 -111.15
v -135.17 220.31 2.04
v -152.47 221.59 -1.18
v -145.89 264.26 0.15
v -128.59 263.00 3.59
v -167.14 222.44 -10.43
v -160.56 265.11 -9.70
v -176.94 222.75 -24.29
v -170.36 265.42 -24.47
v -173.74 265.18 -34.65
v -180.30 222.59 -34.05
v -178.22 265.10 -48.02
v -185.12 223.00 -34.94
v -185.12 222.71 -46.47
v -180.30 222.03 -47.77
v -170.36 264.31 -59.29
v -173.74 264.62 -49.27
v -176.94 221.62 -56.97
v -167.14 220.37 -70.76
v -160.56 263.06 -73.98
v -152.47 218.89 -79.92
v -145.89 261.57 -83.73
v -135.17 217.38 -83.07
v -128.59 260.08 -87.09
v -112.89 260.44 -87.11
v -110.90 282.18 -85.04
v -126.73 281.84 -85.02
v -109.20 300.82 -76.02
v -125.16 300.49 -76.01
v -108.07 313.56 -61.26
v -124.11 313.24 -61.25
v -124.62 316.58 -50.61
v -108.25 316.91 -50.62
v -108.05 321.38 -49.29
v -125.34 321.34 -36.42
v -125.34 321.05 -49.29
v -108.25 317.46 -35.29
v -124.11 314.36 -24.77
v -124.62 317.14 -35.29
v -108.07 314.67 -24.77
v -109.20 302.89 -9.37
v -125.16 302.57 -9.37
v -110.90 284.87 0.54
v -126.73 284.52 0.53
v -112.89 263.36 3.59
v -119.14 220.64 2.04
v -149.65 219.47 -40.61
v -119.14 217.72 -83.09
v -133.49 280.72 -84.94
v -139.51 276.46 -84.67
v -143.86 269.73 -84.25
v -137.65 298.43 -75.89
v -148.77 290.58 -75.46
v -156.81 278.16 -74.79
v -140.43 310.52 -61.14
v -154.95 300.28 -60.71
v -165.46 284.04 -60.06
v -133.57 315.84 -50.57
v -135.24 320.21 -49.25
v -144.01 318.26 -36.38
v -144.00 317.94 -49.21
v -149.95 308.97 -50.39
v -141.96 313.71 -50.53
v -152.87 312.81 -49.07
v -160.61 306.54 -36.22
v -160.61 306.23 -48.93
v -163.24 294.91 -50.02
v -157.38 302.82 -50.24
v -167.18 297.65 -48.72
v -172.63 287.97 -35.99
v -172.63 287.68 -48.51
v -171.42 275.80 -49.53
v -168.54 285.57 -49.79
v -175.99 277.10 -48.26
v -178.22 265.41 -35.74
v -133.57 316.42 -35.27
v -140.43 311.65 -24.75
v -141.96 314.28 -35.25
v -149.95 309.53 -35.18
v -154.95 301.41 -24.68
v -157.38 303.40 -35.11
v -163.25 295.48 -35.00
v -165.46 285.18 -24.58
v -168.54 286.16 -34.89
v -171.42 276.38 -34.77
v -137.65 300.50 -9.39
v -148.77 292.65 -9.45
v -156.81 280.24 -9.56
v -133.49 283.42 0.51
v -139.51 279.16 0.44
v -143.86 272.45 0.31
v -108.05 321.69 -36.42
v -135.24 320.50 -36.40
v -152.87 313.11 -36.30
v -167.18 297.97 -36.10
v -175.99 277.40 -35.87
v -179.73 137.29 -34.08
v -176.81 137.21 -23.57
v -154.01 136.14 -40.10
v -172.85 136.62 -53.64
v -176.86 136.94 -46.46
v -155.93 135.32 -66.96
v -164.25 136.01 -62.82
v -133.88 133.12 -59.67
v -144.63 134.27 -67.53
v -129.39 132.42 -35.31
v -129.53 132.47 -47.44
v -145.95 134.23 -15.55
v -135.08 133.14 -21.88
v -163.45 136.09 -12.07
v -152.78 135.04 -11.73
v -146.76 212.69 -6.62
v -139.27 212.04 -11.54
v -173.14 215.01 -21.89
v -158.48 213.72 -7.08
v -182.65 137.03 -45.06
v -173.20 215.03 -48.19
v -179.07 215.09 -46.63
v -159.36 213.82 -71.32
v -168.81 214.64 -60.57
v -137.82 211.92 -77.42
v -150.23 213.01 -76.66
v -121.23 210.45 -52.62
v -126.02 210.88 -67.29
v -127.34 210.98 -19.68
v -121.07 210.43 -36.98
v -176.36 215.31 -34.47
v -179.86 215.17 -35.51
v -183.37 137.12 -35.02
v -108.97 276.58 -20.37
v -104.36 273.45 -42.78
v -115.91 252.69 -46.36
v -115.87 287.77 -60.33
v -134.15 272.27 -72.35
v -122.01 302.05 -43.76
v -152.22 290.17 -50.90
v -114.98 297.06 -26.86
v -149.41 285.45 -17.12
v -124.35 257.77 -17.12
v -132.68 238.52 -17.12
v -123.51 231.68 -47.66
v -143.66 243.77 -70.40
v -166.28 248.36 -51.55
v -160.84 244.89 -15.82
v -125.67 194.49 -44.73
v -148.00 199.05 -71.05
v -167.14 200.60 -16.10
v -134.49 193.65 -17.68
v -172.97 202.00 -50.26
v -138.11 155.69 -19.30
v -130.86 154.08 -44.08
v -153.61 156.69 -68.12
v -173.45 160.93 -47.33
v -167.57 159.60 -18.42
v -142.97 111.87 -22.31
v -137.08 106.66 -50.90
v -158.07 131.82 -57.08
v -176.21 115.22 -48.96
v -166.91 113.44 -23.29
v -166.47 10.03 -77.39
v -172.44 9.16 -71.62
v -158.52 5.99 -61.22
v -151.14 9.46 -79.28
v -159.99 10.12 -79.91
v -141.17 5.36 -65.40
v -144.28 7.54 -74.59
v -145.14 1.77 -46.04
v -141.06 3.47 -56.25
v -160.30 1.34 -38.01
v -151.97 1.49 -39.95
v -174.76 4.73 -46.80
v -168.79 2.09 -40.79
v -176.07 8.32 -64.31
v -179.59 7.94 -63.94
v -136.68 127.97 -20.27
v -145.01 128.79 -13.57
v -155.27 129.73 -37.98
v -131.04 127.66 -45.79
v -130.89 127.59 -33.69
v -146.33 128.93 -65.89
v -135.46 128.05 -58.00
v -166.09 130.44 -61.22
v -157.73 129.81 -65.34
v -178.72 131.34 -44.67
v -173.55 131.07 -54.00
v -175.08 131.21 -17.47
v -179.97 131.50 -31.42
v -154.55 129.31 -10.07
v -165.28 130.14 -10.38
v -183.16 131.45 -44.14
v -184.46 131.45 -32.21
v -176.82 6.76 -55.74
v -179.98 6.34 -56.58
v -154.24 157.13 -49.37
v -165.34 150.54 -55.44
v -147.68 155.09 -57.57
v -163.83 149.76 -45.25
v -146.16 154.14 -43.96
v -147.68 130.60 -55.13
v -143.39 146.23 -33.61
v -167.87 143.61 -39.57
v -166.10 142.95 -58.19
v -147.42 142.12 -60.56
v -167.62 131.50 -49.05
v -161.31 144.80 -35.74
v -139.09 142.91 -45.06
v -148.18 123.94 -60.64
v -133.04 121.68 -45.73
v -141.87 122.67 -29.65
v -161.56 122.00 -28.86
v -179.48 124.52 -41.46
v -170.90 124.89 -57.12
v -165.34 124.16 -58.05
v -135.56 90.35 -49.68
v -141.11 88.73 -31.00
v -160.80 91.31 -24.75
v -179.98 94.62 -43.26
v -167.36 94.54 -64.11
v -149.44 93.14 -64.25
v -153.99 64.73 -68.76
v -140.10 61.63 -53.94
v -143.39 59.97 -34.98
v -162.06 60.76 -28.05
v -178.47 65.32 -45.30
v -169.63 64.64 -65.92
v -144.65 24.58 -57.59
v -148.94 22.68 -38.94
v -163.83 24.40 -34.77
v -170.39 28.59 -66.33
v -155.25 26.28 -68.27
v -176.96 27.34 -50.47
v -160.04 17.44 -68.57
v -152.22 14.62 -58.00
v -156.76 13.55 -43.55
v -169.38 14.17 -41.78
v -176.20 15.93 -55.02
v -170.64 19.61 -67.79
v 11.64 -477.40 24.71
v 17.70 -477.40 32.53
v 35.33 -477.40 -7.07
v 77.03 -471.10 -87.40
v 74.68 -470.84 -87.44
v 73.25 -469.93 -97.92
v 69.18 -468.79 -112.43
v 67.08 -468.51 -111.38
v 58.67 -467.00 -124.55
v 48.47 -466.21 -130.79
v 59.78 -467.18 -126.54
v 10.03 -471.15 -97.40
v 12.40 -470.70 -97.16
v 11.58 -470.89 -81.72
v 18.38 -462.73 -35.96
v 20.65 -464.05 -46.36
v 20.34 -462.14 -36.46
v 6.94 -462.55 -8.99
v 9.86 -462.16 -18.36
v 9.43 -462.00 -8.26
v 8.15 -464.16 16.23
v 11.23 -463.70 15.56
v 14.14 -464.37 23.54
v 31.79 -465.81 36.60
v 31.22 -465.14 33.68
v 37.82 -464.85 31.68
v 49.38 -464.39 19.24
v 46.57 -463.78 17.79
v 49.42 -463.52 6.87
v 51.67 -464.18 -7.17
v 53.99 -465.53 -18.09
v 55.06 -464.55 -6.56
v 76.66 -471.78 -76.49
v 73.76 -472.09 -60.87
v 71.60 -471.70 -61.87
v 74.84 -476.38 -98.75
v 68.78 -475.54 -112.21
v 40.37 -476.38 -111.42
v 49.16 -477.40 19.13
v 51.83 -477.40 7.85
v 59.66 -474.74 -126.10
v 31.83 -477.40 36.27
v 24.39 -477.40 35.68
v 24.68 -475.98 -125.42
v 34.93 -474.41 -132.79
v 34.55 -466.45 -133.00
v 14.48 -477.40 -64.69
v 9.71 -476.99 -81.51
v 9.37 -471.52 -81.67
v 10.11 -477.40 -18.03
v 14.21 -477.40 -27.31
v 14.09 -462.13 -27.64
v 8.49 -477.40 16.03
v 6.13 -477.40 6.02
v 75.27 -470.08 -98.74
v 76.69 -476.95 -87.29
v 66.67 -470.95 -45.60
v 66.20 -477.40 -45.46
v 59.46 -477.40 -29.94
v 45.06 -477.40 28.07
v 12.11 -461.53 -18.37
v 16.72 -461.44 -27.86
v 3.08 -453.34 -25.33
v 6.15 -451.18 -39.48
v 59.64 -468.08 -30.11
v 57.12 -467.80 -30.92
v 65.04 -470.83 -48.02
v 45.21 -465.04 28.35
v 39.23 -477.40 33.67
v 56.57 -477.40 -18.47
v 76.26 -477.24 -76.22
v 7.87 -477.40 -8.54
v 19.05 -477.40 -45.75
v 14.16 -469.63 -65.08
v 14.37 -477.16 -111.22
v 24.38 -468.11 -125.42
v 17.19 -465.58 32.69
v 49.38 -474.14 -132.25
v 73.42 -477.20 -61.08
v 56.95 -465.98 -18.82
v 52.09 -464.06 7.95
v 39.43 -465.59 33.96
v 42.68 -464.43 26.71
v 11.30 -464.90 24.80
v 18.99 -464.79 30.14
v 9.04 -462.84 4.00
v 16.41 -469.01 -64.99
v 35.41 -466.19 -130.97
v 25.64 -467.79 -123.79
v 18.81 -477.40 -35.45
v 49.10 -466.29 -132.53
v 14.17 -470.02 -111.31
v 16.18 -469.41 -110.44
v 18.64 -464.56 -46.30
v 24.35 -465.81 35.90
v 24.78 -465.00 32.92
v 74.43 -471.48 -76.87
v 53.76 -477.40 -6.49
v 10.25 -477.37 -97.31
v 5.92 -463.44 5.83
v 65.81 -460.74 -37.64
v 67.86 -452.05 -46.57
v 73.67 -456.20 -55.92
v 66.58 -466.49 -50.27
v 38.14 -452.27 34.97
v 39.86 -434.68 25.04
v 43.62 -448.84 28.18
v 46.64 -443.60 18.90
v 50.22 -436.82 5.76
v 53.83 -450.30 1.63
v 48.56 -425.83 6.57
v 43.34 -389.08 1.81
v 44.98 -387.69 -6.01
v 54.73 -455.93 -2.97
v 55.76 -439.54 -11.63
v 60.62 -447.74 -19.95
v 76.74 -459.35 -65.32
v 77.47 -462.49 -77.31
v 76.47 -463.59 -88.09
v 60.04 -439.84 -46.17
v 63.95 -444.26 -53.88
v 47.09 -419.83 -26.09
v 49.91 -426.19 -32.39
v 53.29 -431.82 -22.14
v 44.67 -412.82 -21.53
v 42.83 -384.94 -21.33
v 40.22 -383.89 -27.11
v 68.95 -447.82 -61.37
v 57.43 -438.23 -60.79
v 73.53 -457.88 -100.42
v 75.43 -455.26 -88.94
v 66.55 -449.19 -91.40
v 15.01 -453.77 31.94
v 24.26 -453.96 35.75
v 14.00 -437.17 28.58
v 8.86 -450.40 22.93
v 8.30 -390.10 7.59
v 4.08 -431.20 13.65
v 2.99 -426.05 3.44
v 1.65 -450.80 -7.85
v 0.04 -434.32 -7.49
v 0.73 -440.22 2.80
v 7.83 -388.65 -0.61
v 2.23 -421.35 -6.13
v 15.10 -460.87 -51.44
v 2.93 -417.01 -15.28
v 0.40 -428.73 -17.17
v 3.92 -422.61 -26.19
v 23.56 -460.56 -122.96
v 34.82 -460.78 -131.06
v 34.25 -454.82 -128.72
v 13.54 -459.32 -99.37
v 16.95 -448.47 -100.82
v 13.62 -445.95 -91.93
v 9.60 -456.33 -77.04
v 7.80 -446.99 -54.31
v 12.63 -456.56 -44.58
v 2.16 -445.53 -33.61
v 5.49 -442.63 -47.92
v 4.79 -437.08 -42.09
v 5.09 -413.70 -23.02
v 7.93 -418.19 -33.04
v 45.02 -423.29 -38.27
v 44.00 -416.48 -31.95
v 38.43 -414.50 -35.81
v 53.53 -434.16 -52.27
v 44.37 -430.47 -55.63
v 64.91 -446.73 -81.71
v 53.99 -443.52 -84.82
v 35.67 -408.29 -31.73
v 35.70 -383.35 -30.10
v 31.51 -382.70 -33.64
v 49.83 -438.23 -70.28
v 47.19 -435.33 -63.57
v 37.86 -433.58 -65.12
v 56.90 -449.86 -105.84
v 55.54 -445.73 -94.20
v 44.25 -445.13 -96.29
v 7.73 -452.45 -61.85
v 12.05 -443.88 -81.97
v 6.32 -427.14 -37.93
v 9.13 -429.14 -49.30
v 8.08 -410.87 -29.71
v 12.93 -414.44 -38.12
v 13.70 -407.97 -35.31
v 19.10 -420.24 -46.82
v 20.33 -412.61 -40.49
v 15.98 -425.32 -53.82
v 10.19 -422.66 -44.10
v 16.15 -434.18 -65.51
v 10.28 -439.64 -61.69
v 9.86 -442.21 -70.12
v 21.52 -445.38 -99.79
v 20.46 -442.64 -92.17
v 33.22 -444.48 -98.21
v 15.58 -429.87 -57.55
v 27.54 -432.61 -65.80
v 30.86 -406.98 -34.95
v 26.93 -382.54 -34.51
v 35.69 -428.95 -56.78
v 33.22 -448.43 -109.58
v 34.07 -451.74 -123.31
v 46.06 -452.77 -122.07
v 27.88 -436.99 -73.85
v 30.17 -439.47 -82.06
v 40.47 -440.32 -80.19
v 45.15 -449.06 -107.94
v 25.99 -424.39 -54.00
v 34.39 -425.30 -52.10
v 34.97 -420.31 -45.66
v 34.31 -412.90 -38.41
v 26.14 -406.58 -36.11
v 27.39 -419.53 -47.32
v 27.44 -412.36 -39.71
v 26.26 -428.06 -57.86
v 18.76 -440.48 -83.07
v 31.14 -441.60 -90.66
v 29.81 -453.04 -123.43
v 16.82 -436.72 -73.85
v 9.37 -435.60 -53.56
v 13.37 -383.34 -30.16
v 65.93 -452.20 -103.73
v 55.89 -453.24 -118.26
v 52.34 -440.69 -77.83
v 39.38 -437.66 -71.95
v 41.93 -426.55 -50.02
v 40.04 -421.61 -42.78
v 61.03 -441.33 -67.38
v 10.50 -384.84 -21.90
v 1.34 -438.66 -31.43
v 11.38 -458.08 -87.62
v 16.70 -459.35 -110.88
v 48.31 -461.86 -131.01
v 8.09 -386.03 -15.32
v 2.07 -446.86 -22.33
v 7.26 -387.42 -7.54
v 4.38 -446.82 15.11
v 22.99 -437.79 31.88
v 13.14 -392.36 20.58
v 61.70 -455.10 -115.88
v 59.91 -462.23 -125.23
v 66.81 -460.54 -113.23
v 76.59 -453.33 -79.10
v 47.79 -416.60 -12.70
v 74.03 -466.02 -98.52
v 49.56 -420.81 -3.85
v 44.19 -386.30 -13.82
v 62.44 -455.76 -28.50
v 56.02 -460.03 -8.79
v 43.90 -431.13 17.24
v 36.68 -391.76 17.11
v 36.78 -436.84 30.86
v 31.61 -453.02 36.58
v 46.90 -455.78 -128.26
v 27.02 -392.92 23.86
v 29.04 -437.55 31.89
v 53.27 -430.64 -6.41
v 49.96 -424.73 -16.40
v 63.78 -446.76 -38.92
v 73.89 -450.16 -69.46
v 54.73 -432.34 -39.93
v 7.76 -434.26 20.95
v 0.26 -440.48 -19.64
v 1.72 -433.16 -29.20
v 22.30 -450.11 -111.40
v 41.22 -410.11 -27.73
v 49.03 -429.11 -45.59
v 63.35 -443.57 -74.24
v 42.43 -442.47 -88.40
v 19.39 -406.49 -37.22
v 22.16 -382.45 -35.00
v 17.24 -382.72 -33.54
v 55.81 -456.67 -123.93
v 10.90 -391.33 14.65
v 58.28 -439.49 -30.39
v 40.31 -390.58 10.38
v 33.31 -392.59 21.93
v 22.29 -392.85 23.43
v -167.91 8.05 -38.70
v -164.75 7.46 -35.98
v -168.60 -0.28 -37.39
v -148.58 2.73 -50.72
v -150.02 1.52 -45.11
v -151.16 9.46 -44.97
v -162.74 8.00 -74.92
v -149.84 7.69 -73.27
v -150.93 14.74 -69.20
v -172.00 4.43 -58.84
v -170.41 5.33 -62.98
v -169.77 12.75 -60.37
v -153.82 -0.53 -35.75
v -160.20 -0.90 -34.28
v -160.09 7.43 -35.69
v -150.01 11.95 -56.42
v -148.78 4.43 -58.40
v -149.82 10.50 -49.80
v -151.27 -8.50 -34.75
v -159.98 -8.66 -32.28
v -149.88 -7.77 -44.99
v -149.02 -7.59 -41.25
v -150.91 0.81 -41.75
v -148.49 -5.42 -59.11
v -151.75 -7.73 -51.37
v -167.75 6.39 -67.76
v -167.88 -2.81 -68.93
v -164.58 0.22 -75.05
v -172.26 -7.84 -46.36
v -173.37 -6.66 -53.01
v -173.27 3.07 -52.63
v -165.23 -8.67 -33.11
v -165.24 -0.83 -34.84
v -168.30 -36.08 -78.63
v -168.29 -29.53 -76.04
v -167.13 -38.52 -75.82
v -169.53 -41.53 -62.85
v -170.90 -39.92 -66.04
v -170.90 -32.77 -64.31
v -168.25 -31.78 -45.04
v -166.04 -40.10 -47.05
v -167.13 -41.42 -49.59
v -166.47 -30.71 -38.40
v -165.88 -37.74 -39.42
v -165.09 -39.75 -42.98
v -164.90 -22.94 -81.48
v -161.44 -16.36 -86.58
v -158.69 -14.06 -88.50
v -150.67 2.22 -78.31
v -149.76 -15.18 -92.66
v -147.20 -20.15 -88.08
v -151.14 -24.51 -77.67
v -153.49 -28.65 -80.36
v -152.52 -29.28 -76.06
v -148.20 -18.99 -76.69
v -148.84 -24.22 -84.38
v -146.04 -12.71 -74.69
v -150.95 -23.15 -67.98
v -153.87 -36.27 -78.03
v -153.33 -31.90 -68.73
v -156.10 -33.09 -62.80
v -154.38 -24.34 -61.61
v -152.75 -32.24 -45.17
v -170.02 -31.60 -70.37
v -168.51 -33.91 -50.61
v -161.36 -29.79 -31.92
v -164.46 -28.94 -36.51
v -154.11 -41.04 -47.20
v -153.73 -33.06 -49.06
v -155.13 -34.81 -82.53
v -166.85 -34.78 -82.27
v -160.90 -63.92 -37.84
v -164.09 -61.92 -40.01
v -164.89 -57.45 -39.14
v -154.94 -65.42 -44.11
v -156.45 -66.56 -39.70
v -155.67 -63.60 -39.36
v -164.41 -66.32 -39.96
v -164.89 -65.45 -43.38
v -164.54 -61.12 -42.79
v -156.04 -69.68 -40.21
v -160.71 -70.10 -39.03
v -161.20 -66.96 -38.46
v -162.69 -74.85 -42.23
v -163.13 -74.20 -44.78
v -164.35 -69.41 -43.98
v -162.83 -77.88 -42.05
v -163.30 -77.19 -45.19
v -156.00 -79.23 -42.38
v -159.56 -79.69 -41.17
v -159.79 -77.64 -40.81
v -158.68 -84.26 -41.93
v -160.69 -85.08 -43.35
v -162.12 -80.65 -43.18
v -158.17 -90.05 -44.35
v -156.13 -89.45 -45.30
v -156.38 -90.22 -46.07
v -156.76 -90.71 -47.47
v -158.88 -91.66 -47.50
v -158.39 -91.00 -45.60
v -155.10 -87.83 -47.41
v -161.80 -52.49 -35.81
v -155.82 -53.85 -37.42
v -154.94 -58.38 -38.58
v -154.40 -54.08 -42.35
v -155.94 -54.88 -47.91
v -155.65 -58.12 -46.96
v -156.57 -89.92 -48.76
v -156.46 -88.95 -49.39
v -158.54 -89.25 -50.20
v -158.67 -90.53 -49.25
v -161.74 -83.80 -46.24
v -161.03 -84.19 -49.53
v -162.44 -79.94 -48.28
v -160.19 -78.40 -50.18
v -160.35 -76.49 -49.98
v -163.24 -77.06 -48.55
v -162.48 -80.07 -45.67
v -163.07 -74.07 -47.55
v -160.30 -74.23 -49.82
v -156.60 -74.28 -49.12
v -156.72 -68.44 -48.75
v -164.30 -69.32 -46.88
v -164.85 -65.37 -47.08
v -161.88 -65.51 -49.48
v -157.15 -65.42 -48.36
v -156.36 -62.44 -47.93
v -154.45 -62.51 -43.73
v -153.63 -58.16 -42.96
v -165.45 -44.20 -36.39
v -162.32 -44.73 -33.93
v -165.78 -45.95 -46.06
v -166.27 -45.35 -42.95
v -165.68 -50.21 -43.94
v -167.13 -43.85 -39.64
v -166.07 -49.56 -39.96
v -164.36 -38.30 -36.72
v -154.25 -46.06 -36.06
v -155.16 -40.64 -35.46
v -154.24 -42.09 -41.03
v -166.92 -41.92 -59.46
v -167.06 -41.91 -56.08
v -168.26 -47.35 -56.72
v -169.60 -47.19 -53.26
v -168.34 -47.01 -49.99
v -168.14 -55.36 -55.29
v -154.53 -49.23 -54.11
v -156.35 -57.66 -54.74
v -167.88 -54.70 -58.54
v -161.60 -101.25 -60.02
v -160.13 -99.43 -58.89
v -159.92 -102.20 -60.75
v -163.58 -72.87 -52.32
v -166.87 -72.16 -54.45
v -166.38 -68.34 -54.86
v -156.25 -73.98 -58.87
v -157.93 -75.51 -54.42
v -158.50 -72.43 -53.85
v -161.67 -88.54 -56.14
v -164.73 -87.37 -58.26
v -166.32 -76.13 -56.10
v -161.79 -89.84 -56.53
v -165.02 -90.12 -57.93
v -156.32 -89.76 -61.64
v -157.71 -91.03 -58.02
v -158.02 -89.37 -57.62
v -155.80 -94.77 -62.57
v -157.09 -95.82 -59.45
v -162.53 -97.18 -59.54
v -157.15 -99.00 -60.16
v -160.62 -96.35 -57.91
v -156.23 -99.10 -63.36
v -157.71 -101.55 -61.63
v -161.06 -102.58 -61.74
v -161.40 -103.00 -63.93
v -163.48 -95.81 -62.55
v -160.12 -103.03 -62.02
v -160.50 -103.67 -64.08
v -156.80 -61.73 -52.76
v -155.23 -60.94 -57.03
v -163.43 -61.32 -50.99
v -167.27 -56.22 -62.04
v -167.50 -59.84 -59.40
v -163.72 -60.81 -62.66
v -158.27 -102.64 -63.95
v -157.96 -101.68 -65.21
v -157.32 -97.88 -66.26
v -157.82 -100.79 -65.76
v -160.37 -97.85 -67.43
v -157.26 -94.65 -65.79
v -161.79 -99.97 -66.95
v -160.88 -94.64 -67.23
v -157.92 -89.67 -65.39
v -156.63 -88.08 -61.32
v -162.06 -88.08 -66.13
v -161.95 -86.72 -66.04
v -164.88 -86.41 -63.48
v -163.32 -74.04 -64.29
v -158.19 -73.85 -63.47
v -156.80 -71.24 -58.38
v -167.05 -71.30 -61.95
v -163.86 -71.49 -64.33
v -163.51 -69.43 -63.85
v -167.81 -59.48 -56.56
v -166.46 -67.66 -57.74
v -166.52 -67.83 -60.72
v -157.82 -69.27 -62.74
v -157.00 -61.30 -61.36
v -166.86 -52.58 -75.83
v -156.62 -55.55 -75.92
v -163.44 -56.16 -77.61
v -164.55 -103.74 -72.15
v -163.10 -101.91 -71.01
v -162.86 -104.75 -72.77
v -166.34 -75.89 -65.31
v -169.52 -75.09 -67.56
v -169.00 -71.26 -67.81
v -158.75 -76.58 -71.38
v -160.66 -77.94 -66.97
v -161.19 -75.43 -66.61
v -164.55 -90.92 -68.70
v -167.49 -89.76 -70.99
v -168.97 -78.48 -69.01
v -164.68 -92.23 -69.05
v -167.85 -92.49 -70.58
v -158.99 -92.41 -73.89
v -160.56 -93.53 -70.31
v -160.86 -91.85 -69.97
v -158.51 -97.45 -74.64
v -159.96 -98.38 -71.55
v -165.42 -99.64 -71.84
v -160.06 -101.58 -72.16
v -163.57 -98.80 -70.16
v -159.00 -101.80 -75.31
v -160.60 -104.17 -73.57
v -163.95 -105.14 -73.80
v -164.20 -105.63 -75.99
v -166.21 -98.36 -74.94
v -163.02 -105.62 -74.02
v -163.32 -106.32 -76.08
v -158.54 -55.27 -72.15
v -157.72 -60.14 -69.00
v -156.94 -58.07 -62.45
v -159.51 -61.60 -64.85
v -159.28 -59.78 -73.32
v -163.87 -104.52 -77.93
v -162.92 -100.62 -79.61
v -162.73 -103.85 -78.75
v -160.51 -103.55 -77.72
v -163.38 -97.39 -79.53
v -159.83 -97.42 -77.93
v -160.41 -92.42 -77.71
v -164.36 -92.48 -78.90
v -160.70 -90.72 -77.55
v -167.79 -91.57 -73.95
v -167.70 -91.46 -77.44
v -167.38 -88.97 -76.24
v -167.45 -88.97 -73.56
v -168.86 -77.63 -74.61
v -165.57 -76.71 -77.12
v -160.47 -76.57 -76.07
v -161.00 -74.07 -75.69
v -169.46 -74.06 -71.22
v -169.37 -73.96 -75.03
v -168.88 -70.39 -73.64
v -170.30 -58.60 -69.02
v -168.95 -70.37 -70.66
v -165.75 -71.98 -76.70
v -160.11 -71.89 -75.34
v -154.94 -48.74 -60.47
v -157.02 -46.90 -68.78
v -170.85 -45.32 -70.67
v -170.63 -52.94 -68.18
v -170.21 -52.08 -71.65
v -169.65 -40.58 -69.64
v -172.10 -45.35 -67.06
v -155.53 -40.28 -59.13
v -157.25 -41.03 -65.92
v -163.91 -33.92 -84.88
v -165.29 -40.76 -86.43
v -168.75 -39.92 -72.39
v -169.94 -45.12 -74.19
v -167.65 -48.10 -78.38
v -168.31 -43.45 -77.06
v -156.07 -42.18 -85.38
v -164.34 -46.81 -87.97
v -163.23 -66.59 -80.15
v -166.31 -63.94 -82.44
v -167.30 -54.39 -80.37
v -156.65 -66.43 -86.08
v -158.47 -68.15 -81.77
v -157.57 -66.01 -81.26
v -163.04 -71.11 -81.54
v -166.28 -71.02 -84.27
v -166.81 -67.78 -82.51
v -156.33 -80.05 -89.38
v -157.82 -81.56 -85.64
v -157.93 -70.61 -82.36
v -158.13 -82.80 -86.10
v -161.93 -83.28 -85.13
v -161.80 -82.00 -84.67
v -156.63 -81.34 -89.69
v -161.80 -84.93 -85.59
v -164.28 -85.88 -88.18
v -160.82 -89.72 -86.83
v -162.70 -90.42 -88.55
v -160.14 -95.41 -89.98
v -157.89 -94.75 -90.77
v -158.05 -95.34 -91.63
v -160.32 -96.17 -91.30
v -161.25 -95.72 -91.01
v -168.00 -47.15 -81.61
v -157.94 -49.19 -86.79
v -163.42 -52.47 -88.75
v -158.42 -95.70 -93.16
v -156.34 -92.23 -92.32
v -158.05 -94.68 -94.36
v -160.66 -96.69 -93.40
v -157.34 -90.83 -95.18
v -157.90 -93.77 -94.85
v -160.36 -90.70 -96.42
v -157.25 -87.64 -94.53
v -161.82 -92.82 -96.09
v -160.82 -87.49 -96.05
v -155.86 -87.96 -91.29
v -156.34 -83.00 -90.09
v -157.84 -82.68 -93.87
v -161.94 -80.98 -94.62
v -161.81 -79.63 -94.45
v -164.80 -79.42 -91.95
v -163.05 -68.52 -92.26
v -157.94 -68.45 -91.31
v -156.11 -68.87 -86.67
v -166.82 -66.00 -89.86
v -163.58 -66.03 -91.68
v -163.24 -63.86 -91.42
v -167.68 -53.15 -83.05
v -166.32 -62.80 -85.20
v -166.31 -62.56 -88.17
v -157.58 -63.85 -90.18
v -156.78 -53.36 -87.37
v -150.05 -21.83 -96.51
v -155.36 -20.42 -96.07
v -154.65 -30.00 -100.84
v -153.72 -31.19 -87.01
v -152.38 -36.57 -90.37
v -157.54 -35.35 -93.62
v -155.01 -29.13 -84.63
v -160.96 -25.77 -86.71
v -161.10 -23.74 -84.80
v -160.13 -28.63 -88.05
v -160.57 -23.92 -91.71
v -162.33 -20.57 -88.93
v -147.22 -38.85 -93.41
v -151.80 -40.71 -92.24
v -151.57 -42.61 -93.56
v -156.26 -41.88 -96.13
v -156.59 -39.79 -94.90
v -156.27 -43.18 -101.29
v -154.20 -41.24 -103.53
v -155.24 -37.98 -102.15
v -145.99 -47.05 -98.48
v -149.99 -48.54 -97.50
v -150.86 -44.89 -94.75
v -153.24 -51.57 -101.55
v -153.76 -52.20 -104.05
v -154.86 -47.59 -102.49
v -151.87 -53.71 -104.02
v -149.67 -51.75 -100.14
v -153.06 -44.64 -104.91
v -149.35 -53.82 -107.89
v -150.51 -52.92 -108.54
v -152.16 -53.46 -106.42
v -147.44 -53.79 -105.59
v -146.50 -51.40 -102.66
v -146.17 -52.57 -106.01
v -145.41 -51.19 -105.82
v -146.61 -50.14 -108.47
v -147.67 -52.07 -108.54
v -144.65 -48.34 -104.36
v -149.47 -43.97 -107.04
v -151.45 -39.88 -105.36
v -147.63 -38.73 -104.22
v -148.23 -36.45 -102.89
v -145.42 -38.44 -98.76
v -147.13 -40.73 -94.76
v -155.65 -35.03 -100.32
v -152.88 -33.90 -102.15
v -148.08 -25.20 -91.58
v -147.53 -21.92 -90.65
v -150.73 -18.93 -95.15
v -155.23 -15.90 -94.74
v -149.59 -26.11 -86.65
v -149.25 -28.77 -88.29
v -148.53 -34.37 -101.68
v -150.04 -30.28 -99.94
v -152.10 -36.46 -104.29
v -144.86 -40.82 -99.78
v -146.62 -43.04 -105.94
v -147.73 -48.07 -109.13
v -148.66 -51.09 -109.39
v -149.07 -53.66 -102.71
v -154.36 -48.26 -99.41
v -155.80 -44.28 -97.35
v -157.63 -40.22 -99.62
v -157.57 -37.05 -98.19
v -156.99 -30.91 -99.05
v -158.02 -21.67 -93.56
v -158.79 -17.74 -91.50
v -146.35 -32.49 -95.46
v -160.14 -93.99 -95.85
v -166.29 -69.88 -86.91
v -166.28 -69.68 -89.78
v -157.83 -79.69 -93.39
v -165.13 -81.79 -93.36
v -164.29 -84.88 -90.54
v -164.28 -84.69 -93.10
v -161.81 -82.66 -94.97
v -163.56 -88.87 -91.51
v -162.70 -88.90 -94.84
v -160.32 -95.27 -95.03
v -167.65 -46.02 -84.78
v -167.29 -53.07 -85.78
v -157.33 -92.29 -89.15
v -157.24 -89.16 -88.26
v -165.13 -83.42 -86.62
v -165.15 -82.21 -89.89
v -164.79 -80.67 -86.79
v -166.83 -66.42 -86.08
v -163.57 -68.64 -80.92
v -156.12 -64.29 -85.57
v -156.77 -56.31 -79.21
v -168.05 -41.11 -83.41
v -169.48 -41.87 -80.02
v -153.34 -39.24 -71.36
v -170.74 -46.48 -63.54
v -170.35 -53.51 -64.81
v -153.90 -46.02 -74.10
v -164.40 -102.69 -79.12
v -166.08 -74.10 -77.28
v -159.29 -74.10 -71.02
v -164.35 -89.42 -78.65
v -164.48 -90.78 -78.70
v -159.28 -90.72 -73.65
v -159.93 -100.66 -78.29
v -161.08 -105.33 -75.88
v -160.68 -104.41 -77.16
v -165.94 -58.92 -74.94
v -169.98 -59.69 -66.33
v -164.56 -93.92 -69.36
v -168.92 -77.58 -71.74
v -165.80 -78.35 -66.21
v -160.30 -73.26 -66.27
v -165.99 -73.70 -65.23
v -166.19 -61.45 -63.38
v -162.94 -52.02 -47.14
v -161.47 -57.60 -47.82
v -160.09 -101.10 -66.69
v -166.41 -75.15 -58.80
v -166.48 -75.11 -61.67
v -157.94 -86.66 -65.07
v -165.21 -88.86 -64.75
v -164.25 -91.78 -61.79
v -164.31 -91.72 -64.35
v -161.91 -89.77 -66.39
v -162.71 -96.01 -65.90
v -160.23 -102.34 -65.80
v -167.70 -55.76 -51.93
v -167.36 -60.12 -53.83
v -161.65 -91.52 -56.91
v -165.13 -89.09 -61.27
v -164.82 -86.50 -60.80
v -163.02 -76.03 -53.44
v -166.97 -71.26 -58.14
v -157.61 -70.24 -53.63
v -163.24 -70.67 -52.33
v -153.42 -49.10 -48.01
v -168.40 -40.93 -52.32
v -153.26 -48.66 -41.39
v -161.52 -39.73 -33.59
v -164.49 -61.17 -45.87
v -161.52 -62.43 -48.74
v -161.40 -68.51 -49.30
v -154.76 -74.39 -45.44
v -154.56 -68.54 -44.57
v -156.79 -76.32 -49.24
v -154.99 -76.26 -45.68
v -159.30 -82.95 -50.79
v -156.03 -86.22 -49.95
v -154.34 -83.01 -46.65
v -159.84 -91.19 -47.36
v -158.27 -87.41 -42.77
v -155.59 -87.00 -44.09
v -155.52 -83.79 -43.48
v -156.26 -77.21 -41.97
v -155.99 -75.37 -41.60
v -159.74 -75.73 -40.38
v -163.93 -70.14 -41.28
v -155.15 -40.29 -52.49
v -154.23 -33.99 -55.87
v -153.74 -30.70 -33.79
v -171.33 -8.12 -40.65
v -168.87 -8.28 -36.70
v -170.60 -4.36 -63.97
v -152.55 -19.67 -52.39
v -147.43 -1.48 -66.75
v -154.35 -27.15 -82.50
v -163.04 -26.99 -83.01
v -169.21 -33.60 -57.46
v -172.19 -5.33 -59.59
v -160.07 2.48 -79.56
v -149.34 -7.61 -38.76
v -160.66 11.95 -56.60
v -167.27 13.41 -66.35
v -162.73 14.76 -72.46
v -170.94 0.54 -41.09
v -172.07 1.71 -46.39
v -171.50 9.62 -46.06
v -147.98 6.11 -66.07
v -149.27 13.39 -63.04
v -171.08 8.64 -41.41
v -171.32 11.95 -56.78
v -151.89 0.32 -39.51
v -154.25 7.73 -36.95
v -149.42 -17.27 -60.49
v -155.65 -12.71 -91.10
v -152.79 -31.70 -38.50
v -161.12 -58.08 -37.10
v -165.63 -56.42 -41.76
v -154.73 -78.27 -45.97
v -159.48 -90.68 -45.31
v -165.15 -50.69 -37.12
v -159.73 -90.12 -49.33
v -158.82 -86.27 -50.93
v -160.47 -88.23 -49.90
v -155.98 -82.90 -49.67
v -156.52 -78.26 -49.43
v -168.12 -47.78 -60.06
v -156.26 -69.06 -58.14
v -157.72 -88.10 -57.24
v -164.17 -92.64 -59.37
v -157.88 -102.19 -62.45
v -161.17 -101.83 -65.85
v -158.23 -87.98 -65.15
v -158.72 -71.38 -62.98
v -158.75 -71.93 -70.68
v -160.55 -90.58 -69.62
v -166.98 -95.08 -71.90
v -166.94 -94.29 -74.34
v -160.74 -104.83 -74.38
v -162.94 -105.05 -77.82
v -165.29 -98.68 -78.24
v -166.88 -94.32 -76.91
v -158.97 -89.40 -73.44
v -160.39 -89.39 -77.50
v -154.40 -43.47 -81.18
v -164.80 -79.66 -89.28
v -157.84 -84.44 -86.59
v -160.35 -92.74 -87.97
v -161.55 -96.02 -93.24
v -156.31 -51.17 -82.90
v -155.10 -54.74 -83.27
v -161.25 -94.74 -95.08
v -158.13 -81.00 -93.55
v -158.47 -65.99 -90.71
v -147.82 -34.70 -91.24
v -146.52 -43.05 -95.89
v -148.42 -54.09 -104.09
v -150.83 -54.20 -105.88
v -146.14 -46.74 -107.53
v -144.51 -44.98 -101.92
v -145.47 -36.51 -97.50
v -158.77 -32.79 -97.36
v -161.81 -94.47 -89.24
v -169.86 -58.50 -71.85
v -156.34 -86.77 -61.09
v -165.21 -56.73 -44.81
v -159.69 -89.09 -43.62
v -172.62 10.78 -51.43
v -152.64 8.44 -40.18
v -174.57 2.68 -39.72
v -169.87 -40.03 -37.23
v -172.90 -42.21 -51.00
v -169.21 -28.23 -89.16
v -169.36 10.88 -77.10
v -174.30 6.88 -58.71
v -163.49 -15.72 -97.90
v -172.97 -37.79 -77.03
v -173.99 -41.61 -64.54
v -170.35 2.93 -38.53
v -166.12 10.49 -74.15
v -165.54 -39.44 -36.96
v -168.63 -41.86 -50.08
v -169.90 -41.50 -62.97
v -169.18 -37.91 -74.83
v -165.90 -28.59 -86.30
v -160.72 -16.26 -94.54
v 131.25 -0.29 -41.06
v 127.40 7.44 -39.65
v 130.56 8.03 -42.37
v 113.80 9.45 -48.64
v 112.66 1.51 -48.78
v 111.22 2.71 -54.39
v 113.58 14.73 -72.87
v 112.49 7.68 -76.94
v 125.39 7.99 -78.59
v 132.42 12.73 -64.04
v 133.05 5.32 -66.65
v 134.65 4.41 -62.51
v 122.74 7.41 -39.36
v 122.85 -0.92 -37.95
v 116.47 -0.54 -39.42
v 112.47 10.49 -53.47
v 111.43 4.41 -62.06
v 112.66 11.94 -60.09
v 122.63 -8.67 -35.95
v 113.91 -8.51 -38.42
v 113.56 0.79 -45.42
v 111.67 -7.61 -44.92
v 112.53 -7.79 -48.66
v 114.40 -7.75 -55.04
v 111.14 -5.44 -62.78
v 127.23 0.20 -78.71
v 130.53 -2.83 -72.60
v 130.39 6.37 -71.43
v 135.92 3.05 -56.30
v 136.02 -6.67 -56.68
v 134.91 -7.85 -50.03
v 127.89 -0.84 -38.51
v 127.88 -8.69 -36.78
v 129.78 -38.54 -79.49
v 130.93 -29.55 -79.71
v 130.95 -36.10 -82.30
v 133.55 -32.79 -67.98
v 133.55 -39.93 -69.71
v 132.17 -41.55 -66.52
v 129.77 -41.44 -53.26
v 128.69 -40.11 -50.72
v 130.90 -31.80 -48.71
v 127.73 -39.76 -46.65
v 128.53 -37.76 -43.09
v 129.12 -30.73 -42.07
v 127.55 -22.95 -85.15
v 121.34 -14.07 -92.17
v 124.09 -16.37 -90.25
v 109.84 -20.16 -91.75
v 112.41 -15.20 -96.33
v 113.32 2.20 -81.98
v 115.16 -29.29 -79.73
v 116.14 -28.67 -84.03
v 113.79 -24.52 -81.34
v 111.49 -24.23 -88.05
v 110.84 -19.01 -80.36
v 113.60 -23.16 -71.65
v 108.68 -12.73 -78.36
v 115.98 -31.92 -72.40
v 116.51 -36.29 -81.70
v 117.03 -24.35 -65.28
v 118.75 -33.11 -66.47
v 115.40 -32.26 -48.84
v 132.67 -31.62 -74.04
v 131.16 -33.93 -54.28
v 127.11 -28.96 -40.18
v 124.01 -29.81 -35.59
v 116.37 -33.08 -52.73
v 116.75 -41.06 -50.87
v 117.77 -34.82 -86.20
v 129.50 -34.80 -85.94
v 127.53 -57.47 -42.81
v 126.74 -61.94 -43.68
v 123.55 -63.93 -41.51
v 118.31 -63.61 -43.03
v 119.10 -66.58 -43.37
v 117.59 -65.44 -47.78
v 127.19 -61.14 -46.46
v 127.54 -65.47 -47.05
v 127.06 -66.33 -43.63
v 123.85 -66.97 -42.13
v 123.36 -70.11 -42.70
v 118.69 -69.69 -43.88
v 127.00 -69.42 -47.65
v 125.78 -74.21 -48.45
v 125.34 -74.86 -45.90
v 125.95 -77.20 -48.86
v 125.47 -77.90 -45.72
v 122.44 -77.66 -44.48
v 122.20 -79.70 -44.84
v 118.65 -79.24 -46.05
v 124.77 -80.67 -46.85
v 123.34 -85.09 -47.02
v 121.33 -84.28 -45.60
v 119.03 -90.24 -49.74
v 118.78 -89.47 -48.96
v 120.81 -90.07 -48.02
v 121.04 -91.02 -49.27
v 121.53 -91.67 -51.17
v 119.41 -90.72 -51.14
v 117.75 -87.84 -51.08
v 117.59 -58.40 -42.25
v 118.46 -53.87 -41.09
v 124.45 -52.50 -39.48
v 118.30 -58.14 -50.63
v 118.59 -54.90 -51.57
v 117.04 -54.09 -46.02
v 119.22 -89.94 -52.43
v 121.31 -90.55 -52.92
v 121.19 -89.27 -53.87
v 119.11 -88.96 -53.06
v 125.09 -79.96 -51.95
v 123.68 -84.21 -53.20
v 124.38 -83.81 -49.91
v 125.89 -77.08 -52.22
v 123.00 -76.51 -53.65
v 122.83 -78.42 -53.85
v 125.13 -80.08 -49.34
v 125.72 -74.08 -51.22
v 119.37 -68.46 -52.42
v 119.25 -74.29 -52.79
v 122.95 -74.25 -53.49
v 127.50 -65.38 -50.75
v 126.95 -69.34 -50.55
v 119.00 -62.46 -51.60
v 119.79 -65.43 -52.03
v 124.53 -65.53 -53.15
v 116.27 -58.18 -46.63
v 117.10 -62.53 -47.40
v 124.97 -44.75 -37.60
v 128.10 -44.22 -40.06
v 128.33 -50.23 -47.61
v 128.92 -45.36 -46.62
v 128.43 -45.97 -49.73
v 128.72 -49.57 -43.63
v 129.77 -43.87 -43.31
v 127.01 -38.31 -40.39
v 116.89 -42.11 -44.70
v 117.80 -40.65 -39.13
v 116.90 -46.08 -39.73
v 130.90 -47.37 -60.39
v 129.70 -41.93 -59.75
v 129.57 -41.93 -63.13
v 130.79 -55.38 -58.96
v 130.98 -47.03 -53.66
v 132.25 -47.21 -56.92
v 119.00 -57.68 -58.41
v 117.17 -49.25 -57.78
v 130.53 -54.72 -62.21
v 122.57 -102.21 -64.42
v 122.78 -99.44 -62.56
v 124.24 -101.26 -63.69
v 129.03 -68.36 -58.53
v 129.52 -72.17 -58.11
v 126.23 -72.89 -55.99
v 121.15 -72.45 -57.52
v 120.58 -75.52 -58.09
v 118.90 -73.99 -62.54
v 128.97 -76.15 -59.77
v 127.38 -87.39 -61.93
v 124.32 -88.56 -59.81
v 127.66 -90.13 -61.60
v 124.44 -89.86 -60.20
v 120.66 -89.38 -61.29
v 120.36 -91.04 -61.69
v 118.97 -89.78 -65.31
v 119.73 -95.84 -63.12
v 118.44 -94.78 -66.24
v 125.18 -97.19 -63.21
v 123.26 -96.37 -61.58
v 119.80 -99.02 -63.83
v 120.36 -101.57 -65.30
v 118.88 -99.12 -67.03
v 126.13 -95.82 -66.22
v 124.05 -103.02 -67.60
v 123.70 -102.60 -65.41
v 123.15 -103.69 -67.75
v 122.77 -103.05 -65.69
v 119.44 -61.75 -56.43
v 117.88 -60.96 -60.70
v 126.07 -61.33 -54.66
v 126.37 -60.83 -66.33
v 130.15 -59.86 -63.07
v 129.92 -56.24 -65.71
v 120.60 -101.69 -68.88
v 120.92 -102.66 -67.62
v 120.47 -100.81 -69.43
v 119.97 -97.89 -69.93
v 119.91 -94.67 -69.46
v 123.02 -97.87 -71.10
v 123.53 -94.65 -70.90
v 124.44 -99.99 -70.62
v 119.28 -88.10 -64.99
v 120.56 -89.69 -69.06
v 127.52 -86.43 -67.15
v 124.59 -86.74 -69.71
v 124.70 -88.09 -69.80
v 125.97 -74.06 -67.96
v 119.44 -71.26 -62.05
v 120.83 -73.86 -67.14
v 126.16 -69.45 -67.52
v 126.51 -71.51 -68.00
v 129.69 -71.31 -65.62
v 129.16 -67.85 -64.39
v 129.11 -67.67 -61.41
v 130.46 -59.50 -60.23
v 119.65 -61.32 -65.03
v 120.47 -69.28 -66.41
v 126.09 -56.17 -81.28
v 119.27 -55.57 -79.59
v 129.51 -52.59 -79.50
v 125.51 -104.76 -76.44
v 125.75 -101.93 -74.68
v 127.19 -103.76 -75.82
v 131.65 -71.28 -71.48
v 132.17 -75.10 -71.23
v 128.98 -75.91 -68.98
v 123.84 -75.45 -70.28
v 123.31 -77.96 -70.64
v 121.40 -76.60 -75.05
v 131.62 -78.49 -72.68
v 130.14 -89.78 -74.66
v 127.20 -90.93 -72.37
v 130.49 -92.51 -74.25
v 127.33 -92.24 -72.72
v 123.50 -91.87 -73.64
v 123.21 -93.55 -73.98
v 121.64 -92.43 -77.56
v 122.61 -98.39 -75.22
v 121.16 -97.47 -78.31
v 128.07 -99.66 -75.51
v 126.22 -98.81 -73.82
v 122.70 -101.59 -75.83
v 123.24 -104.19 -77.24
v 121.65 -101.82 -78.98
v 128.86 -98.37 -78.61
v 126.85 -105.65 -79.66
v 126.60 -105.16 -77.47
v 125.96 -106.34 -79.75
v 125.66 -105.64 -77.69
v 119.59 -58.08 -66.12
v 120.37 -60.15 -72.67
v 121.18 -55.28 -75.82
v 122.15 -61.62 -68.52
v 121.92 -59.80 -76.99
v 126.51 -104.54 -81.60
v 123.16 -103.56 -81.39
v 125.38 -103.86 -82.42
v 125.57 -100.64 -83.28
v 123.06 -92.43 -81.38
v 122.48 -97.44 -81.60
v 126.02 -97.40 -83.20
v 123.34 -90.73 -81.22
v 127.00 -92.50 -82.57
v 130.03 -88.99 -79.91
v 130.35 -91.47 -81.11
v 130.44 -91.59 -77.62
v 131.50 -77.65 -78.28
v 130.09 -88.99 -77.23
v 123.65 -74.08 -79.36
v 123.12 -76.59 -79.74
v 128.21 -76.72 -80.79
v 131.52 -70.40 -77.31
v 132.01 -73.98 -78.70
v 132.10 -74.07 -74.89
v 131.59 -70.38 -74.33
v 132.95 -58.62 -72.69
v 122.76 -71.91 -79.01
v 128.40 -71.99 -80.37
v 119.67 -46.92 -72.45
v 117.59 -48.75 -64.14
v 132.85 -52.10 -75.32
v 133.28 -52.95 -71.85
v 133.49 -45.34 -74.34
v 134.75 -45.37 -70.73
v 132.30 -40.59 -73.31
v 119.90 -41.05 -69.59
v 118.18 -40.30 -62.80
v 127.93 -40.77 -90.10
v 126.56 -33.94 -88.55
v 132.58 -45.14 -77.86
v 131.40 -39.94 -76.06
v 130.95 -43.47 -80.73
v 130.30 -48.11 -82.05
v 126.99 -46.82 -91.64
v 118.71 -42.19 -89.05
v 129.95 -54.41 -84.04
v 128.95 -63.96 -86.11
v 125.88 -66.60 -83.82
v 120.22 -66.03 -84.93
v 121.11 -68.17 -85.44
v 119.30 -66.44 -89.75
v 129.46 -67.79 -86.18
v 128.92 -71.03 -87.94
v 125.69 -71.13 -85.21
v 120.58 -70.63 -86.03
v 120.47 -81.57 -89.31
v 118.98 -80.06 -93.05
v 124.45 -82.02 -88.34
v 124.58 -83.29 -88.80
v 120.77 -82.82 -89.77
v 119.28 -81.35 -93.36
v 126.93 -85.89 -91.85
v 124.45 -84.95 -89.26
v 125.35 -90.44 -92.22
v 123.47 -89.73 -90.50
v 120.70 -95.35 -95.30
v 120.54 -94.77 -94.44
v 122.78 -95.42 -93.65
v 123.90 -95.74 -94.68
v 122.96 -96.19 -94.97
v 130.65 -47.17 -85.28
v 126.07 -52.49 -92.42
v 120.59 -49.20 -90.46
v 120.70 -94.69 -98.03
v 118.99 -92.25 -95.99
v 121.06 -95.72 -96.83
v 123.30 -96.71 -97.07
v 120.54 -93.78 -98.52
v 119.99 -90.85 -98.85
v 119.89 -87.66 -98.20
v 123.00 -90.72 -100.09
v 123.47 -87.51 -99.72
v 124.46 -92.83 -99.76
v 118.99 -83.01 -93.76
v 118.51 -87.97 -94.96
v 120.49 -82.70 -97.54
v 127.44 -79.44 -95.62
v 124.46 -79.65 -98.12
v 124.58 -81.00 -98.29
v 125.70 -68.53 -95.93
v 118.76 -68.88 -90.34
v 120.58 -68.46 -94.98
v 125.89 -63.87 -95.09
v 126.23 -66.05 -95.35
v 129.46 -66.01 -93.53
v 128.96 -62.57 -91.84
v 128.97 -62.81 -88.87
v 130.33 -53.16 -86.72
v 119.42 -53.37 -91.04
v 120.23 -63.87 -93.85
v 117.30 -30.02 -104.51
v 118.00 -20.44 -99.74
v 112.70 -21.85 -100.18
v 120.18 -35.36 -97.29
v 115.03 -36.59 -94.04
v 116.37 -31.21 -90.67
v 123.75 -23.76 -88.47
v 123.61 -25.79 -90.38
v 117.65 -29.15 -88.30
v 124.97 -20.59 -92.60
v 123.22 -23.94 -95.38
v 122.78 -28.64 -91.72
v 114.44 -40.73 -95.91
v 109.87 -38.87 -97.08
v 119.23 -39.81 -98.57
v 118.91 -41.89 -99.80
v 114.22 -42.62 -97.23
v 117.88 -38.00 -105.81
v 116.85 -41.26 -107.20
v 118.91 -43.19 -104.96
v 113.51 -44.90 -98.42
v 112.64 -48.55 -101.17
v 108.64 -47.06 -102.15
v 117.51 -47.60 -106.16
v 116.41 -52.22 -107.72
v 115.89 -51.59 -105.22
v 112.32 -51.76 -103.81
v 114.52 -53.73 -107.69
v 115.71 -44.65 -108.58
v 114.81 -53.48 -110.09
v 113.15 -52.93 -112.21
v 111.99 -53.83 -111.56
v 108.82 -52.59 -109.68
v 109.15 -51.41 -106.33
v 110.09 -53.80 -109.26
v 110.31 -52.08 -112.21
v 109.25 -50.16 -112.14
v 108.06 -51.20 -109.49
v 107.29 -48.36 -108.03
v 114.10 -39.90 -109.03
v 112.12 -43.99 -110.71
v 110.87 -36.46 -106.56
v 110.28 -38.75 -107.89
v 109.78 -40.75 -98.43
v 108.07 -38.46 -102.43
v 115.53 -33.92 -105.82
v 118.29 -35.05 -103.99
v 110.18 -21.93 -94.32
v 110.73 -25.22 -95.25
v 113.38 -18.95 -98.82
v 117.87 -15.92 -98.40
v 112.24 -26.13 -90.31
v 111.90 -28.79 -91.96
v 112.69 -30.30 -103.61
v 111.18 -34.39 -105.35
v 114.74 -36.48 -107.96
v 107.51 -40.83 -103.45
v 109.26 -43.06 -109.61
v 111.31 -51.10 -113.06
v 110.37 -48.08 -112.80
v 111.72 -53.68 -106.38
v 117.01 -48.27 -103.08
v 120.27 -40.23 -103.29
v 118.45 -44.30 -101.01
v 119.64 -30.92 -102.72
v 120.21 -37.07 -101.86
v 121.43 -17.76 -95.17
v 120.67 -21.68 -97.23
v 108.99 -32.51 -99.13
v 122.79 -94.00 -99.52
v 128.93 -69.70 -93.45
v 128.93 -69.90 -90.58
v 120.47 -79.70 -97.06
v 127.78 -81.81 -97.03
v 126.93 -84.70 -96.77
v 126.94 -84.90 -94.21
v 124.46 -82.68 -98.64
v 125.35 -88.92 -98.51
v 126.21 -88.89 -95.18
v 122.97 -95.29 -98.70
v 129.94 -53.08 -89.45
v 130.30 -46.04 -88.45
v 119.89 -89.17 -91.93
v 119.98 -92.31 -92.82
v 127.77 -83.44 -90.29
v 127.79 -82.23 -93.56
v 127.44 -80.68 -90.46
v 129.47 -66.44 -89.75
v 126.22 -68.65 -84.59
v 119.42 -56.32 -82.88
v 118.76 -64.31 -89.24
v 130.69 -41.12 -87.08
v 132.13 -41.89 -83.69
v 115.99 -39.26 -75.03
v 133.38 -46.49 -67.21
v 133.00 -53.53 -68.48
v 116.55 -46.04 -77.77
v 127.05 -102.71 -82.79
v 128.73 -74.11 -80.95
v 121.93 -74.12 -74.69
v 126.99 -89.43 -82.32
v 127.13 -90.79 -82.37
v 121.93 -90.73 -77.32
v 122.57 -100.67 -81.96
v 123.33 -104.42 -80.83
v 123.72 -105.34 -79.55
v 128.59 -58.93 -78.61
v 132.62 -59.71 -70.00
v 127.20 -93.93 -73.03
v 131.57 -77.59 -75.41
v 128.44 -78.36 -69.88
v 128.83 -61.46 -67.05
v 128.63 -73.72 -68.90
v 122.95 -73.27 -69.94
v 124.11 -57.61 -51.49
v 125.58 -52.04 -50.81
v 122.74 -101.12 -70.36
v 129.12 -75.13 -65.34
v 129.06 -75.16 -62.47
v 120.59 -86.67 -68.74
v 127.86 -88.88 -68.42
v 126.95 -91.74 -68.02
v 126.90 -91.79 -65.46
v 124.56 -89.79 -70.06
v 125.35 -96.02 -69.57
v 122.88 -102.36 -69.47
v 130.01 -60.14 -57.50
v 130.35 -55.78 -55.60
v 124.30 -91.53 -60.58
v 127.46 -86.51 -64.47
v 127.78 -89.10 -64.94
v 125.67 -76.05 -57.11
v 129.62 -71.27 -61.81
v 125.89 -70.69 -56.00
v 120.26 -70.25 -57.30
v 116.07 -49.12 -51.68
v 131.04 -40.95 -55.99
v 115.90 -48.68 -45.06
v 124.16 -39.74 -37.26
v 124.16 -62.45 -52.41
v 127.14 -61.19 -49.54
v 124.04 -68.53 -52.97
v 117.20 -68.56 -48.24
v 117.41 -74.41 -49.10
v 119.44 -76.34 -52.91
v 117.64 -76.27 -49.35
v 121.95 -82.97 -54.46
v 116.99 -83.02 -50.32
v 118.68 -86.24 -53.62
v 122.48 -91.21 -51.03
v 118.24 -87.02 -47.76
v 120.92 -87.43 -46.44
v 118.17 -83.80 -47.15
v 118.64 -75.38 -45.27
v 118.90 -77.23 -45.64
v 122.39 -75.75 -44.05
v 126.57 -70.16 -44.95
v 116.87 -34.00 -59.54
v 117.79 -40.31 -56.16
v 116.39 -30.72 -37.46
v 131.52 -8.30 -40.37
v 133.97 -8.14 -44.32
v 133.24 -4.37 -67.64
v 115.20 -19.69 -56.06
v 110.08 -1.50 -70.42
v 125.69 -27.00 -86.68
v 117.00 -27.16 -86.17
v 131.85 -33.62 -61.13
v 134.84 -5.34 -63.26
v 122.71 2.46 -83.23
v 111.98 -7.62 -42.43
v 125.38 14.74 -76.13
v 129.91 13.39 -70.02
v 123.31 11.94 -60.27
v 134.14 9.60 -49.73
v 134.72 1.69 -50.06
v 133.59 0.52 -44.76
v 111.92 13.38 -66.71
v 110.63 6.09 -69.74
v 133.72 8.63 -45.08
v 133.96 11.93 -60.45
v 116.90 7.71 -40.62
v 114.54 0.31 -43.18
v 112.07 -17.28 -64.16
v 118.30 -12.73 -94.77
v 115.44 -31.72 -42.17
v 123.77 -58.09 -40.77
v 128.28 -56.44 -45.43
v 117.37 -78.28 -49.64
v 122.13 -90.69 -48.98
v 127.80 -50.70 -40.79
v 122.38 -90.14 -53.00
v 121.47 -86.29 -54.60
v 123.12 -88.24 -53.57
v 118.62 -82.92 -53.34
v 119.17 -78.27 -53.10
v 130.77 -47.79 -63.73
v 118.91 -69.08 -61.81
v 120.37 -88.11 -60.91
v 126.82 -92.66 -63.04
v 120.53 -102.20 -66.12
v 123.82 -101.84 -69.52
v 120.88 -88.00 -68.82
v 121.36 -71.40 -66.65
v 121.39 -71.95 -74.35
v 123.20 -90.59 -73.29
v 129.59 -94.31 -78.01
v 129.63 -95.09 -75.57
v 123.39 -104.84 -78.05
v 125.58 -105.07 -81.49
v 127.94 -98.70 -81.91
v 129.52 -94.34 -80.58
v 121.62 -89.42 -77.11
v 123.04 -89.41 -81.17
v 117.05 -43.49 -84.85
v 127.45 -79.67 -92.95
v 120.48 -84.46 -90.26
v 123.00 -92.76 -91.64
v 124.19 -96.03 -96.91
v 117.74 -54.75 -86.94
v 118.96 -51.19 -86.57
v 123.90 -94.75 -98.75
v 120.78 -81.02 -97.22
v 121.12 -66.01 -94.38
v 110.46 -34.72 -94.91
v 109.16 -43.06 -99.56
v 111.07 -54.11 -107.76
v 113.48 -54.21 -109.55
v 108.78 -46.76 -111.20
v 107.16 -45.00 -105.59
v 108.12 -36.52 -101.17
v 121.42 -32.80 -101.03
v 124.46 -94.49 -92.91
v 132.50 -58.51 -75.52
v 118.99 -86.79 -64.76
v 127.86 -56.75 -48.48
v 122.34 -89.10 -47.29
v 135.27 10.76 -55.10
v 115.28 8.42 -43.85
v 135.55 -42.22 -54.67
v 132.52 -40.04 -40.89
v 137.22 2.66 -43.39
v 136.94 6.87 -62.37
v 132.00 10.86 -80.76
v 131.85 -28.25 -92.83
v 126.13 -15.73 -101.57
v 135.62 -37.81 -80.70
v 136.63 -41.62 -68.21
v 133.00 2.91 -42.20
v 128.76 10.47 -77.82
v 128.18 -39.46 -40.62
v 131.27 -41.88 -53.75
v 132.54 -41.51 -66.63
v 131.83 -37.93 -78.49
v 128.54 -28.60 -89.97
v 123.37 -16.28 -98.21
v -47.10 366.61 19.87
v -49.50 361.10 62.64
v -102.94 361.10 62.64
v -105.35 366.61 19.87
v -47.10 233.19 19.87
v -49.50 238.70 62.64
v -105.35 233.19 19.87
v -102.94 238.70 62.64
v -51.91 242.26 62.64
v -51.91 357.32 62.64
v -100.53 242.26 62.64
v -100.53 357.32 62.64
v -52.71 243.38 86.91
v -52.71 356.20 86.91
v -99.73 243.38 86.91
v -99.73 356.20 86.91
v -59.50 248.82 86.91
v -59.50 319.67 86.91
v -76.29 248.82 86.91
v -93.09 248.82 86.91
v -93.09 319.67 86.91
v -85.30 325.78 86.91
v -76.29 350.89 86.91
v -93.13 350.89 86.91
v -59.45 350.89 86.91
v -59.45 345.09 86.91
v -67.28 339.62 86.91
v -67.28 325.78 86.91
v -85.30 339.62 86.91
v -93.13 345.09 86.91
v -67.28 325.78 90.92
v -59.50 319.67 90.92
v -93.09 319.67 90.92
v -85.30 325.78 90.92
v -67.28 339.62 90.92
v -85.30 339.62 90.92
v -76.29 350.89 90.92
v -59.45 350.89 90.92
v -59.45 345.09 90.92
v -93.13 350.89 90.92
v -93.13 345.09 90.92
v -59.50 248.82 90.92
v -76.29 248.82 90.92
v -93.09 248.82 90.92
v -80.76 266.32 90.92
v -78.32 265.26 90.92
v -82.83 267.97 90.92
v -84.43 270.09 90.92
v -85.46 272.60 90.92
v -85.82 275.39 90.92
v -85.46 278.18 90.92
v -84.43 280.69 90.92
v -68.38 282.82 90.92
v -66.79 280.69 90.92
v -65.75 278.18 90.92
v -65.39 275.39 90.92
v -65.75 272.60 90.92
v -66.79 270.09 90.92
v -68.38 267.97 90.92
v -70.45 266.32 90.92
v -72.89 265.26 90.92
v -75.61 295.47 90.92
v -78.32 295.84 90.92
v -80.76 296.90 90.92
v -82.83 298.55 90.92
v -84.43 300.67 90.92
v -85.46 303.18 90.92
v -85.82 305.97 90.92
v -85.46 308.77 90.92
v -84.43 311.27 90.92
v -82.83 313.40 90.92
v -80.76 315.04 90.92
v -78.32 316.10 90.92
v -75.61 316.48 90.92
v -72.89 316.10 90.92
v -70.45 315.04 90.92
v -68.38 313.40 90.92
v -66.79 311.27 90.92
v -65.75 308.77 90.92
v -65.39 305.97 90.92
v -65.75 303.18 90.92
v -72.89 295.84 90.92
v -75.61 264.89 90.92
v -82.83 282.82 90.92
v -70.45 296.90 90.92
v -80.76 284.46 90.92
v -78.32 285.52 90.92
v -75.61 285.90 90.92
v -68.38 298.55 90.92
v -66.79 300.67 90.92
v -72.89 285.52 90.92
v -70.45 284.46 90.92
v -78.32 316.10 92.47
v -75.61 316.48 92.47
v -72.89 316.10 92.47
v -80.76 315.04 92.47
v -70.45 315.04 92.47
v -82.83 313.40 92.47
v -68.38 313.40 92.47
v -84.43 311.27 92.47
v -66.79 311.27 92.47
v -85.46 308.77 92.47
v -65.75 308.77 92.47
v -65.39 305.97 92.47
v -85.82 305.97 92.47
v -85.46 303.18 92.47
v -65.75 303.18 92.47
v -66.79 300.67 92.47
v -84.43 300.67 92.47
v -82.83 298.55 92.47
v -68.38 298.55 92.47
v -80.76 296.90 92.47
v -70.45 296.90 92.47
v -72.89 295.84 92.47
v -75.61 295.47 92.47
v -78.32 295.84 92.47
v -72.89 265.26 92.47
v -75.61 264.89 92.47
v -78.32 265.26 92.47
v -70.45 266.32 92.47
v -80.76 266.32 92.47
v -68.38 267.97 92.47
v -82.83 267.97 92.47
v -66.79 270.09 92.47
v -84.43 270.09 92.47
v -85.46 272.60 92.47
v -65.75 272.60 92.47
v -65.39 275.39 92.47
v -85.82 275.39 92.47
v -85.46 278.18 92.47
v -65.75 278.18 92.47
v -66.79 280.69 92.47
v -84.43 280.69 92.47
v -68.38 282.82 92.47
v -82.83 282.82 92.47
v -70.45 284.46 92.47
v -80.76 284.46 92.47
v -72.89 285.52 92.47
v -75.61 285.90 92.47
v -78.32 285.52 92.47
v -47.56 302.40 44.67
v -138.13 302.40 44.67
v -138.13 308.19 44.67
v -47.56 308.19 44.67
v -23.49 286.02 44.67
v -138.13 286.02 44.67
v -138.13 291.81 44.67
v -23.49 291.81 44.67
v -23.49 269.64 44.67
v -138.13 269.64 44.67
v -138.13 275.43 44.67
v -23.49 275.43 44.67
v -23.49 253.91 44.67
v -103.37 253.83 44.67
v -103.37 259.70 44.67
v -23.49 259.69 44.67
v -47.56 308.19 19.86
v -138.13 308.19 19.86
v -47.56 302.40 19.86
v -138.13 302.40 19.86
v -23.49 291.81 19.86
v -138.13 291.81 19.86
v -23.49 286.02 19.86
v -138.13 286.02 19.86
v -23.49 275.43 19.86
v -138.13 275.43 19.86
v -23.49 269.64 19.86
v -138.13 269.64 19.86
v -23.49 259.69 19.86
v -103.37 259.70 19.86
v -23.49 253.91 19.86
v -103.37 253.83 19.86
v 97.02 342.29 39.63
v 97.02 68.66 39.63
v 79.95 68.66 39.63
v 81.89 342.29 39.63
v 62.24 342.29 39.63
v 55.79 68.66 39.63
v 10.50 342.29 39.63
v -1.06 68.66 39.63
v -44.20 342.29 39.63
v -59.50 68.66 39.63
v -91.64 342.29 39.63
v -107.34 68.66 39.63
v -121.58 342.29 39.63
v -123.00 342.12 39.63
v -124.27 341.64 39.63
v -125.35 340.90 39.63
v -126.18 339.93 39.63
v -126.71 338.79 39.63
v -126.91 337.52 39.63
v -126.91 328.85 39.63
v -126.91 316.44 39.63
v -126.91 300.87 39.63
v -126.91 282.69 39.63
v -126.91 262.49 39.63
v -126.91 240.83 39.63
v -132.03 188.98 39.63
v -132.03 240.83 39.63
v -131.83 240.83 39.63
v -131.83 188.98 39.63
v -131.29 188.98 39.63
v -131.29 240.83 39.63
v -130.45 188.98 39.63
v -130.45 240.83 39.63
v -129.40 188.98 39.63
v -129.40 240.83 39.63
v -128.20 188.98 39.63
v -128.20 240.83 39.63
v -126.91 188.98 39.63
v -126.91 188.68 39.63
v -126.91 188.38 39.63
v -126.91 188.08 39.63
v -126.91 187.78 39.63
v -126.91 187.48 39.63
v -126.91 187.18 39.63
v -126.95 179.07 39.63
v -127.07 171.04 39.63
v -127.26 163.12 39.63
v -127.50 155.35 39.63
v -127.79 147.73 39.63
v -128.12 140.31 39.63
v -141.18 103.56 39.63
v -141.65 103.64 39.63
v -139.95 115.50 39.63
v -143.48 80.41 39.63
v -143.96 80.49 39.63
v -142.26 92.35 39.63
v -138.24 128.10 39.63
v -138.64 128.17 39.63
v -136.94 140.03 39.63
v -137.15 127.91 39.63
v -136.59 140.04 39.63
v -139.90 103.33 39.63
v -139.52 115.51 39.63
v -138.34 115.55 39.63
v -138.00 102.99 39.63
v -136.59 115.60 39.63
v -135.68 102.58 39.63
v -134.42 115.67 39.63
v -142.16 80.17 39.63
v -141.80 92.36 39.63
v -140.54 92.40 39.63
v -140.20 79.82 39.63
v -138.68 92.46 39.63
v -137.83 79.40 39.63
v -136.39 92.53 39.63
v -135.23 78.94 39.63
v -133.87 92.61 39.63
v -132.61 78.47 39.63
v -131.30 92.70 39.63
v -135.64 140.07 39.63
v -135.52 127.62 39.63
v -134.20 140.12 39.63
v -133.49 127.26 39.63
v -132.38 140.17 39.63
v -133.14 102.12 39.63
v -132.02 115.75 39.63
v -131.22 126.85 39.63
v -130.32 140.24 39.63
v -130.56 101.66 39.63
v -129.53 115.82 39.63
v -128.85 126.43 39.63
v -128.96 124.61 39.63
v -129.07 122.81 39.63
v -129.18 121.03 39.63
v -129.30 119.28 39.63
v -129.42 117.54 39.63
v -130.68 100.09 39.63
v -130.81 98.55 39.63
v -130.93 97.03 39.63
v -131.05 95.56 39.63
v -131.18 94.11 39.63
v -132.38 68.66 39.63
v -132.81 76.47 39.63
v -132.99 74.69 39.63
v -133.16 73.12 39.63
v -133.30 71.78 39.63
v -133.42 70.66 39.63
v -133.52 69.79 39.63
v -132.71 68.70 39.63
v -132.99 68.81 39.63
v -133.50 69.49 39.63
v -133.23 68.99 39.63
v -133.40 69.22 39.63
v -141.80 92.36 19.59
v -142.26 92.35 19.59
v -140.54 92.40 19.59
v -138.68 92.46 19.59
v -136.39 92.54 19.59
v -133.87 92.61 19.59
v -131.30 92.70 19.59
v -131.18 94.11 19.59
v -131.05 95.56 19.59
v -130.93 97.03 19.59
v -130.81 98.55 19.59
v -130.68 100.09 19.59
v -130.56 101.66 19.59
v -133.14 102.12 19.59
v -135.68 102.58 19.59
v -138.00 102.99 19.59
v -139.90 103.33 19.59
v -141.18 103.56 19.59
v -141.65 103.64 19.59
v -139.95 115.50 19.59
v -139.52 115.51 19.59
v -138.34 115.55 19.59
v -136.59 115.60 19.59
v -134.42 115.67 19.59
v -132.02 115.75 19.59
v -129.53 115.82 19.59
v -129.42 117.54 19.59
v -129.30 119.28 19.59
v -129.18 121.03 19.59
v -129.07 122.81 19.59
v -128.96 124.61 19.59
v -128.85 126.43 19.59
v -131.22 126.85 19.59
v -133.49 127.26 19.59
v -135.52 127.62 19.59
v -137.15 127.91 19.59
v -138.24 128.10 19.59
v -138.64 128.17 19.59
v -136.94 140.03 19.59
v -136.59 140.04 19.59
v -135.64 140.07 19.59
v -134.20 140.12 19.59
v -132.38 140.17 19.59
v -130.32 140.24 19.59
v -128.12 140.31 19.59
v -127.79 147.73 19.59
v -127.50 155.35 19.59
v -127.26 163.12 19.59
v -127.07 171.04 19.59
v -126.95 179.07 19.59
v -126.91 187.18 19.59
v -126.91 187.48 19.59
v -126.91 187.78 19.59
v -126.91 188.08 19.59
v -126.91 188.38 19.59
v -126.91 188.68 19.59
v -126.91 188.98 19.59
v -128.20 188.98 19.59
v -129.40 188.98 19.59
v -130.45 188.98 19.59
v -131.29 188.98 19.59
v -131.83 188.98 19.59
v -132.03 188.98 19.59
v -132.03 240.83 19.59
v -131.83 240.83 19.59
v -131.29 240.83 19.59
v -130.45 240.83 19.59
v -129.40 240.83 19.59
v -128.20 240.83 19.59
v -126.91 240.83 19.59
v -126.91 262.49 19.59
v -126.91 282.69 19.59
v -126.91 300.87 19.59
v -126.91 316.44 19.59
v -126.91 328.85 19.59
v -126.91 337.52 19.59
v -126.71 338.79 19.59
v -126.18 339.93 19.59
v -125.35 340.90 19.59
v -124.27 341.64 19.59
v -123.00 342.12 19.59
v -121.58 342.29 19.59
v -91.64 342.29 19.59
v -44.20 342.29 19.59
v 10.50 342.29 19.59
v 62.24 342.29 19.59
v 81.89 342.29 19.59
v 97.01 342.29 19.59
v 97.02 68.66 19.59
v 79.95 68.66 19.59
v 55.79 68.66 19.59
v -1.06 68.66 19.59
v -59.50 68.66 19.59
v -107.34 68.66 19.59
v -132.38 68.66 19.59
v -132.71 68.70 19.59
v -132.99 68.81 19.59
v -133.23 68.99 19.59
v -133.40 69.22 19.59
v -133.50 69.49 19.59
v -133.52 69.79 19.59
v -133.42 70.66 19.59
v -133.30 71.78 19.59
v -133.16 73.12 19.59
v -132.99 74.69 19.59
v -132.81 76.47 19.59
v -132.61 78.47 19.59
v -135.23 78.94 19.59
v -137.83 79.40 19.59
v -140.20 79.82 19.59
v -142.16 80.17 19.59
v -143.48 80.41 19.59
v -143.96 80.49 19.59
v 80.84 341.31 56.22
v 80.84 69.06 56.22
v 0.36 69.06 56.22
v 0.36 341.31 56.22
v -9.00 341.31 36.18
v -9.00 69.06 36.18
v 88.94 341.31 36.18
v 88.94 69.06 36.18
v 31.85 219.66 59.29
v 0.83 219.61 59.29
v 0.83 223.43 59.29
v 31.85 223.42 59.29
v 31.85 223.42 54.46
v 0.83 223.43 54.46
v 31.85 219.66 54.46
v 0.83 219.61 54.46
v 31.85 207.69 59.10
v 0.83 207.64 59.10
v 0.83 211.46 59.10
v 31.85 211.45 59.10
v 31.85 211.45 54.26
v 0.83 211.46 54.26
v 31.85 207.69 54.26
v 0.83 207.64 54.26
v 38.88 332.45 63.83
v 39.13 332.45 62.78
v 39.74 332.45 56.25
v 37.15 332.45 82.69
v 37.00 332.45 56.00
v 34.31 332.45 86.47
v 34.18 332.45 56.13
v 30.62 332.45 89.38
v 26.28 332.45 91.27
v 21.45 332.45 91.93
v 16.62 332.45 91.27
v 12.27 332.45 89.38
v 8.59 332.45 86.47
v 5.74 332.45 82.69
v 4.02 332.45 63.83
v 3.77 332.45 62.78
v 3.15 332.45 56.25
v 5.90 332.45 56.00
v 8.71 332.45 56.13
v 12.36 332.45 56.21
v 16.66 332.45 55.98
v 21.45 332.45 56.02
v 26.23 332.45 55.98
v 30.53 332.45 56.21
v 16.66 338.55 55.98
v 21.45 338.55 56.02
v 12.36 338.55 56.21
v 8.71 338.55 56.13
v 5.90 338.55 56.00
v 3.15 338.55 56.25
v 3.77 338.55 62.78
v 4.02 338.55 63.83
v 5.74 338.55 82.69
v 8.59 338.55 86.47
v 12.27 338.55 89.38
v 16.62 338.55 91.27
v 21.45 338.55 91.93
v 26.28 338.55 91.27
v 30.62 338.55 89.38
v 34.31 338.55 86.47
v 37.15 338.55 82.69
v 38.88 338.55 63.83
v 39.13 338.55 62.78
v 39.74 338.55 56.25
v 37.00 338.55 56.00
v 34.18 338.55 56.13
v 30.53 338.55 56.21
v 26.23 338.55 55.98
v 37.81 254.49 63.37
v 38.04 254.49 62.41
v 38.62 254.49 56.44
v 36.18 254.49 80.63
v 36.04 254.49 56.21
v 33.51 254.49 84.09
v 33.40 254.49 56.33
v 30.06 254.49 86.76
v 25.98 254.49 88.48
v 21.45 254.49 89.09
v 16.91 254.49 88.48
v 12.84 254.49 86.76
v 9.38 254.49 84.09
v 6.71 254.49 80.63
v 5.09 254.49 63.37
v 4.86 254.49 62.41
v 4.28 254.49 56.44
v 6.85 254.49 56.21
v 9.50 254.49 56.33
v 12.92 254.49 56.40
v 16.96 254.49 56.19
v 21.45 254.49 56.22
v 25.94 254.49 56.19
v 29.98 254.49 56.40
v 16.96 333.01 56.19
v 21.45 333.01 56.22
v 12.92 333.01 56.40
v 9.50 333.01 56.33
v 6.85 333.01 56.21
v 4.28 333.01 56.44
v 4.86 333.01 62.41
v 5.09 333.01 63.37
v 6.71 333.01 80.63
v 9.38 333.01 84.09
v 12.84 333.01 86.76
v 16.91 333.01 88.48
v 21.45 333.01 89.09
v 25.98 333.01 88.48
v 30.06 333.01 86.76
v 33.51 333.01 84.09
v 36.18 333.01 80.63
v 37.81 333.01 63.37
v 38.04 333.01 62.41
v 38.62 333.01 56.44
v 36.04 333.01 56.21
v 33.40 333.01 56.33
v 29.98 333.01 56.40
v 25.94 333.01 56.19
v 15.93 354.61 75.77
v 14.93 354.61 73.37
v 21.46 355.93 72.06
v 17.77 354.61 77.60
v 20.18 354.61 78.59
v 22.78 354.61 78.58
v 25.17 354.61 77.58
v 27.00 354.61 75.74
v 27.99 354.61 73.34
v 27.99 354.61 70.74
v 26.98 354.61 68.34
v 25.14 354.61 66.51
v 22.74 354.61 65.52
v 20.14 354.61 65.53
v 17.74 354.61 66.53
v 15.91 354.61 68.37
v 14.92 354.61 70.78
v 11.25 350.84 78.92
v 9.40 350.84 74.49
v 14.65 350.84 82.31
v 19.09 350.84 84.13
v 23.89 350.84 84.12
v 28.32 350.84 82.27
v 31.71 350.84 78.86
v 33.53 350.84 74.42
v 33.52 350.84 69.62
v 31.67 350.84 65.19
v 28.26 350.84 61.81
v 23.82 350.84 59.98
v 19.02 350.84 60.00
v 14.59 350.84 61.85
v 11.21 350.84 65.25
v 9.38 350.84 69.69
v 8.12 345.19 81.02
v 5.70 345.19 75.24
v 12.56 345.19 85.45
v 18.37 345.19 87.83
v 24.64 345.19 87.81
v 30.43 345.19 85.40
v 34.85 345.19 80.95
v 37.23 345.19 75.15
v 37.22 345.19 68.88
v 34.80 345.19 63.09
v 30.35 345.19 58.67
v 24.55 345.19 56.28
v 18.28 345.19 56.30
v 12.49 345.19 58.72
v 8.07 345.19 63.16
v 5.68 345.19 68.96
v 7.02 338.53 81.76
v 4.40 338.53 75.50
v 11.83 338.53 86.55
v 18.11 338.53 89.13
v 24.90 338.53 89.11
v 31.17 338.53 86.50
v 35.95 338.53 81.68
v 38.53 338.53 75.40
v 38.51 338.53 68.61
v 35.90 338.53 62.35
v 31.08 338.53 57.56
v 24.80 338.53 54.98
v 18.02 338.53 55.00
v 11.75 338.53 57.62
v 6.96 338.53 62.43
v 4.38 338.53 68.71
v 30.59 247.35 62.29
v 30.72 247.35 61.50
v 31.04 247.35 56.56
v 29.68 247.35 76.58
v 29.60 247.35 56.37
v 28.19 247.35 79.44
v 28.12 247.35 56.47
v 26.26 247.35 81.65
v 23.98 247.35 83.07
v 21.45 247.35 83.58
v 18.91 247.35 83.07
v 16.64 247.35 81.65
v 14.71 247.35 79.44
v 13.22 247.35 76.58
v 12.31 247.35 62.29
v 12.18 247.35 61.50
v 11.86 247.35 56.56
v 13.30 247.35 56.37
v 14.77 247.35 56.47
v 16.68 247.35 56.53
v 18.94 247.35 56.35
v 21.45 247.35 56.38
v 23.96 247.35 56.35
v 26.21 247.35 56.53
v 18.94 254.83 56.35
v 21.45 254.83 56.38
v 16.68 254.83 56.53
v 14.77 254.83 56.47
v 13.30 254.83 56.37
v 11.86 254.83 56.56
v 12.18 254.83 61.50
v 12.31 254.83 62.29
v 13.22 254.83 76.58
v 14.71 254.83 79.44
v 16.64 254.83 81.65
v 18.91 254.83 83.07
v 21.45 254.83 83.58
v 23.98 254.83 83.07
v 26.26 254.83 81.65
v 28.19 254.83 79.44
v 29.68 254.83 76.58
v 30.59 254.83 62.29
v 30.72 254.83 61.50
v 31.04 254.83 56.56
v 29.60 254.83 56.37
v 28.12 254.83 56.47
v 26.21 254.83 56.53
v 23.96 254.83 56.35
v 62.59 249.42 79.23
v 62.59 249.42 55.55
v 38.93 249.42 79.23
v 38.93 323.91 55.55
v 62.59 323.91 55.55
v 62.59 323.91 79.23
v 38.93 323.91 79.23
v 38.93 249.42 55.56
v 46.42 249.42 59.29
v 54.71 249.42 59.29
v 54.71 249.42 55.55
v 46.42 249.42 55.56
v 54.72 259.96 55.55
v 46.39 259.96 55.56
v 46.49 228.94 54.46
v 46.49 228.94 59.29
v 54.70 228.94 59.29
v 54.70 228.94 54.46
v 54.72 259.96 54.46
v 46.39 259.96 54.46
v 56.18 299.97 79.23
v 56.18 305.31 79.23
v 56.18 293.84 79.23
v 56.18 299.18 79.23
v 44.66 299.18 79.23
v 56.18 287.71 79.23
v 56.18 293.05 79.23
v 44.66 293.05 79.23
v 44.66 281.58 79.23
v 56.18 281.58 79.23
v 56.18 286.92 79.23
v 44.66 286.92 79.23
v 56.18 317.58 79.23
v 56.18 312.23 79.23
v 44.66 317.58 79.23
v 44.66 312.23 79.23
v 56.18 306.10 79.23
v 56.18 311.45 79.23
v 44.66 311.45 79.23
v 44.66 306.10 79.23
v 44.66 299.97 79.23
v 44.66 305.31 79.23
v 44.66 293.84 79.23
v 44.66 287.71 79.23
v 56.18 317.58 83.82
v 56.18 312.23 83.82
v 44.66 312.23 83.82
v 44.66 317.58 83.82
v 56.18 311.45 83.82
v 56.18 306.10 83.82
v 44.66 306.10 83.82
v 44.66 311.45 83.82
v 56.18 305.31 83.82
v 56.18 299.97 83.82
v 44.66 299.97 83.82
v 44.66 305.31 83.82
v 56.18 299.18 83.82
v 56.18 293.84 83.82
v 44.66 293.84 83.82
v 44.66 299.18 83.82
v 56.18 293.05 83.82
v 56.18 287.71 83.82
v 44.66 287.71 83.82
v 44.66 293.05 83.82
v 56.18 286.92 83.82
v 56.18 281.58 83.82
v 44.66 281.58 83.82
v 44.66 286.92 83.82
v 62.59 312.17 55.95
v 62.59 317.52 55.95
v 62.59 317.52 74.67
v 62.59 306.04 55.95
v 62.59 311.39 55.95
v 62.59 311.39 74.67
v 62.59 299.91 55.95
v 62.59 305.26 55.95
v 62.59 305.26 74.67
v 62.59 293.78 55.95
v 62.59 299.13 55.95
v 62.59 299.13 74.67
v 62.59 287.65 55.95
v 62.59 293.00 55.95
v 62.59 293.00 74.67
v 62.59 281.52 55.95
v 62.59 286.87 55.95
v 62.59 286.87 74.67
v 62.59 312.17 74.67
v 62.59 306.04 74.67
v 62.59 299.91 74.67
v 62.59 293.78 74.67
v 62.59 287.65 74.67
v 62.59 281.52 74.67
v 67.11 317.52 55.95
v 67.11 312.17 55.95
v 67.11 312.17 74.67
v 67.11 317.52 74.67
v 67.11 311.39 55.95
v 67.11 306.04 55.95
v 67.11 306.04 74.67
v 67.11 311.39 74.67
v 67.11 305.26 55.95
v 67.11 299.91 55.95
v 67.11 299.91 74.67
v 67.11 305.26 74.67
v 67.11 299.13 55.95
v 67.11 293.78 55.95
v 67.11 293.78 74.67
v 67.11 299.13 74.67
v 67.11 293.00 55.95
v 67.11 287.65 55.95
v 67.11 287.65 74.67
v 67.11 293.00 74.67
v 67.11 286.87 55.95
v 67.11 281.52 55.95
v 67.11 281.52 74.67
v 67.11 286.87 74.67
v 31.55 226.54 84.56
v 31.55 199.56 79.24
v 31.55 199.56 55.52
v 31.55 232.89 55.52
v 71.12 226.54 84.58
v 71.12 232.89 55.52
v 71.12 199.56 55.52
v 71.12 199.56 79.24
v 38.67 199.56 55.59
v 63.99 199.56 73.77
v 63.99 199.56 55.59
v 38.67 199.56 73.77
v 63.99 184.39 70.77
v 63.99 184.39 55.59
v 38.67 184.39 55.59
v 38.67 184.39 70.77
v 60.50 200.90 79.50
v 56.75 200.90 79.50
v 60.51 199.56 79.24
v 60.51 199.56 73.77
v 56.74 186.45 71.18
v 60.55 186.45 71.18
v 60.50 200.91 80.36
v 60.55 186.52 76.93
v 56.74 186.52 76.93
v 56.75 200.91 80.36
v 56.75 199.56 79.24
v 56.75 199.56 73.77
v 41.92 200.90 79.50
v 41.92 199.56 79.24
v 45.68 200.90 79.50
v 45.68 199.56 79.24
v 41.92 199.56 73.77
v 45.68 199.56 78.67
v 41.91 186.45 71.18
v 45.68 199.56 73.77
v 45.72 186.45 71.18
v 45.72 187.93 71.47
v 45.68 200.91 80.36
v 45.72 186.52 76.93
v 41.91 186.52 76.93
v 41.92 200.91 80.36
v -1.01 227.76 40.05
v -1.01 227.76 56.77
v -119.97 227.76 56.77
v -119.97 227.76 40.05
v -1.01 70.89 40.05
v -1.01 70.89 47.45
v -119.97 70.89 40.05
v -119.97 70.89 47.45
v -114.63 71.41 47.49
v -5.06 71.41 47.49
v -5.06 218.06 56.19
v -114.63 218.06 56.19
v -114.63 71.41 74.80
v -114.63 218.06 83.41
v -5.06 218.06 83.41
v -5.06 71.41 74.80
v -103.04 181.86 88.69
v -103.53 185.51 88.88
v -103.04 189.16 89.07
v -101.65 178.58 88.51
v -101.65 192.44 89.24
v -99.50 195.23 89.39
v -99.50 175.80 88.37
v -96.72 197.37 89.50
v -93.43 198.76 89.57
v -89.78 199.25 89.60
v -86.12 198.76 89.57
v -82.84 197.37 89.50
v -80.05 195.23 89.39
v -77.90 192.44 89.24
v -76.51 189.16 89.07
v -76.02 185.51 88.88
v -76.51 181.86 88.69
v -77.90 178.58 88.51
v -80.05 175.80 88.37
v -82.84 173.65 88.25
v -86.12 172.27 88.18
v -89.78 171.77 88.16
v -93.43 172.27 88.18
v -96.72 173.65 88.26
v -5.27 140.48 86.52
v -114.56 140.48 86.52
v -114.56 159.05 87.49
v -5.27 159.05 87.49
v -63.80 124.67 85.69
v -57.59 125.51 85.73
v -51.38 124.67 85.69
v -69.38 122.32 85.56
v -45.80 122.32 85.56
v -74.12 118.66 85.37
v -41.06 118.66 85.37
v -37.41 113.94 85.13
v -35.05 108.36 84.83
v -34.21 102.16 84.51
v -35.05 95.96 84.18
v -37.41 90.38 83.89
v -41.06 85.65 83.64
v -45.80 82.00 83.45
v -51.38 79.65 83.33
v -57.59 78.81 83.28
v -63.80 79.65 83.33
v -69.38 82.00 83.45
v -74.12 85.65 83.64
v -77.77 113.94 85.13
v -80.13 108.36 84.83
v -80.97 102.16 84.51
v -80.13 95.96 84.18
v -77.77 90.38 83.89
v -93.43 172.68 80.30
v -89.78 172.19 80.27
v -96.72 174.07 80.37
v -99.50 176.21 80.48
v -101.65 179.00 80.63
v -103.04 182.28 80.80
v -103.53 185.93 80.99
v -103.04 189.58 81.18
v -101.65 192.86 81.35
v -99.50 195.64 81.50
v -96.72 197.79 81.61
v -93.43 199.17 81.68
v -89.78 199.66 81.71
v -86.12 199.17 81.68
v -82.84 197.79 81.61
v -80.05 195.64 81.50
v -77.90 192.86 81.35
v -76.51 189.58 81.18
v -76.02 185.93 80.99
v -76.51 182.28 80.80
v -77.90 179.00 80.63
v -80.05 176.21 80.48
v -82.84 174.07 80.37
v -86.12 172.68 80.30
v -5.27 159.47 79.60
v -114.56 159.47 79.60
v -5.27 140.89 78.63
v -114.56 140.89 78.63
v -63.80 80.06 75.44
v -57.59 79.22 75.40
v -69.38 82.41 75.57
v -74.12 86.07 75.76
v -77.77 90.79 76.00
v -80.13 96.37 76.30
v -80.97 102.57 76.62
v -80.13 108.77 76.95
v -77.77 114.35 77.24
v -74.12 119.08 77.49
v -69.38 122.73 77.68
v -63.80 125.08 77.80
v -57.59 125.92 77.85
v -51.38 125.08 77.80
v -45.80 122.73 77.68
v -41.06 119.08 77.49
v -37.41 114.35 77.24
v -35.05 108.77 76.95
v -34.21 102.57 76.62
v -35.05 96.37 76.30
v -37.41 90.79 76.00
v -41.06 86.07 75.76
v -45.80 82.41 75.57
v -51.38 80.06 75.44
v -48.11 178.35 93.89
v -49.08 176.31 93.78
v -50.08 177.14 93.83
v -46.43 175.01 93.70
v -46.86 175.14 93.71
v -45.86 177.11 93.82
v -45.99 174.89 93.70
v -45.54 174.79 93.69
v -50.95 178.12 93.88
v -45.09 174.71 93.69
v -44.62 174.66 93.69
v -51.66 179.22 93.94
v -47.20 180.24 94.00
v -52.19 180.44 94.01
v -52.52 181.74 94.09
v -46.42 181.88 94.10
v -52.63 183.12 94.17
v -52.33 185.37 94.29
v -45.80 183.18 94.17
v -51.48 187.39 94.41
v -45.40 184.03 94.22
v -50.15 189.10 94.51
v -45.25 184.33 94.23
v -48.43 190.43 94.58
v -46.41 191.28 94.63
v -44.15 191.58 94.65
v -41.90 191.28 94.63
v -39.87 190.43 94.58
v -42.93 182.88 94.15
v -38.16 189.10 94.51
v -36.83 187.39 94.41
v -35.97 185.37 94.29
v -35.67 183.12 94.17
v -35.97 180.87 94.04
v -36.83 178.84 93.92
v -43.08 182.59 94.14
v -38.16 177.13 93.83
v -43.49 181.77 94.09
v -44.13 180.52 94.02
v -39.87 175.80 93.75
v -44.93 178.94 93.93
v -41.90 174.95 93.70
v -44.15 174.65 93.68
v -44.09 153.86 92.50
v -44.09 143.41 91.91
v -54.55 143.41 91.91
v -54.55 153.86 92.50
v -26.65 153.86 92.50
v -26.65 143.41 91.91
v -37.11 143.41 91.91
v -37.11 153.86 92.50
v -9.21 153.86 92.50
v -9.21 143.41 91.91
v -19.67 143.41 91.91
v -19.67 153.86 92.50
v -49.06 113.49 90.21
v -46.86 118.24 90.48
v -44.26 116.28 90.37
v -62.32 82.49 88.45
v -63.25 82.76 88.47
v -61.06 87.49 88.74
v -61.38 82.27 88.44
v -60.42 82.08 88.43
v -42.02 113.94 90.24
v -59.45 81.94 88.42
v -58.46 81.86 88.42
v -57.46 81.83 88.41
v -52.20 82.54 88.45
v -58.23 93.64 89.08
v -47.46 84.53 88.57
v -43.45 87.63 88.74
v -55.06 100.48 89.47
v -40.35 91.63 88.97
v -38.35 96.36 89.24
v -51.90 107.34 89.86
v -37.64 101.62 89.54
v -37.94 105.04 89.73
v -38.80 108.27 89.91
v -40.18 111.25 90.08
v -65.84 89.71 86.83
v -68.03 84.97 86.56
v -70.64 86.93 86.68
v -52.57 120.73 88.60
v -51.64 120.47 88.58
v -53.83 115.72 88.31
v -53.52 120.96 88.61
v -54.48 121.15 88.62
v -72.89 89.28 86.81
v -55.46 121.29 88.63
v -56.45 121.38 88.63
v -57.46 121.41 88.63
v -62.73 120.70 88.59
v -56.67 109.57 87.96
v -67.46 118.70 88.48
v -71.47 115.61 88.30
v -59.83 102.72 87.57
v -74.58 111.60 88.08
v -76.57 106.88 87.81
v -63.00 95.86 87.18
v -77.28 101.62 87.51
v -76.98 98.19 87.31
v -76.12 94.96 87.13
v -74.73 91.97 86.96
v -104.37 76.27 84.04
v -104.95 75.82 84.02
v -105.62 77.24 84.10
v -106.73 76.69 84.07
v -106.06 75.27 83.99
v -106.28 75.20 83.98
v -106.51 75.14 83.98
v -106.74 75.09 83.98
v -103.88 76.80 84.07
v -106.97 75.06 83.97
v -107.21 75.04 83.97
v -107.46 75.03 83.97
v -108.67 75.19 83.98
v -107.41 78.14 84.15
v -109.75 75.65 84.01
v -110.67 76.36 84.05
v -108.05 79.49 84.23
v -111.38 77.27 84.10
v -111.84 78.36 84.16
v -112.00 79.56 84.23
v -108.58 80.61 84.29
v -111.84 80.77 84.30
v -108.94 81.38 84.33
v -111.38 81.85 84.36
v -109.07 81.66 84.35
v -110.67 82.77 84.41
v -109.75 83.48 84.45
v -107.95 82.19 84.38
v -108.67 83.93 84.48
v -107.46 84.10 84.49
v -106.25 83.93 84.48
v -103.48 77.41 84.11
v -107.82 81.91 84.36
v -105.17 83.48 84.45
v -107.46 81.14 84.32
v -104.25 82.77 84.41
v -106.93 80.03 84.26
v -103.54 81.85 84.36
v -103.08 80.77 84.30
v -106.30 78.68 84.18
v -102.92 79.56 84.23
v -102.98 78.80 84.19
v -103.17 78.08 84.15
v -21.00 82.44 84.39
v -21.65 81.53 84.34
v -22.05 81.97 84.37
v -20.32 80.65 84.29
v -20.65 80.81 84.30
v -20.00 81.72 84.35
v -19.98 80.51 84.28
v -22.40 82.45 84.39
v -19.63 80.40 84.28
v -22.67 82.98 84.42
v -20.29 83.44 84.45
v -22.88 83.55 84.46
v -23.01 84.16 84.49
v -23.05 84.79 84.53
v -19.59 84.41 84.50
v -22.89 85.99 84.59
v -22.43 87.07 84.66
v -19.00 85.24 84.55
v -21.72 87.99 84.71
v -18.59 85.82 84.58
v -20.80 88.70 84.75
v -18.43 86.03 84.60
v -19.72 89.16 84.77
v -18.51 89.32 84.78
v -17.30 89.16 84.77
v -16.22 88.70 84.75
v -17.43 85.32 84.56
v -15.30 87.99 84.71
v -14.59 87.07 84.66
v -14.13 85.99 84.59
v -13.97 84.79 84.53
v -14.13 83.58 84.46
v -14.59 82.50 84.40
v -17.58 85.10 84.54
v -18.00 84.52 84.51
v -15.30 81.58 84.34
v -18.59 83.69 84.46
v -16.22 80.87 84.30
v -17.30 80.41 84.28
v -19.28 82.72 84.41
v -18.51 80.25 84.27
v -18.89 80.27 84.27
v -19.27 80.32 84.27
v -45.40 184.91 78.66
v -45.25 185.21 78.68
v -45.80 184.06 78.61
v -46.42 182.77 78.54
v -47.20 181.12 78.45
v -48.11 179.23 78.34
v -49.08 177.19 78.22
v -50.08 178.03 78.27
v -50.95 179.01 78.33
v -51.66 180.11 78.39
v -52.19 181.32 78.46
v -52.52 182.62 78.53
v -52.63 184.00 78.61
v -52.33 186.25 78.74
v -51.48 188.27 78.85
v -50.15 189.99 78.95
v -48.43 191.31 79.03
v -46.41 192.17 79.07
v -44.15 192.47 79.09
v -41.90 192.17 79.07
v -39.87 191.31 79.03
v -38.16 189.99 78.95
v -36.83 188.27 78.85
v -35.97 186.25 78.74
v -35.67 184.00 78.61
v -35.97 181.75 78.48
v -36.83 179.73 78.37
v -38.16 178.01 78.27
v -39.87 176.69 78.19
v -41.90 175.83 78.15
v -44.15 175.53 78.13
v -44.62 175.55 78.13
v -45.09 175.59 78.13
v -45.54 175.67 78.14
v -45.99 175.77 78.14
v -46.43 175.89 78.15
v -46.86 176.03 78.16
v -45.86 178.00 78.27
v -44.93 179.82 78.37
v -44.13 181.40 78.46
v -43.49 182.65 78.53
v -43.08 183.47 78.58
v -42.93 183.76 78.60
v -54.55 154.74 76.95
v -54.55 144.29 76.36
v -44.09 154.74 76.95
v -44.09 144.29 76.36
v -37.11 154.74 76.95
v -37.11 144.29 76.36
v -26.65 154.74 76.95
v -26.65 144.29 76.36
v -19.67 154.74 76.95
v -19.67 144.29 76.36
v -9.21 154.74 76.95
v -9.21 144.29 76.36
v -61.06 88.38 73.18
v -63.25 83.64 72.91
v -58.23 94.52 73.53
v -55.06 101.37 73.92
v -51.90 108.22 74.31
v -49.06 114.37 74.66
v -46.86 119.13 74.93
v -44.26 117.17 74.81
v -42.02 114.82 74.68
v -40.18 112.13 74.53
v -38.80 109.15 74.36
v -37.94 105.92 74.18
v -37.64 102.50 73.98
v -38.35 97.24 73.68
v -40.35 92.52 73.42
v -43.45 88.51 73.19
v -47.46 85.42 73.01
v -52.20 83.42 72.90
v -57.46 82.71 72.86
v -58.46 82.74 72.86
v -59.45 82.83 72.87
v -60.42 82.96 72.87
v -61.38 83.15 72.88
v -62.32 83.38 72.90
v -53.83 116.60 72.76
v -51.64 121.35 73.02
v -56.67 110.45 72.41
v -59.83 103.60 72.02
v -63.00 96.75 71.63
v -65.84 90.60 71.28
v -68.03 85.85 71.01
v -70.64 87.81 71.12
v -72.89 90.16 71.25
v -74.73 92.85 71.41
v -76.12 95.84 71.58
v -76.98 99.07 71.76
v -77.28 102.50 71.95
v -76.57 107.76 72.25
v -74.58 112.49 72.52
v -71.47 116.49 72.75
v -67.46 119.59 72.92
v -62.73 121.58 73.04
v -57.46 122.29 73.08
v -56.45 122.26 73.08
v -55.46 122.17 73.07
v -54.48 122.03 73.06
v -53.52 121.85 73.05
v -52.57 121.62 73.04
v -108.94 82.26 68.78
v -109.07 82.55 68.79
v -108.58 81.50 68.73
v -108.05 80.37 68.67
v -107.41 79.03 68.59
v -106.73 77.58 68.51
v -106.06 76.16 68.43
v -106.28 76.09 68.43
v -106.51 76.03 68.42
v -106.74 75.98 68.42
v -106.97 75.94 68.42
v -107.22 75.92 68.42
v -107.46 75.91 68.42
v -108.67 76.07 68.43
v -109.75 76.53 68.45
v -110.67 77.24 68.49
v -111.38 78.16 68.54
v -111.84 79.24 68.61
v -112.00 80.45 68.67
v -111.84 81.65 68.74
v -111.38 82.73 68.80
v -110.67 83.65 68.86
v -109.75 84.36 68.90
v -108.67 84.82 68.92
v -107.46 84.98 68.93
v -106.25 84.82 68.92
v -105.17 84.36 68.90
v -104.25 83.65 68.86
v -103.54 82.73 68.80
v -103.08 81.65 68.74
v -102.92 80.45 68.67
v -102.98 79.68 68.63
v -103.17 78.96 68.59
v -103.48 78.29 68.55
v -103.88 77.69 68.52
v -104.37 77.15 68.49
v -104.95 76.70 68.46
v -105.62 78.12 68.54
v -106.30 79.57 68.62
v -106.93 80.91 68.70
v -107.46 82.03 68.76
v -107.82 82.79 68.81
v -107.95 83.07 68.82
v -22.89 86.87 69.04
v -23.05 85.67 68.97
v -22.43 87.96 69.10
v -21.72 88.87 69.15
v -20.80 89.58 69.19
v -19.72 90.04 69.22
v -18.51 90.20 69.23
v -17.30 90.04 69.22
v -16.22 89.58 69.19
v -15.30 88.87 69.15
v -14.59 87.96 69.10
v -14.13 86.87 69.04
v -13.97 85.67 68.97
v -14.13 84.46 68.90
v -14.59 83.38 68.84
v -15.30 82.46 68.79
v -16.22 81.76 68.75
v -17.30 81.30 68.72
v -18.51 81.14 68.71
v -18.89 81.15 68.71
v -19.27 81.20 68.72
v -19.63 81.28 68.72
v -19.98 81.39 68.73
v -20.32 81.53 68.74
v -20.65 81.69 68.74
v -20.00 82.60 68.80
v -19.28 83.60 68.85
v -18.59 84.57 68.91
v -18.00 85.40 68.96
v -17.58 85.98 68.99
v -17.43 86.20 69.00
v -18.43 86.92 69.04
v -18.59 86.70 69.03
v -19.00 86.12 69.00
v -19.59 85.29 68.95
v -20.29 84.32 68.89
v -21.00 83.33 68.84
v -21.65 82.41 68.79
v -22.05 82.85 68.81
v -22.40 83.34 68.84
v -22.67 83.87 68.87
v -22.88 84.44 68.90
v -23.01 85.04 68.94
v 50.41 59.32 65.99
v 50.77 59.32 63.48
v 50.41 59.32 60.97
v 49.41 59.32 68.24
v 49.41 59.32 58.72
v 47.84 59.32 56.81
v 47.84 59.32 70.15
v 45.82 59.32 71.62
v 43.44 59.32 72.58
v 40.78 59.32 72.91
v 38.13 59.32 72.58
v 35.74 59.32 71.62
v 33.72 59.32 70.15
v 32.16 59.32 68.24
v 31.15 59.32 65.99
v 30.79 59.32 63.48
v 31.15 59.32 60.97
v 32.16 59.32 58.72
v 33.72 59.32 56.81
v 45.82 59.32 55.33
v 43.44 59.32 54.38
v 40.78 59.32 54.04
v 38.13 59.32 54.38
v 35.74 59.32 55.33
v 38.13 65.89 52.55
v 40.78 65.89 52.15
v 35.74 65.89 53.69
v 33.71 65.89 55.47
v 32.15 65.89 57.76
v 31.14 65.89 60.47
v 30.78 65.89 63.48
v 31.14 65.89 66.49
v 32.15 65.89 69.20
v 33.71 65.89 71.49
v 35.74 65.89 73.26
v 38.13 65.89 74.41
v 40.78 65.89 74.81
v 43.44 65.88 74.41
v 45.83 65.88 73.26
v 47.85 65.88 71.49
v 49.42 65.88 69.20
v 50.42 65.88 66.49
v 50.78 65.88 63.48
v 50.42 65.88 60.47
v 49.42 65.88 57.76
v 47.85 65.88 55.47
v 45.83 65.89 53.69
v 43.44 65.89 52.55
v 54.78 51.95 67.12
v 55.30 51.95 63.48
v 54.78 51.95 59.84
v 53.32 51.95 70.40
v 53.32 51.95 56.56
v 51.05 51.95 53.78
v 51.05 51.95 73.17
v 48.11 51.95 75.32
v 44.64 51.95 76.70
v 40.78 51.95 77.19
v 36.92 51.95 76.70
v 33.46 51.95 75.32
v 30.52 51.95 73.17
v 28.24 51.95 70.40
v 26.78 51.95 67.12
v 26.26 51.95 63.48
v 26.78 51.95 59.84
v 28.24 51.95 56.56
v 30.52 51.95 53.78
v 48.11 51.95 51.64
v 44.64 51.95 50.25
v 40.78 51.95 49.76
v 36.92 51.95 50.25
v 33.46 51.95 51.64
v 36.92 59.38 47.59
v 40.78 59.38 47.00
v 33.45 59.38 49.25
v 30.51 59.38 51.83
v 28.23 59.38 55.17
v 26.76 59.38 59.10
v 26.24 59.38 63.48
v 26.76 59.38 67.86
v 28.23 59.38 71.79
v 30.51 59.38 75.13
v 33.45 59.38 77.70
v 36.92 59.38 79.37
v 40.78 59.38 79.95
v 44.64 59.38 79.37
v 48.12 59.38 77.70
v 51.06 59.38 75.13
v 53.33 59.38 71.79
v 54.80 59.38 67.86
v 55.32 59.38 63.48
v 54.80 59.38 59.10
v 53.33 59.38 55.17
v 51.06 59.38 51.83
v 48.12 59.38 49.25
v 44.64 59.38 47.59
v 57.75 45.64 67.90
v 58.38 45.64 63.48
v 57.75 45.64 59.06
v 55.98 45.64 71.87
v 55.98 45.64 55.09
v 53.23 45.64 51.73
v 53.23 45.64 75.23
v 49.66 45.64 77.83
v 45.46 45.64 79.51
v 40.78 45.64 80.10
v 36.11 45.64 79.51
v 31.90 45.64 77.83
v 28.34 45.64 75.23
v 25.58 45.64 71.87
v 23.81 45.64 67.90
v 23.18 45.64 63.48
v 23.81 45.64 59.06
v 25.58 45.64 55.09
v 28.34 45.64 51.73
v 49.66 45.64 49.13
v 45.46 45.64 47.45
v 40.78 45.64 46.85
v 36.11 45.64 47.45
v 31.90 45.64 49.13
v 36.10 51.92 44.22
v 40.78 51.92 43.51
v 31.89 51.92 46.24
v 28.33 51.92 49.36
v 25.57 51.92 53.40
v 23.79 51.92 58.17
v 23.16 51.92 63.48
v 23.79 51.92 68.78
v 25.57 51.92 73.55
v 28.33 51.92 77.60
v 31.89 51.92 80.72
v 36.10 51.92 82.74
v 40.78 51.92 83.45
v 45.46 51.92 82.74
v 49.67 51.92 80.72
v 53.24 51.92 77.60
v 55.99 51.92 73.55
v 57.77 51.92 68.78
v 58.40 51.92 63.48
v 57.77 51.92 58.17
v 55.99 51.92 53.40
v 53.24 51.92 49.36
v 49.67 51.92 46.24
v 45.46 51.92 44.22
v 51.90 -1.19 66.65
v 52.31 -1.19 63.48
v 51.90 -1.19 60.31
v 50.74 -1.19 69.50
v 50.74 -1.19 57.46
v 48.93 -1.19 55.04
v 48.93 -1.19 71.92
v 46.60 -1.19 73.78
v 43.84 -1.19 74.99
v 40.78 -1.19 75.42
v 37.72 -1.19 74.99
v 34.97 -1.19 73.78
v 32.63 -1.19 71.92
v 30.83 -1.19 69.50
v 29.66 -1.19 66.65
v 29.25 -1.19 63.48
v 29.66 -1.19 60.31
v 30.83 -1.19 57.46
v 32.63 -1.19 55.04
v 46.60 -1.19 53.17
v 43.84 -1.19 51.97
v 40.78 -1.19 51.54
v 37.72 -1.19 51.97
v 34.97 -1.19 53.17
v 37.42 45.63 49.65
v 40.78 45.63 49.14
v 34.40 45.63 51.10
v 31.84 45.63 53.34
v 29.86 45.63 56.25
v 28.58 45.63 59.67
v 28.13 45.63 63.48
v 28.58 45.63 67.29
v 29.86 45.63 70.71
v 31.84 45.63 73.61
v 34.40 45.63 75.86
v 37.42 45.63 77.30
v 40.78 45.63 77.82
v 44.14 45.63 77.30
v 47.16 45.63 75.86
v 49.73 45.63 73.61
v 51.70 45.63 70.71
v 52.98 45.63 67.29
v 53.43 45.63 63.48
v 52.98 45.63 59.67
v 51.70 45.63 56.25
v 49.73 45.63 53.34
v 47.16 45.63 51.10
v 44.14 45.63 49.65
v 13.70 175.52 53.60
v 13.05 175.52 43.52
v 68.50 175.52 43.52
v 67.85 175.52 53.60
v 15.75 175.52 64.10
v 65.81 175.52 64.10
v 62.22 175.52 74.02
v 19.33 175.52 74.02
v 24.60 175.52 82.35
v 56.95 175.52 82.35
v 49.85 175.52 88.09
v 40.78 175.52 90.22
v 31.70 175.52 88.09
v 67.85 152.38 53.60
v 68.50 152.38 43.52
v 65.81 152.38 64.10
v 62.22 152.38 74.02
v 56.95 152.38 82.35
v 49.85 152.38 88.09
v 40.78 152.38 90.22
v 31.70 152.38 88.09
v 24.60 152.38 82.35
v 19.33 152.38 74.02
v 15.75 152.38 64.10
v 13.70 152.38 53.60
v 13.05 152.38 43.52
v 62.71 151.05 56.12
v 63.23 151.05 47.96
v 61.05 151.06 64.63
v 58.15 151.05 72.66
v 53.88 151.05 79.41
v 48.13 151.05 84.06
v 40.78 151.05 85.79
v 33.43 151.05 84.06
v 27.68 151.05 79.41
v 23.41 151.05 72.66
v 20.50 151.06 64.63
v 18.85 151.05 56.12
v 18.32 151.05 47.96
v 62.71 142.49 56.12
v 63.23 142.49 47.96
v 61.05 142.49 64.63
v 58.15 142.49 72.66
v 53.88 142.49 79.41
v 48.13 142.49 84.06
v 40.78 142.49 85.79
v 33.43 142.49 84.06
v 27.68 142.49 79.41
v 23.41 142.49 72.66
v 20.50 142.49 64.63
v 18.85 142.49 56.12
v 18.32 142.49 47.96
v 67.85 141.60 53.60
v 68.50 141.60 43.52
v 65.81 141.60 64.10
v 62.22 141.60 74.02
v 56.95 141.60 82.35
v 49.85 141.60 88.09
v 40.78 141.60 90.22
v 31.70 141.60 88.09
v 24.60 141.60 82.35
v 19.33 141.60 74.02
v 15.75 141.60 64.10
v 13.70 141.60 53.60
v 13.05 141.60 43.52
v 67.85 127.39 53.60
v 68.50 127.39 43.52
v 65.81 127.39 64.10
v 62.22 127.39 74.02
v 56.95 127.39 82.35
v 49.85 127.39 88.09
v 40.78 127.39 90.22
v 31.70 127.39 88.09
v 24.60 127.39 82.35
v 19.33 127.39 74.02
v 15.75 127.39 64.10
v 13.70 127.39 53.60
v 13.05 127.39 43.52
v 62.71 126.19 56.12
v 63.23 126.19 47.96
v 61.05 126.19 64.63
v 58.15 126.19 72.66
v 53.88 126.19 79.41
v 48.13 126.19 84.06
v 40.78 126.19 85.79
v 33.43 126.19 84.06
v 27.68 126.19 79.41
v 23.41 126.19 72.66
v 20.50 126.19 64.63
v 18.85 126.19 56.12
v 18.32 126.19 47.96
v 62.71 117.02 56.12
v 63.23 117.02 47.96
v 61.05 117.02 64.63
v 58.15 117.02 72.66
v 53.88 117.02 79.41
v 48.13 117.02 84.06
v 40.78 117.02 85.79
v 33.43 117.02 84.06
v 27.68 117.02 79.41
v 23.41 117.02 72.66
v 20.50 117.02 64.63
v 18.85 117.02 56.12
v 18.32 117.02 47.96
v 67.85 116.18 53.60
v 68.50 116.18 43.52
v 65.81 116.18 64.10
v 62.22 116.18 74.02
v 56.95 116.18 82.35
v 49.85 116.18 88.09
v 40.78 116.18 90.22
v 31.70 116.18 88.09
v 24.60 116.18 82.35
v 19.33 116.18 74.02
v 15.75 116.18 64.10
v 13.70 116.18 53.60
v 13.05 116.18 43.52
v 67.85 101.25 53.60
v 68.50 101.25 43.52
v 65.81 101.25 64.10
v 62.22 101.25 74.02
v 56.95 101.25 82.35
v 49.85 101.25 88.09
v 40.78 101.25 90.22
v 31.70 101.25 88.09
v 24.60 101.25 82.35
v 19.33 101.25 74.02
v 15.75 101.25 64.10
v 13.70 101.25 53.60
v 13.05 101.25 43.52
v 62.71 100.61 56.12
v 63.23 100.61 47.96
v 61.05 100.61 64.63
v 58.15 100.61 72.66
v 53.88 100.61 79.41
v 48.13 100.61 84.06
v 40.78 100.61 85.79
v 33.43 100.61 84.06
v 27.68 100.61 79.41
v 23.41 100.61 72.66
v 20.50 100.61 64.63
v 18.85 100.61 56.12
v 18.32 100.61 47.96
v 62.71 92.01 56.12
v 63.23 92.01 47.96
v 61.05 92.01 64.63
v 58.15 92.01 72.66
v 53.88 92.01 79.41
v 48.13 92.01 84.06
v 40.78 92.01 85.79
v 33.43 92.01 84.06
v 27.68 92.01 79.41
v 23.41 92.01 72.66
v 20.50 92.01 64.63
v 18.85 92.01 56.12
v 18.32 92.01 47.96
v 67.85 91.14 53.60
v 68.50 91.14 43.52
v 65.81 91.14 64.10
v 62.22 91.14 74.02
v 56.95 91.14 82.35
v 49.85 91.14 88.09
v 40.78 91.14 90.22
v 31.70 91.14 88.09
v 24.60 91.14 82.35
v 19.33 91.14 74.02
v 15.75 91.14 64.10
v 13.70 91.14 53.60
v 13.05 91.14 43.52
v 67.85 75.78 53.60
v 68.50 75.78 43.52
v 65.81 75.78 64.10
v 62.22 75.78 74.02
v 56.95 75.78 82.35
v 49.85 75.78 88.09
v 40.78 75.78 90.22
v 31.70 75.78 88.09
v 24.60 75.78 82.35
v 19.33 75.78 74.02
v 15.75 75.78 64.10
v 13.70 75.78 53.60
v 13.05 75.78 43.52
v 62.71 74.90 56.12
v 63.23 74.90 47.96
v 61.05 74.90 64.63
v 58.15 74.90 72.66
v 53.88 74.90 79.41
v 48.13 74.90 84.06
v 40.78 74.90 85.79
v 33.43 74.90 84.06
v 27.68 74.90 79.41
v 23.41 74.90 72.66
v 20.50 74.90 64.63
v 18.85 74.90 56.12
v 18.32 74.90 47.96
v 62.71 64.74 56.12
v 63.23 64.74 47.96
v 61.05 64.74 64.63
v 58.15 64.74 72.66
v 53.88 64.74 79.41
v 48.13 64.74 84.06
v 40.78 64.74 85.79
v 33.43 64.74 84.06
v 27.68 64.74 79.41
v 23.41 64.74 72.66
v 20.50 64.74 64.63
v 18.85 64.74 56.12
v 18.32 64.74 47.96
v 104.02 17.48 53.63
v 104.35 17.48 51.15
v 104.02 17.48 48.67
v 103.08 17.48 55.86
v 103.08 17.48 46.44
v 101.62 17.48 57.75
v 101.62 17.48 44.56
v 99.73 17.48 59.21
v 97.50 17.48 60.16
v 95.02 17.48 60.49
v 92.54 17.48 60.16
v 90.31 17.48 59.21
v 88.42 17.48 57.75
v 86.96 17.48 55.86
v 86.02 17.48 53.63
v 85.68 17.48 51.15
v 86.02 17.48 48.67
v 86.96 17.48 46.44
v 88.42 17.48 44.56
v 90.31 17.48 43.09
v 92.54 17.48 42.15
v 95.02 17.48 41.82
v 97.50 17.48 42.15
v 99.73 17.48 43.09
v 92.54 388.07 42.15
v 95.02 388.07 41.82
v 90.31 388.07 43.09
v 88.42 388.07 44.55
v 86.96 388.07 46.44
v 86.02 388.07 48.67
v 85.68 388.07 51.15
v 86.02 388.07 53.63
v 86.96 388.07 55.86
v 103.08 388.07 55.86
v 104.02 388.07 53.63
v 104.35 388.07 51.15
v 104.02 388.07 48.67
v 103.08 388.07 46.44
v 101.62 388.07 44.55
v 99.73 388.07 43.09
v 97.50 388.07 42.15
v 97.50 388.07 60.16
v 95.02 388.07 60.49
v 92.54 388.07 60.16
v 90.31 388.07 59.21
v 99.73 388.07 59.21
v 101.62 388.07 57.75
v 88.42 388.07 57.75
v 109.66 6.40 55.19
v 110.21 6.40 51.15
v 109.66 6.40 47.12
v 108.13 6.40 58.82
v 108.13 6.40 43.49
v 105.75 6.40 61.89
v 105.75 6.40 40.42
v 102.68 6.40 64.27
v 99.05 6.40 65.80
v 95.02 6.40 66.34
v 90.98 6.40 65.80
v 87.36 6.40 64.27
v 84.28 6.40 61.89
v 81.91 6.40 58.82
v 80.37 6.40 55.19
v 79.83 6.40 51.15
v 80.37 6.40 47.12
v 81.91 6.40 43.49
v 84.28 6.40 40.42
v 87.36 6.40 38.04
v 90.98 6.40 36.51
v 95.02 6.40 35.97
v 99.05 6.40 36.51
v 102.68 6.40 38.04
v 90.98 17.59 36.51
v 95.02 17.59 35.97
v 87.36 17.59 38.04
v 84.28 17.59 40.42
v 81.91 17.59 43.49
v 80.37 17.59 47.12
v 79.83 17.59 51.15
v 80.37 17.59 55.19
v 81.91 17.59 58.82
v 84.28 17.59 61.89
v 87.36 17.59 64.27
v 90.98 17.59 65.80
v 95.02 17.59 66.34
v 99.05 17.59 65.80
v 102.68 17.59 64.27
v 105.75 17.59 61.89
v 108.13 17.59 58.82
v 109.66 17.59 55.19
v 110.21 17.59 51.15
v 109.66 17.59 47.12
v 108.13 17.59 43.49
v 105.75 17.59 40.42
v 102.68 17.59 38.04
v 99.05 17.59 36.51
v 109.66 387.96 55.19
v 110.21 387.96 51.15
v 109.66 387.96 47.12
v 108.13 387.96 58.82
v 108.13 387.96 43.49
v 105.75 387.96 61.89
v 105.75 387.96 40.42
v 102.68 387.96 64.27
v 99.05 387.96 65.80
v 95.02 387.96 66.34
v 90.98 387.96 65.80
v 87.36 387.96 64.27
v 84.28 387.96 61.89
v 81.91 387.96 58.82
v 80.37 387.96 55.19
v 79.83 387.96 51.15
v 80.37 387.96 47.12
v 81.91 387.96 43.49
v 84.28 387.96 40.42
v 87.36 387.96 38.04
v 90.98 387.96 36.51
v 95.02 387.96 35.97
v 99.05 387.96 36.51
v 102.68 387.96 38.04
v 90.98 399.15 36.51
v 95.02 399.15 35.97
v 87.36 399.15 38.04
v 84.28 399.15 40.42
v 81.91 399.15 43.49
v 80.37 399.15 47.12
v 79.83 399.15 51.15
v 80.37 399.15 55.19
v 81.91 399.15 58.82
v 84.28 399.15 61.89
v 87.36 399.15 64.27
v 90.98 399.15 65.80
v 95.02 399.15 66.34
v 99.05 399.15 65.80
v 102.68 399.15 64.27
v 105.75 399.15 61.89
v 108.13 399.15 58.82
v 109.66 399.15 55.19
v 110.21 399.15 51.15
v 109.66 399.15 47.12
v 108.13 399.15 43.49
v 105.75 399.15 40.42
v 102.68 399.15 38.04
v 99.05 399.15 36.51
v 88.42 349.11 57.75
v 87.71 348.90 56.84
v 88.42 340.58 57.75
v 87.88 340.47 57.05
v 88.42 342.84 57.75
v 88.42 331.86 57.75
v 88.04 331.80 57.27
v 88.42 333.97 57.75
v 88.42 322.56 57.75
v 87.71 322.42 56.84
v 88.42 325.06 57.75
v 88.42 315.41 57.75
v 87.71 342.98 56.84
v 87.83 342.96 56.99
v 87.83 342.96 56.99
v 87.88 340.47 57.05
v 87.71 340.44 56.84
v 87.71 334.10 56.84
v 88.00 334.05 57.21
v 88.00 334.05 57.21
v 88.04 331.80 57.27
v 87.71 331.76 56.84
v 87.71 325.21 56.84
v 88.12 325.13 57.36
v 88.12 325.13 57.37
v 88.12 325.12 57.37
v 87.71 315.41 56.84
v 90.31 349.68 59.21
v 90.31 315.41 59.21
v 90.31 342.46 59.21
v 90.31 340.96 59.21
v 90.31 333.60 59.21
v 90.31 332.13 59.21
v 90.31 324.66 59.21
v 90.31 322.95 59.21
v 92.54 353.21 60.16
v 90.76 353.21 59.40
v 92.54 315.41 60.16
v 90.76 349.82 59.40
v 90.63 349.78 59.35
v 90.63 349.78 59.35
v 90.76 342.37 59.40
v 90.76 341.05 59.40
v 90.37 333.59 59.24
v 90.37 333.59 59.24
v 90.74 333.52 59.40
v 90.76 332.20 59.40
v 90.37 332.14 59.24
v 90.37 332.14 59.24
v 90.76 324.57 59.40
v 90.76 323.04 59.40
v 90.49 322.98 59.29
v 90.49 322.98 59.29
v 95.02 353.21 60.49
v 95.02 315.41 60.49
v 97.50 353.21 60.16
v 97.50 315.41 60.16
v 99.73 349.65 59.21
v 99.17 349.82 59.45
v 99.17 342.37 59.45
v 99.73 342.48 59.21
v 99.73 340.94 59.21
v 99.19 333.52 59.44
v 99.73 333.62 59.21
v 99.73 332.12 59.21
v 99.17 324.57 59.45
v 99.73 324.69 59.21
v 99.73 322.92 59.21
v 99.17 323.04 59.45
v 99.73 315.41 59.21
v 99.17 353.21 59.45
v 99.17 341.05 59.45
v 99.17 332.20 59.45
v 101.62 349.08 57.75
v 101.62 315.41 57.75
v 101.62 342.86 57.75
v 101.62 340.56 57.75
v 101.62 333.99 57.75
v 101.62 331.84 57.75
v 101.62 325.08 57.75
v 101.62 322.54 57.75
v 102.22 348.90 56.98
v 102.22 342.98 56.98
v 102.22 340.44 56.98
v 102.22 334.10 56.98
v 102.21 331.76 56.98
v 102.22 331.76 56.98
v 102.22 325.21 56.98
v 101.67 325.10 57.68
v 101.68 325.10 57.68
v 102.22 322.42 56.98
v 101.76 322.51 57.57
v 101.76 322.52 57.57
v 102.22 315.41 56.98
v 90.76 349.82 60.84
v 90.76 353.21 60.84
v 99.17 353.21 60.84
v 99.17 349.82 60.84
v 99.17 349.82 51.76
v 99.17 353.21 51.76
v 90.76 353.21 51.76
v 90.76 349.82 51.76
v 87.71 348.90 64.12
v 102.22 348.90 64.12
v 102.22 348.90 48.47
v 87.71 348.90 48.47
v 87.71 342.98 64.12
v 102.22 342.98 64.12
v 102.22 342.98 48.47
v 87.71 342.98 48.47
v 90.76 342.37 60.84
v 99.17 342.37 60.84
v 99.17 342.37 51.76
v 90.76 342.37 51.76
v 90.76 341.05 60.84
v 99.17 341.05 60.84
v 99.17 341.05 51.76
v 90.76 341.05 51.76
v 87.71 340.44 64.12
v 102.22 340.44 64.12
v 102.22 340.44 48.47
v 87.71 340.44 48.47
v 87.71 334.10 64.12
v 102.22 334.10 64.12
v 102.22 334.10 48.47
v 87.71 334.10 48.47
v 90.74 333.52 60.85
v 99.19 333.52 60.85
v 99.19 333.52 51.74
v 90.74 333.52 51.74
v 90.76 332.20 60.84
v 99.17 332.20 60.84
v 99.17 332.20 51.76
v 90.76 332.20 51.76
v 87.71 331.76 64.12
v 102.22 331.76 64.12
v 102.22 331.76 48.47
v 87.71 331.76 48.47
v 87.71 325.21 64.12
v 102.22 325.21 64.12
v 102.22 325.21 48.47
v 87.71 325.21 48.47
v 90.76 324.57 60.84
v 99.17 324.57 60.84
v 99.17 324.57 51.76
v 90.76 324.57 51.76
v 90.76 323.04 60.84
v 99.17 323.04 60.84
v 99.17 323.04 51.76
v 90.76 323.04 51.76
v 87.71 322.42 64.12
v 102.22 322.42 64.12
v 102.22 322.42 48.47
v 87.71 322.42 48.47
v 87.71 315.41 64.12
v 102.22 315.41 64.12
v 102.22 315.41 48.47
v 87.71 315.41 48.47
v -38.69 59.49 47.85
v -37.89 59.49 42.89
v -38.69 59.49 37.93
v -40.95 59.49 52.31
v -40.95 59.49 33.47
v -44.46 59.49 29.69
v -44.46 59.49 56.09
v -48.99 59.49 59.01
v -54.34 59.49 60.89
v -60.29 59.49 61.56
v -66.25 59.49 60.89
v -71.60 59.49 59.01
v -76.13 59.49 56.09
v -79.64 59.49 52.31
v -81.90 59.49 47.85
v -82.70 59.49 42.89
v -81.90 59.49 37.93
v -79.64 59.49 33.47
v -76.13 59.49 29.69
v -48.99 59.49 26.77
v -54.34 59.49 24.88
v -60.29 59.49 24.22
v -66.25 59.49 24.88
v -71.60 59.49 26.77
v -66.25 71.92 21.26
v -60.29 71.92 20.46
v -71.61 71.92 23.52
v -76.15 71.92 27.03
v -79.66 71.92 31.57
v -81.92 71.92 36.93
v -82.72 71.92 42.89
v -81.92 71.92 48.85
v -79.66 71.92 54.20
v -76.15 71.92 58.74
v -71.61 71.92 62.25
v -66.25 71.92 64.51
v -60.29 71.92 65.32
v -54.33 71.92 64.51
v -48.98 71.92 62.25
v -44.44 71.92 58.74
v -40.93 71.92 54.20
v -38.67 71.92 48.85
v -37.87 71.92 42.89
v -38.67 71.92 36.93
v -40.93 71.92 31.57
v -44.44 71.92 27.03
v -48.98 71.92 23.52
v -54.34 71.92 21.26
v -41.80 15.15 47.54
v -41.11 15.15 42.89
v -41.80 15.15 38.23
v -43.73 15.15 51.73
v -43.73 15.15 34.05
v -46.73 15.15 30.50
v -46.73 15.15 55.27
v -50.62 15.15 58.01
v -55.20 15.15 59.78
v -60.29 15.15 60.41
v -65.39 15.15 59.78
v -69.97 15.15 58.01
v -73.85 15.15 55.27
v -76.85 15.15 51.73
v -78.79 15.15 47.54
v -79.47 15.15 42.89
v -78.79 15.15 38.23
v -76.85 15.15 34.05
v -73.85 15.15 30.50
v -50.62 15.15 27.76
v -55.20 15.15 25.99
v -60.29 15.15 25.37
v -65.39 15.15 25.99
v -69.97 15.15 27.76
v -65.88 59.82 22.59
v -60.29 59.82 21.84
v -70.91 59.82 24.72
v -75.17 59.82 28.01
v -78.46 59.82 32.27
v -80.59 59.82 37.30
v -81.34 59.82 42.89
v -80.59 59.82 48.48
v -78.46 59.82 53.50
v -75.17 59.82 57.77
v -70.91 59.82 61.06
v -65.88 59.82 63.18
v -60.29 59.82 63.93
v -54.70 59.82 63.18
v -49.68 59.82 61.06
v -45.42 59.82 57.77
v -42.12 59.82 53.50
v -40.00 59.82 48.48
v -39.25 59.82 42.89
v -40.00 59.82 37.30
v -42.12 59.82 32.27
v -45.42 59.82 28.01
v -49.68 59.82 24.72
v -54.70 59.82 22.59
v 36.40 198.00 58.75
v 38.10 191.72 58.75
v 38.10 191.72 65.99
v 36.40 198.00 65.99
v 26.33 195.65 65.99
v 29.52 189.41 65.99
v 26.33 195.65 58.75
v 29.52 189.41 58.75
v 24.73 197.79 68.62
v 30.37 187.08 68.62
v 24.73 197.79 56.12
v 30.37 187.08 56.12
v 20.94 195.93 68.62
v 27.59 185.57 68.62
v 20.94 195.93 56.12
v 27.59 185.57 56.12
v 21.84 193.40 65.99
v 25.77 187.42 65.99
v 21.84 193.40 58.75
v 25.77 187.42 58.75
v 16.37 189.32 65.99
v 21.24 183.92 65.99
v 16.37 189.32 58.75
v 21.24 183.92 58.75
v 14.24 191.00 68.62
v 22.77 181.79 68.62
v 14.24 191.00 56.12
v 22.77 181.79 56.12
v 10.90 187.44 68.62
v 20.41 179.17 68.62
v 10.90 187.44 56.12
v 20.41 179.17 56.12
v 12.54 185.24 66.01
v 18.13 180.48 66.01
v 12.54 185.24 58.73
v 18.13 180.48 58.73
v 8.37 178.74 65.99
v 14.73 175.13 65.99
v 8.37 178.74 58.75
v 14.73 175.13 58.75
v 5.94 179.83 68.62
v 16.96 173.70 68.62
v 5.94 179.83 56.12
v 16.96 173.70 56.12
v 5.94 179.83 56.12
v 3.81 174.84 68.62
v 15.49 170.18 68.62
v 3.81 174.84 56.12
v 15.49 170.18 56.12
v 6.08 173.30 65.99
v 12.88 170.69 65.99
v 6.08 173.30 58.75
v 12.88 170.69 58.75
v 4.26 165.63 65.99
v 11.43 164.47 65.99
v 4.26 165.63 58.75
v 11.43 164.47 58.75
v 1.60 165.57 68.62
v 13.97 163.72 68.62
v 1.60 165.57 56.12
v 13.97 163.72 56.12
v 1.21 159.54 68.62
v 13.71 159.54 68.62
v 1.21 159.54 56.12
v 13.71 159.54 56.12
v -48.27 320.86 43.42
v -48.27 329.94 43.42
v -48.27 329.94 52.49
v -48.27 320.86 52.49
v -44.87 320.86 52.49
v -44.87 329.94 52.49
v -44.87 320.86 43.42
v -44.87 329.94 43.42
v -43.95 317.57 55.78
v -43.95 333.22 55.78
v -43.95 317.57 40.13
v -43.95 333.22 40.13
v -38.04 317.57 55.78
v -38.04 333.22 55.78
v -38.04 317.57 40.13
v -38.04 333.22 40.13
v -37.42 320.86 52.49
v -37.42 329.94 52.49
v -37.42 320.86 43.42
v -37.42 329.94 43.42
v -36.11 320.86 52.49
v -36.11 329.94 52.49
v -36.11 320.86 43.42
v -36.11 329.94 43.42
v -35.49 317.57 55.78
v -35.49 333.22 55.78
v -35.49 317.57 40.13
v -35.49 333.22 40.13
v -29.16 317.57 55.78
v -29.16 333.22 55.78
v -29.16 317.57 40.13
v -29.16 333.22 40.13
v -28.57 320.84 52.51
v -28.57 329.96 52.51
v -28.57 320.84 43.40
v -28.57 329.96 43.40
v -27.25 320.86 52.49
v -27.25 329.94 52.49
v -27.25 320.86 43.42
v -27.25 329.94 43.42
v -26.81 317.57 55.78
v -26.81 333.22 55.78
v -26.81 317.57 40.13
v -26.81 333.22 40.13
v -20.27 317.57 55.78
v -20.27 333.22 55.78
v -20.27 317.57 40.13
v -20.27 333.22 40.13
v -19.62 320.86 52.49
v -19.62 329.94 52.49
v -19.62 320.86 43.42
v -19.62 329.94 43.42
v -18.09 320.86 52.49
v -18.09 329.94 52.49
v -18.09 320.86 43.42
v -18.09 329.94 43.42
v -17.48 317.57 55.78
v -17.48 333.22 55.78
v -17.48 317.57 40.13
v -17.48 333.22 40.13
v -10.46 317.57 55.78
v -10.46 333.22 55.78
v -10.46 317.57 40.13
v -10.46 333.22 40.13
f 3 2 1
f 6 5 4
f 7 6 4
f 3 1 8
f 9 7 4
f 3 8 10
f 11 9 4
f 3 10 12
f 13 11 4
f 3 12 14
f 17 16 15
f 20 19 18
f 21 13 4
f 3 14 22
f 23 20 18
f 17 15 24
f 25 23 18
f 17 24 26
f 27 21 4
f 3 22 28
f 17 26 29
f 30 25 18
f 31 3 28
f 31 28 32
f 31 32 33
f 31 33 34
f 31 34 35
f 31 35 36
f 37 31 36
f 38 37 36
f 39 38 36
f 40 39 36
f 41 40 36
f 42 41 36
f 43 42 36
f 44 43 36
f 45 44 36
f 45 36 46
f 45 46 47
f 45 47 48
f 27 4 49
f 50 27 49
f 51 50 49
f 52 51 49
f 53 52 49
f 54 53 49
f 54 49 55
f 54 55 56
f 54 56 57
f 54 57 58
f 54 58 59
f 54 59 60
f 54 60 61
f 54 61 62
f 54 62 63
f 64 54 63
f 65 64 63
f 48 65 63
f 45 48 63
f 45 63 66
f 67 45 66
f 68 30 18
f 17 29 69
f 17 69 70
f 71 68 18
f 72 71 18
f 17 70 73
f 74 72 18
f 17 73 75
f 17 75 76
f 77 74 18
f 17 76 78
f 79 77 18
f 80 17 78
f 80 78 67
f 80 67 66
f 81 80 66
f 82 81 66
f 83 82 66
f 84 83 66
f 85 84 66
f 86 85 66
f 87 86 66
f 88 87 66
f 89 88 66
f 90 89 66
f 91 90 66
f 92 91 66
f 93 92 66
f 94 93 66
f 95 94 66
f 96 95 66
f 97 96 66
f 98 97 66
f 99 98 66
f 100 99 66
f 101 100 66
f 102 101 66
f 103 102 66
f 104 103 66
f 105 104 66
f 106 105 66
f 107 106 66
f 108 107 66
f 109 108 66
f 110 109 66
f 111 110 66
f 112 111 66
f 113 112 66
f 114 113 66
f 115 114 66
f 116 115 66
f 117 116 66
f 118 117 66
f 119 118 66
f 120 119 66
f 121 120 66
f 122 121 66
f 123 122 66
f 124 123 66
f 125 124 66
f 126 125 66
f 127 126 66
f 128 127 66
f 129 128 66
f 130 129 66
f 131 130 66
f 132 131 66
f 133 132 66
f 134 133 66
f 135 134 66
f 136 135 66
f 137 136 66
f 138 137 66
f 139 138 66
f 140 139 66
f 141 140 66
f 142 141 66
f 143 142 66
f 18 143 66
f 79 18 66
f 112 113 144
f 112 144 145
f 113 114 146
f 113 146 144
f 114 115 147
f 114 147 146
f 115 116 148
f 115 148 147
f 116 117 149
f 116 149 148
f 117 118 150
f 117 150 149
f 118 119 151
f 118 151 150
f 119 120 152
f 119 152 151
f 120 121 153
f 120 153 152
f 121 122 154
f 121 154 153
f 122 123 155
f 122 155 154
f 123 124 156
f 123 156 155
f 124 125 157
f 124 157 156
f 125 126 158
f 125 158 157
f 126 127 159
f 126 159 158
f 127 128 160
f 127 160 159
f 128 129 161
f 128 161 160
f 129 130 162
f 129 162 161
f 130 131 163
f 130 163 162
f 131 132 164
f 131 164 163
f 132 133 165
f 132 165 164
f 133 134 166
f 133 166 165
f 134 135 167
f 134 167 166
f 135 136 168
f 135 168 167
f 136 137 169
f 136 169 168
f 137 138 170
f 137 170 169
f 138 139 171
f 138 171 170
f 139 140 172
f 139 172 171
f 140 141 173
f 140 173 172
f 141 142 174
f 141 174 173
f 142 143 175
f 142 175 174
f 143 18 176
f 143 176 175
f 18 19 177
f 18 177 176
f 19 20 178
f 19 178 177
f 20 23 179
f 20 179 178
f 23 25 180
f 23 180 179
f 25 30 181
f 25 181 180
f 30 68 182
f 30 182 181
f 68 71 183
f 68 183 182
f 71 72 184
f 71 184 183
f 72 74 185
f 72 185 184
f 74 77 186
f 74 186 185
f 77 79 187
f 77 187 186
f 79 66 188
f 79 188 187
f 66 63 189
f 66 189 188
f 63 62 190
f 63 190 189
f 62 61 191
f 62 191 190
f 61 60 192
f 61 192 191
f 60 59 193
f 60 193 192
f 59 58 194
f 59 194 193
f 58 57 195
f 58 195 194
f 57 56 196
f 57 196 195
f 56 55 197
f 56 197 196
f 55 49 198
f 55 198 197
f 49 4 199
f 49 199 198
f 4 5 200
f 4 200 199
f 5 6 201
f 5 201 200
f 6 7 202
f 6 202 201
f 7 9 203
f 7 203 202
f 9 11 204
f 9 204 203
f 11 13 205
f 11 205 204
f 13 21 206
f 13 206 205
f 21 27 207
f 21 207 206
f 27 50 208
f 27 208 207
f 50 51 209
f 50 209 208
f 51 52 210
f 51 210 209
f 52 53 211
f 52 211 210
f 53 54 212
f 53 212 211
f 54 64 213
f 54 213 212
f 64 65 214
f 64 214 213
f 65 48 215
f 65 215 214
f 48 47 216
f 48 216 215
f 47 46 217
f 47 217 216
f 46 36 218
f 46 218 217
f 36 35 219
f 36 219 218
f 35 34 220
f 35 220 219
f 34 33 221
f 34 221 220
f 33 32 222
f 33 222 221
f 32 28 223
f 32 223 222
f 28 22 224
f 28 224 223
f 22 14 225
f 22 225 224
f 14 12 226
f 14 226 225
f 12 10 227
f 12 227 226
f 10 8 228
f 10 228 227
f 8 1 229
f 8 229 228
f 1 2 230
f 1 230 229
f 2 3 231
f 2 231 230
f 3 31 232
f 3 232 231
f 31 37 233
f 31 233 232
f 37 38 234
f 37 234 233
f 38 39 235
f 38 235 234
f 39 40 236
f 39 236 235
f 40 41 237
f 40 237 236
f 41 42 238
f 41 238 237
f 42 43 239
f 42 239 238
f 43 44 240
f 43 240 239
f 44 45 241
f 44 241 240
f 45 67 242
f 45 242 241
f 67 78 243
f 67 243 242
f 78 76 244
f 78 244 243
f 76 75 245
f 76 245 244
f 75 73 246
f 75 246 245
f 73 70 247
f 73 247 246
f 70 69 248
f 70 248 247
f 69 29 249
f 69 249 248
f 29 26 250
f 29 250 249
f 26 24 251
f 26 251 250
f 24 15 252
f 24 252 251
f 15 16 253
f 15 253 252
f 16 17 254
f 16 254 253
f 17 80 255
f 17 255 254
f 80 81 256
f 80 256 255
f 81 82 257
f 81 257 256
f 82 83 258
f 82 258 257
f 83 84 259
f 83 259 258
f 84 85 260
f 84 260 259
f 85 86 261
f 85 261 260
f 86 87 262
f 86 262 261
f 87 88 263
f 87 263 262
f 88 89 264
f 88 264 263
f 89 90 265
f 89 265 264
f 90 91 266
f 90 266 265
f 91 92 267
f 91 267 266
f 92 93 268
f 92 268 267
f 93 94 269
f 93 269 268
f 94 95 270
f 94 270 269
f 95 96 271
f 95 271 270
f 96 97 272
f 96 272 271
f 97 98 273
f 97 273 272
f 98 99 274
f 98 274 273
f 99 100 275
f 99 275 274
f 100 101 276
f 100 276 275
f 101 102 277
f 101 277 276
f 102 103 278
f 102 278 277
f 103 104 279
f 103 279 278
f 104 105 280
f 104 280 279
f 105 106 281
f 105 281 280
f 106 107 282
f 106 282 281
f 107 108 283
f 107 283 282
f 108 109 284
f 108 284 283
f 109 110 285
f 109 285 284
f 110 111 286
f 110 286 285
f 111 112 145
f 111 145 286
f 229 230 231
f 199 200 201
f 199 201 202
f 228 229 231
f 199 202 203
f 227 228 231
f 199 203 204
f 226 227 231
f 199 204 205
f 225 226 231
f 252 253 254
f 176 177 178
f 199 205 206
f 224 225 231
f 176 178 179
f 251 252 254
f 176 179 180
f 250 251 254
f 199 206 207
f 223 224 231
f 249 250 254
f 176 180 181
f 223 231 232
f 222 223 232
f 221 222 232
f 220 221 232
f 219 220 232
f 218 219 232
f 218 232 233
f 218 233 234
f 218 234 235
f 218 235 236
f 218 236 237
f 218 237 238
f 218 238 239
f 218 239 240
f 218 240 241
f 217 218 241
f 216 217 241
f 215 216 241
f 198 199 207
f 198 207 208
f 198 208 209
f 198 209 210
f 198 210 211
f 198 211 212
f 197 198 212
f 196 197 212
f 195 196 212
f 194 195 212
f 193 194 212
f 192 193 212
f 191 192 212
f 190 191 212
f 189 190 212
f 189 212 213
f 189 213 214
f 189 214 215
f 189 215 241
f 188 189 241
f 188 241 242
f 176 181 182
f 248 249 254
f 247 248 254
f 176 182 183
f 176 183 184
f 246 247 254
f 176 184 185
f 245 246 254
f 244 245 254
f 176 185 186
f 243 244 254
f 176 186 187
f 243 254 255
f 242 243 255
f 188 242 255
f 188 255 256
f 188 256 257
f 188 257 258
f 188 258 259
f 188 259 260
f 188 260 261
f 188 261 262
f 188 262 263
f 188 263 264
f 188 264 265
f 188 265 266
f 188 266 267
f 188 267 268
f 188 268 269
f 188 269 270
f 188 270 271
f 188 271 272
f 188 272 273
f 188 273 274
f 188 274 275
f 188 275 276
f 188 276 277
f 188 277 278
f 188 278 279
f 188 279 280
f 188 280 281
f 188 281 282
f 188 282 283
f 188 283 284
f 188 284 285
f 188 285 286
f 188 286 145
f 188 145 144
f 188 144 146
f 188 146 147
f 188 147 148
f 188 148 149
f 188 149 150
f 188 150 151
f 188 151 152
f 188 152 153
f 188 153 154
f 188 154 155
f 188 155 156
f 188 156 157
f 188 157 158
f 188 158 159
f 188 159 160
f 188 160 161
f 188 161 162
f 188 162 163
f 188 163 164
f 188 164 165
f 188 165 166
f 188 166 167
f 188 167 168
f 188 168 169
f 188 169 170
f 188 170 171
f 188 171 172
f 188 172 173
f 188 173 174
f 188 174 175
f 188 175 176
f 188 176 187
f 289 288 287
f 290 289 287
f 291 290 287
f 292 291 287
f 293 292 287
f 293 287 294
f 295 293 294
f 296 295 294
f 299 298 297
f 299 297 300
f 301 299 300
f 301 300 302
f 303 301 302
f 303 302 304
f 303 304 305
f 303 305 306
f 303 306 307
f 303 307 308
f 303 308 309
f 303 309 310
f 303 310 311
f 303 311 312
f 303 312 313
f 303 313 314
f 303 314 315
f 303 315 316
f 303 316 317
f 303 317 318
f 303 318 319
f 303 319 320
f 303 320 321
f 303 321 322
f 303 322 323
f 303 323 324
f 303 324 325
f 303 325 326
f 303 326 327
f 303 327 328
f 303 328 329
f 303 329 330
f 303 330 331
f 303 331 332
f 303 332 333
f 303 333 334
f 303 334 335
f 303 335 336
f 303 336 337
f 303 337 338
f 303 338 339
f 303 339 340
f 303 340 341
f 303 341 342
f 303 342 343
f 303 343 344
f 303 344 345
f 303 345 346
f 303 346 347
f 303 347 348
f 303 348 349
f 303 349 350
f 303 350 351
f 303 351 352
f 303 352 353
f 303 353 354
f 303 354 355
f 303 355 356
f 303 356 357
f 303 357 358
f 303 358 359
f 303 359 360
f 303 360 361
f 303 361 362
f 303 362 363
f 303 363 364
f 303 364 365
f 303 365 366
f 303 366 367
f 303 367 368
f 303 368 369
f 370 303 369
f 370 369 371
f 370 371 372
f 373 370 372
f 373 372 374
f 375 373 374
f 375 374 376
f 377 375 376
f 346 345 378
f 346 378 379
f 345 344 380
f 345 380 378
f 344 343 381
f 344 381 380
f 343 342 382
f 343 382 381
f 342 341 383
f 342 383 382
f 341 340 384
f 341 384 383
f 340 339 385
f 340 385 384
f 339 338 386
f 339 386 385
f 338 337 387
f 338 387 386
f 337 336 388
f 337 388 387
f 336 335 389
f 336 389 388
f 335 334 390
f 335 390 389
f 334 333 391
f 334 391 390
f 333 332 392
f 333 392 391
f 332 331 393
f 332 393 392
f 331 330 394
f 331 394 393
f 330 329 395
f 330 395 394
f 329 328 396
f 329 396 395
f 328 327 397
f 328 397 396
f 327 326 398
f 327 398 397
f 326 325 399
f 326 399 398
f 325 324 400
f 325 400 399
f 324 323 401
f 324 401 400
f 323 322 402
f 323 402 401
f 322 321 403
f 322 403 402
f 321 320 404
f 321 404 403
f 320 319 405
f 320 405 404
f 319 318 406
f 319 406 405
f 318 317 407
f 318 407 406
f 317 316 408
f 317 408 407
f 316 315 409
f 316 409 408
f 315 314 410
f 315 410 409
f 314 313 411
f 314 411 410
f 313 312 412
f 313 412 411
f 312 311 413
f 312 413 412
f 311 310 414
f 311 414 413
f 310 309 415
f 310 415 414
f 309 308 416
f 309 416 415
f 308 307 417
f 308 417 416
f 307 306 418
f 307 418 417
f 306 305 419
f 306 419 418
f 305 304 420
f 305 420 419
f 304 302 421
f 304 421 420
f 302 300 422
f 302 422 421
f 300 297 423
f 300 423 422
f 297 425 424
f 297 424 423
f 425 427 426
f 425 426 424
f 427 429 428
f 427 428 426
f 429 431 430
f 429 430 428
f 431 433 432
f 431 432 430
f 433 435 434
f 433 434 432
f 435 294 436
f 435 436 434
f 294 287 437
f 294 437 436
f 287 288 438
f 287 438 437
f 288 289 439
f 288 439 438
f 289 290 440
f 289 440 439
f 290 291 441
f 290 441 440
f 291 292 442
f 291 442 441
f 292 293 443
f 292 443 442
f 293 295 444
f 293 444 443
f 295 296 445
f 295 445 444
f 296 447 446
f 296 446 445
f 447 449 448
f 447 448 446
f 449 451 450
f 449 450 448
f 451 453 452
f 451 452 450
f 453 455 454
f 453 454 452
f 455 457 456
f 455 456 454
f 457 459 458
f 457 458 456
f 459 461 460
f 459 460 458
f 461 463 462
f 461 462 460
f 463 465 464
f 463 464 462
f 465 467 466
f 465 466 464
f 467 469 468
f 467 468 466
f 469 471 470
f 469 470 468
f 471 473 472
f 471 472 470
f 473 475 474
f 473 474 472
f 475 477 476
f 475 476 474
f 477 479 478
f 477 478 476
f 479 481 480
f 479 480 478
f 481 483 482
f 481 482 480
f 483 485 484
f 483 484 482
f 485 487 486
f 485 486 484
f 487 489 488
f 487 488 486
f 489 491 490
f 489 490 488
f 491 493 492
f 491 492 490
f 493 495 494
f 493 494 492
f 495 497 496
f 495 496 494
f 497 499 498
f 497 498 496
f 499 501 500
f 499 500 498
f 501 503 502
f 501 502 500
f 503 505 504
f 503 504 502
f 505 507 506
f 505 506 504
f 507 509 508
f 507 508 506
f 509 511 510
f 509 510 508
f 511 513 512
f 511 512 510
f 513 515 514
f 513 514 512
f 515 517 516
f 515 516 514
f 517 519 518
f 517 518 516
f 519 521 520
f 519 520 518
f 521 523 522
f 521 522 520
f 523 525 524
f 523 524 522
f 525 527 526
f 525 526 524
f 527 529 528
f 527 528 526
f 529 531 530
f 529 530 528
f 531 533 532
f 531 532 530
f 533 535 534
f 533 534 532
f 535 537 536
f 535 536 534
f 537 539 538
f 537 538 536
f 539 541 540
f 539 540 538
f 541 543 542
f 541 542 540
f 543 545 544
f 543 544 542
f 545 547 546
f 545 546 544
f 547 549 548
f 547 548 546
f 549 551 550
f 549 550 548
f 551 553 552
f 551 552 550
f 553 555 554
f 553 554 552
f 555 557 556
f 555 556 554
f 557 559 558
f 557 558 556
f 559 561 560
f 559 560 558
f 561 563 562
f 561 562 560
f 563 565 564
f 563 564 562
f 565 567 566
f 565 566 564
f 567 569 568
f 567 568 566
f 569 571 570
f 569 570 568
f 571 573 572
f 571 572 570
f 573 575 574
f 573 574 572
f 575 577 576
f 575 576 574
f 577 579 578
f 577 578 576
f 579 581 580
f 579 580 578
f 581 298 582
f 581 582 580
f 298 299 583
f 298 583 582
f 299 301 584
f 299 584 583
f 301 303 585
f 301 585 584
f 303 370 586
f 303 586 585
f 370 373 587
f 370 587 586
f 373 375 588
f 373 588 587
f 375 377 589
f 375 589 588
f 377 376 590
f 377 590 589
f 376 374 591
f 376 591 590
f 374 372 592
f 374 592 591
f 372 371 593
f 372 593 592
f 371 369 594
f 371 594 593
f 369 368 595
f 369 595 594
f 368 367 596
f 368 596 595
f 367 366 597
f 367 597 596
f 366 365 598
f 366 598 597
f 365 364 599
f 365 599 598
f 364 363 600
f 364 600 599
f 363 362 601
f 363 601 600
f 362 361 602
f 362 602 601
f 361 360 603
f 361 603 602
f 360 359 604
f 360 604 603
f 359 358 605
f 359 605 604
f 358 357 606
f 358 606 605
f 357 356 607
f 357 607 606
f 356 355 608
f 356 608 607
f 355 354 609
f 355 609 608
f 354 353 610
f 354 610 609
f 353 352 611
f 353 611 610
f 352 351 612
f 352 612 611
f 351 350 613
f 351 613 612
f 350 349 614
f 350 614 613
f 349 348 615
f 349 615 614
f 348 347 616
f 348 616 615
f 347 346 379
f 347 379 616
f 437 438 439
f 437 439 440
f 437 440 441
f 437 441 442
f 437 442 443
f 436 437 443
f 436 443 444
f 436 444 445
f 436 445 446
f 436 446 448
f 436 448 450
f 436 450 452
f 436 452 454
f 434 436 454
f 434 454 456
f 434 456 458
f 434 458 460
f 434 460 462
f 434 462 464
f 434 464 466
f 434 466 468
f 434 468 470
f 434 470 472
f 434 472 474
f 434 474 476
f 432 434 476
f 432 476 478
f 432 478 480
f 432 480 482
f 432 482 484
f 432 484 486
f 432 486 488
f 432 488 490
f 432 490 492
f 432 492 494
f 432 494 496
f 432 496 498
f 430 432 498
f 428 430 498
f 426 428 498
f 424 426 498
f 423 424 498
f 423 498 500
f 423 500 502
f 423 502 504
f 423 504 506
f 423 506 508
f 423 508 510
f 423 510 512
f 423 512 514
f 423 514 516
f 423 516 518
f 423 518 520
f 423 520 522
f 423 522 524
f 423 524 526
f 423 526 528
f 423 528 530
f 423 530 532
f 423 532 534
f 423 534 536
f 423 536 538
f 423 538 540
f 423 540 542
f 423 542 544
f 423 544 546
f 423 546 548
f 423 548 550
f 423 550 552
f 423 552 554
f 423 554 556
f 423 556 558
f 423 558 560
f 423 560 562
f 423 562 564
f 423 564 566
f 423 566 568
f 423 568 570
f 423 570 572
f 423 572 574
f 423 574 576
f 423 576 578
f 423 578 580
f 423 580 582
f 423 582 583
f 422 423 583
f 422 583 584
f 421 422 584
f 421 584 585
f 420 421 585
f 419 420 585
f 418 419 585
f 417 418 585
f 416 417 585
f 415 416 585
f 414 415 585
f 413 414 585
f 412 413 585
f 411 412 585
f 410 411 585
f 409 410 585
f 408 409 585
f 407 408 585
f 406 407 585
f 405 406 585
f 404 405 585
f 403 404 585
f 402 403 585
f 401 402 585
f 400 401 585
f 399 400 585
f 398 399 585
f 397 398 585
f 396 397 585
f 395 396 585
f 394 395 585
f 393 394 585
f 392 393 585
f 391 392 585
f 390 391 585
f 389 390 585
f 388 389 585
f 387 388 585
f 386 387 585
f 385 386 585
f 384 385 585
f 383 384 585
f 382 383 585
f 381 382 585
f 380 381 585
f 378 380 585
f 379 378 585
f 616 379 585
f 615 616 585
f 614 615 585
f 613 614 585
f 612 613 585
f 611 612 585
f 610 611 585
f 609 610 585
f 608 609 585
f 607 608 585
f 606 607 585
f 605 606 585
f 604 605 585
f 603 604 585
f 602 603 585
f 601 602 585
f 600 601 585
f 599 600 585
f 598 599 585
f 597 598 585
f 596 597 585
f 595 596 585
f 594 595 585
f 594 585 586
f 593 594 586
f 592 593 586
f 592 586 587
f 591 592 587
f 591 587 588
f 590 591 588
f 590 588 589
f 447 296 617
f 296 294 617
f 618 447 617
f 447 618 449
f 619 617 294
f 449 618 451
f 451 618 453
f 453 618 455
f 455 618 457
f 621 619 620
f 620 619 294
f 294 435 620
f 620 435 622
f 457 618 459
f 459 618 461
f 461 618 463
f 463 618 465
f 465 618 467
f 467 618 469
f 469 618 471
f 471 618 473
f 473 618 475
f 475 618 477
f 622 435 433
f 477 618 479
f 479 618 481
f 481 618 483
f 483 618 485
f 485 618 487
f 487 618 489
f 489 618 491
f 491 618 493
f 493 618 495
f 495 618 497
f 497 618 499
f 623 622 433
f 433 431 623
f 624 431 429
f 624 623 431
f 626 624 625
f 625 624 429
f 429 427 625
f 627 427 425
f 625 427 627
f 628 622 623
f 499 618 501
f 627 425 629
f 627 629 630
f 425 297 629
f 631 627 630
f 629 297 632
f 501 618 503
f 503 618 505
f 505 618 507
f 507 618 509
f 632 297 633
f 509 618 511
f 511 618 513
f 513 618 515
f 515 618 517
f 517 618 519
f 519 618 521
f 634 627 631
f 521 618 523
f 523 618 525
f 525 618 527
f 527 618 529
f 529 618 531
f 531 618 533
f 533 618 535
f 535 618 537
f 635 627 634
f 537 618 539
f 633 297 636
f 539 618 541
f 541 618 543
f 637 543 618
f 543 637 545
f 545 637 638
f 639 545 638
f 545 639 547
f 621 638 637
f 619 621 637
f 547 639 549
f 638 621 640
f 549 639 551
f 551 639 553
f 642 640 641
f 643 640 621
f 640 643 641
f 644 627 635
f 636 297 645
f 553 639 555
f 628 641 643
f 622 628 643
f 641 628 646
f 555 639 557
f 557 639 559
f 647 646 628
f 559 639 561
f 649 646 648
f 646 647 648
f 561 639 563
f 626 648 647
f 624 626 647
f 626 650 648
f 645 297 651
f 563 639 565
f 652 650 626
f 653 627 644
f 627 654 652
f 654 627 653
f 651 297 655
f 567 565 639
f 656 567 639
f 640 642 656
f 656 642 567
f 567 642 569
f 654 657 652
f 650 652 658
f 659 650 658
f 658 652 657
f 657 654 660
f 661 657 660
f 657 661 662
f 657 662 663
f 664 657 663
f 666 297 665
f 667 297 666
f 655 297 668
f 668 297 667
f 569 642 571
f 669 665 297
f 669 297 670
f 657 664 671
f 672 657 671
f 673 657 672
f 669 671 664
f 665 669 664
f 665 664 674
f 646 649 573
f 650 659 675
f 670 297 676
f 677 657 673
f 573 571 642
f 573 642 678
f 646 573 678
f 679 573 649
f 573 679 575
f 681 297 680
f 676 297 681
f 682 657 677
f 675 575 679
f 575 675 577
f 675 659 577
f 683 657 682
f 577 659 579
f 297 685 684
f 680 297 684
f 686 579 659
f 685 297 687
f 657 683 686
f 688 686 683
f 686 688 579
f 579 689 581
f 689 579 688
f 687 297 690
f 297 691 690
f 692 581 689
f 693 581 692
f 581 693 298
f 297 298 694
f 298 695 694
f 691 297 696
f 696 297 694
f 697 298 693
f 697 695 298
f 700 699 698
f 698 699 701
f 704 703 702
f 703 705 702
f 708 707 706
f 707 709 706
f 712 711 710
f 710 711 713
f 716 715 714
f 715 717 714
f 717 718 714
f 714 718 719
f 718 720 719
f 719 720 721
f 720 722 721
f 721 722 723
f 722 724 723
f 723 724 725
f 724 726 725
f 725 726 727
f 726 728 727
f 727 728 729
f 728 730 729
f 729 730 731
f 730 732 731
f 731 732 733
f 732 734 733
f 733 734 735
f 735 734 736
f 734 737 736
f 740 739 738
f 739 741 738
f 744 743 742
f 742 743 745
f 748 747 746
f 746 747 749
f 752 751 750
f 751 753 750
f 756 755 754
f 754 755 757
f 757 755 758
f 755 759 758
f 758 759 760
f 759 761 760
f 760 761 762
f 761 763 762
f 762 763 764
f 763 765 764
f 764 765 766
f 765 767 766
f 766 767 768
f 767 769 768
f 768 769 770
f 769 771 770
f 770 771 772
f 771 773 772
f 772 773 774
f 773 775 774
f 775 776 774
f 774 776 777
f 740 738 618
f 617 740 618
f 619 739 740
f 619 740 617
f 742 745 620
f 620 745 621
f 622 744 742
f 620 622 742
f 739 619 741
f 744 622 743
f 746 749 623
f 624 748 746
f 624 746 623
f 752 750 625
f 625 750 626
f 627 751 752
f 625 627 752
f 623 749 628
f 748 624 747
f 775 629 776
f 775 630 629
f 630 775 773
f 631 773 771
f 631 630 773
f 776 629 777
f 629 632 777
f 777 632 774
f 632 633 774
f 631 771 634
f 774 633 772
f 751 627 753
f 634 771 769
f 635 634 769
f 633 636 772
f 618 738 741
f 618 741 637
f 638 699 700
f 699 638 701
f 638 700 639
f 619 637 741
f 638 640 701
f 772 636 770
f 641 704 702
f 641 702 642
f 621 745 743
f 643 621 743
f 635 769 767
f 644 635 767
f 636 645 770
f 646 703 704
f 641 646 704
f 622 643 743
f 628 749 747
f 628 747 647
f 770 645 768
f 648 709 707
f 649 648 707
f 644 767 765
f 650 706 709
f 648 650 709
f 624 647 747
f 645 651 768
f 701 640 698
f 626 750 753
f 626 753 652
f 644 765 653
f 627 652 753
f 653 765 763
f 654 653 763
f 768 651 766
f 651 655 766
f 698 656 700
f 639 700 656
f 640 656 698
f 657 713 711
f 658 711 712
f 658 657 711
f 659 658 712
f 654 763 761
f 761 660 654
f 660 761 759
f 661 759 755
f 661 660 759
f 755 662 661
f 662 755 756
f 756 663 662
f 663 756 754
f 664 663 754
f 665 760 666
f 760 665 758
f 666 760 762
f 667 762 764
f 667 666 762
f 668 764 766
f 668 667 764
f 766 655 668
f 703 646 705
f 717 670 718
f 670 717 715
f 669 715 716
f 669 670 715
f 671 716 714
f 671 669 716
f 672 714 719
f 672 671 714
f 673 672 719
f 664 754 757
f 757 674 664
f 674 757 758
f 758 665 674
f 650 675 706
f 718 676 720
f 670 676 718
f 673 719 721
f 677 673 721
f 705 642 702
f 705 678 642
f 646 678 705
f 706 675 708
f 649 707 679
f 680 720 681
f 676 681 720
f 677 721 723
f 682 677 723
f 679 708 675
f 708 679 707
f 713 657 710
f 680 722 720
f 682 723 725
f 683 682 725
f 724 684 685
f 684 724 722
f 680 684 722
f 683 725 727
f 659 710 686
f 710 659 712
f 657 686 710
f 726 687 728
f 726 685 687
f 685 726 724
f 683 727 688
f 688 727 729
f 689 688 729
f 730 690 691
f 690 730 728
f 728 687 690
f 689 729 731
f 692 731 733
f 692 689 731
f 692 733 693
f 737 695 736
f 737 694 695
f 694 737 734
f 696 734 732
f 696 694 734
f 732 691 696
f 691 732 730
f 693 733 735
f 693 735 697
f 697 735 736
f 697 736 695
f 780 779 778
f 778 782 781
f 778 781 783
f 778 783 784
f 780 778 784
f 780 784 785
f 785 787 786
f 780 785 786
f 780 786 788
f 780 788 789
f 790 780 789
f 791 790 789
f 791 789 792
f 791 792 793
f 791 793 794
f 797 796 795
f 797 795 798
f 799 797 798
f 799 798 800
f 801 799 800
f 801 800 802
f 801 802 803
f 801 803 804
f 805 801 804
f 805 804 806
f 805 806 807
f 805 807 808
f 809 805 808
f 809 808 810
f 809 810 811
f 809 811 812
f 809 812 813
f 809 813 814
f 809 814 815
f 809 815 816
f 809 816 817
f 809 817 818
f 809 818 819
f 809 819 820
f 809 820 821
f 822 809 821
f 823 822 821
f 824 823 821
f 825 824 821
f 826 825 821
f 829 828 827
f 829 827 791
f 830 829 791
f 830 791 794
f 831 830 794
f 794 826 821
f 831 794 821
f 831 821 832
f 831 832 833
f 831 833 834
f 831 834 835
f 831 835 836
f 831 836 837
f 831 837 838
f 831 838 839
f 831 839 840
f 831 840 841
f 831 841 842
f 831 842 843
f 831 843 844
f 831 844 845
f 831 845 846
f 831 846 847
f 831 847 848
f 792 789 849
f 792 849 850
f 789 788 851
f 789 851 849
f 788 786 852
f 788 852 851
f 786 787 853
f 786 853 852
f 787 785 854
f 787 854 853
f 785 784 855
f 785 855 854
f 784 783 856
f 784 856 855
f 783 781 857
f 783 857 856
f 781 782 858
f 781 858 857
f 782 778 859
f 782 859 858
f 778 779 860
f 778 860 859
f 779 780 861
f 779 861 860
f 780 790 862
f 780 862 861
f 790 791 863
f 790 863 862
f 791 827 864
f 791 864 863
f 827 828 865
f 827 865 864
f 828 829 866
f 828 866 865
f 829 830 867
f 829 867 866
f 830 831 868
f 830 868 867
f 831 848 869
f 831 869 868
f 848 847 870
f 848 870 869
f 847 846 871
f 847 871 870
f 846 845 872
f 846 872 871
f 845 844 873
f 845 873 872
f 844 843 874
f 844 874 873
f 843 842 875
f 843 875 874
f 842 841 876
f 842 876 875
f 841 840 877
f 841 877 876
f 840 839 878
f 840 878 877
f 839 838 879
f 839 879 878
f 838 837 880
f 838 880 879
f 837 836 881
f 837 881 880
f 836 835 882
f 836 882 881
f 835 834 883
f 835 883 882
f 834 833 884
f 834 884 883
f 833 832 885
f 833 885 884
f 832 821 886
f 832 886 885
f 821 820 887
f 821 887 886
f 820 819 888
f 820 888 887
f 819 818 889
f 819 889 888
f 818 817 890
f 818 890 889
f 817 816 891
f 817 891 890
f 816 815 892
f 816 892 891
f 815 814 893
f 815 893 892
f 814 813 894
f 814 894 893
f 813 812 895
f 813 895 894
f 812 811 896
f 812 896 895
f 811 810 897
f 811 897 896
f 810 808 898
f 810 898 897
f 808 807 899
f 808 899 898
f 807 806 900
f 807 900 899
f 806 804 901
f 806 901 900
f 804 803 902
f 804 902 901
f 803 802 903
f 803 903 902
f 802 800 904
f 802 904 903
f 800 798 905
f 800 905 904
f 798 795 906
f 798 906 905
f 795 796 907
f 795 907 906
f 796 797 908
f 796 908 907
f 797 799 909
f 797 909 908
f 799 801 910
f 799 910 909
f 801 805 911
f 801 911 910
f 805 809 912
f 805 912 911
f 809 822 913
f 809 913 912
f 822 823 914
f 822 914 913
f 823 824 915
f 823 915 914
f 824 825 916
f 824 916 915
f 825 826 917
f 825 917 916
f 826 794 918
f 826 918 917
f 794 793 919
f 794 919 918
f 793 792 850
f 793 850 919
f 859 860 861
f 857 858 859
f 856 857 859
f 855 856 859
f 855 859 861
f 854 855 861
f 852 853 854
f 852 854 861
f 851 852 861
f 849 851 861
f 849 861 862
f 849 862 863
f 850 849 863
f 919 850 863
f 918 919 863
f 906 907 908
f 905 906 908
f 905 908 909
f 904 905 909
f 904 909 910
f 903 904 910
f 902 903 910
f 901 902 910
f 901 910 911
f 900 901 911
f 899 900 911
f 898 899 911
f 898 911 912
f 897 898 912
f 896 897 912
f 895 896 912
f 894 895 912
f 893 894 912
f 892 893 912
f 891 892 912
f 890 891 912
f 889 890 912
f 888 889 912
f 887 888 912
f 886 887 912
f 886 912 913
f 886 913 914
f 886 914 915
f 886 915 916
f 886 916 917
f 864 865 866
f 863 864 866
f 863 866 867
f 918 863 867
f 918 867 868
f 886 917 918
f 886 918 868
f 885 886 868
f 884 885 868
f 883 884 868
f 882 883 868
f 881 882 868
f 880 881 868
f 879 880 868
f 878 879 868
f 877 878 868
f 876 877 868
f 875 876 868
f 874 875 868
f 873 874 868
f 872 873 868
f 871 872 868
f 870 871 868
f 869 870 868
f 922 921 920
f 923 922 920
f 924 923 920
f 925 924 920
f 926 925 920
f 927 926 920
f 928 927 920
f 929 928 920
f 930 929 920
f 931 930 920
f 931 920 932
f 933 931 932
f 934 933 932
f 935 934 932
f 936 935 932
f 937 936 932
f 938 937 932
f 939 938 932
f 940 939 932
f 941 940 932
f 942 941 932
f 943 942 932
f 944 943 932
f 945 944 932
f 946 945 932
f 946 932 947
f 946 947 948
f 946 948 949
f 946 949 950
f 946 950 951
f 946 951 952
f 946 952 953
f 946 953 954
f 946 954 955
f 946 955 956
f 922 923 957
f 922 957 958
f 923 924 959
f 923 959 957
f 924 925 960
f 924 960 959
f 925 926 961
f 925 961 960
f 926 927 962
f 926 962 961
f 927 928 963
f 927 963 962
f 928 929 964
f 928 964 963
f 929 930 965
f 929 965 964
f 930 931 966
f 930 966 965
f 931 933 967
f 931 967 966
f 933 934 968
f 933 968 967
f 934 935 969
f 934 969 968
f 935 936 970
f 935 970 969
f 936 937 971
f 936 971 970
f 937 938 972
f 937 972 971
f 938 939 973
f 938 973 972
f 939 940 974
f 939 974 973
f 940 941 975
f 940 975 974
f 941 942 976
f 941 976 975
f 942 943 977
f 942 977 976
f 943 944 978
f 943 978 977
f 944 945 979
f 944 979 978
f 945 946 980
f 945 980 979
f 946 956 981
f 946 981 980
f 956 955 982
f 956 982 981
f 955 954 983
f 955 983 982
f 954 953 984
f 954 984 983
f 953 952 985
f 953 985 984
f 952 951 986
f 952 986 985
f 951 950 987
f 951 987 986
f 950 949 988
f 950 988 987
f 949 948 989
f 949 989 988
f 948 947 990
f 948 990 989
f 947 932 991
f 947 991 990
f 932 920 992
f 932 992 991
f 920 921 993
f 920 993 992
f 921 922 958
f 921 958 993
f 992 993 958
f 992 958 957
f 992 957 959
f 992 959 960
f 992 960 961
f 992 961 962
f 992 962 963
f 992 963 964
f 992 964 965
f 992 965 966
f 991 992 966
f 991 966 967
f 991 967 968
f 991 968 969
f 991 969 970
f 991 970 971
f 991 971 972
f 991 972 973
f 991 973 974
f 991 974 975
f 991 975 976
f 991 976 977
f 991 977 978
f 991 978 979
f 991 979 980
f 990 991 980
f 989 990 980
f 988 989 980
f 987 988 980
f 986 987 980
f 985 986 980
f 984 985 980
f 983 984 980
f 982 983 980
f 981 982 980
f 996 995 994
f 996 994 997
f 996 999 998
f 996 998 995
f 995 998 1000
f 995 1000 994
f 994 1000 1001
f 994 1001 997
f 997 1001 999
f 997 999 996
f 999 1001 1000
f 999 1000 998
f 1004 1003 1002
f 1004 1002 1005
f 1006 1004 1005
f 1006 1005 1007
f 1008 1006 1007
f 1008 1007 1009
f 1010 1008 1009
f 1010 1009 1011
f 1012 1010 1011
f 1012 1011 1013
f 1014 1012 1013
f 1014 1013 1015
f 1016 1014 1015
f 1016 1015 1017
f 1018 1016 1017
f 1018 1017 1019
f 1020 1018 1019
f 1021 1020 1019
f 1021 1019 1022
f 1023 1021 1022
f 1024 1023 1022
f 1025 1024 1022
f 1025 1022 1026
f 1027 1025 1026
f 1028 1027 1026
f 1028 1026 1029
f 1030 1028 1029
f 1030 1029 1031
f 1032 1030 1031
f 1032 1031 1033
f 1034 1032 1033
f 1034 1033 1035
f 1036 1034 1035
f 1036 1035 1037
f 1038 1036 1037
f 1038 1037 1039
f 1040 1038 1039
f 1040 1039 1041
f 1042 1040 1041
f 1042 1041 1043
f 1044 1042 1043
f 1044 1043 1045
f 1046 1044 1045
f 1046 1045 1047
f 1048 1046 1047
f 1048 1047 1049
f 1050 1048 1049
f 1051 1050 1049
f 1051 1049 1052
f 1053 1051 1052
f 1054 1053 1052
f 1054 1052 1055
f 1056 1054 1055
f 1056 1055 1057
f 1058 1056 1057
f 1058 1057 1059
f 1060 1058 1059
f 1060 1059 1061
f 1062 1060 1061
f 1063 1062 1061
f 1063 1061 1064
f 1065 1063 1064
f 1065 1064 1066
f 1067 1065 1066
f 1067 1066 1068
f 1069 1067 1068
f 1069 1068 1070
f 1071 1069 1070
f 1072 1071 1070
f 1072 1070 1073
f 1074 1072 1073
f 1074 1073 1075
f 1076 1074 1075
f 1076 1075 1077
f 1078 1076 1077
f 1079 1078 1077
f 1079 1077 1080
f 1079 1080 1081
f 1079 1081 1082
f 1083 1079 1082
f 1083 1082 1084
f 1085 1083 1084
f 1085 1084 1086
f 1087 1085 1086
f 1087 1086 1088
f 1087 1088 1089
f 1090 1087 1089
f 1090 1089 1091
f 1092 1090 1091
f 1092 1091 1093
f 1094 1092 1093
f 1094 1093 1095
f 1096 1094 1095
f 1096 1095 1097
f 1096 1097 1098
f 1099 1096 1098
f 1099 1098 1100
f 1099 1100 1101
f 1102 1099 1101
f 1102 1101 1103
f 1102 1103 1104
f 1105 1102 1104
f 1105 1104 1106
f 1105 1106 1107
f 1105 1107 1108
f 1109 1105 1108
f 1109 1108 1110
f 1113 1112 1111
f 1114 1113 1111
f 1114 1111 1115
f 1114 1115 1116
f 1117 1114 1116
f 1117 1116 1118
f 1119 1117 1118
f 1119 1118 1120
f 1119 1120 1121
f 1122 1119 1121
f 1122 1121 1123
f 1122 1123 1124
f 1125 1122 1124
f 1125 1124 1126
f 1125 1126 1127
f 1128 1125 1127
f 1128 1127 1129
f 1130 1128 1129
f 1130 1129 1131
f 1132 1130 1131
f 1132 1131 1133
f 1134 1132 1133
f 1134 1133 1135
f 1136 1134 1135
f 1136 1135 1137
f 1138 1136 1137
f 1139 1138 1137
f 1139 1137 1140
f 1141 1139 1140
f 1141 1140 1142
f 1110 1141 1142
f 1109 1110 1142
f 1109 1142 1143
f 1144 1109 1143
f 1145 1144 1143
f 1146 1145 1143
f 1147 1146 1143
f 1148 1147 1143
f 1149 1148 1143
f 1150 1149 1143
f 1151 1150 1143
f 1152 1151 1143
f 1153 1152 1143
f 1153 1143 1154
f 1155 1153 1154
f 1155 1154 1156
f 1157 1155 1156
f 1158 1157 1156
f 1159 1158 1156
f 1160 1159 1156
f 1161 1160 1156
f 1162 1161 1156
f 1163 1162 1156
f 1164 1163 1156
f 1165 1164 1156
f 1166 1165 1156
f 1021 1023 1167
f 1021 1167 1168
f 1023 1024 1169
f 1023 1169 1167
f 1024 1025 1170
f 1024 1170 1169
f 1025 1027 1171
f 1025 1171 1170
f 1027 1028 1172
f 1027 1172 1171
f 1028 1030 1173
f 1028 1173 1172
f 1030 1032 1174
f 1030 1174 1173
f 1032 1034 1175
f 1032 1175 1174
f 1034 1036 1176
f 1034 1176 1175
f 1036 1038 1177
f 1036 1177 1176
f 1038 1040 1178
f 1038 1178 1177
f 1040 1042 1179
f 1040 1179 1178
f 1042 1044 1180
f 1042 1180 1179
f 1044 1046 1181
f 1044 1181 1180
f 1046 1048 1182
f 1046 1182 1181
f 1048 1050 1183
f 1048 1183 1182
f 1050 1051 1184
f 1050 1184 1183
f 1051 1053 1185
f 1051 1185 1184
f 1053 1054 1186
f 1053 1186 1185
f 1054 1056 1187
f 1054 1187 1186
f 1056 1058 1188
f 1056 1188 1187
f 1058 1060 1189
f 1058 1189 1188
f 1060 1062 1190
f 1060 1190 1189
f 1062 1063 1191
f 1062 1191 1190
f 1063 1065 1192
f 1063 1192 1191
f 1065 1067 1193
f 1065 1193 1192
f 1067 1069 1194
f 1067 1194 1193
f 1069 1071 1195
f 1069 1195 1194
f 1071 1072 1196
f 1071 1196 1195
f 1072 1074 1197
f 1072 1197 1196
f 1074 1076 1198
f 1074 1198 1197
f 1076 1078 1199
f 1076 1199 1198
f 1078 1079 1200
f 1078 1200 1199
f 1079 1083 1201
f 1079 1201 1200
f 1083 1085 1202
f 1083 1202 1201
f 1085 1087 1203
f 1085 1203 1202
f 1087 1090 1204
f 1087 1204 1203
f 1090 1092 1205
f 1090 1205 1204
f 1092 1094 1206
f 1092 1206 1205
f 1094 1096 1207
f 1094 1207 1206
f 1096 1099 1208
f 1096 1208 1207
f 1099 1102 1209
f 1099 1209 1208
f 1102 1105 1210
f 1102 1210 1209
f 1105 1109 1211
f 1105 1211 1210
f 1109 1144 1212
f 1109 1212 1211
f 1144 1145 1213
f 1144 1213 1212
f 1145 1146 1214
f 1145 1214 1213
f 1146 1147 1215
f 1146 1215 1214
f 1147 1148 1216
f 1147 1216 1215
f 1148 1149 1217
f 1148 1217 1216
f 1149 1150 1218
f 1149 1218 1217
f 1150 1151 1219
f 1150 1219 1218
f 1151 1152 1220
f 1151 1220 1219
f 1152 1153 1221
f 1152 1221 1220
f 1153 1155 1222
f 1153 1222 1221
f 1155 1157 1223
f 1155 1223 1222
f 1157 1158 1224
f 1157 1224 1223
f 1158 1159 1225
f 1158 1225 1224
f 1159 1160 1226
f 1159 1226 1225
f 1160 1161 1227
f 1160 1227 1226
f 1161 1162 1228
f 1161 1228 1227
f 1162 1163 1229
f 1162 1229 1228
f 1163 1164 1230
f 1163 1230 1229
f 1164 1165 1231
f 1164 1231 1230
f 1165 1166 1232
f 1165 1232 1231
f 1166 1156 1233
f 1166 1233 1232
f 1156 1154 1234
f 1156 1234 1233
f 1154 1143 1235
f 1154 1235 1234
f 1143 1142 1236
f 1143 1236 1235
f 1142 1140 1237
f 1142 1237 1236
f 1140 1137 1238
f 1140 1238 1237
f 1137 1135 1239
f 1137 1239 1238
f 1135 1133 1240
f 1135 1240 1239
f 1133 1131 1241
f 1133 1241 1240
f 1131 1129 1242
f 1131 1242 1241
f 1129 1127 1243
f 1129 1243 1242
f 1127 1126 1244
f 1127 1244 1243
f 1126 1124 1245
f 1126 1245 1244
f 1124 1123 1246
f 1124 1246 1245
f 1123 1121 1247
f 1123 1247 1246
f 1121 1120 1248
f 1121 1248 1247
f 1120 1118 1249
f 1120 1249 1248
f 1118 1116 1250
f 1118 1250 1249
f 1116 1115 1251
f 1116 1251 1250
f 1115 1111 1252
f 1115 1252 1251
f 1111 1112 1253
f 1111 1253 1252
f 1112 1113 1254
f 1112 1254 1253
f 1113 1114 1255
f 1113 1255 1254
f 1114 1117 1256
f 1114 1256 1255
f 1117 1119 1257
f 1117 1257 1256
f 1119 1122 1258
f 1119 1258 1257
f 1122 1125 1259
f 1122 1259 1258
f 1125 1128 1260
f 1125 1260 1259
f 1128 1130 1261
f 1128 1261 1260
f 1130 1132 1262
f 1130 1262 1261
f 1132 1134 1263
f 1132 1263 1262
f 1134 1136 1264
f 1134 1264 1263
f 1136 1138 1265
f 1136 1265 1264
f 1138 1139 1266
f 1138 1266 1265
f 1139 1141 1267
f 1139 1267 1266
f 1141 1110 1268
f 1141 1268 1267
f 1110 1108 1269
f 1110 1269 1268
f 1108 1107 1270
f 1108 1270 1269
f 1107 1106 1271
f 1107 1271 1270
f 1106 1104 1272
f 1106 1272 1271
f 1104 1103 1273
f 1104 1273 1272
f 1103 1101 1274
f 1103 1274 1273
f 1101 1100 1275
f 1101 1275 1274
f 1100 1098 1276
f 1100 1276 1275
f 1098 1097 1277
f 1098 1277 1276
f 1097 1095 1278
f 1097 1278 1277
f 1095 1093 1279
f 1095 1279 1278
f 1093 1091 1280
f 1093 1280 1279
f 1091 1089 1281
f 1091 1281 1280
f 1089 1088 1282
f 1089 1282 1281
f 1088 1086 1283
f 1088 1283 1282
f 1086 1084 1284
f 1086 1284 1283
f 1084 1082 1285
f 1084 1285 1284
f 1082 1081 1286
f 1082 1286 1285
f 1081 1080 1287
f 1081 1287 1286
f 1080 1077 1288
f 1080 1288 1287
f 1077 1075 1289
f 1077 1289 1288
f 1075 1073 1290
f 1075 1290 1289
f 1073 1070 1291
f 1073 1291 1290
f 1070 1068 1292
f 1070 1292 1291
f 1068 1066 1293
f 1068 1293 1292
f 1066 1064 1294
f 1066 1294 1293
f 1064 1061 1295
f 1064 1295 1294
f 1061 1059 1296
f 1061 1296 1295
f 1059 1057 1297
f 1059 1297 1296
f 1057 1055 1298
f 1057 1298 1297
f 1055 1052 1299
f 1055 1299 1298
f 1052 1049 1300
f 1052 1300 1299
f 1049 1047 1301
f 1049 1301 1300
f 1047 1045 1302
f 1047 1302 1301
f 1045 1043 1303
f 1045 1303 1302
f 1043 1041 1304
f 1043 1304 1303
f 1041 1039 1305
f 1041 1305 1304
f 1039 1037 1306
f 1039 1306 1305
f 1037 1035 1307
f 1037 1307 1306
f 1035 1033 1308
f 1035 1308 1307
f 1033 1031 1309
f 1033 1309 1308
f 1031 1029 1310
f 1031 1310 1309
f 1029 1026 1311
f 1029 1311 1310
f 1026 1022 1312
f 1026 1312 1311
f 1022 1019 1313
f 1022 1313 1312
f 1019 1017 1314
f 1019 1314 1313
f 1017 1015 1315
f 1017 1315 1314
f 1015 1013 1316
f 1015 1316 1315
f 1013 1011 1317
f 1013 1317 1316
f 1011 1009 1318
f 1011 1318 1317
f 1009 1007 1319
f 1009 1319 1318
f 1007 1005 1320
f 1007 1320 1319
f 1005 1002 1321
f 1005 1321 1320
f 1002 1003 1322
f 1002 1322 1321
f 1003 1004 1323
f 1003 1323 1322
f 1004 1006 1324
f 1004 1324 1323
f 1006 1008 1325
f 1006 1325 1324
f 1008 1010 1326
f 1008 1326 1325
f 1010 1012 1327
f 1010 1327 1326
f 1012 1014 1328
f 1012 1328 1327
f 1014 1016 1329
f 1014 1329 1328
f 1016 1018 1330
f 1016 1330 1329
f 1018 1020 1331
f 1018 1331 1330
f 1020 1021 1168
f 1020 1168 1331
f 1321 1322 1323
f 1320 1321 1323
f 1320 1323 1324
f 1319 1320 1324
f 1319 1324 1325
f 1318 1319 1325
f 1318 1325 1326
f 1317 1318 1326
f 1317 1326 1327
f 1316 1317 1327
f 1316 1327 1328
f 1315 1316 1328
f 1315 1328 1329
f 1314 1315 1329
f 1314 1329 1330
f 1313 1314 1330
f 1313 1330 1331
f 1313 1331 1168
f 1312 1313 1168
f 1312 1168 1167
f 1312 1167 1169
f 1312 1169 1170
f 1311 1312 1170
f 1311 1170 1171
f 1311 1171 1172
f 1310 1311 1172
f 1310 1172 1173
f 1309 1310 1173
f 1309 1173 1174
f 1308 1309 1174
f 1308 1174 1175
f 1307 1308 1175
f 1307 1175 1176
f 1306 1307 1176
f 1306 1176 1177
f 1305 1306 1177
f 1305 1177 1178
f 1304 1305 1178
f 1304 1178 1179
f 1303 1304 1179
f 1303 1179 1180
f 1302 1303 1180
f 1302 1180 1181
f 1301 1302 1181
f 1301 1181 1182
f 1300 1301 1182
f 1300 1182 1183
f 1300 1183 1184
f 1299 1300 1184
f 1299 1184 1185
f 1299 1185 1186
f 1298 1299 1186
f 1298 1186 1187
f 1297 1298 1187
f 1297 1187 1188
f 1296 1297 1188
f 1296 1188 1189
f 1295 1296 1189
f 1295 1189 1190
f 1295 1190 1191
f 1294 1295 1191
f 1294 1191 1192
f 1293 1294 1192
f 1293 1192 1193
f 1292 1293 1193
f 1292 1193 1194
f 1291 1292 1194
f 1291 1194 1195
f 1291 1195 1196
f 1290 1291 1196
f 1290 1196 1197
f 1289 1290 1197
f 1289 1197 1198
f 1288 1289 1198
f 1288 1198 1199
f 1288 1199 1200
f 1287 1288 1200
f 1286 1287 1200
f 1285 1286 1200
f 1285 1200 1201
f 1284 1285 1201
f 1284 1201 1202
f 1283 1284 1202
f 1283 1202 1203
f 1282 1283 1203
f 1281 1282 1203
f 1281 1203 1204
f 1280 1281 1204
f 1280 1204 1205
f 1279 1280 1205
f 1279 1205 1206
f 1278 1279 1206
f 1278 1206 1207
f 1277 1278 1207
f 1276 1277 1207
f 1276 1207 1208
f 1275 1276 1208
f 1274 1275 1208
f 1274 1208 1209
f 1273 1274 1209
f 1272 1273 1209
f 1272 1209 1210
f 1271 1272 1210
f 1270 1271 1210
f 1269 1270 1210
f 1269 1210 1211
f 1268 1269 1211
f 1252 1253 1254
f 1252 1254 1255
f 1251 1252 1255
f 1250 1251 1255
f 1250 1255 1256
f 1249 1250 1256
f 1249 1256 1257
f 1248 1249 1257
f 1247 1248 1257
f 1247 1257 1258
f 1246 1247 1258
f 1245 1246 1258
f 1245 1258 1259
f 1244 1245 1259
f 1243 1244 1259
f 1243 1259 1260
f 1242 1243 1260
f 1242 1260 1261
f 1241 1242 1261
f 1241 1261 1262
f 1240 1241 1262
f 1240 1262 1263
f 1239 1240 1263
f 1239 1263 1264
f 1238 1239 1264
f 1238 1264 1265
f 1238 1265 1266
f 1237 1238 1266
f 1237 1266 1267
f 1236 1237 1267
f 1236 1267 1268
f 1236 1268 1211
f 1235 1236 1211
f 1235 1211 1212
f 1235 1212 1213
f 1235 1213 1214
f 1235 1214 1215
f 1235 1215 1216
f 1235 1216 1217
f 1235 1217 1218
f 1235 1218 1219
f 1235 1219 1220
f 1235 1220 1221
f 1234 1235 1221
f 1234 1221 1222
f 1233 1234 1222
f 1233 1222 1223
f 1233 1223 1224
f 1233 1224 1225
f 1233 1225 1226
f 1233 1226 1227
f 1233 1227 1228
f 1233 1228 1229
f 1233 1229 1230
f 1233 1230 1231
f 1233 1231 1232
f 1334 1333 1332
f 1335 1334 1332
f 1336 1335 1332
f 1337 1336 1332
f 1338 1337 1332
f 1339 1338 1332
f 1340 1339 1332
f 1343 1342 1341
f 1344 1340 1332
f 1345 1343 1341
f 1346 1344 1332
f 1349 1348 1347
f 1350 1349 1347
f 1351 1346 1332
f 1351 1332 1352
f 1351 1352 1353
f 1341 1351 1353
f 1345 1341 1353
f 1354 1345 1353
f 1355 1354 1353
f 1356 1355 1353
f 1357 1356 1353
f 1358 1357 1353
f 1359 1358 1353
f 1359 1353 1360
f 1361 1359 1360
f 1361 1360 1362
f 1361 1362 1363
f 1361 1363 1364
f 1347 1361 1364
f 1347 1364 1365
f 1350 1347 1365
f 1350 1365 1366
f 1333 1334 1367
f 1333 1367 1368
f 1334 1335 1369
f 1334 1369 1367
f 1335 1336 1370
f 1335 1370 1369
f 1336 1337 1371
f 1336 1371 1370
f 1337 1338 1372
f 1337 1372 1371
f 1338 1339 1373
f 1338 1373 1372
f 1339 1340 1374
f 1339 1374 1373
f 1340 1344 1375
f 1340 1375 1374
f 1344 1346 1376
f 1344 1376 1375
f 1346 1351 1377
f 1346 1377 1376
f 1351 1341 1378
f 1351 1378 1377
f 1341 1342 1379
f 1341 1379 1378
f 1342 1343 1380
f 1342 1380 1379
f 1343 1345 1381
f 1343 1381 1380
f 1345 1354 1382
f 1345 1382 1381
f 1354 1355 1383
f 1354 1383 1382
f 1355 1356 1384
f 1355 1384 1383
f 1356 1357 1385
f 1356 1385 1384
f 1357 1358 1386
f 1357 1386 1385
f 1358 1359 1387
f 1358 1387 1386
f 1359 1361 1388
f 1359 1388 1387
f 1361 1347 1389
f 1361 1389 1388
f 1347 1348 1390
f 1347 1390 1389
f 1348 1349 1391
f 1348 1391 1390
f 1349 1350 1392
f 1349 1392 1391
f 1350 1366 1393
f 1350 1393 1392
f 1366 1365 1394
f 1366 1394 1393
f 1365 1364 1395
f 1365 1395 1394
f 1364 1363 1396
f 1364 1396 1395
f 1363 1362 1397
f 1363 1397 1396
f 1362 1360 1398
f 1362 1398 1397
f 1360 1353 1399
f 1360 1399 1398
f 1353 1352 1400
f 1353 1400 1399
f 1352 1332 1401
f 1352 1401 1400
f 1332 1333 1368
f 1332 1368 1401
f 1401 1368 1367
f 1401 1367 1369
f 1401 1369 1370
f 1401 1370 1371
f 1401 1371 1372
f 1401 1372 1373
f 1401 1373 1374
f 1378 1379 1380
f 1401 1374 1375
f 1378 1380 1381
f 1401 1375 1376
f 1389 1390 1391
f 1389 1391 1392
f 1401 1376 1377
f 1400 1401 1377
f 1399 1400 1377
f 1399 1377 1378
f 1399 1378 1381
f 1399 1381 1382
f 1399 1382 1383
f 1399 1383 1384
f 1399 1384 1385
f 1399 1385 1386
f 1399 1386 1387
f 1398 1399 1387
f 1398 1387 1388
f 1397 1398 1388
f 1396 1397 1388
f 1395 1396 1388
f 1395 1388 1389
f 1394 1395 1389
f 1394 1389 1392
f 1393 1394 1392
f 1404 1403 1402
f 1407 1406 1405
f 1408 1407 1405
f 1404 1402 1409
f 1410 1404 1409
f 1411 1410 1409
f 1412 1411 1409
f 1413 1412 1409
f 1414 1413 1409
f 1414 1409 1415
f 1416 1414 1415
f 1417 1416 1415
f 1418 1417 1415
f 1408 1405 1419
f 1420 1408 1419
f 1421 1418 1415
f 1422 1421 1415
f 1422 1415 1423
f 1424 1422 1423
f 1425 1424 1423
f 1426 1425 1423
f 1427 1426 1423
f 1428 1427 1423
f 1428 1423 1429
f 1430 1428 1429
f 1430 1429 1431
f 1432 1430 1431
f 1432 1431 1433
f 1434 1432 1433
f 1434 1433 1435
f 1436 1434 1435
f 1436 1435 1420
f 1419 1436 1420
f 1403 1404 1437
f 1403 1437 1438
f 1404 1410 1439
f 1404 1439 1437
f 1410 1411 1440
f 1410 1440 1439
f 1411 1412 1441
f 1411 1441 1440
f 1412 1413 1442
f 1412 1442 1441
f 1413 1414 1443
f 1413 1443 1442
f 1414 1416 1444
f 1414 1444 1443
f 1416 1417 1445
f 1416 1445 1444
f 1417 1418 1446
f 1417 1446 1445
f 1418 1421 1447
f 1418 1447 1446
f 1421 1422 1448
f 1421 1448 1447
f 1422 1424 1449
f 1422 1449 1448
f 1424 1425 1450
f 1424 1450 1449
f 1425 1426 1451
f 1425 1451 1450
f 1426 1427 1452
f 1426 1452 1451
f 1427 1428 1453
f 1427 1453 1452
f 1428 1430 1454
f 1428 1454 1453
f 1430 1432 1455
f 1430 1455 1454
f 1432 1434 1456
f 1432 1456 1455
f 1434 1436 1457
f 1434 1457 1456
f 1436 1419 1458
f 1436 1458 1457
f 1419 1405 1459
f 1419 1459 1458
f 1405 1406 1460
f 1405 1460 1459
f 1406 1407 1461
f 1406 1461 1460
f 1407 1408 1462
f 1407 1462 1461
f 1408 1420 1463
f 1408 1463 1462
f 1420 1435 1464
f 1420 1464 1463
f 1435 1433 1465
f 1435 1465 1464
f 1433 1431 1466
f 1433 1466 1465
f 1431 1429 1467
f 1431 1467 1466
f 1429 1423 1468
f 1429 1468 1467
f 1423 1415 1469
f 1423 1469 1468
f 1415 1409 1470
f 1415 1470 1469
f 1409 1402 1471
f 1409 1471 1470
f 1402 1403 1438
f 1402 1438 1471
f 1471 1438 1437
f 1459 1460 1461
f 1459 1461 1462
f 1470 1471 1437
f 1470 1437 1439
f 1470 1439 1440
f 1470 1440 1441
f 1470 1441 1442
f 1470 1442 1443
f 1469 1470 1443
f 1469 1443 1444
f 1469 1444 1445
f 1469 1445 1446
f 1458 1459 1462
f 1458 1462 1463
f 1469 1446 1447
f 1469 1447 1448
f 1468 1469 1448
f 1468 1448 1449
f 1468 1449 1450
f 1468 1450 1451
f 1468 1451 1452
f 1468 1452 1453
f 1467 1468 1453
f 1467 1453 1454
f 1466 1467 1454
f 1466 1454 1455
f 1465 1466 1455
f 1465 1455 1456
f 1464 1465 1456
f 1464 1456 1457
f 1463 1464 1457
f 1463 1457 1458
f 1474 1473 1472
f 1474 1472 1475
f 1478 1477 1476
f 1478 1476 1479
f 1482 1481 1480
f 1482 1480 1483
f 1486 1485 1484
f 1486 1484 1487
f 1490 1489 1488
f 1491 1490 1488
f 1492 1491 1488
f 1492 1488 1493
f 1492 1493 1494
f 1492 1494 1495
f 1496 1492 1495
f 1496 1495 1497
f 1498 1496 1497
f 1498 1497 1499
f 1500 1498 1499
f 1500 1499 1501
f 1500 1501 1502
f 1500 1502 1503
f 1500 1503 1504
f 1500 1504 1505
f 1500 1505 1506
f 1500 1506 1507
f 1500 1507 1508
f 1500 1508 1509
f 1500 1509 1510
f 1500 1510 1511
f 1500 1511 1512
f 1500 1512 1513
f 1500 1513 1514
f 1500 1514 1515
f 1500 1515 1516
f 1500 1516 1517
f 1500 1517 1518
f 1500 1518 1519
f 1500 1519 1520
f 1500 1520 1521
f 1500 1521 1522
f 1500 1522 1523
f 1524 1500 1523
f 1524 1523 1525
f 1524 1525 1526
f 1524 1526 1527
f 1524 1527 1528
f 1524 1528 1529
f 1524 1529 1530
f 1524 1530 1531
f 1534 1533 1532
f 1534 1532 1535
f 1538 1537 1536
f 1539 1538 1536
f 1540 1539 1536
f 1540 1536 1541
f 1540 1541 1542
f 1540 1542 1543
f 1544 1540 1543
f 1544 1543 1545
f 1546 1544 1545
f 1546 1545 1547
f 1548 1546 1547
f 1548 1547 1549
f 1548 1549 1550
f 1548 1550 1551
f 1548 1551 1552
f 1548 1552 1553
f 1548 1553 1554
f 1548 1554 1555
f 1548 1555 1556
f 1548 1556 1557
f 1548 1557 1558
f 1548 1558 1559
f 1548 1559 1560
f 1548 1560 1561
f 1548 1561 1562
f 1548 1562 1563
f 1548 1563 1564
f 1548 1564 1565
f 1548 1565 1566
f 1548 1566 1567
f 1548 1567 1568
f 1548 1568 1569
f 1548 1569 1570
f 1548 1570 1571
f 1572 1548 1571
f 1572 1571 1573
f 1572 1573 1574
f 1572 1574 1575
f 1572 1575 1576
f 1572 1576 1577
f 1572 1577 1578
f 1572 1578 1579
f 1582 1581 1580
f 1582 1580 1583
f 1582 1583 1584
f 1585 1582 1584
f 1586 1585 1584
f 1586 1584 1587
f 1588 1586 1587
f 1588 1587 1589
f 1590 1588 1589
f 1590 1589 1591
f 1592 1590 1591
f 1593 1592 1591
f 1594 1593 1591
f 1595 1594 1591
f 1596 1595 1591
f 1597 1596 1591
f 1597 1591 1598
f 1597 1598 1599
f 1597 1599 1600
f 1597 1600 1601
f 1597 1601 1602
f 1603 1597 1602
f 1604 1603 1602
f 1605 1604 1602
f 1606 1605 1602
f 1607 1606 1602
f 1608 1607 1602
f 1609 1608 1602
f 1610 1609 1602
f 1611 1610 1602
f 1612 1611 1602
f 1612 1602 1613
f 1614 1612 1613
f 1614 1613 1615
f 1614 1615 1616
f 1614 1616 1617
f 1614 1617 1618
f 1614 1618 1619
f 1614 1619 1620
f 1614 1620 1621
f 1614 1621 1622
f 1614 1622 1623
f 1614 1623 1624
f 1614 1624 1625
f 1626 1614 1625
f 1626 1625 1627
f 1628 1626 1627
f 1628 1627 1629
f 1630 1628 1629
f 1630 1629 1631
f 1632 1630 1631
f 1632 1631 1633
f 1634 1632 1633
f 1634 1633 1635
f 1636 1634 1635
f 1636 1635 1637
f 1638 1636 1637
f 1638 1637 1639
f 1640 1638 1639
f 1640 1639 1641
f 1642 1640 1641
f 1642 1641 1643
f 1644 1642 1643
f 1644 1643 1645
f 1646 1644 1645
f 1647 1646 1645
f 1647 1645 1648
f 1647 1648 1649
f 1650 1647 1649
f 1651 1650 1649
f 1651 1649 1652
f 1651 1652 1653
f 1654 1651 1653
f 1655 1654 1653
f 1655 1653 1656
f 1657 1655 1656
f 1657 1656 1658
f 1659 1657 1658
f 1660 1659 1658
f 1661 1660 1658
f 1662 1661 1658
f 1663 1662 1658
f 1664 1663 1658
f 1665 1664 1658
f 1666 1665 1658
f 1667 1666 1658
f 1668 1667 1658
f 1669 1668 1658
f 1669 1658 1670
f 1669 1670 1671
f 1669 1671 1672
f 1669 1672 1673
f 1669 1673 1674
f 1669 1674 1675
f 1669 1675 1676
f 1669 1676 1677
f 1669 1677 1678
f 1474 1475 1679
f 1474 1679 1680
f 1475 1472 1681
f 1475 1681 1679
f 1472 1473 1682
f 1472 1682 1681
f 1473 1474 1680
f 1473 1680 1682
f 1478 1479 1683
f 1478 1683 1684
f 1479 1476 1685
f 1479 1685 1683
f 1476 1477 1686
f 1476 1686 1685
f 1477 1478 1684
f 1477 1684 1686
f 1482 1483 1687
f 1482 1687 1688
f 1483 1480 1689
f 1483 1689 1687
f 1480 1481 1690
f 1480 1690 1689
f 1481 1482 1688
f 1481 1688 1690
f 1486 1487 1691
f 1486 1691 1692
f 1487 1484 1693
f 1487 1693 1691
f 1484 1485 1694
f 1484 1694 1693
f 1485 1486 1692
f 1485 1692 1694
f 1505 1504 1695
f 1505 1695 1696
f 1504 1503 1697
f 1504 1697 1695
f 1503 1502 1698
f 1503 1698 1697
f 1502 1501 1699
f 1502 1699 1698
f 1501 1499 1700
f 1501 1700 1699
f 1499 1497 1701
f 1499 1701 1700
f 1497 1495 1702
f 1497 1702 1701
f 1495 1494 1703
f 1495 1703 1702
f 1494 1493 1704
f 1494 1704 1703
f 1493 1488 1705
f 1493 1705 1704
f 1488 1489 1706
f 1488 1706 1705
f 1489 1490 1707
f 1489 1707 1706
f 1490 1491 1708
f 1490 1708 1707
f 1491 1492 1709
f 1491 1709 1708
f 1492 1496 1710
f 1492 1710 1709
f 1496 1498 1711
f 1496 1711 1710
f 1498 1500 1712
f 1498 1712 1711
f 1500 1524 1713
f 1500 1713 1712
f 1524 1531 1714
f 1524 1714 1713
f 1531 1530 1715
f 1531 1715 1714
f 1530 1529 1716
f 1530 1716 1715
f 1529 1528 1717
f 1529 1717 1716
f 1528 1527 1718
f 1528 1718 1717
f 1527 1526 1719
f 1527 1719 1718
f 1526 1525 1720
f 1526 1720 1719
f 1525 1523 1721
f 1525 1721 1720
f 1523 1522 1722
f 1523 1722 1721
f 1522 1521 1723
f 1522 1723 1722
f 1521 1520 1724
f 1521 1724 1723
f 1520 1519 1725
f 1520 1725 1724
f 1519 1518 1726
f 1519 1726 1725
f 1518 1517 1727
f 1518 1727 1726
f 1517 1516 1728
f 1517 1728 1727
f 1516 1515 1729
f 1516 1729 1728
f 1515 1514 1730
f 1515 1730 1729
f 1514 1513 1731
f 1514 1731 1730
f 1513 1512 1732
f 1513 1732 1731
f 1512 1511 1733
f 1512 1733 1732
f 1511 1510 1734
f 1511 1734 1733
f 1510 1509 1735
f 1510 1735 1734
f 1509 1508 1736
f 1509 1736 1735
f 1508 1507 1737
f 1508 1737 1736
f 1507 1506 1738
f 1507 1738 1737
f 1506 1505 1696
f 1506 1696 1738
f 1534 1535 1739
f 1534 1739 1740
f 1535 1532 1741
f 1535 1741 1739
f 1532 1533 1742
f 1532 1742 1741
f 1533 1534 1740
f 1533 1740 1742
f 1564 1563 1743
f 1564 1743 1744
f 1563 1562 1745
f 1563 1745 1743
f 1562 1561 1746
f 1562 1746 1745
f 1561 1560 1747
f 1561 1747 1746
f 1560 1559 1748
f 1560 1748 1747
f 1559 1558 1749
f 1559 1749 1748
f 1558 1557 1750
f 1558 1750 1749
f 1557 1556 1751
f 1557 1751 1750
f 1556 1555 1752
f 1556 1752 1751
f 1555 1554 1753
f 1555 1753 1752
f 1554 1553 1754
f 1554 1754 1753
f 1553 1552 1755
f 1553 1755 1754
f 1552 1551 1756
f 1552 1756 1755
f 1551 1550 1757
f 1551 1757 1756
f 1550 1549 1758
f 1550 1758 1757
f 1549 1547 1759
f 1549 1759 1758
f 1547 1545 1760
f 1547 1760 1759
f 1545 1543 1761
f 1545 1761 1760
f 1543 1542 1762
f 1543 1762 1761
f 1542 1541 1763
f 1542 1763 1762
f 1541 1536 1764
f 1541 1764 1763
f 1536 1537 1765
f 1536 1765 1764
f 1537 1538 1766
f 1537 1766 1765
f 1538 1539 1767
f 1538 1767 1766
f 1539 1540 1768
f 1539 1768 1767
f 1540 1544 1769
f 1540 1769 1768
f 1544 1546 1770
f 1544 1770 1769
f 1546 1548 1771
f 1546 1771 1770
f 1548 1572 1772
f 1548 1772 1771
f 1572 1579 1773
f 1572 1773 1772
f 1579 1578 1774
f 1579 1774 1773
f 1578 1577 1775
f 1578 1775 1774
f 1577 1576 1776
f 1577 1776 1775
f 1576 1575 1777
f 1576 1777 1776
f 1575 1574 1778
f 1575 1778 1777
f 1574 1573 1779
f 1574 1779 1778
f 1573 1571 1780
f 1573 1780 1779
f 1571 1570 1781
f 1571 1781 1780
f 1570 1569 1782
f 1570 1782 1781
f 1569 1568 1783
f 1569 1783 1782
f 1568 1567 1784
f 1568 1784 1783
f 1567 1566 1785
f 1567 1785 1784
f 1566 1565 1786
f 1566 1786 1785
f 1565 1564 1744
f 1565 1744 1786
f 1602 1601 1787
f 1602 1787 1788
f 1601 1600 1789
f 1601 1789 1787
f 1600 1599 1790
f 1600 1790 1789
f 1599 1598 1791
f 1599 1791 1790
f 1598 1591 1792
f 1598 1792 1791
f 1591 1589 1793
f 1591 1793 1792
f 1589 1587 1794
f 1589 1794 1793
f 1587 1584 1795
f 1587 1795 1794
f 1584 1583 1796
f 1584 1796 1795
f 1583 1580 1797
f 1583 1797 1796
f 1580 1581 1798
f 1580 1798 1797
f 1581 1582 1799
f 1581 1799 1798
f 1582 1585 1800
f 1582 1800 1799
f 1585 1586 1801
f 1585 1801 1800
f 1586 1588 1802
f 1586 1802 1801
f 1588 1590 1803
f 1588 1803 1802
f 1590 1592 1804
f 1590 1804 1803
f 1592 1593 1805
f 1592 1805 1804
f 1593 1594 1806
f 1593 1806 1805
f 1594 1595 1807
f 1594 1807 1806
f 1595 1596 1808
f 1595 1808 1807
f 1596 1597 1809
f 1596 1809 1808
f 1597 1603 1810
f 1597 1810 1809
f 1603 1604 1811
f 1603 1811 1810
f 1604 1605 1812
f 1604 1812 1811
f 1605 1606 1813
f 1605 1813 1812
f 1606 1607 1814
f 1606 1814 1813
f 1607 1608 1815
f 1607 1815 1814
f 1608 1609 1816
f 1608 1816 1815
f 1609 1610 1817
f 1609 1817 1816
f 1610 1611 1818
f 1610 1818 1817
f 1611 1612 1819
f 1611 1819 1818
f 1612 1614 1820
f 1612 1820 1819
f 1614 1626 1821
f 1614 1821 1820
f 1626 1628 1822
f 1626 1822 1821
f 1628 1630 1823
f 1628 1823 1822
f 1630 1632 1824
f 1630 1824 1823
f 1632 1634 1825
f 1632 1825 1824
f 1634 1636 1826
f 1634 1826 1825
f 1636 1638 1827
f 1636 1827 1826
f 1638 1640 1828
f 1638 1828 1827
f 1640 1642 1829
f 1640 1829 1828
f 1642 1644 1830
f 1642 1830 1829
f 1644 1646 1831
f 1644 1831 1830
f 1646 1647 1832
f 1646 1832 1831
f 1647 1650 1833
f 1647 1833 1832
f 1650 1651 1834
f 1650 1834 1833
f 1651 1654 1835
f 1651 1835 1834
f 1654 1655 1836
f 1654 1836 1835
f 1655 1657 1837
f 1655 1837 1836
f 1657 1659 1838
f 1657 1838 1837
f 1659 1660 1839
f 1659 1839 1838
f 1660 1661 1840
f 1660 1840 1839
f 1661 1662 1841
f 1661 1841 1840
f 1662 1663 1842
f 1662 1842 1841
f 1663 1664 1843
f 1663 1843 1842
f 1664 1665 1844
f 1664 1844 1843
f 1665 1666 1845
f 1665 1845 1844
f 1666 1667 1846
f 1666 1846 1845
f 1667 1668 1847
f 1667 1847 1846
f 1668 1669 1848
f 1668 1848 1847
f 1669 1678 1849
f 1669 1849 1848
f 1678 1677 1850
f 1678 1850 1849
f 1677 1676 1851
f 1677 1851 1850
f 1676 1675 1852
f 1676 1852 1851
f 1675 1674 1853
f 1675 1853 1852
f 1674 1673 1854
f 1674 1854 1853
f 1673 1672 1855
f 1673 1855 1854
f 1672 1671 1856
f 1672 1856 1855
f 1671 1670 1857
f 1671 1857 1856
f 1670 1658 1858
f 1670 1858 1857
f 1658 1656 1859
f 1658 1859 1858
f 1656 1653 1860
f 1656 1860 1859
f 1653 1652 1861
f 1653 1861 1860
f 1652 1649 1862
f 1652 1862 1861
f 1649 1648 1863
f 1649 1863 1862
f 1648 1645 1864
f 1648 1864 1863
f 1645 1643 1865
f 1645 1865 1864
f 1643 1641 1866
f 1643 1866 1865
f 1641 1639 1867
f 1641 1867 1866
f 1639 1637 1868
f 1639 1868 1867
f 1637 1635 1869
f 1637 1869 1868
f 1635 1633 1870
f 1635 1870 1869
f 1633 1631 1871
f 1633 1871 1870
f 1631 1629 1872
f 1631 1872 1871
f 1629 1627 1873
f 1629 1873 1872
f 1627 1625 1874
f 1627 1874 1873
f 1625 1624 1875
f 1625 1875 1874
f 1624 1623 1876
f 1624 1876 1875
f 1623 1622 1877
f 1623 1877 1876
f 1622 1621 1878
f 1622 1878 1877
f 1621 1620 1879
f 1621 1879 1878
f 1620 1619 1880
f 1620 1880 1879
f 1619 1618 1881
f 1619 1881 1880
f 1618 1617 1882
f 1618 1882 1881
f 1617 1616 1883
f 1617 1883 1882
f 1616 1615 1884
f 1616 1884 1883
f 1615 1613 1885
f 1615 1885 1884
f 1613 1602 1788
f 1613 1788 1885
f 1681 1682 1680
f 1679 1681 1680
f 1685 1686 1684
f 1683 1685 1684
f 1689 1690 1688
f 1687 1689 1688
f 1693 1694 1692
f 1691 1693 1692
f 1705 1706 1707
f 1705 1707 1708
f 1705 1708 1709
f 1704 1705 1709
f 1703 1704 1709
f 1702 1703 1709
f 1702 1709 1710
f 1701 1702 1710
f 1701 1710 1711
f 1700 1701 1711
f 1700 1711 1712
f 1699 1700 1712
f 1698 1699 1712
f 1697 1698 1712
f 1695 1697 1712
f 1696 1695 1712
f 1738 1696 1712
f 1737 1738 1712
f 1736 1737 1712
f 1735 1736 1712
f 1734 1735 1712
f 1733 1734 1712
f 1732 1733 1712
f 1731 1732 1712
f 1730 1731 1712
f 1729 1730 1712
f 1728 1729 1712
f 1727 1728 1712
f 1726 1727 1712
f 1725 1726 1712
f 1724 1725 1712
f 1723 1724 1712
f 1722 1723 1712
f 1721 1722 1712
f 1721 1712 1713
f 1720 1721 1713
f 1719 1720 1713
f 1718 1719 1713
f 1717 1718 1713
f 1716 1717 1713
f 1715 1716 1713
f 1714 1715 1713
f 1741 1742 1740
f 1739 1741 1740
f 1764 1765 1766
f 1764 1766 1767
f 1764 1767 1768
f 1763 1764 1768
f 1762 1763 1768
f 1761 1762 1768
f 1761 1768 1769
f 1760 1761 1769
f 1760 1769 1770
f 1759 1760 1770
f 1759 1770 1771
f 1758 1759 1771
f 1757 1758 1771
f 1756 1757 1771
f 1755 1756 1771
f 1754 1755 1771
f 1753 1754 1771
f 1752 1753 1771
f 1751 1752 1771
f 1750 1751 1771
f 1749 1750 1771
f 1748 1749 1771
f 1747 1748 1771
f 1746 1747 1771
f 1745 1746 1771
f 1743 1745 1771
f 1744 1743 1771
f 1786 1744 1771
f 1785 1786 1771
f 1784 1785 1771
f 1783 1784 1771
f 1782 1783 1771
f 1781 1782 1771
f 1780 1781 1771
f 1780 1771 1772
f 1779 1780 1772
f 1778 1779 1772
f 1777 1778 1772
f 1776 1777 1772
f 1775 1776 1772
f 1774 1775 1772
f 1773 1774 1772
f 1797 1798 1799
f 1796 1797 1799
f 1795 1796 1799
f 1795 1799 1800
f 1795 1800 1801
f 1794 1795 1801
f 1794 1801 1802
f 1793 1794 1802
f 1793 1802 1803
f 1792 1793 1803
f 1792 1803 1804
f 1792 1804 1805
f 1792 1805 1806
f 1792 1806 1807
f 1792 1807 1808
f 1792 1808 1809
f 1791 1792 1809
f 1790 1791 1809
f 1789 1790 1809
f 1787 1789 1809
f 1788 1787 1809
f 1788 1809 1810
f 1788 1810 1811
f 1788 1811 1812
f 1788 1812 1813
f 1788 1813 1814
f 1788 1814 1815
f 1788 1815 1816
f 1788 1816 1817
f 1788 1817 1818
f 1788 1818 1819
f 1885 1788 1819
f 1885 1819 1820
f 1884 1885 1820
f 1883 1884 1820
f 1882 1883 1820
f 1881 1882 1820
f 1880 1881 1820
f 1879 1880 1820
f 1878 1879 1820
f 1877 1878 1820
f 1876 1877 1820
f 1875 1876 1820
f 1874 1875 1820
f 1874 1820 1821
f 1873 1874 1821
f 1873 1821 1822
f 1872 1873 1822
f 1872 1822 1823
f 1871 1872 1823
f 1871 1823 1824
f 1870 1871 1824
f 1870 1824 1825
f 1869 1870 1825
f 1869 1825 1826
f 1868 1869 1826
f 1868 1826 1827
f 1867 1868 1827
f 1867 1827 1828
f 1866 1867 1828
f 1866 1828 1829
f 1865 1866 1829
f 1865 1829 1830
f 1864 1865 1830
f 1864 1830 1831
f 1864 1831 1832
f 1863 1864 1832
f 1862 1863 1832
f 1862 1832 1833
f 1862 1833 1834
f 1861 1862 1834
f 1860 1861 1834
f 1860 1834 1835
f 1860 1835 1836
f 1859 1860 1836
f 1859 1836 1837
f 1858 1859 1837
f 1858 1837 1838
f 1858 1838 1839
f 1858 1839 1840
f 1858 1840 1841
f 1858 1841 1842
f 1858 1842 1843
f 1858 1843 1844
f 1858 1844 1845
f 1858 1845 1846
f 1858 1846 1847
f 1858 1847 1848
f 1857 1858 1848
f 1856 1857 1848
f 1855 1856 1848
f 1854 1855 1848
f 1853 1854 1848
f 1852 1853 1848
f 1851 1852 1848
f 1850 1851 1848
f 1849 1850 1848
f 1888 1887 1886
f 1888 1886 1889
f 1887 1891 1890
f 1887 1890 1886
f 1891 1893 1892
f 1891 1892 1890
f 1893 1895 1894
f 1893 1894 1892
f 1895 1897 1896
f 1895 1896 1894
f 1897 1899 1898
f 1897 1898 1896
f 1899 1901 1900
f 1899 1900 1898
f 1901 1903 1902
f 1901 1902 1900
f 1903 1905 1904
f 1903 1904 1902
f 1905 1907 1906
f 1905 1906 1904
f 1907 1909 1908
f 1907 1908 1906
f 1909 1888 1889
f 1909 1889 1908
f 1889 1886 1910
f 1889 1910 1911
f 1886 1890 1912
f 1886 1912 1910
f 1890 1892 1913
f 1890 1913 1912
f 1892 1894 1914
f 1892 1914 1913
f 1894 1896 1915
f 1894 1915 1914
f 1896 1898 1916
f 1896 1916 1915
f 1898 1900 1917
f 1898 1917 1916
f 1900 1902 1918
f 1900 1918 1917
f 1902 1904 1919
f 1902 1919 1918
f 1904 1906 1920
f 1904 1920 1919
f 1906 1908 1921
f 1906 1921 1920
f 1908 1889 1911
f 1908 1911 1921
f 1911 1910 1922
f 1911 1922 1923
f 1910 1912 1924
f 1910 1924 1922
f 1912 1913 1925
f 1912 1925 1924
f 1913 1914 1926
f 1913 1926 1925
f 1914 1915 1927
f 1914 1927 1926
f 1915 1916 1928
f 1915 1928 1927
f 1916 1917 1929
f 1916 1929 1928
f 1917 1918 1930
f 1917 1930 1929
f 1918 1919 1931
f 1918 1931 1930
f 1919 1920 1932
f 1919 1932 1931
f 1920 1921 1933
f 1920 1933 1932
f 1921 1911 1923
f 1921 1923 1933
f 1923 1922 1934
f 1923 1934 1935
f 1922 1924 1936
f 1922 1936 1934
f 1924 1925 1937
f 1924 1937 1936
f 1925 1926 1938
f 1925 1938 1937
f 1926 1927 1939
f 1926 1939 1938
f 1927 1928 1940
f 1927 1940 1939
f 1928 1929 1941
f 1928 1941 1940
f 1929 1930 1942
f 1929 1942 1941
f 1930 1931 1943
f 1930 1943 1942
f 1931 1932 1944
f 1931 1944 1943
f 1932 1933 1945
f 1932 1945 1944
f 1933 1923 1935
f 1933 1935 1945
f 1935 1934 1946
f 1935 1946 1947
f 1934 1936 1948
f 1934 1948 1946
f 1936 1937 1949
f 1936 1949 1948
f 1937 1938 1950
f 1937 1950 1949
f 1938 1939 1951
f 1938 1951 1950
f 1939 1940 1952
f 1939 1952 1951
f 1940 1941 1953
f 1940 1953 1952
f 1941 1942 1954
f 1941 1954 1953
f 1942 1943 1955
f 1942 1955 1954
f 1943 1944 1956
f 1943 1956 1955
f 1944 1945 1957
f 1944 1957 1956
f 1945 1935 1947
f 1945 1947 1957
f 1947 1946 1958
f 1947 1958 1959
f 1946 1948 1960
f 1946 1960 1958
f 1948 1949 1961
f 1948 1961 1960
f 1949 1950 1962
f 1949 1962 1961
f 1950 1951 1963
f 1950 1963 1962
f 1951 1952 1964
f 1951 1964 1963
f 1952 1953 1965
f 1952 1965 1964
f 1953 1954 1966
f 1953 1966 1965
f 1954 1955 1967
f 1954 1967 1966
f 1955 1956 1968
f 1955 1968 1967
f 1956 1957 1969
f 1956 1969 1968
f 1957 1947 1959
f 1957 1959 1969
f 1959 1958 1970
f 1959 1970 1971
f 1958 1960 1972
f 1958 1972 1970
f 1960 1961 1973
f 1960 1973 1972
f 1961 1962 1974
f 1961 1974 1973
f 1962 1963 1975
f 1962 1975 1974
f 1963 1964 1976
f 1963 1976 1975
f 1964 1965 1977
f 1964 1977 1976
f 1965 1966 1978
f 1965 1978 1977
f 1966 1967 1979
f 1966 1979 1978
f 1967 1968 1980
f 1967 1980 1979
f 1968 1969 1981
f 1968 1981 1980
f 1969 1959 1971
f 1969 1971 1981
f 1971 1970 1982
f 1971 1982 1983
f 1970 1972 1984
f 1970 1984 1982
f 1972 1973 1985
f 1972 1985 1984
f 1973 1974 1986
f 1973 1986 1985
f 1974 1975 1987
f 1974 1987 1986
f 1975 1976 1988
f 1975 1988 1987
f 1976 1977 1989
f 1976 1989 1988
f 1977 1978 1990
f 1977 1990 1989
f 1978 1979 1991
f 1978 1991 1990
f 1979 1980 1992
f 1979 1992 1991
f 1980 1981 1993
f 1980 1993 1992
f 1981 1971 1983
f 1981 1983 1993
f 1983 1982 1994
f 1983 1994 1995
f 1982 1984 1996
f 1982 1996 1994
f 1984 1985 1997
f 1984 1997 1996
f 1985 1986 1998
f 1985 1998 1997
f 1986 1987 1999
f 1986 1999 1998
f 1987 1988 2000
f 1987 2000 1999
f 1988 1989 2001
f 1988 2001 2000
f 1989 1990 2002
f 1989 2002 2001
f 1990 1991 2003
f 1990 2003 2002
f 1991 1992 2004
f 1991 2004 2003
f 1992 1993 2005
f 1992 2005 2004
f 1993 1983 1995
f 1993 1995 2005
f 1995 1994 1887
f 1995 1887 1888
f 1994 1996 1891
f 1994 1891 1887
f 1996 1997 1893
f 1996 1893 1891
f 1997 1998 1895
f 1997 1895 1893
f 1998 1999 1897
f 1998 1897 1895
f 1999 2000 1899
f 1999 1899 1897
f 2000 2001 1901
f 2000 1901 1899
f 2001 2002 1903
f 2001 1903 1901
f 2002 2003 1905
f 2002 1905 1903
f 2003 2004 1907
f 2003 1907 1905
f 2004 2005 1909
f 2004 1909 1907
f 2005 1995 1888
f 2005 1888 1909
f 2008 2007 2006
f 2009 2008 2006
f 2010 2009 2006
f 2010 2006 2011
f 2010 2011 2012
f 2010 2012 2013
f 2014 2010 2013
f 2014 2013 2015
f 2016 2014 2015
f 2017 2016 2015
f 2017 2015 2018
f 2017 2018 2019
f 2017 2019 2020
f 2017 2020 2021
f 2017 2021 2022
f 2017 2022 2023
f 2017 2023 2024
f 2017 2024 2025
f 2017 2025 2026
f 2017 2026 2027
f 2017 2027 2028
f 2017 2028 2029
f 2017 2029 2030
f 2017 2030 2031
f 2017 2031 2032
f 2017 2032 2033
f 2017 2033 2034
f 2017 2034 2035
f 2017 2035 2036
f 2017 2036 2037
f 2017 2037 2038
f 2017 2038 2039
f 2017 2039 2040
f 2017 2040 2041
f 2042 2017 2041
f 2042 2041 2043
f 2042 2043 2044
f 2042 2044 2045
f 2042 2045 2046
f 2042 2046 2047
f 2042 2047 2048
f 2042 2048 2049
f 2034 2033 2050
f 2034 2050 2051
f 2033 2032 2052
f 2033 2052 2050
f 2032 2031 2053
f 2032 2053 2052
f 2031 2030 2054
f 2031 2054 2053
f 2030 2029 2055
f 2030 2055 2054
f 2029 2028 2056
f 2029 2056 2055
f 2028 2027 2057
f 2028 2057 2056
f 2027 2026 2058
f 2027 2058 2057
f 2026 2025 2059
f 2026 2059 2058
f 2025 2024 2060
f 2025 2060 2059
f 2024 2023 2061
f 2024 2061 2060
f 2023 2022 2062
f 2023 2062 2061
f 2022 2021 2063
f 2022 2063 2062
f 2021 2020 2064
f 2021 2064 2063
f 2020 2019 2065
f 2020 2065 2064
f 2019 2018 2066
f 2019 2066 2065
f 2018 2015 2067
f 2018 2067 2066
f 2015 2013 2068
f 2015 2068 2067
f 2013 2012 2069
f 2013 2069 2068
f 2012 2011 2070
f 2012 2070 2069
f 2011 2006 2071
f 2011 2071 2070
f 2006 2007 2072
f 2006 2072 2071
f 2007 2008 2073
f 2007 2073 2072
f 2008 2009 2074
f 2008 2074 2073
f 2009 2010 2075
f 2009 2075 2074
f 2010 2014 2076
f 2010 2076 2075
f 2014 2016 2077
f 2014 2077 2076
f 2016 2017 2078
f 2016 2078 2077
f 2017 2042 2079
f 2017 2079 2078
f 2042 2049 2080
f 2042 2080 2079
f 2049 2048 2081
f 2049 2081 2080
f 2048 2047 2082
f 2048 2082 2081
f 2047 2046 2083
f 2047 2083 2082
f 2046 2045 2084
f 2046 2084 2083
f 2045 2044 2085
f 2045 2085 2084
f 2044 2043 2086
f 2044 2086 2085
f 2043 2041 2087
f 2043 2087 2086
f 2041 2040 2088
f 2041 2088 2087
f 2040 2039 2089
f 2040 2089 2088
f 2039 2038 2090
f 2039 2090 2089
f 2038 2037 2091
f 2038 2091 2090
f 2037 2036 2092
f 2037 2092 2091
f 2036 2035 2093
f 2036 2093 2092
f 2035 2034 2051
f 2035 2051 2093
f 2071 2072 2073
f 2071 2073 2074
f 2071 2074 2075
f 2070 2071 2075
f 2069 2070 2075
f 2068 2069 2075
f 2068 2075 2076
f 2067 2068 2076
f 2067 2076 2077
f 2067 2077 2078
f 2066 2067 2078
f 2065 2066 2078
f 2064 2065 2078
f 2063 2064 2078
f 2062 2063 2078
f 2061 2062 2078
f 2060 2061 2078
f 2059 2060 2078
f 2058 2059 2078
f 2057 2058 2078
f 2056 2057 2078
f 2055 2056 2078
f 2054 2055 2078
f 2053 2054 2078
f 2052 2053 2078
f 2050 2052 2078
f 2051 2050 2078
f 2093 2051 2078
f 2092 2093 2078
f 2091 2092 2078
f 2090 2091 2078
f 2089 2090 2078
f 2088 2089 2078
f 2087 2088 2078
f 2087 2078 2079
f 2086 2087 2079
f 2085 2086 2079
f 2084 2085 2079
f 2083 2084 2079
f 2082 2083 2079
f 2081 2082 2079
f 2080 2081 2079
f 2096 2095 2094
f 2097 2096 2094
f 2098 2097 2094
f 2098 2094 2099
f 2098 2099 2100
f 2098 2100 2101
f 2102 2098 2101
f 2102 2101 2103
f 2104 2102 2103
f 2105 2104 2103
f 2105 2103 2106
f 2105 2106 2107
f 2105 2107 2108
f 2105 2108 2109
f 2105 2109 2110
f 2105 2110 2111
f 2105 2111 2112
f 2105 2112 2113
f 2105 2113 2114
f 2105 2114 2115
f 2105 2115 2116
f 2105 2116 2117
f 2105 2117 2118
f 2105 2118 2119
f 2105 2119 2120
f 2105 2120 2121
f 2105 2121 2122
f 2105 2122 2123
f 2105 2123 2124
f 2105 2124 2125
f 2105 2125 2126
f 2105 2126 2127
f 2105 2127 2128
f 2105 2128 2129
f 2130 2105 2129
f 2130 2129 2131
f 2130 2131 2132
f 2130 2132 2133
f 2130 2133 2134
f 2130 2134 2135
f 2130 2135 2136
f 2130 2136 2137
f 2122 2121 2138
f 2122 2138 2139
f 2121 2120 2140
f 2121 2140 2138
f 2120 2119 2141
f 2120 2141 2140
f 2119 2118 2142
f 2119 2142 2141
f 2118 2117 2143
f 2118 2143 2142
f 2117 2116 2144
f 2117 2144 2143
f 2116 2115 2145
f 2116 2145 2144
f 2115 2114 2146
f 2115 2146 2145
f 2114 2113 2147
f 2114 2147 2146
f 2113 2112 2148
f 2113 2148 2147
f 2112 2111 2149
f 2112 2149 2148
f 2111 2110 2150
f 2111 2150 2149
f 2110 2109 2151
f 2110 2151 2150
f 2109 2108 2152
f 2109 2152 2151
f 2108 2107 2153
f 2108 2153 2152
f 2107 2106 2154
f 2107 2154 2153
f 2106 2103 2155
f 2106 2155 2154
f 2103 2101 2156
f 2103 2156 2155
f 2101 2100 2157
f 2101 2157 2156
f 2100 2099 2158
f 2100 2158 2157
f 2099 2094 2159
f 2099 2159 2158
f 2094 2095 2160
f 2094 2160 2159
f 2095 2096 2161
f 2095 2161 2160
f 2096 2097 2162
f 2096 2162 2161
f 2097 2098 2163
f 2097 2163 2162
f 2098 2102 2164
f 2098 2164 2163
f 2102 2104 2165
f 2102 2165 2164
f 2104 2105 2166
f 2104 2166 2165
f 2105 2130 2167
f 2105 2167 2166
f 2130 2137 2168
f 2130 2168 2167
f 2137 2136 2169
f 2137 2169 2168
f 2136 2135 2170
f 2136 2170 2169
f 2135 2134 2171
f 2135 2171 2170
f 2134 2133 2172
f 2134 2172 2171
f 2133 2132 2173
f 2133 2173 2172
f 2132 2131 2174
f 2132 2174 2173
f 2131 2129 2175
f 2131 2175 2174
f 2129 2128 2176
f 2129 2176 2175
f 2128 2127 2177
f 2128 2177 2176
f 2127 2126 2178
f 2127 2178 2177
f 2126 2125 2179
f 2126 2179 2178
f 2125 2124 2180
f 2125 2180 2179
f 2124 2123 2181
f 2124 2181 2180
f 2123 2122 2139
f 2123 2139 2181
f 2159 2160 2161
f 2159 2161 2162
f 2159 2162 2163
f 2158 2159 2163
f 2157 2158 2163
f 2156 2157 2163
f 2156 2163 2164
f 2155 2156 2164
f 2155 2164 2165
f 2155 2165 2166
f 2154 2155 2166
f 2153 2154 2166
f 2152 2153 2166
f 2151 2152 2166
f 2150 2151 2166
f 2149 2150 2166
f 2148 2149 2166
f 2147 2148 2166
f 2146 2147 2166
f 2145 2146 2166
f 2144 2145 2166
f 2143 2144 2166
f 2142 2143 2166
f 2141 2142 2166
f 2140 2141 2166
f 2138 2140 2166
f 2139 2138 2166
f 2181 2139 2166
f 2180 2181 2166
f 2179 2180 2166
f 2178 2179 2166
f 2177 2178 2166
f 2176 2177 2166
f 2175 2176 2166
f 2175 2166 2167
f 2174 2175 2167
f 2173 2174 2167
f 2172 2173 2167
f 2171 2172 2167
f 2170 2171 2167
f 2169 2170 2167
f 2168 2169 2167
f 2184 2183 2182
f 2185 2184 2182
f 2186 2185 2182
f 2186 2182 2187
f 2186 2187 2188
f 2186 2188 2189
f 2190 2186 2189
f 2190 2189 2191
f 2192 2190 2191
f 2193 2192 2191
f 2193 2191 2194
f 2193 2194 2195
f 2193 2195 2196
f 2193 2196 2197
f 2193 2197 2198
f 2193 2198 2199
f 2193 2199 2200
f 2193 2200 2201
f 2193 2201 2202
f 2193 2202 2203
f 2193 2203 2204
f 2193 2204 2205
f 2193 2205 2206
f 2193 2206 2207
f 2193 2207 2208
f 2193 2208 2209
f 2193 2209 2210
f 2193 2210 2211
f 2193 2211 2212
f 2193 2212 2213
f 2193 2213 2214
f 2193 2214 2215
f 2193 2215 2216
f 2193 2216 2217
f 2218 2193 2217
f 2218 2217 2219
f 2218 2219 2220
f 2218 2220 2221
f 2218 2221 2222
f 2218 2222 2223
f 2218 2223 2224
f 2218 2224 2225
f 2210 2209 2226
f 2210 2226 2227
f 2209 2208 2228
f 2209 2228 2226
f 2208 2207 2229
f 2208 2229 2228
f 2207 2206 2230
f 2207 2230 2229
f 2206 2205 2231
f 2206 2231 2230
f 2205 2204 2232
f 2205 2232 2231
f 2204 2203 2233
f 2204 2233 2232
f 2203 2202 2234
f 2203 2234 2233
f 2202 2201 2235
f 2202 2235 2234
f 2201 2200 2236
f 2201 2236 2235
f 2200 2199 2237
f 2200 2237 2236
f 2199 2198 2238
f 2199 2238 2237
f 2198 2197 2239
f 2198 2239 2238
f 2197 2196 2240
f 2197 2240 2239
f 2196 2195 2241
f 2196 2241 2240
f 2195 2194 2242
f 2195 2242 2241
f 2194 2191 2243
f 2194 2243 2242
f 2191 2189 2244
f 2191 2244 2243
f 2189 2188 2245
f 2189 2245 2244
f 2188 2187 2246
f 2188 2246 2245
f 2187 2182 2247
f 2187 2247 2246
f 2182 2183 2248
f 2182 2248 2247
f 2183 2184 2249
f 2183 2249 2248
f 2184 2185 2250
f 2184 2250 2249
f 2185 2186 2251
f 2185 2251 2250
f 2186 2190 2252
f 2186 2252 2251
f 2190 2192 2253
f 2190 2253 2252
f 2192 2193 2254
f 2192 2254 2253
f 2193 2218 2255
f 2193 2255 2254
f 2218 2225 2256
f 2218 2256 2255
f 2225 2224 2257
f 2225 2257 2256
f 2224 2223 2258
f 2224 2258 2257
f 2223 2222 2259
f 2223 2259 2258
f 2222 2221 2260
f 2222 2260 2259
f 2221 2220 2261
f 2221 2261 2260
f 2220 2219 2262
f 2220 2262 2261
f 2219 2217 2263
f 2219 2263 2262
f 2217 2216 2264
f 2217 2264 2263
f 2216 2215 2265
f 2216 2265 2264
f 2215 2214 2266
f 2215 2266 2265
f 2214 2213 2267
f 2214 2267 2266
f 2213 2212 2268
f 2213 2268 2267
f 2212 2211 2269
f 2212 2269 2268
f 2211 2210 2227
f 2211 2227 2269
f 2247 2248 2249
f 2247 2249 2250
f 2247 2250 2251
f 2246 2247 2251
f 2245 2246 2251
f 2244 2245 2251
f 2244 2251 2252
f 2243 2244 2252
f 2243 2252 2253
f 2243 2253 2254
f 2242 2243 2254
f 2241 2242 2254
f 2240 2241 2254
f 2239 2240 2254
f 2238 2239 2254
f 2237 2238 2254
f 2236 2237 2254
f 2235 2236 2254
f 2234 2235 2254
f 2233 2234 2254
f 2232 2233 2254
f 2231 2232 2254
f 2230 2231 2254
f 2229 2230 2254
f 2228 2229 2254
f 2226 2228 2254
f 2227 2226 2254
f 2269 2227 2254
f 2268 2269 2254
f 2267 2268 2254
f 2266 2267 2254
f 2265 2266 2254
f 2264 2265 2254
f 2263 2264 2254
f 2263 2254 2255
f 2262 2263 2255
f 2261 2262 2255
f 2260 2261 2255
f 2259 2260 2255
f 2258 2259 2255
f 2257 2258 2255
f 2256 2257 2255
f 2272 2271 2270
f 2273 2272 2270
f 2274 2273 2270
f 2274 2270 2275
f 2274 2275 2276
f 2274 2276 2277
f 2278 2274 2277
f 2278 2277 2279
f 2280 2278 2279
f 2281 2280 2279
f 2281 2279 2282
f 2281 2282 2283
f 2281 2283 2284
f 2281 2284 2285
f 2281 2285 2286
f 2281 2286 2287
f 2281 2287 2288
f 2281 2288 2289
f 2281 2289 2290
f 2281 2290 2291
f 2281 2291 2292
f 2281 2292 2293
f 2281 2293 2294
f 2281 2294 2295
f 2281 2295 2296
f 2281 2296 2297
f 2281 2297 2298
f 2281 2298 2299
f 2281 2299 2300
f 2281 2300 2301
f 2281 2301 2302
f 2281 2302 2303
f 2281 2303 2304
f 2281 2304 2305
f 2306 2281 2305
f 2306 2305 2307
f 2306 2307 2308
f 2306 2308 2309
f 2306 2309 2310
f 2306 2310 2311
f 2306 2311 2312
f 2306 2312 2313
f 2298 2297 2314
f 2298 2314 2315
f 2297 2296 2316
f 2297 2316 2314
f 2296 2295 2317
f 2296 2317 2316
f 2295 2294 2318
f 2295 2318 2317
f 2294 2293 2319
f 2294 2319 2318
f 2293 2292 2320
f 2293 2320 2319
f 2292 2291 2321
f 2292 2321 2320
f 2291 2290 2322
f 2291 2322 2321
f 2290 2289 2323
f 2290 2323 2322
f 2289 2288 2324
f 2289 2324 2323
f 2288 2287 2325
f 2288 2325 2324
f 2287 2286 2326
f 2287 2326 2325
f 2286 2285 2327
f 2286 2327 2326
f 2285 2284 2328
f 2285 2328 2327
f 2284 2283 2329
f 2284 2329 2328
f 2283 2282 2330
f 2283 2330 2329
f 2282 2279 2331
f 2282 2331 2330
f 2279 2277 2332
f 2279 2332 2331
f 2277 2276 2333
f 2277 2333 2332
f 2276 2275 2334
f 2276 2334 2333
f 2275 2270 2335
f 2275 2335 2334
f 2270 2271 2336
f 2270 2336 2335
f 2271 2272 2337
f 2271 2337 2336
f 2272 2273 2338
f 2272 2338 2337
f 2273 2274 2339
f 2273 2339 2338
f 2274 2278 2340
f 2274 2340 2339
f 2278 2280 2341
f 2278 2341 2340
f 2280 2281 2342
f 2280 2342 2341
f 2281 2306 2343
f 2281 2343 2342
f 2306 2313 2344
f 2306 2344 2343
f 2313 2312 2345
f 2313 2345 2344
f 2312 2311 2346
f 2312 2346 2345
f 2311 2310 2347
f 2311 2347 2346
f 2310 2309 2348
f 2310 2348 2347
f 2309 2308 2349
f 2309 2349 2348
f 2308 2307 2350
f 2308 2350 2349
f 2307 2305 2351
f 2307 2351 2350
f 2305 2304 2352
f 2305 2352 2351
f 2304 2303 2353
f 2304 2353 2352
f 2303 2302 2354
f 2303 2354 2353
f 2302 2301 2355
f 2302 2355 2354
f 2301 2300 2356
f 2301 2356 2355
f 2300 2299 2357
f 2300 2357 2356
f 2299 2298 2315
f 2299 2315 2357
f 2335 2336 2337
f 2335 2337 2338
f 2335 2338 2339
f 2334 2335 2339
f 2333 2334 2339
f 2332 2333 2339
f 2332 2339 2340
f 2331 2332 2340
f 2331 2340 2341
f 2331 2341 2342
f 2330 2331 2342
f 2329 2330 2342
f 2328 2329 2342
f 2327 2328 2342
f 2326 2327 2342
f 2325 2326 2342
f 2324 2325 2342
f 2323 2324 2342
f 2322 2323 2342
f 2321 2322 2342
f 2320 2321 2342
f 2319 2320 2342
f 2318 2319 2342
f 2317 2318 2342
f 2316 2317 2342
f 2314 2316 2342
f 2315 2314 2342
f 2357 2315 2342
f 2356 2357 2342
f 2355 2356 2342
f 2354 2355 2342
f 2353 2354 2342
f 2352 2353 2342
f 2351 2352 2342
f 2351 2342 2343
f 2350 2351 2343
f 2349 2350 2343
f 2348 2349 2343
f 2347 2348 2343
f 2346 2347 2343
f 2345 2346 2343
f 2344 2345 2343
f 2360 2359 2358
f 2361 2360 2358
f 2362 2361 2358
f 2362 2358 2363
f 2362 2363 2364
f 2362 2364 2365
f 2366 2362 2365
f 2366 2365 2367
f 2368 2366 2367
f 2369 2368 2367
f 2369 2367 2370
f 2369 2370 2371
f 2369 2371 2372
f 2369 2372 2373
f 2369 2373 2374
f 2369 2374 2375
f 2369 2375 2376
f 2369 2376 2377
f 2369 2377 2378
f 2369 2378 2379
f 2369 2379 2380
f 2369 2380 2381
f 2369 2381 2382
f 2369 2382 2383
f 2369 2383 2384
f 2369 2384 2385
f 2369 2385 2386
f 2369 2386 2387
f 2369 2387 2388
f 2369 2388 2389
f 2369 2389 2390
f 2369 2390 2391
f 2369 2391 2392
f 2369 2392 2393
f 2394 2369 2393
f 2394 2393 2395
f 2394 2395 2396
f 2394 2396 2397
f 2394 2397 2398
f 2394 2398 2399
f 2394 2399 2400
f 2394 2400 2401
f 2386 2385 2402
f 2386 2402 2403
f 2385 2384 2404
f 2385 2404 2402
f 2384 2383 2405
f 2384 2405 2404
f 2383 2382 2406
f 2383 2406 2405
f 2382 2381 2407
f 2382 2407 2406
f 2381 2380 2408
f 2381 2408 2407
f 2380 2379 2409
f 2380 2409 2408
f 2379 2378 2410
f 2379 2410 2409
f 2378 2377 2411
f 2378 2411 2410
f 2377 2376 2412
f 2377 2412 2411
f 2376 2375 2413
f 2376 2413 2412
f 2375 2374 2414
f 2375 2414 2413
f 2374 2373 2415
f 2374 2415 2414
f 2373 2372 2416
f 2373 2416 2415
f 2372 2371 2417
f 2372 2417 2416
f 2371 2370 2418
f 2371 2418 2417
f 2370 2367 2419
f 2370 2419 2418
f 2367 2365 2420
f 2367 2420 2419
f 2365 2364 2421
f 2365 2421 2420
f 2364 2363 2422
f 2364 2422 2421
f 2363 2358 2423
f 2363 2423 2422
f 2358 2359 2424
f 2358 2424 2423
f 2359 2360 2425
f 2359 2425 2424
f 2360 2361 2426
f 2360 2426 2425
f 2361 2362 2427
f 2361 2427 2426
f 2362 2366 2428
f 2362 2428 2427
f 2366 2368 2429
f 2366 2429 2428
f 2368 2369 2430
f 2368 2430 2429
f 2369 2394 2431
f 2369 2431 2430
f 2394 2401 2432
f 2394 2432 2431
f 2401 2400 2433
f 2401 2433 2432
f 2400 2399 2434
f 2400 2434 2433
f 2399 2398 2435
f 2399 2435 2434
f 2398 2397 2436
f 2398 2436 2435
f 2397 2396 2437
f 2397 2437 2436
f 2396 2395 2438
f 2396 2438 2437
f 2395 2393 2439
f 2395 2439 2438
f 2393 2392 2440
f 2393 2440 2439
f 2392 2391 2441
f 2392 2441 2440
f 2391 2390 2442
f 2391 2442 2441
f 2390 2389 2443
f 2390 2443 2442
f 2389 2388 2444
f 2389 2444 2443
f 2388 2387 2445
f 2388 2445 2444
f 2387 2386 2403
f 2387 2403 2445
f 2423 2424 2425
f 2423 2425 2426
f 2423 2426 2427
f 2422 2423 2427
f 2421 2422 2427
f 2420 2421 2427
f 2420 2427 2428
f 2419 2420 2428
f 2419 2428 2429
f 2419 2429 2430
f 2418 2419 2430
f 2417 2418 2430
f 2416 2417 2430
f 2415 2416 2430
f 2414 2415 2430
f 2413 2414 2430
f 2412 2413 2430
f 2411 2412 2430
f 2410 2411 2430
f 2409 2410 2430
f 2408 2409 2430
f 2407 2408 2430
f 2406 2407 2430
f 2405 2406 2430
f 2404 2405 2430
f 2402 2404 2430
f 2403 2402 2430
f 2445 2403 2430
f 2444 2445 2430
f 2443 2444 2430
f 2442 2443 2430
f 2441 2442 2430
f 2440 2441 2430
f 2439 2440 2430
f 2439 2430 2431
f 2438 2439 2431
f 2437 2438 2431
f 2436 2437 2431
f 2435 2436 2431
f 2434 2435 2431
f 2433 2434 2431
f 2432 2433 2431
f 2448 2447 2446
f 2449 2448 2446
f 2450 2449 2446
f 2450 2446 2451
f 2450 2451 2452
f 2450 2452 2453
f 2454 2450 2453
f 2454 2453 2455
f 2456 2454 2455
f 2457 2456 2455
f 2457 2455 2458
f 2457 2458 2459
f 2457 2459 2460
f 2457 2460 2461
f 2457 2461 2462
f 2457 2462 2463
f 2457 2463 2464
f 2457 2464 2465
f 2457 2465 2466
f 2457 2466 2467
f 2457 2467 2468
f 2457 2468 2469
f 2457 2469 2470
f 2457 2470 2471
f 2457 2471 2472
f 2457 2472 2473
f 2457 2473 2474
f 2457 2474 2475
f 2457 2475 2476
f 2457 2476 2477
f 2457 2477 2478
f 2457 2478 2479
f 2457 2479 2480
f 2457 2480 2481
f 2482 2457 2481
f 2482 2481 2483
f 2482 2483 2484
f 2482 2484 2485
f 2482 2485 2486
f 2482 2486 2487
f 2482 2487 2488
f 2482 2488 2489
f 2474 2473 2490
f 2474 2490 2491
f 2473 2472 2492
f 2473 2492 2490
f 2472 2471 2493
f 2472 2493 2492
f 2471 2470 2494
f 2471 2494 2493
f 2470 2469 2495
f 2470 2495 2494
f 2469 2468 2496
f 2469 2496 2495
f 2468 2467 2497
f 2468 2497 2496
f 2467 2466 2498
f 2467 2498 2497
f 2466 2465 2499
f 2466 2499 2498
f 2465 2464 2500
f 2465 2500 2499
f 2464 2463 2501
f 2464 2501 2500
f 2463 2462 2502
f 2463 2502 2501
f 2462 2461 2503
f 2462 2503 2502
f 2461 2460 2504
f 2461 2504 2503
f 2460 2459 2505
f 2460 2505 2504
f 2459 2458 2506
f 2459 2506 2505
f 2458 2455 2507
f 2458 2507 2506
f 2455 2453 2508
f 2455 2508 2507
f 2453 2452 2509
f 2453 2509 2508
f 2452 2451 2510
f 2452 2510 2509
f 2451 2446 2511
f 2451 2511 2510
f 2446 2447 2512
f 2446 2512 2511
f 2447 2448 2513
f 2447 2513 2512
f 2448 2449 2514
f 2448 2514 2513
f 2449 2450 2515
f 2449 2515 2514
f 2450 2454 2516
f 2450 2516 2515
f 2454 2456 2517
f 2454 2517 2516
f 2456 2457 2518
f 2456 2518 2517
f 2457 2482 2519
f 2457 2519 2518
f 2482 2489 2520
f 2482 2520 2519
f 2489 2488 2521
f 2489 2521 2520
f 2488 2487 2522
f 2488 2522 2521
f 2487 2486 2523
f 2487 2523 2522
f 2486 2485 2524
f 2486 2524 2523
f 2485 2484 2525
f 2485 2525 2524
f 2484 2483 2526
f 2484 2526 2525
f 2483 2481 2527
f 2483 2527 2526
f 2481 2480 2528
f 2481 2528 2527
f 2480 2479 2529
f 2480 2529 2528
f 2479 2478 2530
f 2479 2530 2529
f 2478 2477 2531
f 2478 2531 2530
f 2477 2476 2532
f 2477 2532 2531
f 2476 2475 2533
f 2476 2533 2532
f 2475 2474 2491
f 2475 2491 2533
f 2511 2512 2513
f 2511 2513 2514
f 2511 2514 2515
f 2510 2511 2515
f 2509 2510 2515
f 2508 2509 2515
f 2508 2515 2516
f 2507 2508 2516
f 2507 2516 2517
f 2507 2517 2518
f 2506 2507 2518
f 2505 2506 2518
f 2504 2505 2518
f 2503 2504 2518
f 2502 2503 2518
f 2501 2502 2518
f 2500 2501 2518
f 2499 2500 2518
f 2498 2499 2518
f 2497 2498 2518
f 2496 2497 2518
f 2495 2496 2518
f 2494 2495 2518
f 2493 2494 2518
f 2492 2493 2518
f 2490 2492 2518
f 2491 2490 2518
f 2533 2491 2518
f 2532 2533 2518
f 2531 2532 2518
f 2530 2531 2518
f 2529 2530 2518
f 2528 2529 2518
f 2527 2528 2518
f 2527 2518 2519
f 2526 2527 2519
f 2525 2526 2519
f 2524 2525 2519
f 2523 2524 2519
f 2522 2523 2519
f 2521 2522 2519
f 2520 2521 2519
f 2536 2535 2534
f 2536 2534 2537
f 2536 2537 2538
f 2539 2536 2538
f 2540 2539 2538
f 2540 2538 2541
f 2542 2540 2541
f 2542 2541 2543
f 2544 2542 2543
f 2544 2543 2545
f 2546 2544 2545
f 2546 2545 2547
f 2546 2547 2548
f 2546 2548 2549
f 2546 2549 2550
f 2546 2550 2551
f 2546 2551 2552
f 2546 2552 2553
f 2546 2553 2554
f 2546 2554 2555
f 2546 2555 2556
f 2546 2556 2557
f 2558 2546 2557
f 2559 2558 2557
f 2560 2559 2557
f 2561 2560 2557
f 2562 2561 2557
f 2563 2562 2557
f 2564 2563 2557
f 2565 2564 2557
f 2566 2565 2557
f 2567 2566 2557
f 2568 2567 2557
f 2568 2557 2569
f 2570 2568 2569
f 2570 2569 2571
f 2570 2571 2572
f 2570 2572 2573
f 2570 2573 2574
f 2570 2574 2575
f 2570 2575 2576
f 2570 2576 2577
f 2574 2573 2578
f 2574 2578 2579
f 2573 2572 2580
f 2573 2580 2578
f 2572 2571 2581
f 2572 2581 2580
f 2571 2569 2582
f 2571 2582 2581
f 2569 2557 2583
f 2569 2583 2582
f 2557 2556 2584
f 2557 2584 2583
f 2556 2555 2585
f 2556 2585 2584
f 2555 2554 2586
f 2555 2586 2585
f 2554 2553 2587
f 2554 2587 2586
f 2553 2552 2588
f 2553 2588 2587
f 2552 2551 2589
f 2552 2589 2588
f 2551 2550 2590
f 2551 2590 2589
f 2550 2549 2591
f 2550 2591 2590
f 2549 2548 2592
f 2549 2592 2591
f 2548 2547 2593
f 2548 2593 2592
f 2547 2545 2594
f 2547 2594 2593
f 2545 2543 2595
f 2545 2595 2594
f 2543 2541 2596
f 2543 2596 2595
f 2541 2538 2597
f 2541 2597 2596
f 2538 2537 2598
f 2538 2598 2597
f 2537 2534 2599
f 2537 2599 2598
f 2534 2535 2600
f 2534 2600 2599
f 2535 2536 2601
f 2535 2601 2600
f 2536 2539 2602
f 2536 2602 2601
f 2539 2540 2603
f 2539 2603 2602
f 2540 2542 2604
f 2540 2604 2603
f 2542 2544 2605
f 2542 2605 2604
f 2544 2546 2606
f 2544 2606 2605
f 2546 2558 2607
f 2546 2607 2606
f 2558 2559 2608
f 2558 2608 2607
f 2559 2560 2609
f 2559 2609 2608
f 2560 2561 2610
f 2560 2610 2609
f 2561 2562 2611
f 2561 2611 2610
f 2562 2563 2612
f 2562 2612 2611
f 2563 2564 2613
f 2563 2613 2612
f 2564 2565 2614
f 2564 2614 2613
f 2565 2566 2615
f 2565 2615 2614
f 2566 2567 2616
f 2566 2616 2615
f 2567 2568 2617
f 2567 2617 2616
f 2568 2570 2618
f 2568 2618 2617
f 2570 2577 2619
f 2570 2619 2618
f 2577 2576 2620
f 2577 2620 2619
f 2576 2575 2621
f 2576 2621 2620
f 2575 2574 2579
f 2575 2579 2621
f 2599 2600 2601
f 2598 2599 2601
f 2597 2598 2601
f 2597 2601 2602
f 2597 2602 2603
f 2596 2597 2603
f 2596 2603 2604
f 2595 2596 2604
f 2595 2604 2605
f 2594 2595 2605
f 2594 2605 2606
f 2593 2594 2606
f 2592 2593 2606
f 2591 2592 2606
f 2590 2591 2606
f 2589 2590 2606
f 2588 2589 2606
f 2587 2588 2606
f 2586 2587 2606
f 2585 2586 2606
f 2584 2585 2606
f 2583 2584 2606
f 2583 2606 2607
f 2583 2607 2608
f 2583 2608 2609
f 2583 2609 2610
f 2583 2610 2611
f 2583 2611 2612
f 2583 2612 2613
f 2583 2613 2614
f 2583 2614 2615
f 2583 2615 2616
f 2583 2616 2617
f 2582 2583 2617
f 2582 2617 2618
f 2581 2582 2618
f 2580 2581 2618
f 2578 2580 2618
f 2579 2578 2618
f 2621 2579 2618
f 2620 2621 2618
f 2619 2620 2618
f 2624 2623 2622
f 2625 2624 2622
f 2626 2625 2622
f 2626 2622 2627
f 2626 2627 2628
f 2626 2628 2629
f 2630 2626 2629
f 2630 2629 2631
f 2632 2630 2631
f 2633 2632 2631
f 2633 2631 2634
f 2633 2634 2635
f 2633 2635 2636
f 2633 2636 2637
f 2633 2637 2638
f 2633 2638 2639
f 2633 2639 2640
f 2633 2640 2641
f 2633 2641 2642
f 2633 2642 2643
f 2633 2643 2644
f 2633 2644 2645
f 2633 2645 2646
f 2633 2646 2647
f 2633 2647 2648
f 2633 2648 2649
f 2633 2649 2650
f 2633 2650 2651
f 2633 2651 2652
f 2633 2652 2653
f 2633 2653 2654
f 2633 2654 2655
f 2633 2655 2656
f 2633 2656 2657
f 2658 2633 2657
f 2658 2657 2659
f 2658 2659 2660
f 2658 2660 2661
f 2658 2661 2662
f 2658 2662 2663
f 2658 2663 2664
f 2658 2664 2665
f 2650 2649 2666
f 2650 2666 2667
f 2649 2648 2668
f 2649 2668 2666
f 2648 2647 2669
f 2648 2669 2668
f 2647 2646 2670
f 2647 2670 2669
f 2646 2645 2671
f 2646 2671 2670
f 2645 2644 2672
f 2645 2672 2671
f 2644 2643 2673
f 2644 2673 2672
f 2643 2642 2674
f 2643 2674 2673
f 2642 2641 2675
f 2642 2675 2674
f 2641 2640 2676
f 2641 2676 2675
f 2640 2639 2677
f 2640 2677 2676
f 2639 2638 2678
f 2639 2678 2677
f 2638 2637 2679
f 2638 2679 2678
f 2637 2636 2680
f 2637 2680 2679
f 2636 2635 2681
f 2636 2681 2680
f 2635 2634 2682
f 2635 2682 2681
f 2634 2631 2683
f 2634 2683 2682
f 2631 2629 2684
f 2631 2684 2683
f 2629 2628 2685
f 2629 2685 2684
f 2628 2627 2686
f 2628 2686 2685
f 2627 2622 2687
f 2627 2687 2686
f 2622 2623 2688
f 2622 2688 2687
f 2623 2624 2689
f 2623 2689 2688
f 2624 2625 2690
f 2624 2690 2689
f 2625 2626 2691
f 2625 2691 2690
f 2626 2630 2692
f 2626 2692 2691
f 2630 2632 2693
f 2630 2693 2692
f 2632 2633 2694
f 2632 2694 2693
f 2633 2658 2695
f 2633 2695 2694
f 2658 2665 2696
f 2658 2696 2695
f 2665 2664 2697
f 2665 2697 2696
f 2664 2663 2698
f 2664 2698 2697
f 2663 2662 2699
f 2663 2699 2698
f 2662 2661 2700
f 2662 2700 2699
f 2661 2660 2701
f 2661 2701 2700
f 2660 2659 2702
f 2660 2702 2701
f 2659 2657 2703
f 2659 2703 2702
f 2657 2656 2704
f 2657 2704 2703
f 2656 2655 2705
f 2656 2705 2704
f 2655 2654 2706
f 2655 2706 2705
f 2654 2653 2707
f 2654 2707 2706
f 2653 2652 2708
f 2653 2708 2707
f 2652 2651 2709
f 2652 2709 2708
f 2651 2650 2667
f 2651 2667 2709
f 2687 2688 2689
f 2687 2689 2690
f 2687 2690 2691
f 2686 2687 2691
f 2685 2686 2691
f 2684 2685 2691
f 2684 2691 2692
f 2683 2684 2692
f 2683 2692 2693
f 2683 2693 2694
f 2682 2683 2694
f 2681 2682 2694
f 2680 2681 2694
f 2679 2680 2694
f 2678 2679 2694
f 2677 2678 2694
f 2676 2677 2694
f 2675 2676 2694
f 2674 2675 2694
f 2673 2674 2694
f 2672 2673 2694
f 2671 2672 2694
f 2670 2671 2694
f 2669 2670 2694
f 2668 2669 2694
f 2666 2668 2694
f 2667 2666 2694
f 2709 2667 2694
f 2708 2709 2694
f 2707 2708 2694
f 2706 2707 2694
f 2705 2706 2694
f 2704 2705 2694
f 2703 2704 2694
f 2703 2694 2695
f 2702 2703 2695
f 2701 2702 2695
f 2700 2701 2695
f 2699 2700 2695
f 2698 2699 2695
f 2697 2698 2695
f 2696 2697 2695
f 2712 2711 2710
f 2713 2712 2710
f 2714 2713 2710
f 2714 2710 2715
f 2714 2715 2716
f 2714 2716 2717
f 2718 2714 2717
f 2718 2717 2719
f 2720 2718 2719
f 2721 2720 2719
f 2721 2719 2722
f 2721 2722 2723
f 2721 2723 2724
f 2721 2724 2725
f 2721 2725 2726
f 2721 2726 2727
f 2721 2727 2728
f 2721 2728 2729
f 2721 2729 2730
f 2721 2730 2731
f 2721 2731 2732
f 2721 2732 2733
f 2721 2733 2734
f 2721 2734 2735
f 2721 2735 2736
f 2721 2736 2737
f 2721 2737 2738
f 2721 2738 2739
f 2721 2739 2740
f 2721 2740 2741
f 2721 2741 2742
f 2721 2742 2743
f 2721 2743 2744
f 2721 2744 2745
f 2746 2721 2745
f 2746 2745 2747
f 2746 2747 2748
f 2746 2748 2749
f 2746 2749 2750
f 2746 2750 2751
f 2746 2751 2752
f 2746 2752 2753
f 2738 2737 2754
f 2738 2754 2755
f 2737 2736 2756
f 2737 2756 2754
f 2736 2735 2757
f 2736 2757 2756
f 2735 2734 2758
f 2735 2758 2757
f 2734 2733 2759
f 2734 2759 2758
f 2733 2732 2760
f 2733 2760 2759
f 2732 2731 2761
f 2732 2761 2760
f 2731 2730 2762
f 2731 2762 2761
f 2730 2729 2763
f 2730 2763 2762
f 2729 2728 2764
f 2729 2764 2763
f 2728 2727 2765
f 2728 2765 2764
f 2727 2726 2766
f 2727 2766 2765
f 2726 2725 2767
f 2726 2767 2766
f 2725 2724 2768
f 2725 2768 2767
f 2724 2723 2769
f 2724 2769 2768
f 2723 2722 2770
f 2723 2770 2769
f 2722 2719 2771
f 2722 2771 2770
f 2719 2717 2772
f 2719 2772 2771
f 2717 2716 2773
f 2717 2773 2772
f 2716 2715 2774
f 2716 2774 2773
f 2715 2710 2775
f 2715 2775 2774
f 2710 2711 2776
f 2710 2776 2775
f 2711 2712 2777
f 2711 2777 2776
f 2712 2713 2778
f 2712 2778 2777
f 2713 2714 2779
f 2713 2779 2778
f 2714 2718 2780
f 2714 2780 2779
f 2718 2720 2781
f 2718 2781 2780
f 2720 2721 2782
f 2720 2782 2781
f 2721 2746 2783
f 2721 2783 2782
f 2746 2753 2784
f 2746 2784 2783
f 2753 2752 2785
f 2753 2785 2784
f 2752 2751 2786
f 2752 2786 2785
f 2751 2750 2787
f 2751 2787 2786
f 2750 2749 2788
f 2750 2788 2787
f 2749 2748 2789
f 2749 2789 2788
f 2748 2747 2790
f 2748 2790 2789
f 2747 2745 2791
f 2747 2791 2790
f 2745 2744 2792
f 2745 2792 2791
f 2744 2743 2793
f 2744 2793 2792
f 2743 2742 2794
f 2743 2794 2793
f 2742 2741 2795
f 2742 2795 2794
f 2741 2740 2796
f 2741 2796 2795
f 2740 2739 2797
f 2740 2797 2796
f 2739 2738 2755
f 2739 2755 2797
f 2775 2776 2777
f 2775 2777 2778
f 2775 2778 2779
f 2774 2775 2779
f 2773 2774 2779
f 2772 2773 2779
f 2772 2779 2780
f 2771 2772 2780
f 2771 2780 2781
f 2771 2781 2782
f 2770 2771 2782
f 2769 2770 2782
f 2768 2769 2782
f 2767 2768 2782
f 2766 2767 2782
f 2765 2766 2782
f 2764 2765 2782
f 2763 2764 2782
f 2762 2763 2782
f 2761 2762 2782
f 2760 2761 2782
f 2759 2760 2782
f 2758 2759 2782
f 2757 2758 2782
f 2756 2757 2782
f 2754 2756 2782
f 2755 2754 2782
f 2797 2755 2782
f 2796 2797 2782
f 2795 2796 2782
f 2794 2795 2782
f 2793 2794 2782
f 2792 2793 2782
f 2791 2792 2782
f 2791 2782 2783
f 2790 2791 2783
f 2789 2790 2783
f 2788 2789 2783
f 2787 2788 2783
f 2786 2787 2783
f 2785 2786 2783
f 2784 2785 2783
f 2800 2799 2798
f 2801 2800 2798
f 2804 2803 2802
f 2805 2804 2802
f 2808 2807 2806
f 2809 2808 2806
f 2812 2811 2810
f 2813 2812 2810
f 2800 2801 2814
f 2800 2814 2815
f 2801 2798 2816
f 2801 2816 2814
f 2798 2799 2817
f 2798 2817 2816
f 2799 2800 2815
f 2799 2815 2817
f 2804 2805 2818
f 2804 2818 2819
f 2805 2802 2820
f 2805 2820 2818
f 2802 2803 2821
f 2802 2821 2820
f 2803 2804 2819
f 2803 2819 2821
f 2808 2809 2822
f 2808 2822 2823
f 2809 2806 2824
f 2809 2824 2822
f 2806 2807 2825
f 2806 2825 2824
f 2807 2808 2823
f 2807 2823 2825
f 2812 2813 2826
f 2812 2826 2827
f 2813 2810 2828
f 2813 2828 2826
f 2810 2811 2829
f 2810 2829 2828
f 2811 2812 2827
f 2811 2827 2829
f 2816 2817 2815
f 2816 2815 2814
f 2820 2821 2819
f 2820 2819 2818
f 2824 2825 2823
f 2824 2823 2822
f 2828 2829 2827
f 2828 2827 2826
f 2832 2831 2830
f 2833 2832 2830
f 2834 2833 2830
f 2834 2830 2835
f 2834 2835 2836
f 2834 2836 2837
f 2838 2834 2837
f 2838 2837 2839
f 2840 2838 2839
f 2841 2840 2839
f 2841 2839 2842
f 2841 2842 2843
f 2841 2843 2844
f 2841 2844 2845
f 2841 2845 2846
f 2841 2846 2847
f 2841 2847 2848
f 2841 2848 2849
f 2841 2849 2850
f 2841 2850 2851
f 2841 2851 2852
f 2841 2852 2853
f 2841 2853 2854
f 2841 2854 2855
f 2841 2855 2856
f 2841 2856 2857
f 2841 2857 2858
f 2841 2858 2859
f 2841 2859 2860
f 2841 2860 2861
f 2841 2861 2862
f 2841 2862 2863
f 2841 2863 2864
f 2841 2864 2865
f 2866 2841 2865
f 2866 2865 2867
f 2866 2867 2868
f 2866 2868 2869
f 2866 2869 2870
f 2866 2870 2871
f 2866 2871 2872
f 2866 2872 2873
f 2858 2857 2874
f 2858 2874 2875
f 2857 2856 2876
f 2857 2876 2874
f 2856 2855 2877
f 2856 2877 2876
f 2855 2854 2878
f 2855 2878 2877
f 2854 2853 2879
f 2854 2879 2878
f 2853 2852 2880
f 2853 2880 2879
f 2852 2851 2881
f 2852 2881 2880
f 2851 2850 2882
f 2851 2882 2881
f 2850 2849 2883
f 2850 2883 2882
f 2849 2848 2884
f 2849 2884 2883
f 2848 2847 2885
f 2848 2885 2884
f 2847 2846 2886
f 2847 2886 2885
f 2846 2845 2887
f 2846 2887 2886
f 2845 2844 2888
f 2845 2888 2887
f 2844 2843 2889
f 2844 2889 2888
f 2843 2842 2890
f 2843 2890 2889
f 2842 2839 2891
f 2842 2891 2890
f 2839 2837 2892
f 2839 2892 2891
f 2837 2836 2893
f 2837 2893 2892
f 2836 2835 2894
f 2836 2894 2893
f 2835 2830 2895
f 2835 2895 2894
f 2830 2831 2896
f 2830 2896 2895
f 2831 2832 2897
f 2831 2897 2896
f 2832 2833 2898
f 2832 2898 2897
f 2833 2834 2899
f 2833 2899 2898
f 2834 2838 2900
f 2834 2900 2899
f 2838 2840 2901
f 2838 2901 2900
f 2840 2841 2902
f 2840 2902 2901
f 2841 2866 2903
f 2841 2903 2902
f 2866 2873 2904
f 2866 2904 2903
f 2873 2872 2905
f 2873 2905 2904
f 2872 2871 2906
f 2872 2906 2905
f 2871 2870 2907
f 2871 2907 2906
f 2870 2869 2908
f 2870 2908 2907
f 2869 2868 2909
f 2869 2909 2908
f 2868 2867 2910
f 2868 2910 2909
f 2867 2865 2911
f 2867 2911 2910
f 2865 2864 2912
f 2865 2912 2911
f 2864 2863 2913
f 2864 2913 2912
f 2863 2862 2914
f 2863 2914 2913
f 2862 2861 2915
f 2862 2915 2914
f 2861 2860 2916
f 2861 2916 2915
f 2860 2859 2917
f 2860 2917 2916
f 2859 2858 2875
f 2859 2875 2917
f 2895 2896 2897
f 2895 2897 2898
f 2895 2898 2899
f 2894 2895 2899
f 2893 2894 2899
f 2892 2893 2899
f 2892 2899 2900
f 2891 2892 2900
f 2891 2900 2901
f 2891 2901 2902
f 2890 2891 2902
f 2889 2890 2902
f 2888 2889 2902
f 2887 2888 2902
f 2886 2887 2902
f 2885 2886 2902
f 2884 2885 2902
f 2883 2884 2902
f 2882 2883 2902
f 2881 2882 2902
f 2880 2881 2902
f 2879 2880 2902
f 2878 2879 2902
f 2877 2878 2902
f 2876 2877 2902
f 2874 2876 2902
f 2875 2874 2902
f 2917 2875 2902
f 2916 2917 2902
f 2915 2916 2902
f 2914 2915 2902
f 2913 2914 2902
f 2912 2913 2902
f 2911 2912 2902
f 2911 2902 2903
f 2910 2911 2903
f 2909 2910 2903
f 2908 2909 2903
f 2907 2908 2903
f 2906 2907 2903
f 2905 2906 2903
f 2904 2905 2903
f 2920 2919 2918
f 2921 2920 2918
f 2922 2921 2918
f 2922 2918 2923
f 2922 2923 2924
f 2922 2924 2925
f 2926 2922 2925
f 2926 2925 2927
f 2928 2926 2927
f 2929 2928 2927
f 2929 2927 2930
f 2929 2930 2931
f 2929 2931 2932
f 2929 2932 2933
f 2929 2933 2934
f 2929 2934 2935
f 2929 2935 2936
f 2929 2936 2937
f 2929 2937 2938
f 2929 2938 2939
f 2929 2939 2940
f 2929 2940 2941
f 2929 2941 2942
f 2929 2942 2943
f 2929 2943 2944
f 2929 2944 2945
f 2929 2945 2946
f 2929 2946 2947
f 2929 2947 2948
f 2929 2948 2949
f 2929 2949 2950
f 2929 2950 2951
f 2929 2951 2952
f 2929 2952 2953
f 2954 2929 2953
f 2954 2953 2955
f 2954 2955 2956
f 2954 2956 2957
f 2954 2957 2958
f 2954 2958 2959
f 2954 2959 2960
f 2954 2960 2961
f 2946 2945 2962
f 2946 2962 2963
f 2945 2944 2964
f 2945 2964 2962
f 2944 2943 2965
f 2944 2965 2964
f 2943 2942 2966
f 2943 2966 2965
f 2942 2941 2967
f 2942 2967 2966
f 2941 2940 2968
f 2941 2968 2967
f 2940 2939 2969
f 2940 2969 2968
f 2939 2938 2970
f 2939 2970 2969
f 2938 2937 2971
f 2938 2971 2970
f 2937 2936 2972
f 2937 2972 2971
f 2936 2935 2973
f 2936 2973 2972
f 2935 2934 2974
f 2935 2974 2973
f 2934 2933 2975
f 2934 2975 2974
f 2933 2932 2976
f 2933 2976 2975
f 2932 2931 2977
f 2932 2977 2976
f 2931 2930 2978
f 2931 2978 2977
f 2930 2927 2979
f 2930 2979 2978
f 2927 2925 2980
f 2927 2980 2979
f 2925 2924 2981
f 2925 2981 2980
f 2924 2923 2982
f 2924 2982 2981
f 2923 2918 2983
f 2923 2983 2982
f 2918 2919 2984
f 2918 2984 2983
f 2919 2920 2985
f 2919 2985 2984
f 2920 2921 2986
f 2920 2986 2985
f 2921 2922 2987
f 2921 2987 2986
f 2922 2926 2988
f 2922 2988 2987
f 2926 2928 2989
f 2926 2989 2988
f 2928 2929 2990
f 2928 2990 2989
f 2929 2954 2991
f 2929 2991 2990
f 2954 2961 2992
f 2954 2992 2991
f 2961 2960 2993
f 2961 2993 2992
f 2960 2959 2994
f 2960 2994 2993
f 2959 2958 2995
f 2959 2995 2994
f 2958 2957 2996
f 2958 2996 2995
f 2957 2956 2997
f 2957 2997 2996
f 2956 2955 2998
f 2956 2998 2997
f 2955 2953 2999
f 2955 2999 2998
f 2953 2952 3000
f 2953 3000 2999
f 2952 2951 3001
f 2952 3001 3000
f 2951 2950 3002
f 2951 3002 3001
f 2950 2949 3003
f 2950 3003 3002
f 2949 2948 3004
f 2949 3004 3003
f 2948 2947 3005
f 2948 3005 3004
f 2947 2946 2963
f 2947 2963 3005
f 2983 2984 2985
f 2983 2985 2986
f 2983 2986 2987
f 2982 2983 2987
f 2981 2982 2987
f 2980 2981 2987
f 2980 2987 2988
f 2979 2980 2988
f 2979 2988 2989
f 2979 2989 2990
f 2978 2979 2990
f 2977 2978 2990
f 2976 2977 2990
f 2975 2976 2990
f 2974 2975 2990
f 2973 2974 2990
f 2972 2973 2990
f 2971 2972 2990
f 2970 2971 2990
f 2969 2970 2990
f 2968 2969 2990
f 2967 2968 2990
f 2966 2967 2990
f 2965 2966 2990
f 2964 2965 2990
f 2962 2964 2990
f 2963 2962 2990
f 3005 2963 2990
f 3004 3005 2990
f 3003 3004 2990
f 3002 3003 2990
f 3001 3002 2990
f 3000 3001 2990
f 2999 3000 2990
f 2999 2990 2991
f 2998 2999 2991
f 2997 2998 2991
f 2996 2997 2991
f 2995 2996 2991
f 2994 2995 2991
f 2993 2994 2991
f 2992 2993 2991
f 3008 3007 3006
f 3009 3008 3006
f 3010 3009 3006
f 3010 3006 3011
f 3010 3011 3012
f 3010 3012 3013
f 3014 3010 3013
f 3014 3013 3015
f 3016 3014 3015
f 3017 3016 3015
f 3017 3015 3018
f 3017 3018 3019
f 3017 3019 3020
f 3017 3020 3021
f 3017 3021 3022
f 3017 3022 3023
f 3017 3023 3024
f 3017 3024 3025
f 3017 3025 3026
f 3017 3026 3027
f 3017 3027 3028
f 3017 3028 3029
f 3017 3029 3030
f 3017 3030 3031
f 3017 3031 3032
f 3017 3032 3033
f 3017 3033 3034
f 3017 3034 3035
f 3017 3035 3036
f 3017 3036 3037
f 3017 3037 3038
f 3017 3038 3039
f 3017 3039 3040
f 3017 3040 3041
f 3042 3017 3041
f 3042 3041 3043
f 3042 3043 3044
f 3042 3044 3045
f 3042 3045 3046
f 3042 3046 3047
f 3042 3047 3048
f 3042 3048 3049
f 3034 3033 3050
f 3034 3050 3051
f 3033 3032 3052
f 3033 3052 3050
f 3032 3031 3053
f 3032 3053 3052
f 3031 3030 3054
f 3031 3054 3053
f 3030 3029 3055
f 3030 3055 3054
f 3029 3028 3056
f 3029 3056 3055
f 3028 3027 3057
f 3028 3057 3056
f 3027 3026 3058
f 3027 3058 3057
f 3026 3025 3059
f 3026 3059 3058
f 3025 3024 3060
f 3025 3060 3059
f 3024 3023 3061
f 3024 3061 3060
f 3023 3022 3062
f 3023 3062 3061
f 3022 3021 3063
f 3022 3063 3062
f 3021 3020 3064
f 3021 3064 3063
f 3020 3019 3065
f 3020 3065 3064
f 3019 3018 3066
f 3019 3066 3065
f 3018 3015 3067
f 3018 3067 3066
f 3015 3013 3068
f 3015 3068 3067
f 3013 3012 3069
f 3013 3069 3068
f 3012 3011 3070
f 3012 3070 3069
f 3011 3006 3071
f 3011 3071 3070
f 3006 3007 3072
f 3006 3072 3071
f 3007 3008 3073
f 3007 3073 3072
f 3008 3009 3074
f 3008 3074 3073
f 3009 3010 3075
f 3009 3075 3074
f 3010 3014 3076
f 3010 3076 3075
f 3014 3016 3077
f 3014 3077 3076
f 3016 3017 3078
f 3016 3078 3077
f 3017 3042 3079
f 3017 3079 3078
f 3042 3049 3080
f 3042 3080 3079
f 3049 3048 3081
f 3049 3081 3080
f 3048 3047 3082
f 3048 3082 3081
f 3047 3046 3083
f 3047 3083 3082
f 3046 3045 3084
f 3046 3084 3083
f 3045 3044 3085
f 3045 3085 3084
f 3044 3043 3086
f 3044 3086 3085
f 3043 3041 3087
f 3043 3087 3086
f 3041 3040 3088
f 3041 3088 3087
f 3040 3039 3089
f 3040 3089 3088
f 3039 3038 3090
f 3039 3090 3089
f 3038 3037 3091
f 3038 3091 3090
f 3037 3036 3092
f 3037 3092 3091
f 3036 3035 3093
f 3036 3093 3092
f 3035 3034 3051
f 3035 3051 3093
f 3071 3072 3073
f 3071 3073 3074
f 3071 3074 3075
f 3070 3071 3075
f 3069 3070 3075
f 3068 3069 3075
f 3068 3075 3076
f 3067 3068 3076
f 3067 3076 3077
f 3067 3077 3078
f 3066 3067 3078
f 3065 3066 3078
f 3064 3065 3078
f 3063 3064 3078
f 3062 3063 3078
f 3061 3062 3078
f 3060 3061 3078
f 3059 3060 3078
f 3058 3059 3078
f 3057 3058 3078
f 3056 3057 3078
f 3055 3056 3078
f 3054 3055 3078
f 3053 3054 3078
f 3052 3053 3078
f 3050 3052 3078
f 3051 3050 3078
f 3093 3051 3078
f 3092 3093 3078
f 3091 3092 3078
f 3090 3091 3078
f 3089 3090 3078
f 3088 3089 3078
f 3087 3088 3078
f 3087 3078 3079
f 3086 3087 3079
f 3085 3086 3079
f 3084 3085 3079
f 3083 3084 3079
f 3082 3083 3079
f 3081 3082 3079
f 3080 3081 3079
f 3096 3095 3094
f 3097 3096 3094
f 3098 3097 3094
f 3098 3094 3099
f 3098 3099 3100
f 3098 3100 3101
f 3102 3098 3101
f 3102 3101 3103
f 3104 3102 3103
f 3105 3104 3103
f 3105 3103 3106
f 3105 3106 3107
f 3105 3107 3108
f 3105 3108 3109
f 3105 3109 3110
f 3105 3110 3111
f 3105 3111 3112
f 3105 3112 3113
f 3105 3113 3114
f 3105 3114 3115
f 3105 3115 3116
f 3105 3116 3117
f 3105 3117 3118
f 3105 3118 3119
f 3105 3119 3120
f 3105 3120 3121
f 3105 3121 3122
f 3105 3122 3123
f 3105 3123 3124
f 3105 3124 3125
f 3105 3125 3126
f 3105 3126 3127
f 3105 3127 3128
f 3105 3128 3129
f 3130 3105 3129
f 3130 3129 3131
f 3130 3131 3132
f 3130 3132 3133
f 3130 3133 3134
f 3130 3134 3135
f 3130 3135 3136
f 3130 3136 3137
f 3122 3121 3138
f 3122 3138 3139
f 3121 3120 3140
f 3121 3140 3138
f 3120 3119 3141
f 3120 3141 3140
f 3119 3118 3142
f 3119 3142 3141
f 3118 3117 3143
f 3118 3143 3142
f 3117 3116 3144
f 3117 3144 3143
f 3116 3115 3145
f 3116 3145 3144
f 3115 3114 3146
f 3115 3146 3145
f 3114 3113 3147
f 3114 3147 3146
f 3113 3112 3148
f 3113 3148 3147
f 3112 3111 3149
f 3112 3149 3148
f 3111 3110 3150
f 3111 3150 3149
f 3110 3109 3151
f 3110 3151 3150
f 3109 3108 3152
f 3109 3152 3151
f 3108 3107 3153
f 3108 3153 3152
f 3107 3106 3154
f 3107 3154 3153
f 3106 3103 3155
f 3106 3155 3154
f 3103 3101 3156
f 3103 3156 3155
f 3101 3100 3157
f 3101 3157 3156
f 3100 3099 3158
f 3100 3158 3157
f 3099 3094 3159
f 3099 3159 3158
f 3094 3095 3160
f 3094 3160 3159
f 3095 3096 3161
f 3095 3161 3160
f 3096 3097 3162
f 3096 3162 3161
f 3097 3098 3163
f 3097 3163 3162
f 3098 3102 3164
f 3098 3164 3163
f 3102 3104 3165
f 3102 3165 3164
f 3104 3105 3166
f 3104 3166 3165
f 3105 3130 3167
f 3105 3167 3166
f 3130 3137 3168
f 3130 3168 3167
f 3137 3136 3169
f 3137 3169 3168
f 3136 3135 3170
f 3136 3170 3169
f 3135 3134 3171
f 3135 3171 3170
f 3134 3133 3172
f 3134 3172 3171
f 3133 3132 3173
f 3133 3173 3172
f 3132 3131 3174
f 3132 3174 3173
f 3131 3129 3175
f 3131 3175 3174
f 3129 3128 3176
f 3129 3176 3175
f 3128 3127 3177
f 3128 3177 3176
f 3127 3126 3178
f 3127 3178 3177
f 3126 3125 3179
f 3126 3179 3178
f 3125 3124 3180
f 3125 3180 3179
f 3124 3123 3181
f 3124 3181 3180
f 3123 3122 3139
f 3123 3139 3181
f 3159 3160 3161
f 3159 3161 3162
f 3159 3162 3163
f 3158 3159 3163
f 3157 3158 3163
f 3156 3157 3163
f 3156 3163 3164
f 3155 3156 3164
f 3155 3164 3165
f 3155 3165 3166
f 3154 3155 3166
f 3153 3154 3166
f 3152 3153 3166
f 3151 3152 3166
f 3150 3151 3166
f 3149 3150 3166
f 3148 3149 3166
f 3147 3148 3166
f 3146 3147 3166
f 3145 3146 3166
f 3144 3145 3166
f 3143 3144 3166
f 3142 3143 3166
f 3141 3142 3166
f 3140 3141 3166
f 3138 3140 3166
f 3139 3138 3166
f 3181 3139 3166
f 3180 3181 3166
f 3179 3180 3166
f 3178 3179 3166
f 3177 3178 3166
f 3176 3177 3166
f 3175 3176 3166
f 3175 3166 3167
f 3174 3175 3167
f 3173 3174 3167
f 3172 3173 3167
f 3171 3172 3167
f 3170 3171 3167
f 3169 3170 3167
f 3168 3169 3167
f 3184 3183 3182
f 3185 3184 3182
f 3186 3185 3182
f 3186 3182 3187
f 3186 3187 3188
f 3186 3188 3189
f 3190 3186 3189
f 3190 3189 3191
f 3192 3190 3191
f 3193 3192 3191
f 3193 3191 3194
f 3193 3194 3195
f 3193 3195 3196
f 3193 3196 3197
f 3193 3197 3198
f 3193 3198 3199
f 3193 3199 3200
f 3193 3200 3201
f 3193 3201 3202
f 3193 3202 3203
f 3193 3203 3204
f 3193 3204 3205
f 3193 3205 3206
f 3193 3206 3207
f 3193 3207 3208
f 3193 3208 3209
f 3193 3209 3210
f 3193 3210 3211
f 3193 3211 3212
f 3193 3212 3213
f 3193 3213 3214
f 3193 3214 3215
f 3193 3215 3216
f 3193 3216 3217
f 3218 3193 3217
f 3218 3217 3219
f 3218 3219 3220
f 3218 3220 3221
f 3218 3221 3222
f 3218 3222 3223
f 3218 3223 3224
f 3218 3224 3225
f 3210 3209 3226
f 3210 3226 3227
f 3209 3208 3228
f 3209 3228 3226
f 3208 3207 3229
f 3208 3229 3228
f 3207 3206 3230
f 3207 3230 3229
f 3206 3205 3231
f 3206 3231 3230
f 3205 3204 3232
f 3205 3232 3231
f 3204 3203 3233
f 3204 3233 3232
f 3203 3202 3234
f 3203 3234 3233
f 3202 3201 3235
f 3202 3235 3234
f 3201 3200 3236
f 3201 3236 3235
f 3200 3199 3237
f 3200 3237 3236
f 3199 3198 3238
f 3199 3238 3237
f 3198 3197 3239
f 3198 3239 3238
f 3197 3196 3240
f 3197 3240 3239
f 3196 3195 3241
f 3196 3241 3240
f 3195 3194 3242
f 3195 3242 3241
f 3194 3191 3243
f 3194 3243 3242
f 3191 3189 3244
f 3191 3244 3243
f 3189 3188 3245
f 3189 3245 3244
f 3188 3187 3246
f 3188 3246 3245
f 3187 3182 3247
f 3187 3247 3246
f 3182 3183 3248
f 3182 3248 3247
f 3183 3184 3249
f 3183 3249 3248
f 3184 3185 3250
f 3184 3250 3249
f 3185 3186 3251
f 3185 3251 3250
f 3186 3190 3252
f 3186 3252 3251
f 3190 3192 3253
f 3190 3253 3252
f 3192 3193 3254
f 3192 3254 3253
f 3193 3218 3255
f 3193 3255 3254
f 3218 3225 3256
f 3218 3256 3255
f 3225 3224 3257
f 3225 3257 3256
f 3224 3223 3258
f 3224 3258 3257
f 3223 3222 3259
f 3223 3259 3258
f 3222 3221 3260
f 3222 3260 3259
f 3221 3220 3261
f 3221 3261 3260
f 3220 3219 3262
f 3220 3262 3261
f 3219 3217 3263
f 3219 3263 3262
f 3217 3216 3264
f 3217 3264 3263
f 3216 3215 3265
f 3216 3265 3264
f 3215 3214 3266
f 3215 3266 3265
f 3214 3213 3267
f 3214 3267 3266
f 3213 3212 3268
f 3213 3268 3267
f 3212 3211 3269
f 3212 3269 3268
f 3211 3210 3227
f 3211 3227 3269
f 3247 3248 3249
f 3247 3249 3250
f 3247 3250 3251
f 3246 3247 3251
f 3245 3246 3251
f 3244 3245 3251
f 3244 3251 3252
f 3243 3244 3252
f 3243 3252 3253
f 3243 3253 3254
f 3242 3243 3254
f 3241 3242 3254
f 3240 3241 3254
f 3239 3240 3254
f 3238 3239 3254
f 3237 3238 3254
f 3236 3237 3254
f 3235 3236 3254
f 3234 3235 3254
f 3233 3234 3254
f 3232 3233 3254
f 3231 3232 3254
f 3230 3231 3254
f 3229 3230 3254
f 3228 3229 3254
f 3226 3228 3254
f 3227 3226 3254
f 3269 3227 3254
f 3268 3269 3254
f 3267 3268 3254
f 3266 3267 3254
f 3265 3266 3254
f 3264 3265 3254
f 3263 3264 3254
f 3263 3254 3255
f 3262 3263 3255
f 3261 3262 3255
f 3260 3261 3255
f 3259 3260 3255
f 3258 3259 3255
f 3257 3258 3255
f 3256 3257 3255
f 3272 3271 3270
f 3273 3272 3270
f 3274 3273 3270
f 3274 3270 3275
f 3274 3275 3276
f 3274 3276 3277
f 3278 3274 3277
f 3278 3277 3279
f 3280 3278 3279
f 3281 3280 3279
f 3281 3279 3282
f 3281 3282 3283
f 3281 3283 3284
f 3281 3284 3285
f 3281 3285 3286
f 3281 3286 3287
f 3281 3287 3288
f 3281 3288 3289
f 3281 3289 3290
f 3281 3290 3291
f 3281 3291 3292
f 3281 3292 3293
f 3281 3293 3294
f 3281 3294 3295
f 3281 3295 3296
f 3281 3296 3297
f 3281 3297 3298
f 3281 3298 3299
f 3281 3299 3300
f 3281 3300 3301
f 3281 3301 3302
f 3281 3302 3303
f 3281 3303 3304
f 3281 3304 3305
f 3306 3281 3305
f 3306 3305 3307
f 3306 3307 3308
f 3306 3308 3309
f 3306 3309 3310
f 3306 3310 3311
f 3306 3311 3312
f 3306 3312 3313
f 3298 3297 3314
f 3298 3314 3315
f 3297 3296 3316
f 3297 3316 3314
f 3296 3295 3317
f 3296 3317 3316
f 3295 3294 3318
f 3295 3318 3317
f 3294 3293 3319
f 3294 3319 3318
f 3293 3292 3320
f 3293 3320 3319
f 3292 3291 3321
f 3292 3321 3320
f 3291 3290 3322
f 3291 3322 3321
f 3290 3289 3323
f 3290 3323 3322
f 3289 3288 3324
f 3289 3324 3323
f 3288 3287 3325
f 3288 3325 3324
f 3287 3286 3326
f 3287 3326 3325
f 3286 3285 3327
f 3286 3327 3326
f 3285 3284 3328
f 3285 3328 3327
f 3284 3283 3329
f 3284 3329 3328
f 3283 3282 3330
f 3283 3330 3329
f 3282 3279 3331
f 3282 3331 3330
f 3279 3277 3332
f 3279 3332 3331
f 3277 3276 3333
f 3277 3333 3332
f 3276 3275 3334
f 3276 3334 3333
f 3275 3270 3335
f 3275 3335 3334
f 3270 3271 3336
f 3270 3336 3335
f 3271 3272 3337
f 3271 3337 3336
f 3272 3273 3338
f 3272 3338 3337
f 3273 3274 3339
f 3273 3339 3338
f 3274 3278 3340
f 3274 3340 3339
f 3278 3280 3341
f 3278 3341 3340
f 3280 3281 3342
f 3280 3342 3341
f 3281 3306 3343
f 3281 3343 3342
f 3306 3313 3344
f 3306 3344 3343
f 3313 3312 3345
f 3313 3345 3344
f 3312 3311 3346
f 3312 3346 3345
f 3311 3310 3347
f 3311 3347 3346
f 3310 3309 3348
f 3310 3348 3347
f 3309 3308 3349
f 3309 3349 3348
f 3308 3307 3350
f 3308 3350 3349
f 3307 3305 3351
f 3307 3351 3350
f 3305 3304 3352
f 3305 3352 3351
f 3304 3303 3353
f 3304 3353 3352
f 3303 3302 3354
f 3303 3354 3353
f 3302 3301 3355
f 3302 3355 3354
f 3301 3300 3356
f 3301 3356 3355
f 3300 3299 3357
f 3300 3357 3356
f 3299 3298 3315
f 3299 3315 3357
f 3335 3336 3337
f 3335 3337 3338
f 3335 3338 3339
f 3334 3335 3339
f 3333 3334 3339
f 3332 3333 3339
f 3332 3339 3340
f 3331 3332 3340
f 3331 3340 3341
f 3331 3341 3342
f 3330 3331 3342
f 3329 3330 3342
f 3328 3329 3342
f 3327 3328 3342
f 3326 3327 3342
f 3325 3326 3342
f 3324 3325 3342
f 3323 3324 3342
f 3322 3323 3342
f 3321 3322 3342
f 3320 3321 3342
f 3319 3320 3342
f 3318 3319 3342
f 3317 3318 3342
f 3316 3317 3342
f 3314 3316 3342
f 3315 3314 3342
f 3357 3315 3342
f 3356 3357 3342
f 3355 3356 3342
f 3354 3355 3342
f 3353 3354 3342
f 3352 3353 3342
f 3351 3352 3342
f 3351 3342 3343
f 3350 3351 3343
f 3349 3350 3343
f 3348 3349 3343
f 3347 3348 3343
f 3346 3347 3343
f 3345 3346 3343
f 3344 3345 3343
f 3360 3359 3358
f 3361 3360 3358
f 3362 3361 3358
f 3362 3358 3363
f 3362 3363 3364
f 3362 3364 3365
f 3366 3362 3365
f 3366 3365 3367
f 3368 3366 3367
f 3369 3368 3367
f 3369 3367 3370
f 3369 3370 3371
f 3369 3371 3372
f 3369 3372 3373
f 3369 3373 3374
f 3369 3374 3375
f 3369 3375 3376
f 3369 3376 3377
f 3369 3377 3378
f 3369 3378 3379
f 3369 3379 3380
f 3369 3380 3381
f 3369 3381 3382
f 3369 3382 3383
f 3369 3383 3384
f 3369 3384 3385
f 3369 3385 3386
f 3369 3386 3387
f 3369 3387 3388
f 3369 3388 3389
f 3369 3389 3390
f 3369 3390 3391
f 3369 3391 3392
f 3369 3392 3393
f 3394 3369 3393
f 3394 3393 3395
f 3394 3395 3396
f 3394 3396 3397
f 3394 3397 3398
f 3394 3398 3399
f 3394 3399 3400
f 3394 3400 3401
f 3386 3385 3402
f 3386 3402 3403
f 3385 3384 3404
f 3385 3404 3402
f 3384 3383 3405
f 3384 3405 3404
f 3383 3382 3406
f 3383 3406 3405
f 3382 3381 3407
f 3382 3407 3406
f 3381 3380 3408
f 3381 3408 3407
f 3380 3379 3409
f 3380 3409 3408
f 3379 3378 3410
f 3379 3410 3409
f 3378 3377 3411
f 3378 3411 3410
f 3377 3376 3412
f 3377 3412 3411
f 3376 3375 3413
f 3376 3413 3412
f 3375 3374 3414
f 3375 3414 3413
f 3374 3373 3415
f 3374 3415 3414
f 3373 3372 3416
f 3373 3416 3415
f 3372 3371 3417
f 3372 3417 3416
f 3371 3370 3418
f 3371 3418 3417
f 3370 3367 3419
f 3370 3419 3418
f 3367 3365 3420
f 3367 3420 3419
f 3365 3364 3421
f 3365 3421 3420
f 3364 3363 3422
f 3364 3422 3421
f 3363 3358 3423
f 3363 3423 3422
f 3358 3359 3424
f 3358 3424 3423
f 3359 3360 3425
f 3359 3425 3424
f 3360 3361 3426
f 3360 3426 3425
f 3361 3362 3427
f 3361 3427 3426
f 3362 3366 3428
f 3362 3428 3427
f 3366 3368 3429
f 3366 3429 3428
f 3368 3369 3430
f 3368 3430 3429
f 3369 3394 3431
f 3369 3431 3430
f 3394 3401 3432
f 3394 3432 3431
f 3401 3400 3433
f 3401 3433 3432
f 3400 3399 3434
f 3400 3434 3433
f 3399 3398 3435
f 3399 3435 3434
f 3398 3397 3436
f 3398 3436 3435
f 3397 3396 3437
f 3397 3437 3436
f 3396 3395 3438
f 3396 3438 3437
f 3395 3393 3439
f 3395 3439 3438
f 3393 3392 3440
f 3393 3440 3439
f 3392 3391 3441
f 3392 3441 3440
f 3391 3390 3442
f 3391 3442 3441
f 3390 3389 3443
f 3390 3443 3442
f 3389 3388 3444
f 3389 3444 3443
f 3388 3387 3445
f 3388 3445 3444
f 3387 3386 3403
f 3387 3403 3445
f 3423 3424 3425
f 3423 3425 3426
f 3423 3426 3427
f 3422 3423 3427
f 3421 3422 3427
f 3420 3421 3427
f 3420 3427 3428
f 3419 3420 3428
f 3419 3428 3429
f 3419 3429 3430
f 3418 3419 3430
f 3417 3418 3430
f 3416 3417 3430
f 3415 3416 3430
f 3414 3415 3430
f 3413 3414 3430
f 3412 3413 3430
f 3411 3412 3430
f 3410 3411 3430
f 3409 3410 3430
f 3408 3409 3430
f 3407 3408 3430
f 3406 3407 3430
f 3405 3406 3430
f 3404 3405 3430
f 3402 3404 3430
f 3403 3402 3430
f 3445 3403 3430
f 3444 3445 3430
f 3443 3444 3430
f 3442 3443 3430
f 3441 3442 3430
f 3440 3441 3430
f 3439 3440 3430
f 3439 3430 3431
f 3438 3439 3431
f 3437 3438 3431
f 3436 3437 3431
f 3435 3436 3431
f 3434 3435 3431
f 3433 3434 3431
f 3432 3433 3431
f 3448 3447 3446
f 3449 3448 3446
f 3450 3449 3446
f 3450 3446 3451
f 3450 3451 3452
f 3450 3452 3453
f 3454 3450 3453
f 3454 3453 3455
f 3456 3454 3455
f 3457 3456 3455
f 3457 3455 3458
f 3457 3458 3459
f 3457 3459 3460
f 3457 3460 3461
f 3457 3461 3462
f 3457 3462 3463
f 3457 3463 3464
f 3457 3464 3465
f 3457 3465 3466
f 3457 3466 3467
f 3457 3467 3468
f 3457 3468 3469
f 3457 3469 3470
f 3457 3470 3471
f 3457 3471 3472
f 3457 3472 3473
f 3457 3473 3474
f 3457 3474 3475
f 3457 3475 3476
f 3457 3476 3477
f 3457 3477 3478
f 3457 3478 3479
f 3457 3479 3480
f 3457 3480 3481
f 3482 3457 3481
f 3482 3481 3483
f 3482 3483 3484
f 3482 3484 3485
f 3482 3485 3486
f 3482 3486 3487
f 3482 3487 3488
f 3482 3488 3489
f 3474 3473 3490
f 3474 3490 3491
f 3473 3472 3492
f 3473 3492 3490
f 3472 3471 3493
f 3472 3493 3492
f 3471 3470 3494
f 3471 3494 3493
f 3470 3469 3495
f 3470 3495 3494
f 3469 3468 3496
f 3469 3496 3495
f 3468 3467 3497
f 3468 3497 3496
f 3467 3466 3498
f 3467 3498 3497
f 3466 3465 3499
f 3466 3499 3498
f 3465 3464 3500
f 3465 3500 3499
f 3464 3463 3501
f 3464 3501 3500
f 3463 3462 3502
f 3463 3502 3501
f 3462 3461 3503
f 3462 3503 3502
f 3461 3460 3504
f 3461 3504 3503
f 3460 3459 3505
f 3460 3505 3504
f 3459 3458 3506
f 3459 3506 3505
f 3458 3455 3507
f 3458 3507 3506
f 3455 3453 3508
f 3455 3508 3507
f 3453 3452 3509
f 3453 3509 3508
f 3452 3451 3510
f 3452 3510 3509
f 3451 3446 3511
f 3451 3511 3510
f 3446 3447 3512
f 3446 3512 3511
f 3447 3448 3513
f 3447 3513 3512
f 3448 3449 3514
f 3448 3514 3513
f 3449 3450 3515
f 3449 3515 3514
f 3450 3454 3516
f 3450 3516 3515
f 3454 3456 3517
f 3454 3517 3516
f 3456 3457 3518
f 3456 3518 3517
f 3457 3482 3519
f 3457 3519 3518
f 3482 3489 3520
f 3482 3520 3519
f 3489 3488 3521
f 3489 3521 3520
f 3488 3487 3522
f 3488 3522 3521
f 3487 3486 3523
f 3487 3523 3522
f 3486 3485 3524
f 3486 3524 3523
f 3485 3484 3525
f 3485 3525 3524
f 3484 3483 3526
f 3484 3526 3525
f 3483 3481 3527
f 3483 3527 3526
f 3481 3480 3528
f 3481 3528 3527
f 3480 3479 3529
f 3480 3529 3528
f 3479 3478 3530
f 3479 3530 3529
f 3478 3477 3531
f 3478 3531 3530
f 3477 3476 3532
f 3477 3532 3531
f 3476 3475 3533
f 3476 3533 3532
f 3475 3474 3491
f 3475 3491 3533
f 3511 3512 3513
f 3511 3513 3514
f 3511 3514 3515
f 3510 3511 3515
f 3509 3510 3515
f 3508 3509 3515
f 3508 3515 3516
f 3507 3508 3516
f 3507 3516 3517
f 3507 3517 3518
f 3506 3507 3518
f 3505 3506 3518
f 3504 3505 3518
f 3503 3504 3518
f 3502 3503 3518
f 3501 3502 3518
f 3500 3501 3518
f 3499 3500 3518
f 3498 3499 3518
f 3497 3498 3518
f 3496 3497 3518
f 3495 3496 3518
f 3494 3495 3518
f 3493 3494 3518
f 3492 3493 3518
f 3490 3492 3518
f 3491 3490 3518
f 3533 3491 3518
f 3532 3533 3518
f 3531 3532 3518
f 3530 3531 3518
f 3529 3530 3518
f 3528 3529 3518
f 3527 3528 3518
f 3527 3518 3519
f 3526 3527 3519
f 3525 3526 3519
f 3524 3525 3519
f 3523 3524 3519
f 3522 3523 3519
f 3521 3522 3519
f 3520 3521 3519
f 3536 3535 3534
f 3537 3536 3534
f 3538 3537 3534
f 3538 3534 3539
f 3538 3539 3540
f 3538 3540 3541
f 3542 3538 3541
f 3542 3541 3543
f 3544 3542 3543
f 3545 3544 3543
f 3545 3543 3546
f 3545 3546 3547
f 3545 3547 3548
f 3545 3548 3549
f 3545 3549 3550
f 3545 3550 3551
f 3545 3551 3552
f 3545 3552 3553
f 3545 3553 3554
f 3545 3554 3555
f 3545 3555 3556
f 3545 3556 3557
f 3545 3557 3558
f 3545 3558 3559
f 3545 3559 3560
f 3545 3560 3561
f 3545 3561 3562
f 3545 3562 3563
f 3545 3563 3564
f 3545 3564 3565
f 3545 3565 3566
f 3545 3566 3567
f 3545 3567 3568
f 3545 3568 3569
f 3570 3545 3569
f 3570 3569 3571
f 3570 3571 3572
f 3570 3572 3573
f 3570 3573 3574
f 3570 3574 3575
f 3570 3575 3576
f 3570 3576 3577
f 3562 3561 3578
f 3562 3578 3579
f 3561 3560 3580
f 3561 3580 3578
f 3560 3559 3581
f 3560 3581 3580
f 3559 3558 3582
f 3559 3582 3581
f 3558 3557 3583
f 3558 3583 3582
f 3557 3556 3584
f 3557 3584 3583
f 3556 3555 3585
f 3556 3585 3584
f 3555 3554 3586
f 3555 3586 3585
f 3554 3553 3587
f 3554 3587 3586
f 3553 3552 3588
f 3553 3588 3587
f 3552 3551 3589
f 3552 3589 3588
f 3551 3550 3590
f 3551 3590 3589
f 3550 3549 3591
f 3550 3591 3590
f 3549 3548 3592
f 3549 3592 3591
f 3548 3547 3593
f 3548 3593 3592
f 3547 3546 3594
f 3547 3594 3593
f 3546 3543 3595
f 3546 3595 3594
f 3543 3541 3596
f 3543 3596 3595
f 3541 3540 3597
f 3541 3597 3596
f 3540 3539 3598
f 3540 3598 3597
f 3539 3534 3599
f 3539 3599 3598
f 3534 3535 3600
f 3534 3600 3599
f 3535 3536 3601
f 3535 3601 3600
f 3536 3537 3602
f 3536 3602 3601
f 3537 3538 3603
f 3537 3603 3602
f 3538 3542 3604
f 3538 3604 3603
f 3542 3544 3605
f 3542 3605 3604
f 3544 3545 3606
f 3544 3606 3605
f 3545 3570 3607
f 3545 3607 3606
f 3570 3577 3608
f 3570 3608 3607
f 3577 3576 3609
f 3577 3609 3608
f 3576 3575 3610
f 3576 3610 3609
f 3575 3574 3611
f 3575 3611 3610
f 3574 3573 3612
f 3574 3612 3611
f 3573 3572 3613
f 3573 3613 3612
f 3572 3571 3614
f 3572 3614 3613
f 3571 3569 3615
f 3571 3615 3614
f 3569 3568 3616
f 3569 3616 3615
f 3568 3567 3617
f 3568 3617 3616
f 3567 3566 3618
f 3567 3618 3617
f 3566 3565 3619
f 3566 3619 3618
f 3565 3564 3620
f 3565 3620 3619
f 3564 3563 3621
f 3564 3621 3620
f 3563 3562 3579
f 3563 3579 3621
f 3599 3600 3601
f 3599 3601 3602
f 3599 3602 3603
f 3598 3599 3603
f 3597 3598 3603
f 3596 3597 3603
f 3596 3603 3604
f 3595 3596 3604
f 3595 3604 3605
f 3595 3605 3606
f 3594 3595 3606
f 3593 3594 3606
f 3592 3593 3606
f 3591 3592 3606
f 3590 3591 3606
f 3589 3590 3606
f 3588 3589 3606
f 3587 3588 3606
f 3586 3587 3606
f 3585 3586 3606
f 3584 3585 3606
f 3583 3584 3606
f 3582 3583 3606
f 3581 3582 3606
f 3580 3581 3606
f 3578 3580 3606
f 3579 3578 3606
f 3621 3579 3606
f 3620 3621 3606
f 3619 3620 3606
f 3618 3619 3606
f 3617 3618 3606
f 3616 3617 3606
f 3615 3616 3606
f 3615 3606 3607
f 3614 3615 3607
f 3613 3614 3607
f 3612 3613 3607
f 3611 3612 3607
f 3610 3611 3607
f 3609 3610 3607
f 3608 3609 3607
f 3624 3623 3622
f 3625 3624 3622
f 3626 3625 3622
f 3626 3622 3627
f 3626 3627 3628
f 3626 3628 3629
f 3630 3626 3629
f 3630 3629 3631
f 3632 3630 3631
f 3633 3632 3631
f 3633 3631 3634
f 3633 3634 3635
f 3633 3635 3636
f 3633 3636 3637
f 3633 3637 3638
f 3633 3638 3639
f 3633 3639 3640
f 3633 3640 3641
f 3633 3641 3642
f 3633 3642 3643
f 3633 3643 3644
f 3633 3644 3645
f 3633 3645 3646
f 3633 3646 3647
f 3633 3647 3648
f 3633 3648 3649
f 3633 3649 3650
f 3633 3650 3651
f 3633 3651 3652
f 3633 3652 3653
f 3633 3653 3654
f 3633 3654 3655
f 3633 3655 3656
f 3633 3656 3657
f 3658 3633 3657
f 3658 3657 3659
f 3658 3659 3660
f 3658 3660 3661
f 3658 3661 3662
f 3658 3662 3663
f 3658 3663 3664
f 3658 3664 3665
f 3650 3649 3666
f 3650 3666 3667
f 3649 3648 3668
f 3649 3668 3666
f 3648 3647 3669
f 3648 3669 3668
f 3647 3646 3670
f 3647 3670 3669
f 3646 3645 3671
f 3646 3671 3670
f 3645 3644 3672
f 3645 3672 3671
f 3644 3643 3673
f 3644 3673 3672
f 3643 3642 3674
f 3643 3674 3673
f 3642 3641 3675
f 3642 3675 3674
f 3641 3640 3676
f 3641 3676 3675
f 3640 3639 3677
f 3640 3677 3676
f 3639 3638 3678
f 3639 3678 3677
f 3638 3637 3679
f 3638 3679 3678
f 3637 3636 3680
f 3637 3680 3679
f 3636 3635 3681
f 3636 3681 3680
f 3635 3634 3682
f 3635 3682 3681
f 3634 3631 3683
f 3634 3683 3682
f 3631 3629 3684
f 3631 3684 3683
f 3629 3628 3685
f 3629 3685 3684
f 3628 3627 3686
f 3628 3686 3685
f 3627 3622 3687
f 3627 3687 3686
f 3622 3623 3688
f 3622 3688 3687
f 3623 3624 3689
f 3623 3689 3688
f 3624 3625 3690
f 3624 3690 3689
f 3625 3626 3691
f 3625 3691 3690
f 3626 3630 3692
f 3626 3692 3691
f 3630 3632 3693
f 3630 3693 3692
f 3632 3633 3694
f 3632 3694 3693
f 3633 3658 3695
f 3633 3695 3694
f 3658 3665 3696
f 3658 3696 3695
f 3665 3664 3697
f 3665 3697 3696
f 3664 3663 3698
f 3664 3698 3697
f 3663 3662 3699
f 3663 3699 3698
f 3662 3661 3700
f 3662 3700 3699
f 3661 3660 3701
f 3661 3701 3700
f 3660 3659 3702
f 3660 3702 3701
f 3659 3657 3703
f 3659 3703 3702
f 3657 3656 3704
f 3657 3704 3703
f 3656 3655 3705
f 3656 3705 3704
f 3655 3654 3706
f 3655 3706 3705
f 3654 3653 3707
f 3654 3707 3706
f 3653 3652 3708
f 3653 3708 3707
f 3652 3651 3709
f 3652 3709 3708
f 3651 3650 3667
f 3651 3667 3709
f 3687 3688 3689
f 3687 3689 3690
f 3687 3690 3691
f 3686 3687 3691
f 3685 3686 3691
f 3684 3685 3691
f 3684 3691 3692
f 3683 3684 3692
f 3683 3692 3693
f 3683 3693 3694
f 3682 3683 3694
f 3681 3682 3694
f 3680 3681 3694
f 3679 3680 3694
f 3678 3679 3694
f 3677 3678 3694
f 3676 3677 3694
f 3675 3676 3694
f 3674 3675 3694
f 3673 3674 3694
f 3672 3673 3694
f 3671 3672 3694
f 3670 3671 3694
f 3669 3670 3694
f 3668 3669 3694
f 3666 3668 3694
f 3667 3666 3694
f 3709 3667 3694
f 3708 3709 3694
f 3707 3708 3694
f 3706 3707 3694
f 3705 3706 3694
f 3704 3705 3694
f 3703 3704 3694
f 3703 3694 3695
f 3702 3703 3695
f 3701 3702 3695
f 3700 3701 3695
f 3699 3700 3695
f 3698 3699 3695
f 3697 3698 3695
f 3696 3697 3695
f 3712 3711 3710
f 3713 3712 3710
f 3714 3713 3710
f 3714 3710 3715
f 3714 3715 3716
f 3714 3716 3717
f 3718 3714 3717
f 3718 3717 3719
f 3720 3718 3719
f 3721 3720 3719
f 3721 3719 3722
f 3721 3722 3723
f 3721 3723 3724
f 3721 3724 3725
f 3721 3725 3726
f 3721 3726 3727
f 3721 3727 3728
f 3721 3728 3729
f 3721 3729 3730
f 3721 3730 3731
f 3721 3731 3732
f 3721 3732 3733
f 3721 3733 3734
f 3721 3734 3735
f 3721 3735 3736
f 3721 3736 3737
f 3721 3737 3738
f 3721 3738 3739
f 3721 3739 3740
f 3721 3740 3741
f 3721 3741 3742
f 3721 3742 3743
f 3721 3743 3744
f 3721 3744 3745
f 3746 3721 3745
f 3746 3745 3747
f 3746 3747 3748
f 3746 3748 3749
f 3746 3749 3750
f 3746 3750 3751
f 3746 3751 3752
f 3746 3752 3753
f 3738 3737 3754
f 3738 3754 3755
f 3737 3736 3756
f 3737 3756 3754
f 3736 3735 3757
f 3736 3757 3756
f 3735 3734 3758
f 3735 3758 3757
f 3734 3733 3759
f 3734 3759 3758
f 3733 3732 3760
f 3733 3760 3759
f 3732 3731 3761
f 3732 3761 3760
f 3731 3730 3762
f 3731 3762 3761
f 3730 3729 3763
f 3730 3763 3762
f 3729 3728 3764
f 3729 3764 3763
f 3728 3727 3765
f 3728 3765 3764
f 3727 3726 3766
f 3727 3766 3765
f 3726 3725 3767
f 3726 3767 3766
f 3725 3724 3768
f 3725 3768 3767
f 3724 3723 3769
f 3724 3769 3768
f 3723 3722 3770
f 3723 3770 3769
f 3722 3719 3771
f 3722 3771 3770
f 3719 3717 3772
f 3719 3772 3771
f 3717 3716 3773
f 3717 3773 3772
f 3716 3715 3774
f 3716 3774 3773
f 3715 3710 3775
f 3715 3775 3774
f 3710 3711 3776
f 3710 3776 3775
f 3711 3712 3777
f 3711 3777 3776
f 3712 3713 3778
f 3712 3778 3777
f 3713 3714 3779
f 3713 3779 3778
f 3714 3718 3780
f 3714 3780 3779
f 3718 3720 3781
f 3718 3781 3780
f 3720 3721 3782
f 3720 3782 3781
f 3721 3746 3783
f 3721 3783 3782
f 3746 3753 3784
f 3746 3784 3783
f 3753 3752 3785
f 3753 3785 3784
f 3752 3751 3786
f 3752 3786 3785
f 3751 3750 3787
f 3751 3787 3786
f 3750 3749 3788
f 3750 3788 3787
f 3749 3748 3789
f 3749 3789 3788
f 3748 3747 3790
f 3748 3790 3789
f 3747 3745 3791
f 3747 3791 3790
f 3745 3744 3792
f 3745 3792 3791
f 3744 3743 3793
f 3744 3793 3792
f 3743 3742 3794
f 3743 3794 3793
f 3742 3741 3795
f 3742 3795 3794
f 3741 3740 3796
f 3741 3796 3795
f 3740 3739 3797
f 3740 3797 3796
f 3739 3738 3755
f 3739 3755 3797
f 3775 3776 3777
f 3775 3777 3778
f 3775 3778 3779
f 3774 3775 3779
f 3773 3774 3779
f 3772 3773 3779
f 3772 3779 3780
f 3771 3772 3780
f 3771 3780 3781
f 3771 3781 3782
f 3770 3771 3782
f 3769 3770 3782
f 3768 3769 3782
f 3767 3768 3782
f 3766 3767 3782
f 3765 3766 3782
f 3764 3765 3782
f 3763 3764 3782
f 3762 3763 3782
f 3761 3762 3782
f 3760 3761 3782
f 3759 3760 3782
f 3758 3759 3782
f 3757 3758 3782
f 3756 3757 3782
f 3754 3756 3782
f 3755 3754 3782
f 3797 3755 3782
f 3796 3797 3782
f 3795 3796 3782
f 3794 3795 3782
f 3793 3794 3782
f 3792 3793 3782
f 3791 3792 3782
f 3791 3782 3783
f 3790 3791 3783
f 3789 3790 3783
f 3788 3789 3783
f 3787 3788 3783
f 3786 3787 3783
f 3785 3786 3783
f 3784 3785 3783
f 3800 3799 3798
f 3801 3800 3798
f 3802 3801 3798
f 3802 3798 3803
f 3802 3803 3804
f 3802 3804 3805
f 3806 3802 3805
f 3806 3805 3807
f 3808 3806 3807
f 3809 3808 3807
f 3809 3807 3810
f 3809 3810 3811
f 3809 3811 3812
f 3809 3812 3813
f 3809 3813 3814
f 3809 3814 3815
f 3809 3815 3816
f 3809 3816 3817
f 3809 3817 3818
f 3809 3818 3819
f 3809 3819 3820
f 3809 3820 3821
f 3809 3821 3822
f 3809 3822 3823
f 3809 3823 3824
f 3809 3824 3825
f 3809 3825 3826
f 3809 3826 3827
f 3809 3827 3828
f 3809 3828 3829
f 3809 3829 3830
f 3809 3830 3831
f 3809 3831 3832
f 3809 3832 3833
f 3834 3809 3833
f 3834 3833 3835
f 3834 3835 3836
f 3834 3836 3837
f 3834 3837 3838
f 3834 3838 3839
f 3834 3839 3840
f 3834 3840 3841
f 3826 3825 3842
f 3826 3842 3843
f 3825 3824 3844
f 3825 3844 3842
f 3824 3823 3845
f 3824 3845 3844
f 3823 3822 3846
f 3823 3846 3845
f 3822 3821 3847
f 3822 3847 3846
f 3821 3820 3848
f 3821 3848 3847
f 3820 3819 3849
f 3820 3849 3848
f 3819 3818 3850
f 3819 3850 3849
f 3818 3817 3851
f 3818 3851 3850
f 3817 3816 3852
f 3817 3852 3851
f 3816 3815 3853
f 3816 3853 3852
f 3815 3814 3854
f 3815 3854 3853
f 3814 3813 3855
f 3814 3855 3854
f 3813 3812 3856
f 3813 3856 3855
f 3812 3811 3857
f 3812 3857 3856
f 3811 3810 3858
f 3811 3858 3857
f 3810 3807 3859
f 3810 3859 3858
f 3807 3805 3860
f 3807 3860 3859
f 3805 3804 3861
f 3805 3861 3860
f 3804 3803 3862
f 3804 3862 3861
f 3803 3798 3863
f 3803 3863 3862
f 3798 3799 3864
f 3798 3864 3863
f 3799 3800 3865
f 3799 3865 3864
f 3800 3801 3866
f 3800 3866 3865
f 3801 3802 3867
f 3801 3867 3866
f 3802 3806 3868
f 3802 3868 3867
f 3806 3808 3869
f 3806 3869 3868
f 3808 3809 3870
f 3808 3870 3869
f 3809 3834 3871
f 3809 3871 3870
f 3834 3841 3872
f 3834 3872 3871
f 3841 3840 3873
f 3841 3873 3872
f 3840 3839 3874
f 3840 3874 3873
f 3839 3838 3875
f 3839 3875 3874
f 3838 3837 3876
f 3838 3876 3875
f 3837 3836 3877
f 3837 3877 3876
f 3836 3835 3878
f 3836 3878 3877
f 3835 3833 3879
f 3835 3879 3878
f 3833 3832 3880
f 3833 3880 3879
f 3832 3831 3881
f 3832 3881 3880
f 3831 3830 3882
f 3831 3882 3881
f 3830 3829 3883
f 3830 3883 3882
f 3829 3828 3884
f 3829 3884 3883
f 3828 3827 3885
f 3828 3885 3884
f 3827 3826 3843
f 3827 3843 3885
f 3863 3864 3865
f 3863 3865 3866
f 3863 3866 3867
f 3862 3863 3867
f 3861 3862 3867
f 3860 3861 3867
f 3860 3867 3868
f 3859 3860 3868
f 3859 3868 3869
f 3859 3869 3870
f 3858 3859 3870
f 3857 3858 3870
f 3856 3857 3870
f 3855 3856 3870
f 3854 3855 3870
f 3853 3854 3870
f 3852 3853 3870
f 3851 3852 3870
f 3850 3851 3870
f 3849 3850 3870
f 3848 3849 3870
f 3847 3848 3870
f 3846 3847 3870
f 3845 3846 3870
f 3844 3845 3870
f 3842 3844 3870
f 3843 3842 3870
f 3885 3843 3870
f 3884 3885 3870
f 3883 3884 3870
f 3882 3883 3870
f 3881 3882 3870
f 3880 3881 3870
f 3879 3880 3870
f 3879 3870 3871
f 3878 3879 3871
f 3877 3878 3871
f 3876 3877 3871
f 3875 3876 3871
f 3874 3875 3871
f 3873 3874 3871
f 3872 3873 3871
f 3888 3887 3886
f 3889 3888 3886
f 3890 3889 3886
f 3890 3886 3891
f 3890 3891 3892
f 3890 3892 3893
f 3894 3890 3893
f 3894 3893 3895
f 3896 3894 3895
f 3897 3896 3895
f 3897 3895 3898
f 3897 3898 3899
f 3897 3899 3900
f 3897 3900 3901
f 3897 3901 3902
f 3897 3902 3903
f 3897 3903 3904
f 3897 3904 3905
f 3897 3905 3906
f 3897 3906 3907
f 3897 3907 3908
f 3897 3908 3909
f 3897 3909 3910
f 3897 3910 3911
f 3897 3911 3912
f 3897 3912 3913
f 3897 3913 3914
f 3897 3914 3915
f 3897 3915 3916
f 3897 3916 3917
f 3897 3917 3918
f 3897 3918 3919
f 3897 3919 3920
f 3897 3920 3921
f 3922 3897 3921
f 3922 3921 3923
f 3922 3923 3924
f 3922 3924 3925
f 3922 3925 3926
f 3922 3926 3927
f 3922 3927 3928
f 3922 3928 3929
f 3914 3913 3930
f 3914 3930 3931
f 3913 3912 3932
f 3913 3932 3930
f 3912 3911 3933
f 3912 3933 3932
f 3911 3910 3934
f 3911 3934 3933
f 3910 3909 3935
f 3910 3935 3934
f 3909 3908 3936
f 3909 3936 3935
f 3908 3907 3937
f 3908 3937 3936
f 3907 3906 3938
f 3907 3938 3937
f 3906 3905 3939
f 3906 3939 3938
f 3905 3904 3940
f 3905 3940 3939
f 3904 3903 3941
f 3904 3941 3940
f 3903 3902 3942
f 3903 3942 3941
f 3902 3901 3943
f 3902 3943 3942
f 3901 3900 3944
f 3901 3944 3943
f 3900 3899 3945
f 3900 3945 3944
f 3899 3898 3946
f 3899 3946 3945
f 3898 3895 3947
f 3898 3947 3946
f 3895 3893 3948
f 3895 3948 3947
f 3893 3892 3949
f 3893 3949 3948
f 3892 3891 3950
f 3892 3950 3949
f 3891 3886 3951
f 3891 3951 3950
f 3886 3887 3952
f 3886 3952 3951
f 3887 3888 3953
f 3887 3953 3952
f 3888 3889 3954
f 3888 3954 3953
f 3889 3890 3955
f 3889 3955 3954
f 3890 3894 3956
f 3890 3956 3955
f 3894 3896 3957
f 3894 3957 3956
f 3896 3897 3958
f 3896 3958 3957
f 3897 3922 3959
f 3897 3959 3958
f 3922 3929 3960
f 3922 3960 3959
f 3929 3928 3961
f 3929 3961 3960
f 3928 3927 3962
f 3928 3962 3961
f 3927 3926 3963
f 3927 3963 3962
f 3926 3925 3964
f 3926 3964 3963
f 3925 3924 3965
f 3925 3965 3964
f 3924 3923 3966
f 3924 3966 3965
f 3923 3921 3967
f 3923 3967 3966
f 3921 3920 3968
f 3921 3968 3967
f 3920 3919 3969
f 3920 3969 3968
f 3919 3918 3970
f 3919 3970 3969
f 3918 3917 3971
f 3918 3971 3970
f 3917 3916 3972
f 3917 3972 3971
f 3916 3915 3973
f 3916 3973 3972
f 3915 3914 3931
f 3915 3931 3973
f 3951 3952 3953
f 3951 3953 3954
f 3951 3954 3955
f 3950 3951 3955
f 3949 3950 3955
f 3948 3949 3955
f 3948 3955 3956
f 3947 3948 3956
f 3947 3956 3957
f 3947 3957 3958
f 3946 3947 3958
f 3945 3946 3958
f 3944 3945 3958
f 3943 3944 3958
f 3942 3943 3958
f 3941 3942 3958
f 3940 3941 3958
f 3939 3940 3958
f 3938 3939 3958
f 3937 3938 3958
f 3936 3937 3958
f 3935 3936 3958
f 3934 3935 3958
f 3933 3934 3958
f 3932 3933 3958
f 3930 3932 3958
f 3931 3930 3958
f 3973 3931 3958
f 3972 3973 3958
f 3971 3972 3958
f 3970 3971 3958
f 3969 3970 3958
f 3968 3969 3958
f 3967 3968 3958
f 3967 3958 3959
f 3966 3967 3959
f 3965 3966 3959
f 3964 3965 3959
f 3963 3964 3959
f 3962 3963 3959
f 3961 3962 3959
f 3960 3961 3959
f 3976 3975 3974
f 3977 3976 3974
f 3978 3977 3974
f 3978 3974 3979
f 3978 3979 3980
f 3978 3980 3981
f 3982 3978 3981
f 3982 3981 3983
f 3984 3982 3983
f 3985 3984 3983
f 3985 3983 3986
f 3985 3986 3987
f 3985 3987 3988
f 3985 3988 3989
f 3985 3989 3990
f 3985 3990 3991
f 3985 3991 3992
f 3985 3992 3993
f 3985 3993 3994
f 3985 3994 3995
f 3985 3995 3996
f 3985 3996 3997
f 3985 3997 3998
f 3985 3998 3999
f 3985 3999 4000
f 3985 4000 4001
f 3985 4001 4002
f 3985 4002 4003
f 3985 4003 4004
f 3985 4004 4005
f 3985 4005 4006
f 3985 4006 4007
f 3985 4007 4008
f 3985 4008 4009
f 4010 3985 4009
f 4010 4009 4011
f 4010 4011 4012
f 4010 4012 4013
f 4010 4013 4014
f 4010 4014 4015
f 4010 4015 4016
f 4010 4016 4017
f 4002 4001 4018
f 4002 4018 4019
f 4001 4000 4020
f 4001 4020 4018
f 4000 3999 4021
f 4000 4021 4020
f 3999 3998 4022
f 3999 4022 4021
f 3998 3997 4023
f 3998 4023 4022
f 3997 3996 4024
f 3997 4024 4023
f 3996 3995 4025
f 3996 4025 4024
f 3995 3994 4026
f 3995 4026 4025
f 3994 3993 4027
f 3994 4027 4026
f 3993 3992 4028
f 3993 4028 4027
f 3992 3991 4029
f 3992 4029 4028
f 3991 3990 4030
f 3991 4030 4029
f 3990 3989 4031
f 3990 4031 4030
f 3989 3988 4032
f 3989 4032 4031
f 3988 3987 4033
f 3988 4033 4032
f 3987 3986 4034
f 3987 4034 4033
f 3986 3983 4035
f 3986 4035 4034
f 3983 3981 4036
f 3983 4036 4035
f 3981 3980 4037
f 3981 4037 4036
f 3980 3979 4038
f 3980 4038 4037
f 3979 3974 4039
f 3979 4039 4038
f 3974 3975 4040
f 3974 4040 4039
f 3975 3976 4041
f 3975 4041 4040
f 3976 3977 4042
f 3976 4042 4041
f 3977 3978 4043
f 3977 4043 4042
f 3978 3982 4044
f 3978 4044 4043
f 3982 3984 4045
f 3982 4045 4044
f 3984 3985 4046
f 3984 4046 4045
f 3985 4010 4047
f 3985 4047 4046
f 4010 4017 4048
f 4010 4048 4047
f 4017 4016 4049
f 4017 4049 4048
f 4016 4015 4050
f 4016 4050 4049
f 4015 4014 4051
f 4015 4051 4050
f 4014 4013 4052
f 4014 4052 4051
f 4013 4012 4053
f 4013 4053 4052
f 4012 4011 4054
f 4012 4054 4053
f 4011 4009 4055
f 4011 4055 4054
f 4009 4008 4056
f 4009 4056 4055
f 4008 4007 4057
f 4008 4057 4056
f 4007 4006 4058
f 4007 4058 4057
f 4006 4005 4059
f 4006 4059 4058
f 4005 4004 4060
f 4005 4060 4059
f 4004 4003 4061
f 4004 4061 4060
f 4003 4002 4019
f 4003 4019 4061
f 4039 4040 4041
f 4039 4041 4042
f 4039 4042 4043
f 4038 4039 4043
f 4037 4038 4043
f 4036 4037 4043
f 4036 4043 4044
f 4035 4036 4044
f 4035 4044 4045
f 4035 4045 4046
f 4034 4035 4046
f 4033 4034 4046
f 4032 4033 4046
f 4031 4032 4046
f 4030 4031 4046
f 4029 4030 4046
f 4028 4029 4046
f 4027 4028 4046
f 4026 4027 4046
f 4025 4026 4046
f 4024 4025 4046
f 4023 4024 4046
f 4022 4023 4046
f 4021 4022 4046
f 4020 4021 4046
f 4018 4020 4046
f 4019 4018 4046
f 4061 4019 4046
f 4060 4061 4046
f 4059 4060 4046
f 4058 4059 4046
f 4057 4058 4046
f 4056 4057 4046
f 4055 4056 4046
f 4055 4046 4047
f 4054 4055 4047
f 4053 4054 4047
f 4052 4053 4047
f 4051 4052 4047
f 4050 4051 4047
f 4049 4050 4047
f 4048 4049 4047
f 4064 4063 4062
f 4065 4064 4062
f 4066 4065 4062
f 4066 4062 4067
f 4066 4067 4068
f 4066 4068 4069
f 4070 4066 4069
f 4070 4069 4071
f 4072 4070 4071
f 4073 4072 4071
f 4073 4071 4074
f 4073 4074 4075
f 4073 4075 4076
f 4073 4076 4077
f 4073 4077 4078
f 4073 4078 4079
f 4073 4079 4080
f 4073 4080 4081
f 4073 4081 4082
f 4073 4082 4083
f 4073 4083 4084
f 4073 4084 4085
f 4073 4085 4086
f 4073 4086 4087
f 4073 4087 4088
f 4073 4088 4089
f 4073 4089 4090
f 4073 4090 4091
f 4073 4091 4092
f 4073 4092 4093
f 4073 4093 4094
f 4073 4094 4095
f 4073 4095 4096
f 4073 4096 4097
f 4098 4073 4097
f 4098 4097 4099
f 4098 4099 4100
f 4098 4100 4101
f 4098 4101 4102
f 4098 4102 4103
f 4098 4103 4104
f 4098 4104 4105
f 4090 4089 4106
f 4090 4106 4107
f 4089 4088 4108
f 4089 4108 4106
f 4088 4087 4109
f 4088 4109 4108
f 4087 4086 4110
f 4087 4110 4109
f 4086 4085 4111
f 4086 4111 4110
f 4085 4084 4112
f 4085 4112 4111
f 4084 4083 4113
f 4084 4113 4112
f 4083 4082 4114
f 4083 4114 4113
f 4082 4081 4115
f 4082 4115 4114
f 4081 4080 4116
f 4081 4116 4115
f 4080 4079 4117
f 4080 4117 4116
f 4079 4078 4118
f 4079 4118 4117
f 4078 4077 4119
f 4078 4119 4118
f 4077 4076 4120
f 4077 4120 4119
f 4076 4075 4121
f 4076 4121 4120
f 4075 4074 4122
f 4075 4122 4121
f 4074 4071 4123
f 4074 4123 4122
f 4071 4069 4124
f 4071 4124 4123
f 4069 4068 4125
f 4069 4125 4124
f 4068 4067 4126
f 4068 4126 4125
f 4067 4062 4127
f 4067 4127 4126
f 4062 4063 4128
f 4062 4128 4127
f 4063 4064 4129
f 4063 4129 4128
f 4064 4065 4130
f 4064 4130 4129
f 4065 4066 4131
f 4065 4131 4130
f 4066 4070 4132
f 4066 4132 4131
f 4070 4072 4133
f 4070 4133 4132
f 4072 4073 4134
f 4072 4134 4133
f 4073 4098 4135
f 4073 4135 4134
f 4098 4105 4136
f 4098 4136 4135
f 4105 4104 4137
f 4105 4137 4136
f 4104 4103 4138
f 4104 4138 4137
f 4103 4102 4139
f 4103 4139 4138
f 4102 4101 4140
f 4102 4140 4139
f 4101 4100 4141
f 4101 4141 4140
f 4100 4099 4142
f 4100 4142 4141
f 4099 4097 4143
f 4099 4143 4142
f 4097 4096 4144
f 4097 4144 4143
f 4096 4095 4145
f 4096 4145 4144
f 4095 4094 4146
f 4095 4146 4145
f 4094 4093 4147
f 4094 4147 4146
f 4093 4092 4148
f 4093 4148 4147
f 4092 4091 4149
f 4092 4149 4148
f 4091 4090 4107
f 4091 4107 4149
f 4127 4128 4129
f 4127 4129 4130
f 4127 4130 4131
f 4126 4127 4131
f 4125 4126 4131
f 4124 4125 4131
f 4124 4131 4132
f 4123 4124 4132
f 4123 4132 4133
f 4123 4133 4134
f 4122 4123 4134
f 4121 4122 4134
f 4120 4121 4134
f 4119 4120 4134
f 4118 4119 4134
f 4117 4118 4134
f 4116 4117 4134
f 4115 4116 4134
f 4114 4115 4134
f 4113 4114 4134
f 4112 4113 4134
f 4111 4112 4134
f 4110 4111 4134
f 4109 4110 4134
f 4108 4109 4134
f 4106 4108 4134
f 4107 4106 4134
f 4149 4107 4134
f 4148 4149 4134
f 4147 4148 4134
f 4146 4147 4134
f 4145 4146 4134
f 4144 4145 4134
f 4143 4144 4134
f 4143 4134 4135
f 4142 4143 4135
f 4141 4142 4135
f 4140 4141 4135
f 4139 4140 4135
f 4138 4139 4135
f 4137 4138 4135
f 4136 4137 4135
f 4152 4151 4150
f 4153 4152 4150
f 4154 4153 4150
f 4154 4150 4155
f 4154 4155 4156
f 4154 4156 4157
f 4158 4154 4157
f 4158 4157 4159
f 4160 4158 4159
f 4161 4160 4159
f 4161 4159 4162
f 4161 4162 4163
f 4161 4163 4164
f 4161 4164 4165
f 4161 4165 4166
f 4161 4166 4167
f 4161 4167 4168
f 4161 4168 4169
f 4161 4169 4170
f 4161 4170 4171
f 4161 4171 4172
f 4161 4172 4173
f 4161 4173 4174
f 4161 4174 4175
f 4161 4175 4176
f 4161 4176 4177
f 4161 4177 4178
f 4161 4178 4179
f 4161 4179 4180
f 4161 4180 4181
f 4161 4181 4182
f 4161 4182 4183
f 4161 4183 4184
f 4161 4184 4185
f 4186 4161 4185
f 4186 4185 4187
f 4186 4187 4188
f 4186 4188 4189
f 4186 4189 4190
f 4186 4190 4191
f 4186 4191 4192
f 4186 4192 4193
f 4178 4177 4194
f 4178 4194 4195
f 4177 4176 4196
f 4177 4196 4194
f 4176 4175 4197
f 4176 4197 4196
f 4175 4174 4198
f 4175 4198 4197
f 4174 4173 4199
f 4174 4199 4198
f 4173 4172 4200
f 4173 4200 4199
f 4172 4171 4201
f 4172 4201 4200
f 4171 4170 4202
f 4171 4202 4201
f 4170 4169 4203
f 4170 4203 4202
f 4169 4168 4204
f 4169 4204 4203
f 4168 4167 4205
f 4168 4205 4204
f 4167 4166 4206
f 4167 4206 4205
f 4166 4165 4207
f 4166 4207 4206
f 4165 4164 4208
f 4165 4208 4207
f 4164 4163 4209
f 4164 4209 4208
f 4163 4162 4210
f 4163 4210 4209
f 4162 4159 4211
f 4162 4211 4210
f 4159 4157 4212
f 4159 4212 4211
f 4157 4156 4213
f 4157 4213 4212
f 4156 4155 4214
f 4156 4214 4213
f 4155 4150 4215
f 4155 4215 4214
f 4150 4151 4216
f 4150 4216 4215
f 4151 4152 4217
f 4151 4217 4216
f 4152 4153 4218
f 4152 4218 4217
f 4153 4154 4219
f 4153 4219 4218
f 4154 4158 4220
f 4154 4220 4219
f 4158 4160 4221
f 4158 4221 4220
f 4160 4161 4222
f 4160 4222 4221
f 4161 4186 4223
f 4161 4223 4222
f 4186 4193 4224
f 4186 4224 4223
f 4193 4192 4225
f 4193 4225 4224
f 4192 4191 4226
f 4192 4226 4225
f 4191 4190 4227
f 4191 4227 4226
f 4190 4189 4228
f 4190 4228 4227
f 4189 4188 4229
f 4189 4229 4228
f 4188 4187 4230
f 4188 4230 4229
f 4187 4185 4231
f 4187 4231 4230
f 4185 4184 4232
f 4185 4232 4231
f 4184 4183 4233
f 4184 4233 4232
f 4183 4182 4234
f 4183 4234 4233
f 4182 4181 4235
f 4182 4235 4234
f 4181 4180 4236
f 4181 4236 4235
f 4180 4179 4237
f 4180 4237 4236
f 4179 4178 4195
f 4179 4195 4237
f 4215 4216 4217
f 4215 4217 4218
f 4215 4218 4219
f 4214 4215 4219
f 4213 4214 4219
f 4212 4213 4219
f 4212 4219 4220
f 4211 4212 4220
f 4211 4220 4221
f 4211 4221 4222
f 4210 4211 4222
f 4209 4210 4222
f 4208 4209 4222
f 4207 4208 4222
f 4206 4207 4222
f 4205 4206 4222
f 4204 4205 4222
f 4203 4204 4222
f 4202 4203 4222
f 4201 4202 4222
f 4200 4201 4222
f 4199 4200 4222
f 4198 4199 4222
f 4197 4198 4222
f 4196 4197 4222
f 4194 4196 4222
f 4195 4194 4222
f 4237 4195 4222
f 4236 4237 4222
f 4235 4236 4222
f 4234 4235 4222
f 4233 4234 4222
f 4232 4233 4222
f 4231 4232 4222
f 4231 4222 4223
f 4230 4231 4223
f 4229 4230 4223
f 4228 4229 4223
f 4227 4228 4223
f 4226 4227 4223
f 4225 4226 4223
f 4224 4225 4223
f 4240 4239 4238
f 4241 4240 4238
f 4242 4241 4238
f 4242 4238 4243
f 4242 4243 4244
f 4242 4244 4245
f 4246 4242 4245
f 4246 4245 4247
f 4248 4246 4247
f 4249 4248 4247
f 4249 4247 4250
f 4249 4250 4251
f 4249 4251 4252
f 4249 4252 4253
f 4249 4253 4254
f 4249 4254 4255
f 4249 4255 4256
f 4249 4256 4257
f 4249 4257 4258
f 4249 4258 4259
f 4249 4259 4260
f 4249 4260 4261
f 4249 4261 4262
f 4249 4262 4263
f 4249 4263 4264
f 4249 4264 4265
f 4249 4265 4266
f 4249 4266 4267
f 4249 4267 4268
f 4249 4268 4269
f 4249 4269 4270
f 4249 4270 4271
f 4249 4271 4272
f 4249 4272 4273
f 4274 4249 4273
f 4274 4273 4275
f 4274 4275 4276
f 4274 4276 4277
f 4274 4277 4278
f 4274 4278 4279
f 4274 4279 4280
f 4274 4280 4281
f 4266 4265 4282
f 4266 4282 4283
f 4265 4264 4284
f 4265 4284 4282
f 4264 4263 4285
f 4264 4285 4284
f 4263 4262 4286
f 4263 4286 4285
f 4262 4261 4287
f 4262 4287 4286
f 4261 4260 4288
f 4261 4288 4287
f 4260 4259 4289
f 4260 4289 4288
f 4259 4258 4290
f 4259 4290 4289
f 4258 4257 4291
f 4258 4291 4290
f 4257 4256 4292
f 4257 4292 4291
f 4256 4255 4293
f 4256 4293 4292
f 4255 4254 4294
f 4255 4294 4293
f 4254 4253 4295
f 4254 4295 4294
f 4253 4252 4296
f 4253 4296 4295
f 4252 4251 4297
f 4252 4297 4296
f 4251 4250 4298
f 4251 4298 4297
f 4250 4247 4299
f 4250 4299 4298
f 4247 4245 4300
f 4247 4300 4299
f 4245 4244 4301
f 4245 4301 4300
f 4244 4243 4302
f 4244 4302 4301
f 4243 4238 4303
f 4243 4303 4302
f 4238 4239 4304
f 4238 4304 4303
f 4239 4240 4305
f 4239 4305 4304
f 4240 4241 4306
f 4240 4306 4305
f 4241 4242 4307
f 4241 4307 4306
f 4242 4246 4308
f 4242 4308 4307
f 4246 4248 4309
f 4246 4309 4308
f 4248 4249 4310
f 4248 4310 4309
f 4249 4274 4311
f 4249 4311 4310
f 4274 4281 4312
f 4274 4312 4311
f 4281 4280 4313
f 4281 4313 4312
f 4280 4279 4314
f 4280 4314 4313
f 4279 4278 4315
f 4279 4315 4314
f 4278 4277 4316
f 4278 4316 4315
f 4277 4276 4317
f 4277 4317 4316
f 4276 4275 4318
f 4276 4318 4317
f 4275 4273 4319
f 4275 4319 4318
f 4273 4272 4320
f 4273 4320 4319
f 4272 4271 4321
f 4272 4321 4320
f 4271 4270 4322
f 4271 4322 4321
f 4270 4269 4323
f 4270 4323 4322
f 4269 4268 4324
f 4269 4324 4323
f 4268 4267 4325
f 4268 4325 4324
f 4267 4266 4283
f 4267 4283 4325
f 4303 4304 4305
f 4303 4305 4306
f 4303 4306 4307
f 4302 4303 4307
f 4301 4302 4307
f 4300 4301 4307
f 4300 4307 4308
f 4299 4300 4308
f 4299 4308 4309
f 4299 4309 4310
f 4298 4299 4310
f 4297 4298 4310
f 4296 4297 4310
f 4295 4296 4310
f 4294 4295 4310
f 4293 4294 4310
f 4292 4293 4310
f 4291 4292 4310
f 4290 4291 4310
f 4289 4290 4310
f 4288 4289 4310
f 4287 4288 4310
f 4286 4287 4310
f 4285 4286 4310
f 4284 4285 4310
f 4282 4284 4310
f 4283 4282 4310
f 4325 4283 4310
f 4324 4325 4310
f 4323 4324 4310
f 4322 4323 4310
f 4321 4322 4310
f 4320 4321 4310
f 4319 4320 4310
f 4319 4310 4311
f 4318 4319 4311
f 4317 4318 4311
f 4316 4317 4311
f 4315 4316 4311
f 4314 4315 4311
f 4313 4314 4311
f 4312 4313 4311
f 4328 4327 4326
f 4329 4328 4326
f 4330 4329 4326
f 4330 4326 4331
f 4330 4331 4332
f 4330 4332 4333
f 4334 4330 4333
f 4334 4333 4335
f 4336 4334 4335
f 4337 4336 4335
f 4337 4335 4338
f 4337 4338 4339
f 4337 4339 4340
f 4337 4340 4341
f 4337 4341 4342
f 4337 4342 4343
f 4337 4343 4344
f 4337 4344 4345
f 4337 4345 4346
f 4337 4346 4347
f 4337 4347 4348
f 4337 4348 4349
f 4337 4349 4350
f 4337 4350 4351
f 4337 4351 4352
f 4337 4352 4353
f 4337 4353 4354
f 4337 4354 4355
f 4337 4355 4356
f 4337 4356 4357
f 4337 4357 4358
f 4337 4358 4359
f 4337 4359 4360
f 4337 4360 4361
f 4362 4337 4361
f 4362 4361 4363
f 4362 4363 4364
f 4362 4364 4365
f 4362 4365 4366
f 4362 4366 4367
f 4362 4367 4368
f 4362 4368 4369
f 4354 4353 4370
f 4354 4370 4371
f 4353 4352 4372
f 4353 4372 4370
f 4352 4351 4373
f 4352 4373 4372
f 4351 4350 4374
f 4351 4374 4373
f 4350 4349 4375
f 4350 4375 4374
f 4349 4348 4376
f 4349 4376 4375
f 4348 4347 4377
f 4348 4377 4376
f 4347 4346 4378
f 4347 4378 4377
f 4346 4345 4379
f 4346 4379 4378
f 4345 4344 4380
f 4345 4380 4379
f 4344 4343 4381
f 4344 4381 4380
f 4343 4342 4382
f 4343 4382 4381
f 4342 4341 4383
f 4342 4383 4382
f 4341 4340 4384
f 4341 4384 4383
f 4340 4339 4385
f 4340 4385 4384
f 4339 4338 4386
f 4339 4386 4385
f 4338 4335 4387
f 4338 4387 4386
f 4335 4333 4388
f 4335 4388 4387
f 4333 4332 4389
f 4333 4389 4388
f 4332 4331 4390
f 4332 4390 4389
f 4331 4326 4391
f 4331 4391 4390
f 4326 4327 4392
f 4326 4392 4391
f 4327 4328 4393
f 4327 4393 4392
f 4328 4329 4394
f 4328 4394 4393
f 4329 4330 4395
f 4329 4395 4394
f 4330 4334 4396
f 4330 4396 4395
f 4334 4336 4397
f 4334 4397 4396
f 4336 4337 4398
f 4336 4398 4397
f 4337 4362 4399
f 4337 4399 4398
f 4362 4369 4400
f 4362 4400 4399
f 4369 4368 4401
f 4369 4401 4400
f 4368 4367 4402
f 4368 4402 4401
f 4367 4366 4403
f 4367 4403 4402
f 4366 4365 4404
f 4366 4404 4403
f 4365 4364 4405
f 4365 4405 4404
f 4364 4363 4406
f 4364 4406 4405
f 4363 4361 4407
f 4363 4407 4406
f 4361 4360 4408
f 4361 4408 4407
f 4360 4359 4409
f 4360 4409 4408
f 4359 4358 4410
f 4359 4410 4409
f 4358 4357 4411
f 4358 4411 4410
f 4357 4356 4412
f 4357 4412 4411
f 4356 4355 4413
f 4356 4413 4412
f 4355 4354 4371
f 4355 4371 4413
f 4391 4392 4393
f 4391 4393 4394
f 4391 4394 4395
f 4390 4391 4395
f 4389 4390 4395
f 4388 4389 4395
f 4388 4395 4396
f 4387 4388 4396
f 4387 4396 4397
f 4387 4397 4398
f 4386 4387 4398
f 4385 4386 4398
f 4384 4385 4398
f 4383 4384 4398
f 4382 4383 4398
f 4381 4382 4398
f 4380 4381 4398
f 4379 4380 4398
f 4378 4379 4398
f 4377 4378 4398
f 4376 4377 4398
f 4375 4376 4398
f 4374 4375 4398
f 4373 4374 4398
f 4372 4373 4398
f 4370 4372 4398
f 4371 4370 4398
f 4413 4371 4398
f 4412 4413 4398
f 4411 4412 4398
f 4410 4411 4398
f 4409 4410 4398
f 4408 4409 4398
f 4407 4408 4398
f 4407 4398 4399
f 4406 4407 4399
f 4405 4406 4399
f 4404 4405 4399
f 4403 4404 4399
f 4402 4403 4399
f 4401 4402 4399
f 4400 4401 4399
f 4416 4415 4414
f 4417 4416 4414
f 4418 4417 4414
f 4418 4414 4419
f 4418 4419 4420
f 4418 4420 4421
f 4422 4418 4421
f 4422 4421 4423
f 4424 4422 4423
f 4425 4424 4423
f 4425 4423 4426
f 4425 4426 4427
f 4425 4427 4428
f 4425 4428 4429
f 4425 4429 4430
f 4425 4430 4431
f 4425 4431 4432
f 4425 4432 4433
f 4425 4433 4434
f 4425 4434 4435
f 4425 4435 4436
f 4425 4436 4437
f 4425 4437 4438
f 4425 4438 4439
f 4425 4439 4440
f 4425 4440 4441
f 4425 4441 4442
f 4425 4442 4443
f 4425 4443 4444
f 4425 4444 4445
f 4425 4445 4446
f 4425 4446 4447
f 4425 4447 4448
f 4425 4448 4449
f 4450 4425 4449
f 4450 4449 4451
f 4450 4451 4452
f 4450 4452 4453
f 4450 4453 4454
f 4450 4454 4455
f 4450 4455 4456
f 4450 4456 4457
f 4442 4441 4458
f 4442 4458 4459
f 4441 4440 4460
f 4441 4460 4458
f 4440 4439 4461
f 4440 4461 4460
f 4439 4438 4462
f 4439 4462 4461
f 4438 4437 4463
f 4438 4463 4462
f 4437 4436 4464
f 4437 4464 4463
f 4436 4435 4465
f 4436 4465 4464
f 4435 4434 4466
f 4435 4466 4465
f 4434 4433 4467
f 4434 4467 4466
f 4433 4432 4468
f 4433 4468 4467
f 4432 4431 4469
f 4432 4469 4468
f 4431 4430 4470
f 4431 4470 4469
f 4430 4429 4471
f 4430 4471 4470
f 4429 4428 4472
f 4429 4472 4471
f 4428 4427 4473
f 4428 4473 4472
f 4427 4426 4474
f 4427 4474 4473
f 4426 4423 4475
f 4426 4475 4474
f 4423 4421 4476
f 4423 4476 4475
f 4421 4420 4477
f 4421 4477 4476
f 4420 4419 4478
f 4420 4478 4477
f 4419 4414 4479
f 4419 4479 4478
f 4414 4415 4480
f 4414 4480 4479
f 4415 4416 4481
f 4415 4481 4480
f 4416 4417 4482
f 4416 4482 4481
f 4417 4418 4483
f 4417 4483 4482
f 4418 4422 4484
f 4418 4484 4483
f 4422 4424 4485
f 4422 4485 4484
f 4424 4425 4486
f 4424 4486 4485
f 4425 4450 4487
f 4425 4487 4486
f 4450 4457 4488
f 4450 4488 4487
f 4457 4456 4489
f 4457 4489 4488
f 4456 4455 4490
f 4456 4490 4489
f 4455 4454 4491
f 4455 4491 4490
f 4454 4453 4492
f 4454 4492 4491
f 4453 4452 4493
f 4453 4493 4492
f 4452 4451 4494
f 4452 4494 4493
f 4451 4449 4495
f 4451 4495 4494
f 4449 4448 4496
f 4449 4496 4495
f 4448 4447 4497
f 4448 4497 4496
f 4447 4446 4498
f 4447 4498 4497
f 4446 4445 4499
f 4446 4499 4498
f 4445 4444 4500
f 4445 4500 4499
f 4444 4443 4501
f 4444 4501 4500
f 4443 4442 4459
f 4443 4459 4501
f 4479 4480 4481
f 4479 4481 4482
f 4479 4482 4483
f 4478 4479 4483
f 4477 4478 4483
f 4476 4477 4483
f 4476 4483 4484
f 4475 4476 4484
f 4475 4484 4485
f 4475 4485 4486
f 4474 4475 4486
f 4473 4474 4486
f 4472 4473 4486
f 4471 4472 4486
f 4470 4471 4486
f 4469 4470 4486
f 4468 4469 4486
f 4467 4468 4486
f 4466 4467 4486
f 4465 4466 4486
f 4464 4465 4486
f 4463 4464 4486
f 4462 4463 4486
f 4461 4462 4486
f 4460 4461 4486
f 4458 4460 4486
f 4459 4458 4486
f 4501 4459 4486
f 4500 4501 4486
f 4499 4500 4486
f 4498 4499 4486
f 4497 4498 4486
f 4496 4497 4486
f 4495 4496 4486
f 4495 4486 4487
f 4494 4495 4487
f 4493 4494 4487
f 4492 4493 4487
f 4491 4492 4487
f 4490 4491 4487
f 4489 4490 4487
f 4488 4489 4487
f 4504 4503 4502
f 4505 4504 4502
f 4506 4505 4502
f 4506 4502 4507
f 4506 4507 4508
f 4506 4508 4509
f 4510 4506 4509
f 4510 4509 4511
f 4512 4510 4511
f 4513 4512 4511
f 4513 4511 4514
f 4513 4514 4515
f 4513 4515 4516
f 4513 4516 4517
f 4513 4517 4518
f 4513 4518 4519
f 4513 4519 4520
f 4513 4520 4521
f 4513 4521 4522
f 4513 4522 4523
f 4513 4523 4524
f 4513 4524 4525
f 4513 4525 4526
f 4513 4526 4527
f 4513 4527 4528
f 4513 4528 4529
f 4513 4529 4530
f 4513 4530 4531
f 4513 4531 4532
f 4513 4532 4533
f 4513 4533 4534
f 4513 4534 4535
f 4513 4535 4536
f 4513 4536 4537
f 4538 4513 4537
f 4538 4537 4539
f 4538 4539 4540
f 4538 4540 4541
f 4538 4541 4542
f 4538 4542 4543
f 4538 4543 4544
f 4538 4544 4545
f 4530 4529 4546
f 4530 4546 4547
f 4529 4528 4548
f 4529 4548 4546
f 4528 4527 4549
f 4528 4549 4548
f 4527 4526 4550
f 4527 4550 4549
f 4526 4525 4551
f 4526 4551 4550
f 4525 4524 4552
f 4525 4552 4551
f 4524 4523 4553
f 4524 4553 4552
f 4523 4522 4554
f 4523 4554 4553
f 4522 4521 4555
f 4522 4555 4554
f 4521 4520 4556
f 4521 4556 4555
f 4520 4519 4557
f 4520 4557 4556
f 4519 4518 4558
f 4519 4558 4557
f 4518 4517 4559
f 4518 4559 4558
f 4517 4516 4560
f 4517 4560 4559
f 4516 4515 4561
f 4516 4561 4560
f 4515 4514 4562
f 4515 4562 4561
f 4514 4511 4563
f 4514 4563 4562
f 4511 4509 4564
f 4511 4564 4563
f 4509 4508 4565
f 4509 4565 4564
f 4508 4507 4566
f 4508 4566 4565
f 4507 4502 4567
f 4507 4567 4566
f 4502 4503 4568
f 4502 4568 4567
f 4503 4504 4569
f 4503 4569 4568
f 4504 4505 4570
f 4504 4570 4569
f 4505 4506 4571
f 4505 4571 4570
f 4506 4510 4572
f 4506 4572 4571
f 4510 4512 4573
f 4510 4573 4572
f 4512 4513 4574
f 4512 4574 4573
f 4513 4538 4575
f 4513 4575 4574
f 4538 4545 4576
f 4538 4576 4575
f 4545 4544 4577
f 4545 4577 4576
f 4544 4543 4578
f 4544 4578 4577
f 4543 4542 4579
f 4543 4579 4578
f 4542 4541 4580
f 4542 4580 4579
f 4541 4540 4581
f 4541 4581 4580
f 4540 4539 4582
f 4540 4582 4581
f 4539 4537 4583
f 4539 4583 4582
f 4537 4536 4584
f 4537 4584 4583
f 4536 4535 4585
f 4536 4585 4584
f 4535 4534 4586
f 4535 4586 4585
f 4534 4533 4587
f 4534 4587 4586
f 4533 4532 4588
f 4533 4588 4587
f 4532 4531 4589
f 4532 4589 4588
f 4531 4530 4547
f 4531 4547 4589
f 4567 4568 4569
f 4567 4569 4570
f 4567 4570 4571
f 4566 4567 4571
f 4565 4566 4571
f 4564 4565 4571
f 4564 4571 4572
f 4563 4564 4572
f 4563 4572 4573
f 4563 4573 4574
f 4562 4563 4574
f 4561 4562 4574
f 4560 4561 4574
f 4559 4560 4574
f 4558 4559 4574
f 4557 4558 4574
f 4556 4557 4574
f 4555 4556 4574
f 4554 4555 4574
f 4553 4554 4574
f 4552 4553 4574
f 4551 4552 4574
f 4550 4551 4574
f 4549 4550 4574
f 4548 4549 4574
f 4546 4548 4574
f 4547 4546 4574
f 4589 4547 4574
f 4588 4589 4574
f 4587 4588 4574
f 4586 4587 4574
f 4585 4586 4574
f 4584 4585 4574
f 4583 4584 4574
f 4583 4574 4575
f 4582 4583 4575
f 4581 4582 4575
f 4580 4581 4575
f 4579 4580 4575
f 4578 4579 4575
f 4577 4578 4575
f 4576 4577 4575
f 4592 4591 4590
f 4593 4592 4590
f 4594 4593 4590
f 4594 4590 4595
f 4594 4595 4596
f 4594 4596 4597
f 4598 4594 4597
f 4598 4597 4599
f 4600 4598 4599
f 4601 4600 4599
f 4601 4599 4602
f 4601 4602 4603
f 4601 4603 4604
f 4601 4604 4605
f 4601 4605 4606
f 4601 4606 4607
f 4601 4607 4608
f 4601 4608 4609
f 4601 4609 4610
f 4601 4610 4611
f 4601 4611 4612
f 4601 4612 4613
f 4601 4613 4614
f 4601 4614 4615
f 4601 4615 4616
f 4601 4616 4617
f 4601 4617 4618
f 4601 4618 4619
f 4601 4619 4620
f 4601 4620 4621
f 4601 4621 4622
f 4601 4622 4623
f 4601 4623 4624
f 4601 4624 4625
f 4626 4601 4625
f 4626 4625 4627
f 4626 4627 4628
f 4626 4628 4629
f 4626 4629 4630
f 4626 4630 4631
f 4626 4631 4632
f 4626 4632 4633
f 4618 4617 4634
f 4618 4634 4635
f 4617 4616 4636
f 4617 4636 4634
f 4616 4615 4637
f 4616 4637 4636
f 4615 4614 4638
f 4615 4638 4637
f 4614 4613 4639
f 4614 4639 4638
f 4613 4612 4640
f 4613 4640 4639
f 4612 4611 4641
f 4612 4641 4640
f 4611 4610 4642
f 4611 4642 4641
f 4610 4609 4643
f 4610 4643 4642
f 4609 4608 4644
f 4609 4644 4643
f 4608 4607 4645
f 4608 4645 4644
f 4607 4606 4646
f 4607 4646 4645
f 4606 4605 4647
f 4606 4647 4646
f 4605 4604 4648
f 4605 4648 4647
f 4604 4603 4649
f 4604 4649 4648
f 4603 4602 4650
f 4603 4650 4649
f 4602 4599 4651
f 4602 4651 4650
f 4599 4597 4652
f 4599 4652 4651
f 4597 4596 4653
f 4597 4653 4652
f 4596 4595 4654
f 4596 4654 4653
f 4595 4590 4655
f 4595 4655 4654
f 4590 4591 4656
f 4590 4656 4655
f 4591 4592 4657
f 4591 4657 4656
f 4592 4593 4658
f 4592 4658 4657
f 4593 4594 4659
f 4593 4659 4658
f 4594 4598 4660
f 4594 4660 4659
f 4598 4600 4661
f 4598 4661 4660
f 4600 4601 4662
f 4600 4662 4661
f 4601 4626 4663
f 4601 4663 4662
f 4626 4633 4664
f 4626 4664 4663
f 4633 4632 4665
f 4633 4665 4664
f 4632 4631 4666
f 4632 4666 4665
f 4631 4630 4667
f 4631 4667 4666
f 4630 4629 4668
f 4630 4668 4667
f 4629 4628 4669
f 4629 4669 4668
f 4628 4627 4670
f 4628 4670 4669
f 4627 4625 4671
f 4627 4671 4670
f 4625 4624 4672
f 4625 4672 4671
f 4624 4623 4673
f 4624 4673 4672
f 4623 4622 4674
f 4623 4674 4673
f 4622 4621 4675
f 4622 4675 4674
f 4621 4620 4676
f 4621 4676 4675
f 4620 4619 4677
f 4620 4677 4676
f 4619 4618 4635
f 4619 4635 4677
f 4655 4656 4657
f 4655 4657 4658
f 4655 4658 4659
f 4654 4655 4659
f 4653 4654 4659
f 4652 4653 4659
f 4652 4659 4660
f 4651 4652 4660
f 4651 4660 4661
f 4651 4661 4662
f 4650 4651 4662
f 4649 4650 4662
f 4648 4649 4662
f 4647 4648 4662
f 4646 4647 4662
f 4645 4646 4662
f 4644 4645 4662
f 4643 4644 4662
f 4642 4643 4662
f 4641 4642 4662
f 4640 4641 4662
f 4639 4640 4662
f 4638 4639 4662
f 4637 4638 4662
f 4636 4637 4662
f 4634 4636 4662
f 4635 4634 4662
f 4677 4635 4662
f 4676 4677 4662
f 4675 4676 4662
f 4674 4675 4662
f 4673 4674 4662
f 4672 4673 4662
f 4671 4672 4662
f 4671 4662 4663
f 4670 4671 4663
f 4669 4670 4663
f 4668 4669 4663
f 4667 4668 4663
f 4666 4667 4663
f 4665 4666 4663
f 4664 4665 4663
f 4680 4679 4678
f 4680 4678 4681
f 4680 4681 4682
f 4683 4680 4682
f 4684 4683 4682
f 4684 4682 4685
f 4686 4684 4685
f 4686 4685 4687
f 4688 4686 4687
f 4688 4687 4689
f 4690 4688 4689
f 4690 4689 4691
f 4690 4691 4692
f 4690 4692 4693
f 4690 4693 4694
f 4690 4694 4695
f 4690 4695 4696
f 4690 4696 4697
f 4690 4697 4698
f 4690 4698 4699
f 4690 4699 4700
f 4690 4700 4701
f 4702 4690 4701
f 4703 4702 4701
f 4704 4703 4701
f 4705 4704 4701
f 4706 4705 4701
f 4707 4706 4701
f 4708 4707 4701
f 4709 4708 4701
f 4710 4709 4701
f 4711 4710 4701
f 4712 4711 4701
f 4713 4712 4701
f 4713 4701 4714
f 4713 4714 4715
f 4713 4715 4716
f 4713 4716 4717
f 4713 4717 4718
f 4713 4718 4719
f 4713 4719 4720
f 4713 4720 4721
f 4718 4717 4722
f 4718 4722 4723
f 4717 4716 4724
f 4717 4724 4722
f 4716 4715 4725
f 4716 4725 4724
f 4715 4714 4726
f 4715 4726 4725
f 4714 4701 4727
f 4714 4727 4726
f 4701 4700 4728
f 4701 4728 4727
f 4700 4699 4729
f 4700 4729 4728
f 4699 4698 4730
f 4699 4730 4729
f 4698 4697 4731
f 4698 4731 4730
f 4697 4696 4732
f 4697 4732 4731
f 4696 4695 4733
f 4696 4733 4732
f 4695 4694 4734
f 4695 4734 4733
f 4694 4693 4735
f 4694 4735 4734
f 4693 4692 4736
f 4693 4736 4735
f 4692 4691 4737
f 4692 4737 4736
f 4691 4689 4738
f 4691 4738 4737
f 4689 4687 4739
f 4689 4739 4738
f 4687 4685 4740
f 4687 4740 4739
f 4685 4682 4741
f 4685 4741 4740
f 4682 4681 4742
f 4682 4742 4741
f 4681 4678 4743
f 4681 4743 4742
f 4678 4679 4744
f 4678 4744 4743
f 4679 4680 4745
f 4679 4745 4744
f 4680 4683 4746
f 4680 4746 4745
f 4683 4684 4747
f 4683 4747 4746
f 4684 4686 4748
f 4684 4748 4747
f 4686 4688 4749
f 4686 4749 4748
f 4688 4690 4750
f 4688 4750 4749
f 4690 4702 4751
f 4690 4751 4750
f 4702 4703 4752
f 4702 4752 4751
f 4703 4704 4753
f 4703 4753 4752
f 4704 4705 4754
f 4704 4754 4753
f 4705 4706 4755
f 4705 4755 4754
f 4706 4707 4756
f 4706 4756 4755
f 4707 4708 4757
f 4707 4757 4756
f 4708 4709 4758
f 4708 4758 4757
f 4709 4710 4759
f 4709 4759 4758
f 4710 4711 4760
f 4710 4760 4759
f 4711 4712 4761
f 4711 4761 4760
f 4712 4713 4762
f 4712 4762 4761
f 4713 4721 4763
f 4713 4763 4762
f 4721 4720 4764
f 4721 4764 4763
f 4720 4719 4765
f 4720 4765 4764
f 4719 4718 4723
f 4719 4723 4765
f 4743 4744 4745
f 4742 4743 4745
f 4741 4742 4745
f 4741 4745 4746
f 4741 4746 4747
f 4740 4741 4747
f 4740 4747 4748
f 4739 4740 4748
f 4739 4748 4749
f 4738 4739 4749
f 4738 4749 4750
f 4737 4738 4750
f 4736 4737 4750
f 4735 4736 4750
f 4734 4735 4750
f 4733 4734 4750
f 4732 4733 4750
f 4731 4732 4750
f 4730 4731 4750
f 4729 4730 4750
f 4728 4729 4750
f 4727 4728 4750
f 4727 4750 4751
f 4727 4751 4752
f 4727 4752 4753
f 4727 4753 4754
f 4727 4754 4755
f 4727 4755 4756
f 4727 4756 4757
f 4727 4757 4758
f 4727 4758 4759
f 4727 4759 4760
f 4727 4760 4761
f 4727 4761 4762
f 4726 4727 4762
f 4725 4726 4762
f 4724 4725 4762
f 4722 4724 4762
f 4723 4722 4762
f 4765 4723 4762
f 4764 4765 4762
f 4763 4764 4762
f 4768 4767 4766
f 4771 4770 4769
f 4774 4773 4772
f 4777 4776 4775
f 4780 4779 4778
f 4782 4767 4781
f 4785 4784 4783
f 4788 4787 4786
f 4791 4790 4789
f 4792 4787 4788
f 4795 4794 4793
f 4798 4797 4796
f 4801 4800 4799
f 4803 4801 4802
f 4801 4798 4800
f 4800 4798 4804
f 4805 4795 4804
f 4806 4787 4792
f 4790 4791 4807
f 4770 4808 4785
f 4810 4786 4809
f 4768 4784 4785
f 4812 4811 4780
f 4814 4776 4813
f 4816 4814 4815
f 4776 4817 4775
f 4772 4773 4818
f 4803 4820 4819
f 4822 4821 4774
f 4766 4783 4784
f 4823 4769 4783
f 4789 4824 4818
f 4820 4803 4825
f 4814 4816 4817
f 4826 4777 4775
f 4827 4802 4801
f 4783 4769 4785
f 4805 4788 4810
f 4785 4769 4770
f 4790 4808 4824
f 4805 4817 4816
f 4797 4826 4775
f 4828 4825 4781
f 4797 4798 4801
f 4766 4800 4793
f 4817 4805 4796
f 4808 4770 4772
f 4808 4790 4829
f 4794 4795 4810
f 4767 4768 4829
f 4830 4766 4794
f 4813 4779 4814
f 4815 4792 4816
f 4819 4826 4797
f 4828 4791 4831
f 4814 4780 4815
f 4830 4809 4766
f 4783 4766 4832
f 4818 4773 4821
f 4833 4786 4787
f 4835 4792 4834
f 4781 4802 4782
f 4786 4810 4788
f 4791 4789 4836
f 4788 4816 4792
f 4793 4804 4795
f 4796 4804 4798
f 4802 4825 4803
f 4804 4793 4800
f 4804 4796 4805
f 4837 4772 4770
f 4807 4829 4790
f 4809 4830 4810
f 4785 4829 4768
f 4782 4827 4766
f 4838 4779 4813
f 4818 4824 4772
f 4834 4815 4780
f 4766 4784 4768
f 4833 4839 4832
f 4814 4779 4780
f 4801 4799 4827
f 4810 4795 4805
f 4824 4789 4790
f 4816 4788 4805
f 4766 4793 4794
f 4775 4796 4797
f 4799 4800 4766
f 4781 4807 4828
f 4801 4803 4797
f 4796 4775 4817
f 4772 4824 4808
f 4829 4785 4808
f 4810 4830 4794
f 4829 4807 4767
f 4766 4827 4799
f 4842 4841 4840
f 4797 4803 4819
f 4814 4817 4776
f 4767 4807 4781
f 4825 4802 4781
f 4802 4827 4782
f 4766 4767 4782
f 4807 4791 4828
f 4828 4820 4825
f 4831 4820 4828
f 4836 4831 4791
f 4777 4813 4776
f 4840 4822 4843
f 4821 4822 4841
f 4845 4843 4844
f 4774 4843 4822
f 4843 4774 4772
f 4821 4773 4774
f 4846 4780 4811
f 4779 4838 4778
f 4837 4844 4843
f 4771 4844 4837
f 4837 4770 4771
f 4772 4837 4843
f 4823 4847 4771
f 4847 4835 4844
f 4771 4769 4823
f 4844 4771 4847
f 4832 4809 4833
f 4839 4806 4847
f 4823 4783 4848
f 4847 4823 4839
f 4780 4846 4834
f 4840 4846 4842
f 4846 4840 4845
f 4841 4822 4840
f 4843 4845 4840
f 4834 4845 4835
f 4811 4842 4846
f 4832 4849 4848
f 4839 4848 4849
f 4832 4848 4783
f 4848 4839 4823
f 4844 4835 4845
f 4835 4847 4806
f 4806 4792 4835
f 4806 4839 4833
f 4833 4787 4806
f 4809 4786 4833
f 4839 4849 4832
f 4766 4809 4832
f 4845 4834 4846
f 4792 4815 4834
f 4778 4812 4780
f 4852 4851 4850
f 4852 4853 4851
f 4852 4854 4853
f 4852 4855 4854
f 4852 4856 4855
f 4852 4857 4856
f 4852 4858 4857
f 4852 4850 4858
f 4859 4858 4850
f 4860 4857 4858
f 4861 4856 4857
f 4862 4855 4856
f 4863 4854 4855
f 4864 4853 4854
f 4865 4851 4853
f 4859 4850 4851
f 4851 4865 4859
f 4853 4866 4865
f 4853 4864 4866
f 4854 4863 4864
f 4855 4862 4863
f 4856 4861 4862
f 4857 4860 4861
f 4858 4859 4860
f 4867 4860 4859
f 4868 4861 4860
f 4869 4862 4861
f 4870 4863 4862
f 4871 4864 4863
f 4872 4866 4864
f 4873 4865 4866
f 4867 4859 4865
f 4865 4873 4867
f 4866 4872 4873
f 4864 4871 4872
f 4863 4874 4871
f 4863 4870 4874
f 4862 4869 4870
f 4861 4868 4869
f 4860 4867 4868
f 4877 4876 4875
f 4879 4878 4876
f 4881 4880 4878
f 4881 4882 4880
f 4884 4883 4882
f 4886 4885 4883
f 4886 4887 4885
f 4888 4875 4887
f 4875 4888 4889
f 4887 4886 4888
f 4883 4884 4886
f 4882 4890 4884
f 4882 4881 4890
f 4878 4879 4881
f 4876 4877 4879
f 4875 4889 4877
f 4893 4892 4891
f 4894 4891 4892
f 4895 4893 4891
f 4896 4894 4892
f 4897 4895 4891
f 4898 4896 4892
f 4899 4898 4892
f 4899 4892 4900
f 4901 4899 4900
f 4901 4900 4902
f 4903 4901 4902
f 4903 4902 4904
f 4905 4903 4904
f 4905 4904 4906
f 4897 4891 4907
f 4908 4897 4907
f 4908 4907 4909
f 4910 4908 4909
f 4910 4909 4911
f 4912 4910 4911
f 4912 4911 4913
f 4914 4912 4913
f 4914 4913 4915
f 4916 4914 4915
f 4919 4918 4917
f 4920 4919 4917
f 4923 4922 4921
f 4923 4921 4924
f 4927 4926 4925
f 4928 4927 4925
f 4931 4930 4929
f 4931 4929 4932
f 4935 4934 4933
f 4936 4935 4933
f 4939 4938 4937
f 4939 4937 4940
f 4941 4916 4915
f 4941 4915 4942
f 4941 4942 4943
f 4941 4943 4944
f 4945 4941 4944
f 4945 4944 4936
f 4945 4936 4933
f 4946 4945 4933
f 4946 4933 4920
f 4947 4946 4920
f 4947 4920 4917
f 4948 4947 4917
f 4948 4917 4928
f 4949 4948 4928
f 4949 4928 4925
f 4950 4949 4925
f 4950 4925 4951
f 4952 4950 4951
f 4952 4951 4931
f 4953 4952 4931
f 4953 4931 4932
f 4954 4953 4932
f 4954 4932 4923
f 4955 4954 4923
f 4955 4923 4924
f 4956 4955 4924
f 4956 4924 4939
f 4957 4956 4939
f 4957 4939 4940
f 4958 4957 4940
f 4958 4940 4959
f 4960 4958 4959
f 4905 4906 4960
f 4961 4905 4960
f 4962 4961 4960
f 4959 4962 4960
f 4891 4894 4963
f 4891 4963 4964
f 4894 4896 4965
f 4894 4965 4963
f 4896 4898 4966
f 4896 4966 4965
f 4898 4899 4967
f 4898 4967 4966
f 4899 4901 4968
f 4899 4968 4967
f 4901 4903 4969
f 4901 4969 4968
f 4903 4905 4970
f 4903 4970 4969
f 4905 4961 4971
f 4905 4971 4970
f 4961 4962 4972
f 4961 4972 4971
f 4962 4959 4973
f 4962 4973 4972
f 4959 4940 4974
f 4959 4974 4973
f 4940 4937 4975
f 4940 4975 4974
f 4937 4938 4976
f 4937 4976 4975
f 4938 4939 4977
f 4938 4977 4976
f 4939 4924 4978
f 4939 4978 4977
f 4924 4921 4979
f 4924 4979 4978
f 4921 4922 4980
f 4921 4980 4979
f 4922 4923 4981
f 4922 4981 4980
f 4923 4932 4982
f 4923 4982 4981
f 4932 4929 4983
f 4932 4983 4982
f 4929 4930 4984
f 4929 4984 4983
f 4930 4931 4985
f 4930 4985 4984
f 4931 4951 4986
f 4931 4986 4985
f 4951 4925 4987
f 4951 4987 4986
f 4925 4926 4988
f 4925 4988 4987
f 4926 4927 4989
f 4926 4989 4988
f 4927 4928 4990
f 4927 4990 4989
f 4928 4917 4991
f 4928 4991 4990
f 4917 4918 4992
f 4917 4992 4991
f 4918 4919 4993
f 4918 4993 4992
f 4919 4920 4994
f 4919 4994 4993
f 4920 4933 4995
f 4920 4995 4994
f 4933 4934 4996
f 4933 4996 4995
f 4934 4935 4997
f 4934 4997 4996
f 4935 4936 4998
f 4935 4998 4997
f 4936 4944 4999
f 4936 4999 4998
f 4944 4943 5000
f 4944 5000 4999
f 4943 4942 5001
f 4943 5001 5000
f 4942 4915 5002
f 4942 5002 5001
f 4915 4913 5003
f 4915 5003 5002
f 4913 4911 5004
f 4913 5004 5003
f 4911 4909 5005
f 4911 5005 5004
f 4909 4907 5006
f 4909 5006 5005
f 4907 4891 4964
f 4907 4964 5006
f 4950 4952 5007
f 4950 5007 5008
f 4952 4953 5009
f 4952 5009 5007
f 4953 4954 5010
f 4953 5010 5009
f 4954 4955 5011
f 4954 5011 5010
f 4955 4956 5012
f 4955 5012 5011
f 4956 4957 5013
f 4956 5013 5012
f 4957 4958 5014
f 4957 5014 5013
f 4958 4960 5015
f 4958 5015 5014
f 4960 4906 5016
f 4960 5016 5015
f 4906 4904 5017
f 4906 5017 5016
f 4904 4902 5018
f 4904 5018 5017
f 4902 4900 5019
f 4902 5019 5018
f 4900 4892 5020
f 4900 5020 5019
f 4892 4893 5021
f 4892 5021 5020
f 4893 4895 5022
f 4893 5022 5021
f 4895 4897 5023
f 4895 5023 5022
f 4897 4908 5024
f 4897 5024 5023
f 4908 4910 5025
f 4908 5025 5024
f 4910 4912 5026
f 4910 5026 5025
f 4912 4914 5027
f 4912 5027 5026
f 4914 4916 5028
f 4914 5028 5027
f 4916 4941 5029
f 4916 5029 5028
f 4941 4945 5030
f 4941 5030 5029
f 4945 4946 5031
f 4945 5031 5030
f 4946 4947 5032
f 4946 5032 5031
f 4947 4948 5033
f 4947 5033 5032
f 4948 4949 5034
f 4948 5034 5033
f 4949 4950 5008
f 4949 5008 5034
f 4964 5020 5021
f 5020 4964 4963
f 4964 5021 5022
f 5020 4963 4965
f 4964 5022 5023
f 5020 4965 4966
f 5020 4966 4967
f 5019 5020 4967
f 5019 4967 4968
f 5018 5019 4968
f 5018 4968 4969
f 5017 5018 4969
f 5017 4969 4970
f 5016 5017 4970
f 5006 4964 5023
f 5006 5023 5024
f 5005 5006 5024
f 5005 5024 5025
f 5004 5005 5025
f 5004 5025 5026
f 5003 5004 5026
f 5003 5026 5027
f 5002 5003 5027
f 5002 5027 5028
f 4991 4992 4993
f 4991 4993 4994
f 4979 4980 4981
f 4978 4979 4981
f 4987 4988 4989
f 4987 4989 4990
f 4983 4984 4985
f 4982 4983 4985
f 4995 4996 4997
f 4995 4997 4998
f 4975 4976 4977
f 4974 4975 4977
f 5002 5028 5029
f 5001 5002 5029
f 5000 5001 5029
f 4999 5000 5029
f 4999 5029 5030
f 4998 4999 5030
f 4995 4998 5030
f 4995 5030 5031
f 4994 4995 5031
f 4994 5031 5032
f 4991 4994 5032
f 4991 5032 5033
f 4990 4991 5033
f 4990 5033 5034
f 4987 4990 5034
f 4987 5034 5008
f 4986 4987 5008
f 4986 5008 5007
f 4985 4986 5007
f 4985 5007 5009
f 4982 4985 5009
f 4982 5009 5010
f 4981 4982 5010
f 4981 5010 5011
f 4978 4981 5011
f 4978 5011 5012
f 4977 4978 5012
f 4977 5012 5013
f 4974 4977 5013
f 4974 5013 5014
f 4973 4974 5014
f 4973 5014 5015
f 5015 5016 4970
f 5015 4970 4971
f 5015 4971 4972
f 5015 4972 4973
f 5037 5036 5035
f 5037 5035 5038
f 5039 5037 5038
f 5039 5038 5040
f 5039 5040 5041
f 5042 5039 5041
f 5042 5041 5043
f 5044 5042 5043
f 5044 5043 5045
f 5046 5044 5045
f 5047 5046 5045
f 5047 5045 5048
f 5049 5047 5048
f 5050 5049 5048
f 5051 5050 5048
f 5052 5051 5048
f 5053 5052 5048
f 5054 5053 5048
f 5055 5054 5048
f 5056 5055 5048
f 5057 5056 5048
f 5058 5057 5048
f 5059 5058 5048
f 5060 5059 5048
f 5061 5060 5048
f 5062 5061 5048
f 5063 5062 5048
f 5064 5063 5048
f 5065 5064 5048
f 5066 5065 5048
f 5067 5066 5048
f 5068 5067 5048
f 5035 5036 5069
f 5035 5069 5070
f 5036 5037 5071
f 5036 5071 5069
f 5037 5039 5072
f 5037 5072 5071
f 5039 5042 5073
f 5039 5073 5072
f 5042 5044 5074
f 5042 5074 5073
f 5044 5046 5075
f 5044 5075 5074
f 5046 5047 5076
f 5046 5076 5075
f 5047 5049 5077
f 5047 5077 5076
f 5049 5050 5078
f 5049 5078 5077
f 5050 5051 5079
f 5050 5079 5078
f 5051 5052 5080
f 5051 5080 5079
f 5052 5053 5081
f 5052 5081 5080
f 5053 5054 5082
f 5053 5082 5081
f 5054 5055 5083
f 5054 5083 5082
f 5055 5056 5084
f 5055 5084 5083
f 5056 5057 5085
f 5056 5085 5084
f 5057 5058 5086
f 5057 5086 5085
f 5058 5059 5087
f 5058 5087 5086
f 5059 5060 5088
f 5059 5088 5087
f 5060 5061 5089
f 5060 5089 5088
f 5061 5062 5090
f 5061 5090 5089
f 5062 5063 5091
f 5062 5091 5090
f 5063 5064 5092
f 5063 5092 5091
f 5064 5065 5093
f 5064 5093 5092
f 5065 5066 5094
f 5065 5094 5093
f 5066 5067 5095
f 5066 5095 5094
f 5067 5068 5096
f 5067 5096 5095
f 5068 5048 5097
f 5068 5097 5096
f 5048 5045 5098
f 5048 5098 5097
f 5045 5043 5099
f 5045 5099 5098
f 5043 5041 5100
f 5043 5100 5099
f 5041 5040 5101
f 5041 5101 5100
f 5040 5038 5102
f 5040 5102 5101
f 5038 5035 5070
f 5038 5070 5102
f 5070 5069 5071
f 5102 5070 5071
f 5102 5071 5072
f 5101 5102 5072
f 5100 5101 5072
f 5100 5072 5073
f 5099 5100 5073
f 5099 5073 5074
f 5098 5099 5074
f 5098 5074 5075
f 5098 5075 5076
f 5097 5098 5076
f 5097 5076 5077
f 5097 5077 5078
f 5097 5078 5079
f 5097 5079 5080
f 5097 5080 5081
f 5097 5081 5082
f 5097 5082 5083
f 5097 5083 5084
f 5097 5084 5085
f 5097 5085 5086
f 5097 5086 5087
f 5097 5087 5088
f 5097 5088 5089
f 5097 5089 5090
f 5097 5090 5091
f 5097 5091 5092
f 5097 5092 5093
f 5097 5093 5094
f 5097 5094 5095
f 5097 5095 5096
f 5105 5104 5103
f 5105 5103 5106
f 5104 5108 5107
f 5104 5107 5103
f 5108 5110 5109
f 5108 5109 5107
f 5112 5110 5111
f 5115 5114 5113
f 5118 5117 5116
f 5121 5120 5119
f 5121 5119 5117
f 5120 5123 5122
f 5120 5122 5119
f 5123 5125 5124
f 5123 5124 5122
f 5128 5127 5126
f 5128 5126 5124
f 5127 5130 5129
f 5127 5129 5126
f 5130 5132 5131
f 5130 5131 5129
f 5134 5132 5133
f 5137 5136 5135
f 5140 5139 5138
f 5143 5142 5141
f 5143 5141 5139
f 5142 5145 5144
f 5142 5144 5141
f 5145 5146 5106
f 5145 5106 5144
f 5148 5147 5105
f 5147 5149 5125
f 5124 5125 5149
f 5124 5149 5128
f 5106 5146 5148
f 5106 5148 5105
f 5125 5123 5147
f 5123 5120 5147
f 5120 5121 5147
f 5121 5118 5147
f 5110 5108 5147
f 5108 5104 5147
f 5105 5147 5104
f 5124 5126 5150
f 5124 5150 5151
f 5124 5151 5152
f 5124 5152 5122
f 5126 5129 5153
f 5126 5153 5150
f 5150 5153 5154
f 5150 5154 5151
f 5151 5154 5155
f 5151 5155 5152
f 5152 5155 5119
f 5152 5119 5122
f 5129 5131 5156
f 5129 5156 5153
f 5153 5156 5157
f 5153 5157 5154
f 5154 5157 5158
f 5154 5158 5155
f 5155 5158 5117
f 5155 5117 5119
f 5159 5131 5134
f 5162 5161 5160
f 5164 5156 5163
f 5167 5166 5165
f 5169 5157 5168
f 5172 5171 5170
f 5174 5158 5173
f 5176 5175 5115
f 5179 5178 5177
f 5182 5181 5180
f 5185 5184 5183
f 5186 5109 5112
f 5139 5141 5187
f 5139 5187 5178
f 5178 5187 5188
f 5178 5188 5181
f 5181 5188 5189
f 5181 5189 5184
f 5184 5189 5107
f 5184 5107 5109
f 5141 5144 5190
f 5141 5190 5187
f 5187 5190 5191
f 5187 5191 5188
f 5188 5191 5192
f 5188 5192 5189
f 5189 5192 5103
f 5189 5103 5107
f 5106 5103 5192
f 5106 5192 5191
f 5106 5191 5190
f 5106 5190 5144
f 5135 5133 5137
f 5140 5143 5139
f 5193 5138 5136
f 5179 5138 5139
f 5132 5134 5131
f 5162 5134 5135
f 5159 5163 5156
f 5167 5163 5160
f 5194 5177 5161
f 5182 5177 5178
f 5195 5180 5166
f 5185 5180 5181
f 5164 5168 5157
f 5172 5168 5165
f 5169 5173 5158
f 5176 5173 5170
f 5196 5183 5171
f 5186 5183 5184
f 5110 5112 5109
f 5197 5112 5175
f 5113 5116 5115
f 5174 5116 5117
f 5118 5121 5117
f 5111 5147 5118
f 5175 5111 5114
f 5111 5110 5147
f 5137 5193 5136
f 5138 5193 5140
f 5194 5136 5138
f 5133 5135 5134
f 5135 5136 5194
f 5162 5160 5163
f 5160 5161 5195
f 5195 5161 5177
f 5196 5166 5180
f 5167 5165 5168
f 5165 5166 5196
f 5172 5170 5173
f 5170 5171 5197
f 5197 5171 5183
f 5111 5175 5112
f 5176 5115 5116
f 5114 5115 5175
f 5116 5113 5118
f 5118 5113 5114
f 5118 5114 5111
f 5194 5161 5162
f 5163 5159 5162
f 5195 5166 5167
f 5168 5164 5167
f 5196 5171 5172
f 5173 5169 5172
f 5197 5175 5176
f 5116 5174 5176
f 5184 5109 5186
f 5183 5186 5197
f 5186 5112 5197
f 5176 5170 5197
f 5180 5185 5196
f 5172 5165 5196
f 5177 5182 5195
f 5167 5160 5195
f 5138 5179 5194
f 5162 5135 5194
f 5158 5157 5169
f 5169 5168 5172
f 5157 5156 5164
f 5164 5163 5167
f 5156 5131 5159
f 5159 5134 5162
f 5117 5158 5174
f 5174 5173 5176
f 5181 5184 5185
f 5185 5183 5196
f 5178 5181 5182
f 5182 5180 5195
f 5139 5178 5179
f 5179 5177 5194
f 5200 5199 5198
f 5202 5201 5198
f 5204 5203 5198
f 5206 5205 5198
f 5208 5207 5198
f 5210 5209 5198
f 5212 5211 5198
f 5214 5213 5210
f 5216 5215 5212
f 5219 5218 5217
f 5221 5220 5202
f 5223 5222 5204
f 5225 5224 5206
f 5227 5226 5208
f 5213 5227 5209
f 5226 5225 5207
f 5224 5223 5205
f 5222 5221 5203
f 5220 5218 5201
f 5228 5216 5199
f 5215 5214 5211
f 5199 5212 5198
f 5211 5210 5198
f 5209 5208 5198
f 5207 5206 5198
f 5205 5204 5198
f 5203 5202 5198
f 5210 5211 5214
f 5212 5199 5216
f 5230 5200 5229
f 5202 5203 5221
f 5204 5205 5223
f 5206 5207 5225
f 5208 5209 5227
f 5209 5210 5213
f 5207 5208 5226
f 5205 5206 5224
f 5203 5204 5222
f 5201 5202 5220
f 5199 5200 5228
f 5211 5212 5215
f 5230 5228 5200
f 5229 5217 5230
f 5229 5200 5198
f 5217 5229 5219
f 5201 5219 5198
f 5219 5201 5218
f 5219 5229 5198
f 5233 5232 5231
f 5232 5235 5234
f 5235 5237 5236
f 5237 5239 5238
f 5239 5233 5240
f 5240 5238 5239
f 5238 5236 5237
f 5236 5234 5235
f 5234 5231 5232
f 5231 5240 5233
f 5240 5231 5241
f 5231 5234 5242
f 5234 5236 5243
f 5236 5238 5244
f 5238 5240 5245
f 5241 5245 5240
f 5245 5244 5238
f 5244 5243 5236
f 5243 5242 5234
f 5242 5241 5231
f 5241 5242 5246
f 5242 5243 5247
f 5243 5244 5247
f 5244 5245 5248
f 5245 5241 5249
f 5249 5248 5245
f 5248 5250 5244
f 5250 5247 5244
f 5247 5246 5242
f 5246 5249 5241
f 5249 5246 5251
f 5246 5247 5252
f 5247 5250 5253
f 5250 5248 5254
f 5248 5249 5255
f 5251 5255 5249
f 5255 5254 5248
f 5254 5253 5250
f 5253 5252 5247
f 5252 5251 5246
f 5251 5252 5256
f 5252 5253 5257
f 5253 5254 5258
f 5254 5255 5259
f 5255 5251 5260
f 5256 5260 5251
f 5260 5259 5255
f 5259 5258 5254
f 5258 5257 5253
f 5257 5256 5252
f 5263 5262 5261
f 5265 5263 5264
f 5268 5267 5266
f 5271 5270 5269
f 5273 5270 5272
f 5272 5275 5274
f 5278 5277 5276
f 5280 5277 5279
f 5282 5261 5281
f 5285 5284 5283
f 5288 5287 5286
f 5290 5286 5289
f 5293 5292 5291
f 5295 5294 5291
f 5298 5297 5296
f 5301 5300 5299
f 5304 5303 5302
f 5306 5299 5305
f 5304 5302 5307
f 5309 5304 5308
f 5312 5311 5310
f 5279 5298 5313
f 5315 5314 5311
f 5315 5292 5316
f 5293 5289 5316
f 5284 5317 5288
f 5319 5318 5284
f 5321 5320 5281
f 5277 5278 5298
f 5277 5280 5322
f 5323 5272 5276
f 5271 5268 5324
f 5327 5326 5325
f 5264 5263 5282
f 5262 5328 5321
f 5265 5329 5262
f 5267 5265 5330
f 5268 5269 5327
f 5270 5273 5331
f 5270 5271 5275
f 5275 5333 5332
f 5278 5274 5332
f 5282 5281 5318
f 5281 5320 5334
f 5283 5288 5290
f 5335 5290 5293
f 5294 5337 5336
f 5292 5315 5338
f 5295 5338 5339
f 5300 5313 5340
f 5341 5339 5308
f 5309 5305 5303
f 5299 5340 5303
f 5340 5342 5302
f 5309 5344 5343
f 5344 5309 5345
f 5339 5312 5345
f 5313 5296 5342
f 5346 5279 5300
f 5338 5315 5312
f 5315 5316 5314
f 5347 5335 5336
f 5348 5283 5335
f 5317 5334 5287
f 5318 5281 5317
f 5282 5318 5319
f 5278 5349 5297
f 5271 5350 5333
f 5269 5331 5326
f 5267 5327 5329
f 5329 5325 5328
f 5351 5304 5307
f 5261 5282 5263
f 5264 5330 5265
f 5266 5324 5268
f 5269 5268 5271
f 5272 5323 5273
f 5274 5276 5272
f 5276 5274 5278
f 5279 5346 5280
f 5283 5348 5285
f 5286 5290 5288
f 5289 5293 5290
f 5291 5336 5293
f 5291 5338 5295
f 5296 5313 5298
f 5299 5306 5301
f 5351 5308 5304
f 5305 5343 5306
f 5308 5345 5309
f 5310 5345 5312
f 5313 5300 5279
f 5311 5312 5315
f 5316 5292 5293
f 5288 5283 5284
f 5284 5285 5319
f 5281 5261 5321
f 5298 5279 5277
f 5322 5276 5277
f 5276 5322 5323
f 5324 5350 5271
f 5325 5329 5327
f 5282 5352 5264
f 5321 5261 5262
f 5262 5263 5265
f 5330 5266 5267
f 5327 5267 5268
f 5331 5269 5270
f 5275 5272 5270
f 5332 5274 5275
f 5332 5349 5278
f 5334 5317 5281
f 5290 5335 5283
f 5293 5336 5335
f 5336 5291 5294
f 5338 5291 5292
f 5339 5341 5295
f 5340 5299 5300
f 5308 5351 5341
f 5303 5304 5309
f 5303 5305 5299
f 5302 5303 5340
f 5343 5305 5309
f 5345 5310 5344
f 5345 5308 5339
f 5342 5340 5313
f 5300 5301 5346
f 5312 5339 5338
f 5336 5337 5347
f 5335 5347 5348
f 5287 5288 5317
f 5317 5284 5318
f 5319 5352 5282
f 5297 5298 5278
f 5333 5275 5271
f 5326 5327 5269
f 5329 5265 5267
f 5328 5262 5329
f 5355 5354 5353
f 5264 5353 5356
f 5266 5358 5357
f 5361 5360 5359
f 5363 5360 5362
f 5365 5364 5363
f 5368 5367 5366
f 5369 5367 5362
f 5371 5355 5370
f 5373 5372 5285
f 5376 5375 5374
f 5376 5294 5295
f 5296 5297 5377
f 5379 5378 5362
f 5302 5381 5380
f 5382 5379 5362
f 5307 5302 5380
f 5384 5380 5383
f 5385 5377 5369
f 5362 5375 5386
f 5388 5387 5372
f 5372 5389 5319
f 5377 5366 5367
f 5368 5363 5362
f 5324 5357 5359
f 5370 5353 5264
f 5354 5390 5356
f 5330 5356 5358
f 5391 5361 5357
f 5364 5359 5360
f 5332 5333 5364
f 5332 5365 5366
f 5389 5371 5370
f 5392 5388 5373
f 5374 5392 5393
f 5394 5337 5294
f 5395 5386 5375
f 5396 5395 5295
f 5397 5385 5378
f 5384 5396 5341
f 5381 5382 5383
f 5381 5397 5379
f 5302 5342 5397
f 5398 5383 5362
f 5398 5399 5396
f 5342 5296 5385
f 5378 5369 5362
f 5399 5386 5395
f 5394 5393 5347
f 5393 5373 5348
f 5387 5371 5389
f 5319 5389 5370
f 5297 5349 5366
f 5333 5350 5359
f 5390 5391 5358
f 5307 5380 5351
f 5353 5370 5355
f 5356 5330 5264
f 5357 5324 5266
f 5359 5357 5361
f 5363 5368 5365
f 5366 5365 5368
f 5285 5348 5373
f 5388 5392 5362
f 5392 5374 5362
f 5374 5394 5376
f 5295 5395 5376
f 5377 5385 5296
f 5380 5384 5351
f 5383 5398 5384
f 5399 5398 5362
f 5369 5378 5385
f 5386 5399 5362
f 5374 5375 5362
f 5372 5373 5388
f 5319 5285 5372
f 5362 5355 5371
f 5367 5369 5377
f 5367 5368 5362
f 5359 5350 5324
f 5391 5390 5362
f 5264 5352 5370
f 5354 5355 5362
f 5356 5353 5354
f 5358 5266 5330
f 5357 5358 5391
f 5360 5361 5362
f 5360 5363 5364
f 5364 5365 5332
f 5366 5349 5332
f 5371 5387 5362
f 5373 5393 5392
f 5393 5394 5374
f 5294 5376 5394
f 5375 5376 5395
f 5295 5341 5396
f 5378 5379 5397
f 5341 5351 5384
f 5383 5380 5381
f 5379 5382 5381
f 5397 5381 5302
f 5383 5382 5362
f 5396 5384 5398
f 5385 5397 5342
f 5395 5396 5399
f 5347 5337 5394
f 5348 5347 5393
f 5387 5388 5362
f 5389 5372 5387
f 5370 5352 5319
f 5366 5377 5297
f 5359 5364 5333
f 5361 5391 5362
f 5358 5356 5390
f 5390 5354 5362
f 5402 5401 5400
f 5402 5400 5403
f 5402 5403 5404
f 5405 5402 5404
f 5403 5400 5406
f 5403 5406 5407
f 5400 5401 5408
f 5400 5408 5406
f 5401 5402 5409
f 5401 5409 5408
f 5402 5405 5410
f 5402 5410 5409
f 5405 5404 5411
f 5405 5411 5410
f 5404 5403 5407
f 5404 5407 5411
f 5406 5408 5409
f 5407 5406 5409
f 5411 5407 5409
f 5411 5409 5410
f 5414 5413 5412
f 5413 5415 5412
f 5415 5416 5412
f 5416 5417 5412
f 5417 5418 5412
f 5418 5419 5412
f 5419 5420 5412
f 5420 5414 5412
f 5414 5420 5421
f 5420 5419 5422
f 5419 5418 5423
f 5418 5417 5424
f 5417 5416 5425
f 5416 5415 5426
f 5415 5413 5427
f 5413 5414 5421
f 5421 5427 5413
f 5427 5428 5415
f 5428 5426 5415
f 5426 5425 5416
f 5425 5424 5417
f 5424 5423 5418
f 5423 5422 5419
f 5422 5421 5420
f 5421 5422 5429
f 5422 5423 5430
f 5423 5424 5430
f 5424 5425 5431
f 5425 5426 5432
f 5426 5428 5433
f 5428 5427 5434
f 5427 5421 5435
f 5435 5436 5427
f 5436 5434 5427
f 5434 5433 5428
f 5433 5432 5426
f 5432 5431 5425
f 5431 5430 5424
f 5430 5429 5422
f 5429 5435 5421
f 5435 5429 5437
f 5429 5430 5438
f 5430 5431 5439
f 5431 5432 5440
f 5432 5433 5441
f 5433 5434 5441
f 5434 5436 5442
f 5436 5435 5443
f 5444 5443 5435
f 5443 5442 5436
f 5442 5441 5434
f 5441 5440 5432
f 5440 5439 5431
f 5439 5438 5430
f 5438 5437 5429
f 5437 5444 5435
f 5447 5446 5445
f 5446 5449 5448
f 5449 5451 5450
f 5451 5453 5452
f 5453 5455 5454
f 5455 5457 5456
f 5457 5459 5458
f 5459 5447 5458
f 5460 5458 5447
f 5458 5456 5457
f 5456 5454 5455
f 5454 5452 5453
f 5452 5450 5451
f 5450 5461 5449
f 5461 5448 5449
f 5448 5445 5446
f 5464 5463 5462
f 5466 5462 5465
f 5469 5468 5467
f 5472 5471 5470
f 5474 5471 5473
f 5476 5475 5474
f 5479 5478 5477
f 5481 5478 5480
f 5483 5464 5482
f 5486 5485 5484
f 5489 5488 5487
f 5491 5489 5490
f 5494 5493 5492
f 5494 5496 5495
f 5499 5498 5497
f 5502 5501 5500
f 5505 5504 5503
f 5507 5502 5506
f 5508 5505 5503
f 5510 5503 5509
f 5513 5512 5511
f 5514 5497 5481
f 5512 5516 5515
f 5517 5493 5515
f 5517 5491 5492
f 5487 5518 5485
f 5485 5520 5519
f 5483 5522 5521
f 5497 5477 5478
f 5523 5480 5478
f 5479 5474 5524
f 5525 5467 5470
f 5528 5527 5526
f 5482 5462 5466
f 5521 5529 5463
f 5463 5530 5465
f 5531 5465 5468
f 5526 5472 5467
f 5532 5473 5471
f 5475 5470 5471
f 5534 5533 5475
f 5534 5476 5477
f 5520 5483 5482
f 5535 5522 5483
f 5490 5487 5486
f 5492 5490 5536
f 5538 5537 5496
f 5539 5515 5493
f 5540 5539 5495
f 5541 5514 5501
f 5510 5540 5542
f 5504 5507 5509
f 5504 5541 5502
f 5505 5543 5541
f 5545 5544 5509
f 5546 5509 5544
f 5546 5511 5540
f 5543 5499 5514
f 5501 5481 5547
f 5511 5515 5539
f 5516 5517 5515
f 5538 5536 5548
f 5536 5486 5549
f 5488 5535 5518
f 5518 5483 5520
f 5519 5520 5482
f 5498 5550 5477
f 5533 5551 5470
f 5527 5532 5472
f 5530 5526 5468
f 5529 5528 5530
f 5508 5503 5552
f 5462 5482 5464
f 5465 5531 5466
f 5467 5525 5469
f 5470 5467 5472
f 5473 5524 5474
f 5474 5479 5476
f 5477 5476 5479
f 5480 5547 5481
f 5484 5549 5486
f 5487 5490 5489
f 5490 5492 5491
f 5492 5538 5494
f 5495 5539 5494
f 5497 5514 5499
f 5500 5506 5502
f 5503 5510 5552
f 5506 5545 5507
f 5509 5546 5510
f 5511 5546 5513
f 5481 5501 5514
f 5515 5511 5512
f 5492 5493 5517
f 5485 5486 5487
f 5519 5484 5485
f 5521 5464 5483
f 5478 5481 5497
f 5478 5479 5523
f 5524 5523 5479
f 5470 5551 5525
f 5526 5530 5528
f 5466 5553 5482
f 5463 5464 5521
f 5465 5462 5463
f 5468 5469 5531
f 5467 5468 5526
f 5471 5472 5532
f 5471 5474 5475
f 5475 5476 5534
f 5477 5550 5534
f 5483 5518 5535
f 5486 5536 5490
f 5536 5538 5492
f 5496 5494 5538
f 5493 5494 5539
f 5495 5542 5540
f 5501 5502 5541
f 5542 5552 5510
f 5509 5503 5504
f 5502 5507 5504
f 5541 5504 5505
f 5509 5507 5545
f 5544 5513 5546
f 5540 5510 5546
f 5514 5541 5543
f 5547 5500 5501
f 5539 5540 5511
f 5548 5537 5538
f 5549 5548 5536
f 5518 5487 5488
f 5520 5485 5518
f 5482 5553 5519
f 5477 5497 5498
f 5470 5475 5533
f 5472 5526 5527
f 5468 5465 5530
f 5530 5463 5529
f 5556 5555 5554
f 5557 5556 5466
f 5559 5558 5469
f 5562 5561 5560
f 5564 5561 5563
f 5563 5566 5565
f 5569 5568 5567
f 5564 5568 5570
f 5572 5554 5571
f 5484 5574 5573
f 5577 5576 5575
f 5495 5496 5575
f 5578 5498 5499
f 5564 5580 5579
f 5582 5581 5505
f 5564 5579 5583
f 5582 5505 5508
f 5585 5582 5584
f 5570 5578 5586
f 5587 5576 5564
f 5574 5589 5588
f 5519 5590 5574
f 5568 5569 5578
f 5564 5563 5567
f 5562 5559 5525
f 5466 5556 5572
f 5557 5591 5555
f 5558 5557 5531
f 5559 5560 5592
f 5561 5562 5566
f 5566 5533 5534
f 5569 5565 5534
f 5572 5571 5590
f 5573 5588 5593
f 5594 5593 5577
f 5496 5537 5595
f 5576 5587 5596
f 5495 5596 5597
f 5580 5586 5598
f 5542 5597 5584
f 5585 5583 5581
f 5579 5598 5581
f 5598 5543 5505
f 5564 5585 5599
f 5597 5600 5599
f 5586 5499 5543
f 5564 5570 5580
f 5596 5587 5600
f 5548 5594 5595
f 5549 5573 5594
f 5590 5571 5589
f 5572 5590 5519
f 5569 5550 5498
f 5562 5551 5533
f 5558 5592 5591
f 5552 5582 5508
f 5554 5572 5556
f 5466 5531 5557
f 5469 5525 5559
f 5560 5559 5562
f 5565 5567 5563
f 5567 5565 5569
f 5573 5549 5484
f 5564 5593 5588
f 5564 5577 5593
f 5575 5595 5577
f 5575 5596 5495
f 5499 5586 5578
f 5552 5584 5582
f 5584 5599 5585
f 5564 5599 5600
f 5586 5580 5570
f 5564 5600 5587
f 5564 5576 5577
f 5588 5573 5574
f 5574 5484 5519
f 5571 5554 5564
f 5578 5570 5568
f 5564 5567 5568
f 5525 5551 5562
f 5564 5591 5592
f 5572 5553 5466
f 5564 5554 5555
f 5555 5556 5557
f 5531 5469 5558
f 5592 5558 5559
f 5564 5560 5561
f 5566 5563 5561
f 5534 5565 5566
f 5534 5550 5569
f 5564 5589 5571
f 5593 5594 5573
f 5577 5595 5594
f 5595 5575 5496
f 5596 5575 5576
f 5597 5542 5495
f 5598 5579 5580
f 5584 5552 5542
f 5581 5582 5585
f 5581 5583 5579
f 5505 5581 5598
f 5564 5583 5585
f 5599 5584 5597
f 5543 5598 5586
f 5600 5597 5596
f 5595 5537 5548
f 5594 5548 5549
f 5564 5588 5589
f 5589 5574 5590
f 5519 5553 5572
f 5498 5578 5569
f 5533 5566 5562
f 5564 5592 5560
f 5591 5557 5558
f 5564 5555 5591
f 5603 5602 5601
f 5602 5604 5601
f 5604 5605 5601
f 5605 5606 5601
f 5606 5607 5601
f 5607 5608 5601
f 5608 5609 5601
f 5609 5603 5601
f 5603 5609 5610
f 5609 5608 5611
f 5608 5607 5612
f 5607 5606 5613
f 5606 5605 5614
f 5605 5604 5614
f 5604 5602 5615
f 5602 5603 5616
f 5610 5616 5603
f 5616 5615 5602
f 5615 5614 5604
f 5614 5613 5606
f 5613 5612 5607
f 5612 5611 5608
f 5611 5617 5609
f 5617 5610 5609
f 5610 5617 5618
f 5617 5611 5619
f 5611 5612 5620
f 5612 5613 5621
f 5613 5614 5622
f 5614 5615 5623
f 5615 5616 5624
f 5616 5610 5625
f 5625 5624 5616
f 5624 5623 5615
f 5623 5622 5614
f 5622 5621 5613
f 5621 5620 5612
f 5620 5619 5611
f 5619 5618 5617
f 5618 5625 5610
f 5625 5618 5626
f 5618 5619 5627
f 5619 5620 5628
f 5620 5621 5629
f 5621 5622 5629
f 5622 5623 5630
f 5623 5624 5631
f 5624 5625 5632
f 5633 5632 5625
f 5632 5631 5624
f 5631 5630 5623
f 5630 5629 5622
f 5629 5628 5620
f 5628 5627 5619
f 5627 5626 5618
f 5626 5633 5625
f 5636 5635 5634
f 5635 5638 5637
f 5638 5640 5639
f 5640 5641 5639
f 5641 5643 5642
f 5643 5645 5644
f 5645 5647 5646
f 5647 5636 5648
f 5648 5646 5647
f 5646 5644 5645
f 5644 5642 5643
f 5642 5649 5641
f 5649 5639 5641
f 5639 5637 5638
f 5637 5634 5635
f 5634 5648 5636
f 5652 5651 5650
f 5655 5654 5653
f 5658 5657 5656
f 5661 5660 5659
f 5664 5663 5662
f 5666 5651 5665
f 5669 5668 5667
f 5672 5671 5670
f 5675 5674 5673
f 5670 5671 5676
f 5679 5678 5677
f 5682 5681 5680
f 5685 5684 5683
f 5687 5683 5686
f 5684 5680 5683
f 5688 5680 5684
f 5688 5677 5689
f 5676 5671 5690
f 5691 5673 5674
f 5667 5692 5654
f 5694 5672 5693
f 5667 5668 5650
f 5662 5696 5695
f 5698 5660 5697
f 5700 5697 5699
f 5661 5701 5660
f 5702 5657 5658
f 5704 5703 5686
f 5656 5706 5705
f 5668 5669 5652
f 5669 5655 5707
f 5702 5708 5675
f 5709 5686 5703
f 5701 5699 5697
f 5661 5659 5710
f 5683 5687 5711
f 5667 5655 5669
f 5693 5670 5689
f 5654 5655 5667
f 5708 5692 5674
f 5699 5701 5689
f 5661 5710 5681
f 5666 5709 5712
f 5683 5680 5681
f 5679 5684 5652
f 5682 5689 5701
f 5658 5654 5692
f 5713 5674 5692
f 5693 5677 5678
f 5713 5650 5651
f 5678 5652 5714
f 5697 5663 5698
f 5699 5676 5700
f 5681 5710 5704
f 5715 5673 5712
f 5700 5662 5697
f 5652 5694 5714
f 5716 5652 5669
f 5706 5657 5702
f 5671 5672 5717
f 5719 5676 5718
f 5665 5687 5666
f 5670 5693 5672
f 5720 5675 5673
f 5676 5699 5670
f 5677 5688 5679
f 5680 5688 5682
f 5686 5709 5687
f 5684 5679 5688
f 5689 5682 5688
f 5654 5658 5721
f 5674 5713 5691
f 5693 5714 5694
f 5650 5713 5667
f 5652 5711 5665
f 5698 5663 5722
f 5658 5708 5702
f 5662 5700 5719
f 5650 5668 5652
f 5716 5723 5717
f 5662 5663 5697
f 5711 5685 5683
f 5689 5677 5693
f 5674 5675 5708
f 5689 5670 5699
f 5678 5679 5652
f 5681 5682 5661
f 5652 5684 5685
f 5712 5691 5666
f 5681 5686 5683
f 5701 5661 5682
f 5692 5708 5658
f 5692 5667 5713
f 5678 5714 5693
f 5651 5691 5713
f 5685 5711 5652
f 5726 5725 5724
f 5704 5686 5681
f 5660 5701 5697
f 5666 5691 5651
f 5666 5687 5709
f 5665 5711 5687
f 5665 5651 5652
f 5712 5673 5691
f 5709 5703 5712
f 5712 5703 5715
f 5673 5715 5720
f 5660 5698 5659
f 5727 5705 5726
f 5725 5705 5706
f 5729 5727 5728
f 5705 5727 5656
f 5658 5656 5727
f 5656 5657 5706
f 5696 5662 5730
f 5664 5722 5663
f 5727 5729 5721
f 5721 5729 5653
f 5653 5654 5721
f 5727 5721 5658
f 5653 5731 5707
f 5729 5718 5731
f 5707 5655 5653
f 5731 5653 5729
f 5717 5694 5716
f 5731 5690 5723
f 5732 5669 5707
f 5723 5707 5731
f 5719 5730 5662
f 5724 5730 5726
f 5728 5726 5730
f 5726 5705 5725
f 5726 5728 5727
f 5718 5728 5719
f 5730 5724 5696
f 5732 5733 5716
f 5733 5732 5723
f 5669 5732 5716
f 5707 5723 5732
f 5728 5718 5729
f 5690 5731 5718
f 5718 5676 5690
f 5717 5723 5690
f 5690 5671 5717
f 5717 5672 5694
f 5716 5733 5723
f 5716 5694 5652
f 5730 5719 5728
f 5719 5700 5676
f 5662 5695 5664
f 5736 5735 5734
f 5737 5736 5734
f 5740 5739 5738
f 5741 5740 5738
f 5744 5743 5742
f 5744 5742 5745
f 5746 5744 5745
f 5746 5745 5737
f 5746 5737 5734
f 5746 5734 5741
f 5746 5741 5738
f 5746 5738 5747
f 5748 5746 5747
f 5749 5748 5747
f 5750 5749 5747
f 5734 5735 5751
f 5734 5751 5752
f 5735 5736 5753
f 5735 5753 5751
f 5736 5737 5754
f 5736 5754 5753
f 5737 5745 5755
f 5737 5755 5754
f 5745 5742 5756
f 5745 5756 5755
f 5742 5743 5757
f 5742 5757 5756
f 5743 5744 5758
f 5743 5758 5757
f 5744 5746 5759
f 5744 5759 5758
f 5746 5748 5760
f 5746 5760 5759
f 5748 5749 5761
f 5748 5761 5760
f 5749 5750 5762
f 5749 5762 5761
f 5750 5747 5763
f 5750 5763 5762
f 5747 5738 5764
f 5747 5764 5763
f 5738 5739 5765
f 5738 5765 5764
f 5739 5740 5766
f 5739 5766 5765
f 5740 5741 5767
f 5740 5767 5766
f 5741 5734 5752
f 5741 5752 5767
f 5752 5751 5753
f 5752 5753 5754
f 5764 5765 5766
f 5764 5766 5767
f 5756 5757 5758
f 5755 5756 5758
f 5755 5758 5759
f 5754 5755 5759
f 5752 5754 5759
f 5767 5752 5759
f 5764 5767 5759
f 5763 5764 5759
f 5763 5759 5760
f 5763 5760 5761
f 5763 5761 5762
f 5770 5769 5768
f 5769 5771 5768
f 5771 5772 5768
f 5772 5773 5768
f 5773 5774 5768
f 5774 5775 5768
f 5775 5776 5768
f 5776 5770 5768
f 5770 5776 5777
f 5776 5775 5778
f 5775 5774 5779
f 5774 5773 5780
f 5773 5772 5781
f 5772 5771 5782
f 5771 5769 5783
f 5769 5770 5777
f 5777 5783 5769
f 5783 5784 5771
f 5784 5782 5771
f 5782 5781 5772
f 5781 5780 5773
f 5780 5779 5774
f 5779 5778 5775
f 5778 5777 5776
f 5777 5778 5785
f 5778 5779 5786
f 5779 5780 5787
f 5780 5781 5788
f 5781 5782 5789
f 5782 5784 5790
f 5784 5783 5791
f 5783 5777 5785
f 5785 5791 5783
f 5791 5790 5784
f 5790 5789 5782
f 5789 5792 5781
f 5792 5788 5781
f 5788 5787 5780
f 5787 5786 5779
f 5786 5785 5778
f 5795 5794 5793
f 5794 5797 5796
f 5797 5799 5798
f 5799 5800 5798
f 5800 5802 5801
f 5802 5804 5803
f 5804 5805 5803
f 5805 5795 5806
f 5807 5806 5795
f 5806 5803 5805
f 5803 5801 5802
f 5801 5808 5800
f 5808 5798 5800
f 5798 5796 5797
f 5796 5793 5794
f 5793 5807 5795
f 5811 5810 5809
f 5814 5813 5812
f 5816 5812 5815
f 5819 5818 5817
f 5822 5821 5820
f 5825 5824 5823
f 5828 5827 5826
f 5831 5830 5829
f 5834 5833 5832
f 5837 5836 5835
f 5840 5839 5838
f 5843 5842 5841
f 5846 5845 5844
f 5848 5847 5809
f 5849 5845 5816
f 5834 5851 5850
f 5854 5853 5852
f 5857 5856 5855
f 5860 5859 5858
f 5831 5862 5861
f 5864 5846 5863
f 5867 5866 5865
f 5837 5848 5868
f 5871 5870 5869
f 5870 5823 5872
f 5875 5874 5873
f 5877 5868 5876
f 5875 5865 5878
f 5814 5863 5879
f 5880 5860 5827
f 5882 5857 5881
f 5884 5854 5883
f 5850 5810 5885
f 5886 5849 5817
f 5844 5845 5849
f 5857 5887 5879
f 5867 5873 5841
f 5874 5875 5888
f 5889 5837 5835
f 5891 5832 5890
f 5893 5829 5892
f 5828 5826 5894
f 5825 5823 5870
f 5855 5820 5895
f 5852 5897 5896
f 5819 5817 5816
f 5860 5880 5809
f 5882 5898 5866
f 5854 5884 5844
f 5864 5814 5812
f 5818 5899 5817
f 5901 5900 5821
f 5825 5902 5824
f 5827 5871 5826
f 5831 5894 5830
f 5904 5903 5833
f 5837 5877 5836
f 5839 5888 5838
f 5841 5905 5843
f 5897 5899 5818
f 5814 5843 5813
f 5866 5887 5857
f 5847 5906 5809
f 5856 5907 5822
f 5859 5898 5825
f 5893 5811 5862
f 5816 5845 5846
f 5867 5842 5887
f 5889 5847 5848
f 5834 5891 5876
f 5873 5867 5875
f 5876 5851 5834
f 5888 5878 5906
f 5843 5879 5887
f 5889 5838 5906
f 5885 5810 5811
f 5898 5882 5902
f 5907 5884 5901
f 5908 5861 5880
f 5853 5886 5899
f 5898 5865 5866
f 5843 5905 5813
f 5897 5852 5899
f 5888 5839 5874
f 5889 5835 5840
f 5877 5890 5836
f 5885 5892 5903
f 5831 5908 5894
f 5858 5870 5871
f 5881 5895 5824
f 5883 5896 5900
f 5816 5815 5819
f 5816 5864 5812
f 5878 5859 5860
f 5810 5850 5809
f 5809 5880 5861
f 5809 5861 5862
f 5809 5862 5811
f 5859 5878 5898
f 5844 5884 5907
f 5907 5856 5863
f 5820 5855 5822
f 5829 5893 5831
f 5832 5891 5834
f 5846 5844 5907
f 5856 5879 5863
f 5863 5846 5907
f 5865 5898 5878
f 5809 5850 5851
f 5809 5851 5876
f 5809 5876 5868
f 5809 5868 5848
f 5816 5817 5849
f 5850 5904 5834
f 5852 5883 5854
f 5855 5881 5857
f 5858 5827 5860
f 5861 5908 5831
f 5863 5814 5864
f 5865 5875 5867
f 5868 5877 5837
f 5876 5891 5877
f 5878 5888 5875
f 5879 5843 5814
f 5906 5847 5889
f 5827 5828 5880
f 5881 5902 5882
f 5883 5901 5884
f 5885 5904 5850
f 5817 5899 5886
f 5886 5853 5844
f 5844 5849 5886
f 5879 5856 5857
f 5841 5842 5867
f 5890 5877 5891
f 5892 5885 5893
f 5894 5908 5828
f 5870 5858 5825
f 5895 5881 5855
f 5896 5883 5852
f 5809 5906 5878
f 5844 5853 5854
f 5821 5822 5901
f 5833 5834 5904
f 5880 5828 5908
f 5822 5855 5856
f 5825 5858 5859
f 5862 5831 5893
f 5846 5864 5816
f 5887 5866 5867
f 5848 5837 5889
f 5906 5838 5888
f 5887 5842 5843
f 5811 5893 5885
f 5902 5825 5898
f 5901 5822 5907
f 5899 5852 5853
f 5866 5857 5882
f 5840 5838 5889
f 5903 5904 5885
f 5871 5827 5858
f 5824 5902 5881
f 5900 5901 5883
f 5878 5860 5809
f 5911 5910 5909
f 5909 5912 5911
f 5913 5832 5833
f 5915 5914 5913
f 5836 5890 5914
f 5918 5917 5916
f 5921 5920 5919
f 5924 5923 5922
f 5874 5839 5911
f 5873 5874 5911
f 5841 5926 5925
f 5927 5813 5905
f 5929 5928 5910
f 5932 5931 5930
f 5935 5934 5933
f 5937 5928 5936
f 5940 5939 5938
f 5942 5941 5903
f 5944 5942 5943
f 5943 5829 5830
f 5947 5946 5945
f 5950 5949 5948
f 5952 5945 5951
f 5823 5824 5953
f 5956 5955 5954
f 5959 5958 5957
f 5962 5961 5960
f 5963 5895 5820
f 5965 5964 5953
f 5967 5872 5966
f 5966 5968 5967
f 5970 5954 5969
f 5973 5972 5971
f 5936 5975 5974
f 5938 5977 5976
f 5980 5979 5978
f 5983 5982 5981
f 5986 5985 5984
f 5988 5963 5987
f 5990 5968 5989
f 5992 5969 5991
f 5991 5993 5992
f 5995 5994 5991
f 5997 5995 5996
f 6000 5999 5998
f 5960 5961 6001
f 6003 6001 6002
f 6005 6000 6004
f 6007 5978 6006
f 6004 5981 6008
f 6011 6010 6009
f 6014 6013 6012
f 6002 6011 6015
f 5981 6004 6014
f 6018 6017 6016
f 6020 6007 6019
f 5995 6022 6021
f 6023 6018 5997
f 6025 6003 6024
f 6010 6026 5957
f 6027 5998 5987
f 6028 6005 5997
f 5996 5995 5991
f 6029 5992 5993
f 5965 5988 5998
f 6031 5986 6030
f 6033 5983 6032
f 6035 6034 6016
f 5971 5980 6007
f 5938 5985 5986
f 6036 5936 5982
f 6037 5970 5992
f 6038 5967 5968
f 5965 5953 5988
f 5963 5820 6039
f 5900 5896 5959
f 6040 5959 6026
f 5897 5818 6041
f 6037 6042 5956
f 6043 5869 5967
f 5872 5869 5870
f 5953 5964 5823
f 6044 5951 5956
f 5950 5826 6043
f 5945 5948 5949
f 5950 5894 5826
f 5946 6045 5948
f 5942 5892 5829
f 6047 5944 6046
f 6050 6049 6048
f 5939 6051 5977
f 5928 5929 5975
f 5931 5932 5972
f 5934 5935 6052
f 5928 5937 5909
f 6053 5812 5813
f 5912 5841 5873
f 5922 5923 5930
f 6055 5919 6054
f 5922 6056 5839
f 5917 5921 6055
f 5924 6057 5840
f 6058 5918 5914
f 6060 5915 6059
f 6059 5913 6061
f 6061 5833 5903
f 5840 6057 5839
f 5986 6015 6009
f 5925 6051 5939
f 5912 5909 5926
f 6053 5940 6048
f 6041 5818 5819
f 6062 6041 6049
f 6064 6063 6047
f 5832 5913 5914
f 5916 5924 5835
f 5920 5921 6058
f 5923 5924 5916
f 5839 6056 5911
f 5923 6066 6065
f 5911 6056 6067
f 6048 6049 5819
f 6068 6051 5925
f 6069 5929 6067
f 6065 6052 5935
f 5972 5932 5935
f 6069 5931 5973
f 6068 5937 6036
f 5940 6031 6050
f 5903 5892 5942
f 6046 5944 6070
f 6070 5943 6045
f 5894 5948 6045
f 5826 5871 5869
f 5949 5950 6071
f 5823 5964 5872
f 5872 5967 5869
f 5955 6071 6072
f 5959 5896 5897
f 6040 6073 5961
f 5820 5821 5962
f 5872 5964 5965
f 5954 6072 5990
f 5972 6074 5980
f 5975 6075 6035
f 5977 6076 6033
f 5982 5974 6008
f 5985 5976 6077
f 5963 6039 5960
f 5968 5966 6028
f 5991 5969 5996
f 5994 6078 5993
f 6005 6028 5999
f 6001 5961 6073
f 6001 6073 6011
f 6000 6027 6014
f 5995 5997 6018
f 6017 6018 6023
f 6010 5957 6062
f 6013 6024 6077
f 6024 6002 5984
f 5957 5958 6041
f 6018 6016 6022
f 6016 6020 6021
f 6079 6078 6019
f 5997 6005 6023
f 6027 6025 6013
f 6073 6026 6010
f 6025 5987 5960
f 6028 5997 5989
f 6078 6079 6080
f 5969 5990 5996
f 5966 5965 5999
f 6030 6081 6050
f 5976 6033 6012
f 5974 6035 6017
f 6034 5971 6020
f 6076 6036 5983
f 6075 5973 6034
f 6074 5933 5979
f 6072 6038 5990
f 5965 5966 5872
f 5988 5953 5895
f 5821 5900 6040
f 5961 5962 6040
f 5958 5897 6041
f 6037 5956 5970
f 6071 6043 6038
f 5953 5824 5895
f 5951 5949 5955
f 5869 6043 5826
f 5948 5894 5950
f 6045 5830 5894
f 6082 6070 5946
f 5941 5942 5944
f 6050 6081 6049
f 6051 6068 6076
f 5929 6069 6075
f 5972 5935 6074
f 5935 5932 6065
f 6069 6083 5930
f 5937 6068 5926
f 6053 5815 5812
f 5925 5905 5841
f 6056 5922 6083
f 6083 6067 6056
f 6066 6055 6052
f 5916 5917 6066
f 5921 5917 5918
f 5835 5836 5916
f 6084 6058 5915
f 5914 5890 5832
f 6085 6059 6063
f 6063 6061 5941
f 6078 5994 6021
f 6030 6009 6062
f 5927 5939 5940
f 5833 6061 5913
f 5913 6059 5915
f 5914 5918 5836
f 5918 5916 5836
f 5919 6055 5921
f 5922 6057 5924
f 5911 5912 5873
f 5905 5925 5927
f 5910 6067 5929
f 5930 6065 5932
f 5933 6074 5935
f 5936 6036 5937
f 5938 6031 5940
f 5943 6070 5944
f 5830 6045 5943
f 5945 5952 5947
f 5951 6044 5952
f 5954 5970 5956
f 5957 6026 5959
f 5960 6039 5962
f 5969 5992 5970
f 5971 6034 5973
f 5974 5982 5936
f 5976 5985 5938
f 5978 6007 5980
f 5981 6032 5983
f 5984 6015 5986
f 5987 5998 5988
f 5989 5996 5990
f 5996 5989 5997
f 5998 6027 6000
f 6001 6003 5960
f 6002 6024 6003
f 6004 6023 6005
f 6006 6019 6007
f 6008 6023 6004
f 6009 6015 6011
f 6012 6032 6014
f 6015 5984 6002
f 6014 6032 5981
f 6019 6021 6020
f 6021 5994 5995
f 6024 6013 6025
f 5987 6025 6027
f 5993 6080 6029
f 5998 5999 5965
f 6030 6050 6031
f 6032 6012 6033
f 6016 6017 6035
f 6007 6020 5971
f 5986 6031 5938
f 5982 5983 6036
f 5992 6029 6037
f 5968 5990 6038
f 5959 6040 5900
f 6026 6073 6040
f 5967 6038 6043
f 5956 6042 6044
f 6043 6071 5950
f 5949 5951 5945
f 5948 5945 5946
f 5829 5943 5942
f 6046 6086 6047
f 5977 5938 5939
f 5975 5936 5928
f 5972 5973 5931
f 6052 6054 5934
f 5909 5910 5928
f 5813 5927 6053
f 5930 6083 5922
f 6054 6052 6055
f 5839 6057 5922
f 6055 6066 5917
f 5840 5835 5924
f 5914 5915 6058
f 6059 6085 6060
f 6061 6063 6059
f 5903 5941 6061
f 6009 6030 5986
f 5939 5927 5925
f 5926 5841 5912
f 6048 5815 6053
f 5819 6049 6041
f 6049 6081 6062
f 6047 6086 6064
f 6058 6084 5920
f 6065 5930 5923
f 6067 5910 5911
f 5819 5815 6048
f 5925 5926 6068
f 6067 6083 6069
f 5973 6075 6069
f 6036 6076 6068
f 6050 6048 5940
f 6070 6082 6046
f 6045 5946 6070
f 6071 5955 5949
f 6072 5954 5955
f 5897 5958 5959
f 5962 6039 5820
f 5990 5969 5954
f 5980 5971 5972
f 6035 5974 5975
f 6033 5976 5977
f 6008 5981 5982
f 6077 5984 5985
f 5960 5987 5963
f 6028 5989 5968
f 5993 5991 5994
f 5999 6000 6005
f 6011 6002 6001
f 6014 6004 6000
f 6018 6022 5995
f 6023 6008 6017
f 6062 6009 6010
f 6077 6012 6013
f 5984 6077 6024
f 6041 6062 5957
f 6021 6022 6016
f 6019 6006 6079
f 6013 6014 6027
f 6010 6011 6073
f 5960 6003 6025
f 6080 5993 6078
f 5999 6028 5966
f 6012 6077 5976
f 6017 6008 5974
f 6020 6016 6034
f 5983 6033 6076
f 6034 6035 6075
f 5979 5980 6074
f 5895 5963 5988
f 6040 5962 5821
f 6038 6072 6071
f 5955 5956 5951
f 5946 5947 6082
f 5944 6047 5941
f 6076 5977 6051
f 6075 5975 5929
f 5930 5931 6069
f 5926 5909 5937
f 6052 6065 6066
f 6066 5923 5916
f 5918 6058 5921
f 5915 6060 6084
f 6063 6064 6085
f 5941 6047 6063
f 6021 6019 6078
f 6062 6081 6030
f 5940 6053 5927
f 6089 6088 6087
f 6091 6090 6087
f 6093 6092 6087
f 6095 6094 6087
f 6097 6096 6087
f 6099 6098 6087
f 6101 6100 6087
f 6104 6103 6102
f 6106 6105 6102
f 6108 6107 6102
f 6110 6109 6102
f 6112 6111 6102
f 6114 6113 6102
f 6116 6115 6102
f 6113 6114 6099
f 6111 6112 6101
f 6109 6110 6089
f 6107 6108 6091
f 6105 6106 6093
f 6103 6104 6095
f 6115 6116 6097
f 6114 6115 6098
f 6116 6103 6096
f 6104 6105 6094
f 6106 6107 6092
f 6108 6109 6090
f 6110 6111 6088
f 6100 6112 6117
f 6103 6116 6102
f 6115 6114 6102
f 6113 6118 6102
f 6111 6110 6102
f 6109 6108 6102
f 6107 6106 6102
f 6105 6104 6102
f 6088 6101 6087
f 6119 6099 6087
f 6098 6097 6087
f 6096 6095 6087
f 6094 6093 6087
f 6092 6091 6087
f 6090 6089 6087
f 6099 6119 6113
f 6101 6088 6111
f 6089 6090 6109
f 6091 6092 6107
f 6093 6094 6105
f 6095 6096 6103
f 6097 6098 6115
f 6098 6099 6114
f 6096 6097 6116
f 6094 6095 6104
f 6092 6093 6106
f 6090 6091 6108
f 6088 6089 6110
f 6118 6119 6120
f 6120 6117 6118
f 6117 6112 6102
f 6118 6117 6102
f 6118 6113 6119
f 6120 6119 6087
f 6117 6120 6100
f 6100 6120 6087
f 6100 6101 6112
f 6123 6122 6121
f 6123 6124 6122
f 6123 6125 6124
f 6123 6121 6125
f 6126 6125 6121
f 6127 6124 6125
f 6128 6122 6124
f 6129 6121 6122
f 6121 6129 6130
f 6122 6131 6129
f 6122 6128 6131
f 6124 6132 6128
f 6124 6127 6132
f 6125 6133 6127
f 6125 6126 6133
f 6121 6130 6126
f 6134 6126 6130
f 6135 6133 6126
f 6136 6127 6133
f 6137 6132 6127
f 6137 6128 6132
f 6138 6131 6128
f 6139 6129 6131
f 6140 6130 6129
f 6130 6140 6134
f 6129 6139 6140
f 6131 6138 6139
f 6128 6137 6138
f 6127 6136 6137
f 6133 6135 6136
f 6126 6134 6135
f 6141 6135 6134
f 6142 6136 6135
f 6143 6137 6136
f 6144 6138 6137
f 6144 6139 6138
f 6145 6140 6139
f 6146 6134 6140
f 6140 6145 6146
f 6139 6144 6145
f 6137 6143 6144
f 6136 6142 6143
f 6135 6141 6142
f 6134 6146 6141
f 6147 6141 6146
f 6148 6142 6141
f 6149 6143 6142
f 6150 6144 6143
f 6151 6145 6144
f 6152 6146 6145
f 6146 6152 6147
f 6145 6151 6152
f 6144 6150 6151
f 6143 6149 6150
f 6142 6148 6149
f 6141 6147 6148
f 6153 6148 6147
f 6153 6149 6148
f 6154 6150 6149
f 6155 6151 6150
f 6156 6152 6151
f 6157 6147 6152
f 6152 6156 6157
f 6151 6158 6156
f 6151 6155 6158
f 6150 6154 6155
f 6149 6153 6154
f 6147 6157 6153
f 6159 6153 6157
f 6160 6154 6153
f 6161 6155 6154
f 6162 6158 6155
f 6163 6156 6158
f 6164 6157 6156
f 6157 6164 6159
f 6156 6163 6164
f 6158 6162 6163
f 6155 6161 6162
f 6154 6160 6161
f 6153 6159 6160
f 6167 6166 6165
f 6167 6165 6168
f 6166 6170 6169
f 6166 6169 6165
f 6170 6172 6171
f 6170 6171 6169
f 6172 6174 6173
f 6172 6173 6171
f 6174 6176 6175
f 6174 6175 6173
f 6176 6178 6177
f 6176 6177 6175
f 6178 6180 6179
f 6178 6179 6177
f 6180 6182 6181
f 6180 6181 6179
f 6182 6184 6183
f 6182 6183 6181
f 6184 6186 6185
f 6184 6185 6183
f 6186 6188 6187
f 6186 6187 6185
f 6188 6190 6189
f 6188 6189 6187
f 6190 6192 6191
f 6190 6191 6189
f 6192 6194 6193
f 6192 6193 6191
f 6194 6196 6195
f 6194 6195 6193
f 6196 6167 6168
f 6196 6168 6195
f 6168 6165 6197
f 6168 6197 6198
f 6165 6169 6199
f 6165 6199 6197
f 6169 6171 6200
f 6169 6200 6199
f 6171 6173 6201
f 6171 6201 6200
f 6173 6175 6202
f 6173 6202 6201
f 6175 6177 6203
f 6175 6203 6202
f 6177 6179 6204
f 6177 6204 6203
f 6179 6181 6205
f 6179 6205 6204
f 6181 6183 6206
f 6181 6206 6205
f 6183 6185 6207
f 6183 6207 6206
f 6185 6187 6208
f 6185 6208 6207
f 6187 6189 6209
f 6187 6209 6208
f 6189 6191 6210
f 6189 6210 6209
f 6191 6193 6211
f 6191 6211 6210
f 6193 6195 6212
f 6193 6212 6211
f 6195 6168 6198
f 6195 6198 6212
f 6198 6197 6213
f 6198 6213 6214
f 6197 6199 6215
f 6197 6215 6213
f 6199 6200 6216
f 6199 6216 6215
f 6200 6201 6217
f 6200 6217 6216
f 6201 6202 6218
f 6201 6218 6217
f 6202 6203 6219
f 6202 6219 6218
f 6203 6204 6220
f 6203 6220 6219
f 6204 6205 6221
f 6204 6221 6220
f 6205 6206 6222
f 6205 6222 6221
f 6206 6207 6223
f 6206 6223 6222
f 6207 6208 6224
f 6207 6224 6223
f 6208 6209 6225
f 6208 6225 6224
f 6209 6210 6226
f 6209 6226 6225
f 6210 6211 6227
f 6210 6227 6226
f 6211 6212 6228
f 6211 6228 6227
f 6212 6198 6214
f 6212 6214 6228
f 6166 6167 6229
f 6170 6166 6229
f 6172 6170 6229
f 6174 6172 6229
f 6176 6174 6229
f 6178 6176 6229
f 6180 6178 6229
f 6182 6180 6229
f 6184 6182 6229
f 6186 6184 6229
f 6188 6186 6229
f 6190 6188 6229
f 6192 6190 6229
f 6194 6192 6229
f 6196 6194 6229
f 6167 6196 6229
f 6214 6213 6230
f 6213 6215 6230
f 6215 6216 6230
f 6216 6217 6230
f 6217 6218 6230
f 6218 6219 6230
f 6219 6220 6230
f 6220 6221 6230
f 6221 6222 6230
f 6222 6223 6230
f 6223 6224 6230
f 6224 6225 6230
f 6225 6226 6230
f 6226 6227 6230
f 6227 6228 6230
f 6228 6214 6230
f 6233 6232 6231
f 6234 6233 6231
f 6236 6235 6232
f 6233 6236 6232
f 6238 6237 6235
f 6236 6238 6235
f 6240 6239 6237
f 6238 6240 6237
f 6242 6241 6239
f 6240 6242 6239
f 6244 6243 6241
f 6242 6244 6241
f 6246 6245 6243
f 6244 6246 6243
f 6248 6247 6245
f 6246 6248 6245
f 6250 6249 6247
f 6248 6250 6247
f 6252 6251 6249
f 6250 6252 6249
f 6254 6253 6251
f 6252 6254 6251
f 6256 6255 6253
f 6254 6256 6253
f 6258 6257 6255
f 6256 6258 6255
f 6260 6259 6257
f 6258 6260 6257
f 6262 6261 6259
f 6260 6262 6259
f 6234 6231 6261
f 6262 6234 6261
f 6263 6233 6234
f 6264 6263 6234
f 6265 6236 6233
f 6263 6265 6233
f 6266 6238 6236
f 6265 6266 6236
f 6267 6240 6238
f 6266 6267 6238
f 6268 6242 6240
f 6267 6268 6240
f 6269 6244 6242
f 6268 6269 6242
f 6270 6246 6244
f 6269 6270 6244
f 6271 6248 6246
f 6270 6271 6246
f 6272 6250 6248
f 6271 6272 6248
f 6273 6252 6250
f 6272 6273 6250
f 6274 6254 6252
f 6273 6274 6252
f 6275 6256 6254
f 6274 6275 6254
f 6276 6258 6256
f 6275 6276 6256
f 6277 6260 6258
f 6276 6277 6258
f 6278 6262 6260
f 6277 6278 6260
f 6264 6234 6262
f 6278 6264 6262
f 6279 6263 6264
f 6280 6279 6264
f 6281 6265 6263
f 6279 6281 6263
f 6282 6266 6265
f 6281 6282 6265
f 6283 6267 6266
f 6282 6283 6266
f 6284 6268 6267
f 6283 6284 6267
f 6285 6269 6268
f 6284 6285 6268
f 6286 6270 6269
f 6285 6286 6269
f 6287 6271 6270
f 6286 6287 6270
f 6288 6272 6271
f 6287 6288 6271
f 6289 6273 6272
f 6288 6289 6272
f 6290 6274 6273
f 6289 6290 6273
f 6291 6275 6274
f 6290 6291 6274
f 6292 6276 6275
f 6291 6292 6275
f 6293 6277 6276
f 6292 6293 6276
f 6294 6278 6277
f 6293 6294 6277
f 6280 6264 6278
f 6294 6280 6278
f 6295 6231 6232
f 6295 6232 6235
f 6295 6235 6237
f 6295 6237 6239
f 6295 6239 6241
f 6295 6241 6243
f 6295 6243 6245
f 6295 6245 6247
f 6295 6247 6249
f 6295 6249 6251
f 6295 6251 6253
f 6295 6253 6255
f 6295 6255 6257
f 6295 6257 6259
f 6295 6259 6261
f 6295 6261 6231
f 6296 6279 6280
f 6296 6281 6279
f 6296 6282 6281
f 6296 6283 6282
f 6296 6284 6283
f 6296 6285 6284
f 6296 6286 6285
f 6296 6287 6286
f 6296 6288 6287
f 6296 6289 6288
f 6296 6290 6289
f 6296 6291 6290
f 6296 6292 6291
f 6296 6293 6292
f 6296 6294 6293
f 6296 6280 6294
f 6299 6298 6297
f 6300 6299 6297
f 6302 6301 6298
f 6299 6302 6298
f 6304 6303 6301
f 6302 6304 6301
f 6306 6305 6303
f 6304 6306 6303
f 6308 6307 6305
f 6306 6308 6305
f 6310 6309 6307
f 6308 6310 6307
f 6312 6311 6309
f 6310 6312 6309
f 6314 6313 6311
f 6312 6314 6311
f 6316 6315 6313
f 6314 6316 6313
f 6318 6317 6315
f 6316 6318 6315
f 6320 6319 6317
f 6318 6320 6317
f 6322 6321 6319
f 6320 6322 6319
f 6323 6299 6300
f 6324 6323 6300
f 6325 6302 6299
f 6323 6325 6299
f 6326 6304 6302
f 6325 6326 6302
f 6327 6306 6304
f 6326 6327 6304
f 6328 6308 6306
f 6327 6328 6306
f 6329 6310 6308
f 6328 6329 6308
f 6330 6312 6310
f 6329 6330 6310
f 6331 6314 6312
f 6330 6331 6312
f 6332 6316 6314
f 6331 6332 6314
f 6333 6318 6316
f 6332 6333 6316
f 6334 6320 6318
f 6333 6334 6318
f 6335 6322 6320
f 6334 6335 6320
f 6336 6323 6324
f 6337 6336 6324
f 6338 6325 6323
f 6336 6338 6323
f 6339 6326 6325
f 6338 6339 6325
f 6340 6327 6326
f 6339 6340 6326
f 6341 6328 6327
f 6340 6341 6327
f 6342 6329 6328
f 6341 6342 6328
f 6343 6330 6329
f 6342 6343 6329
f 6344 6331 6330
f 6343 6344 6330
f 6345 6332 6331
f 6344 6345 6331
f 6346 6333 6332
f 6345 6346 6332
f 6347 6334 6333
f 6346 6347 6333
f 6348 6335 6334
f 6347 6348 6334
f 6349 6336 6337
f 6350 6349 6337
f 6351 6338 6336
f 6349 6351 6336
f 6352 6339 6338
f 6351 6352 6338
f 6353 6340 6339
f 6352 6353 6339
f 6354 6341 6340
f 6353 6354 6340
f 6355 6342 6341
f 6354 6355 6341
f 6356 6343 6342
f 6355 6356 6342
f 6357 6344 6343
f 6356 6357 6343
f 6358 6345 6344
f 6357 6358 6344
f 6359 6346 6345
f 6358 6359 6345
f 6360 6347 6346
f 6359 6360 6346
f 6361 6348 6347
f 6360 6361 6347
f 6362 6349 6350
f 6363 6362 6350
f 6364 6351 6349
f 6362 6364 6349
f 6365 6352 6351
f 6364 6365 6351
f 6366 6353 6352
f 6365 6366 6352
f 6367 6354 6353
f 6366 6367 6353
f 6368 6355 6354
f 6367 6368 6354
f 6369 6356 6355
f 6368 6369 6355
f 6370 6357 6356
f 6369 6370 6356
f 6371 6358 6357
f 6370 6371 6357
f 6372 6359 6358
f 6371 6372 6358
f 6373 6360 6359
f 6372 6373 6359
f 6374 6361 6360
f 6373 6374 6360
f 6375 6362 6363
f 6376 6375 6363
f 6377 6364 6362
f 6375 6377 6362
f 6378 6365 6364
f 6377 6378 6364
f 6379 6366 6365
f 6378 6379 6365
f 6380 6367 6366
f 6379 6380 6366
f 6381 6368 6367
f 6380 6381 6367
f 6382 6369 6368
f 6381 6382 6368
f 6383 6370 6369
f 6382 6383 6369
f 6384 6371 6370
f 6383 6384 6370
f 6385 6372 6371
f 6384 6385 6371
f 6386 6373 6372
f 6385 6386 6372
f 6387 6374 6373
f 6386 6387 6373
f 6388 6375 6376
f 6389 6388 6376
f 6377 6375 6388
f 6388 6390 6377
f 6391 6378 6377
f 6390 6391 6377
f 6379 6378 6392
f 6378 6391 6392
f 6393 6380 6379
f 6394 6393 6379
f 6395 6381 6380
f 6393 6395 6380
f 6396 6382 6381
f 6395 6396 6381
f 6397 6383 6382
f 6396 6397 6382
f 6398 6384 6383
f 6397 6398 6383
f 6399 6385 6384
f 6398 6399 6384
f 6400 6386 6385
f 6399 6400 6385
f 6401 6387 6386
f 6400 6401 6386
f 6402 6388 6389
f 6403 6402 6389
f 6404 6393 6394
f 6405 6404 6394
f 6406 6395 6393
f 6404 6406 6393
f 6407 6396 6395
f 6406 6407 6395
f 6408 6397 6396
f 6409 6398 6397
f 6410 6399 6398
f 6411 6400 6399
f 6412 6402 6403
f 6413 6412 6403
f 6414 6412 6413
f 6415 6414 6413
f 6408 6396 6407
f 6409 6397 6408
f 6416 6401 6411
f 6410 6398 6409
f 6411 6399 6410
f 6401 6400 6411
f 6419 6418 6417
f 6422 6421 6420
f 6425 6424 6423
f 6420 6427 6426
f 6430 6429 6428
f 6433 6432 6431
f 6436 6435 6434
f 6439 6438 6437
f 6442 6441 6440
f 6445 6444 6443
f 6447 6446 6445
f 6450 6449 6448
f 6452 6451 6447
f 6448 6454 6453
f 6456 6455 6452
f 6453 6458 6457
f 6460 6459 6456
f 6457 6462 6461
f 6465 6464 6463
f 6467 6438 6466
f 6470 6469 6468
f 6472 6471 6444
f 6474 6473 6470
f 6470 6444 6474
f 6476 6475 6474
f 6474 6446 6476
f 6478 6477 6476
f 6476 6451 6478
f 6480 6479 6478
f 6478 6455 6480
f 6483 6482 6481
f 6421 6427 6420
f 6418 6484 6425
f 6487 6486 6485
f 6485 6488 6487
f 6490 6482 6489
f 6417 6423 6491
f 6494 6493 6492
f 6497 6496 6495
f 6499 6498 6423
f 6498 6491 6423
f 6486 6487 6496
f 6500 6481 6482
f 6503 6502 6501
f 6505 6504 6500
f 6507 6424 6506
f 6507 6423 6424
f 6496 6508 6486
f 6511 6510 6509
f 6495 6512 6497
f 6492 6495 6494
f 6504 6505 6513
f 6511 6515 6514
f 6509 6510 6505
f 6518 6517 6516
f 6515 6511 6519
f 6520 6510 6511
f 6513 6521 6504
f 6522 6513 6510
f 6523 6429 6430
f 6488 6524 6494
f 6525 6432 6433
f 6528 6527 6526
f 6531 6530 6529
f 6533 6481 6532
f 6534 6529 6530
f 6431 6432 6531
f 6535 6532 6526
f 6531 6529 6431
f 6523 6430 6426
f 6426 6427 6523
f 6536 6485 6486
f 6537 6434 6534
f 6534 6538 6537
f 6484 6536 6539
f 6539 6508 6424
f 6486 6508 6539
f 6539 6424 6425
f 6487 6494 6495
f 6494 6487 6488
f 6428 6429 6525
f 6486 6539 6536
f 6525 6433 6428
f 6534 6530 6538
f 6537 6436 6434
f 6436 6540 6435
f 6483 6542 6541
f 6496 6487 6495
f 6506 6508 6543
f 6492 6545 6544
f 6500 6516 6546
f 6510 6513 6505
f 6547 6521 6513
f 6546 6509 6505
f 6512 6495 6492
f 6550 6549 6548
f 6544 6527 6551
f 6508 6506 6424
f 6554 6553 6552
f 6556 6549 6555
f 6511 6514 6520
f 6555 6514 6556
f 6510 6520 6522
f 6513 6522 6547
f 6551 6527 6521
f 6544 6512 6492
f 6423 6507 6499
f 6507 6557 6499
f 6552 6553 6557
f 6543 6508 6496
f 6496 6497 6543
f 6560 6559 6558
f 6528 6532 6561
f 6564 6563 6562
f 6509 6546 6565
f 6555 6549 6550
f 6514 6515 6556
f 6554 6552 6548
f 6548 6549 6554
f 6553 6499 6557
f 6521 6547 6551
f 6425 6423 6417
f 6539 6425 6484
f 6425 6417 6418
f 6417 6491 6566
f 6417 6566 6419
f 6506 6567 6507
f 6497 6512 6567
f 6543 6567 6506
f 6548 6567 6550
f 6551 6567 6544
f 6520 6514 6567
f 6567 6514 6555
f 6522 6520 6567
f 6547 6522 6567
f 6567 6512 6544
f 6567 6557 6507
f 6557 6567 6552
f 6543 6497 6567
f 6550 6567 6555
f 6548 6552 6567
f 6547 6567 6551
f 6532 6481 6561
f 6504 6561 6500
f 6461 6460 6457
f 6457 6456 6453
f 6456 6459 6455
f 6453 6452 6448
f 6452 6455 6451
f 6448 6447 6450
f 6447 6451 6446
f 6450 6445 6568
f 6445 6446 6444
f 6571 6570 6569
f 6572 6570 6445
f 6493 6573 6545
f 6524 6574 6493
f 6573 6527 6544
f 6493 6545 6492
f 6444 6470 6575
f 6470 6473 6469
f 6578 6577 6576
f 6579 6577 6470
f 6444 6446 6474
f 6474 6475 6473
f 6446 6451 6476
f 6476 6477 6475
f 6451 6455 6478
f 6478 6479 6477
f 6455 6459 6480
f 6581 6577 6580
f 6582 6501 6564
f 6583 6440 6489
f 6585 6570 6584
f 6586 6563 6501
f 6587 6582 6440
f 6490 6582 6588
f 6541 6583 6489
f 6501 6590 6589
f 6489 6482 6483
f 6440 6592 6591
f 6463 6464 6586
f 6501 6582 6587
f 6564 6501 6563
f 6501 6587 6593
f 6594 6438 6587
f 6440 6583 6595
f 6489 6440 6582
f 6445 6450 6447
f 6558 6449 6450
f 6447 6448 6452
f 6449 6454 6448
f 6452 6453 6456
f 6454 6458 6453
f 6456 6457 6460
f 6458 6462 6457
f 6462 6596 6461
f 6568 6558 6450
f 6598 6560 6597
f 6595 6560 6598
f 6595 6559 6560
f 6500 6482 6518
f 6561 6521 6528
f 6588 6582 6564
f 6599 6518 6482
f 6582 6490 6489
f 6482 6490 6588
f 6493 6494 6524
f 6526 6493 6574
f 6533 6532 6535
f 6533 6542 6483
f 6483 6481 6533
f 6483 6541 6489
f 6586 6600 6563
f 6602 6601 6600
f 6605 6604 6603
f 6469 6606 6605
f 6473 6607 6469
f 6475 6608 6473
f 6477 6609 6475
f 6479 6610 6477
f 6563 6600 6611
f 6600 6586 6602
f 6602 6464 6465
f 6605 6612 6469
f 6469 6607 6606
f 6473 6608 6607
f 6475 6609 6608
f 6477 6610 6609
f 6388 6613 6390
f 6613 6388 6402
f 6402 6614 6613
f 6405 6394 6615
f 6616 6405 6615
f 6615 6394 6392
f 6392 6394 6379
f 6402 6412 6614
f 6412 6617 6614
f 6619 6611 6618
f 6616 6620 6405
f 6412 6621 6617
f 6621 6412 6414
f 6414 6623 6622
f 6611 6619 6563
f 6565 6519 6509
f 6546 6505 6500
f 6519 6624 6623
f 6565 6624 6519
f 6562 6563 6619
f 6562 6517 6564
f 6391 6390 6625
f 6391 6625 6626
f 6390 6613 6627
f 6390 6627 6625
f 6613 6614 6628
f 6613 6628 6627
f 6614 6617 6629
f 6614 6629 6628
f 6617 6621 6630
f 6617 6630 6629
f 6622 6632 6631
f 6621 6631 6630
f 6632 6634 6633
f 6632 6633 6631
f 6634 6636 6635
f 6634 6635 6633
f 6636 6638 6637
f 6636 6637 6635
f 6638 6640 6639
f 6638 6639 6637
f 6640 6562 6641
f 6640 6641 6639
f 6562 6619 6642
f 6562 6642 6641
f 6618 6643 6642
f 6642 6619 6618
f 6616 6615 6644
f 6616 6644 6643
f 6615 6392 6645
f 6615 6645 6644
f 6392 6391 6626
f 6392 6626 6645
f 6626 6625 6646
f 6626 6646 6647
f 6625 6627 6648
f 6625 6648 6646
f 6627 6628 6649
f 6627 6649 6648
f 6628 6629 6650
f 6628 6650 6649
f 6629 6630 6651
f 6629 6651 6650
f 6630 6631 6652
f 6630 6652 6651
f 6631 6633 6653
f 6631 6653 6652
f 6633 6635 6654
f 6633 6654 6653
f 6635 6637 6655
f 6635 6655 6654
f 6637 6639 6656
f 6637 6656 6655
f 6639 6641 6657
f 6639 6657 6656
f 6641 6642 6658
f 6641 6658 6657
f 6642 6643 6659
f 6642 6659 6658
f 6643 6644 6660
f 6643 6660 6659
f 6644 6645 6661
f 6644 6661 6660
f 6645 6626 6647
f 6645 6647 6661
f 6647 6646 6662
f 6646 6648 6662
f 6648 6649 6662
f 6649 6650 6662
f 6650 6651 6662
f 6651 6652 6662
f 6652 6653 6662
f 6653 6654 6662
f 6654 6655 6662
f 6655 6656 6662
f 6656 6657 6662
f 6657 6658 6662
f 6658 6659 6662
f 6659 6660 6662
f 6660 6661 6662
f 6661 6647 6662
f 6632 6623 6624
f 6634 6565 6636
f 6636 6565 6546
f 6636 6546 6638
f 6632 6624 6634
f 6634 6624 6565
f 6640 6517 6562
f 6638 6516 6640
f 6640 6516 6517
f 6638 6546 6516
f 6519 6511 6509
f 6574 6535 6526
f 6527 6528 6521
f 6504 6521 6561
f 6500 6561 6481
f 6623 6414 6415
f 6622 6621 6414
f 6621 6622 6631
f 6632 6622 6623
f 6518 6516 6500
f 6564 6517 6518
f 6665 6664 6663
f 6664 6667 6666
f 6667 6669 6668
f 6669 6671 6670
f 6673 6672 6620
f 6675 6674 6672
f 6677 6676 6674
f 6666 6667 6668
f 6668 6669 6670
f 6676 6665 6663
f 6663 6664 6666
f 6670 6671 6678
f 6673 6620 6618
f 6675 6672 6673
f 6677 6674 6675
f 6665 6676 6677
f 6600 6673 6618
f 6601 6675 6673
f 6604 6675 6601
f 6606 6665 6677
f 6607 6664 6665
f 6608 6667 6607
f 6618 6611 6600
f 6673 6600 6601
f 6604 6677 6675
f 6677 6604 6606
f 6665 6606 6607
f 6607 6667 6664
f 6643 6618 6620
f 6620 6616 6643
f 6669 6667 6608
f 6671 6669 6609
f 6608 6609 6669
f 6609 6610 6671
f 6416 6411 6678
f 6670 6411 6668
f 6668 6410 6666
f 6666 6409 6663
f 6663 6408 6676
f 6407 6406 6676
f 6406 6404 6672
f 6404 6405 6620
f 6672 6404 6620
f 6674 6406 6672
f 6676 6406 6674
f 6676 6408 6407
f 6663 6409 6408
f 6666 6410 6409
f 6668 6411 6410
f 6678 6411 6670
f 6526 6527 6573
f 6532 6528 6526
f 6573 6493 6526
f 6545 6573 6544
f 6679 6591 6584
f 6591 6587 6440
f 6679 6443 6437
f 6443 6444 6680
f 6503 6593 6576
f 6587 6467 6593
f 6578 6575 6470
f 6472 6575 6466
f 6681 6589 6580
f 6589 6586 6501
f 6683 6612 6682
f 6468 6469 6683
f 6598 6440 6595
f 6442 6598 6569
f 6558 6568 6597
f 6571 6568 6445
f 6681 6579 6468
f 6681 6463 6589
f 6590 6502 6581
f 6576 6581 6503
f 6466 6684 6467
f 6576 6684 6578
f 6680 6471 6439
f 6466 6439 6472
f 6679 6572 6443
f 6679 6594 6591
f 6592 6441 6585
f 6569 6585 6442
f 6569 6597 6571
f 6597 6560 6558
f 6598 6442 6440
f 6441 6442 6585
f 6569 6598 6597
f 6569 6570 6585
f 6568 6571 6597
f 6570 6571 6445
f 6584 6570 6572
f 6584 6591 6592
f 6440 6441 6592
f 6592 6585 6584
f 6443 6572 6445
f 6572 6679 6584
f 6591 6594 6587
f 6594 6679 6437
f 6437 6438 6594
f 6437 6443 6680
f 6680 6444 6471
f 6680 6439 6437
f 6575 6472 6444
f 6439 6471 6472
f 6466 6438 6439
f 6466 6575 6684
f 6593 6467 6684
f 6587 6438 6467
f 6593 6503 6501
f 6502 6503 6581
f 6576 6593 6684
f 6576 6577 6581
f 6575 6578 6684
f 6577 6578 6470
f 6468 6579 6470
f 6579 6681 6580
f 6580 6577 6579
f 6580 6589 6590
f 6501 6502 6590
f 6590 6581 6580
f 6589 6463 6586
f 6463 6681 6682
f 6681 6468 6683
f 6683 6469 6612
f 6682 6612 6465
f 6682 6681 6683
f 6465 6463 6682
f 6601 6602 6603
f 6464 6602 6586
f 6602 6465 6603
f 6612 6605 6465
f 6605 6606 6604
f 6603 6604 6601
f 6603 6465 6605
f 6599 6564 6518
f 6588 6599 6482
f 6588 6564 6599
f 6297 6298 6685
f 6297 6685 6686
f 6298 6301 6687
f 6298 6687 6685
f 6301 6303 6688
f 6301 6688 6687
f 6303 6305 6689
f 6303 6689 6688
f 6305 6307 6690
f 6305 6690 6689
f 6307 6309 6691
f 6307 6691 6690
f 6309 6311 6692
f 6309 6692 6691
f 6311 6313 6693
f 6311 6693 6692
f 6313 6315 6694
f 6313 6694 6693
f 6315 6317 6695
f 6315 6695 6694
f 6317 6319 6696
f 6317 6696 6695
f 6319 6321 6697
f 6319 6697 6696
f 6686 6685 6698
f 6686 6698 6699
f 6685 6687 6700
f 6685 6700 6698
f 6687 6688 6701
f 6687 6701 6700
f 6688 6689 6702
f 6688 6702 6701
f 6689 6690 6703
f 6689 6703 6702
f 6690 6691 6704
f 6690 6704 6703
f 6691 6692 6705
f 6691 6705 6704
f 6692 6693 6706
f 6692 6706 6705
f 6693 6694 6707
f 6693 6707 6706
f 6694 6695 6708
f 6694 6708 6707
f 6695 6696 6709
f 6695 6709 6708
f 6696 6697 6710
f 6696 6710 6709
f 6699 6698 6711
f 6699 6711 6712
f 6698 6700 6713
f 6698 6713 6711
f 6700 6701 6714
f 6700 6714 6713
f 6701 6702 6715
f 6701 6715 6714
f 6702 6703 6716
f 6702 6716 6715
f 6703 6704 6717
f 6703 6717 6716
f 6704 6705 6718
f 6704 6718 6717
f 6705 6706 6719
f 6705 6719 6718
f 6706 6707 6720
f 6706 6720 6719
f 6707 6708 6721
f 6707 6721 6720
f 6708 6709 6722
f 6708 6722 6721
f 6709 6710 6723
f 6709 6723 6722
f 6712 6711 6724
f 6712 6724 6725
f 6711 6713 6726
f 6711 6726 6724
f 6713 6714 6727
f 6713 6727 6726
f 6714 6715 6728
f 6714 6728 6727
f 6715 6716 6729
f 6715 6729 6728
f 6716 6717 6730
f 6716 6730 6729
f 6717 6718 6731
f 6717 6731 6730
f 6718 6719 6732
f 6718 6732 6731
f 6719 6720 6733
f 6719 6733 6732
f 6720 6721 6734
f 6720 6734 6733
f 6721 6722 6735
f 6721 6735 6734
f 6722 6723 6736
f 6722 6736 6735
f 6725 6724 6737
f 6725 6737 6738
f 6724 6726 6739
f 6724 6739 6737
f 6726 6727 6740
f 6726 6740 6739
f 6727 6728 6741
f 6727 6741 6740
f 6728 6729 6742
f 6728 6742 6741
f 6729 6730 6743
f 6729 6743 6742
f 6730 6731 6744
f 6730 6744 6743
f 6731 6732 6745
f 6731 6745 6744
f 6732 6733 6746
f 6732 6746 6745
f 6733 6734 6747
f 6733 6747 6746
f 6734 6735 6748
f 6734 6748 6747
f 6735 6736 6749
f 6735 6749 6748
f 6738 6737 6750
f 6738 6750 6751
f 6737 6739 6752
f 6737 6752 6750
f 6739 6740 6753
f 6739 6753 6752
f 6740 6741 6754
f 6740 6754 6753
f 6741 6742 6755
f 6741 6755 6754
f 6742 6743 6756
f 6742 6756 6755
f 6743 6744 6757
f 6743 6757 6756
f 6744 6745 6758
f 6744 6758 6757
f 6745 6746 6759
f 6745 6759 6758
f 6746 6747 6760
f 6746 6760 6759
f 6747 6748 6761
f 6747 6761 6760
f 6748 6749 6762
f 6748 6762 6761
f 6751 6750 6763
f 6751 6763 6764
f 6763 6750 6752
f 6752 6765 6763
f 6752 6753 6766
f 6752 6766 6765
f 6767 6753 6754
f 6767 6766 6753
f 6754 6755 6768
f 6754 6768 6769
f 6755 6756 6770
f 6755 6770 6768
f 6756 6757 6771
f 6756 6771 6770
f 6757 6758 6772
f 6757 6772 6771
f 6758 6759 6773
f 6758 6773 6772
f 6759 6760 6774
f 6759 6774 6773
f 6760 6761 6775
f 6760 6775 6774
f 6761 6762 6776
f 6761 6776 6775
f 6764 6763 6777
f 6764 6777 6778
f 6769 6768 6779
f 6769 6779 6780
f 6768 6770 6781
f 6768 6781 6779
f 6770 6771 6782
f 6770 6782 6781
f 6771 6772 6783
f 6772 6773 6784
f 6773 6774 6785
f 6774 6775 6786
f 6778 6777 6787
f 6778 6787 6788
f 6788 6787 6789
f 6788 6789 6790
f 6782 6771 6783
f 6783 6772 6784
f 6786 6776 6791
f 6784 6773 6785
f 6785 6774 6786
f 6786 6775 6776
f 6793 6792 6419
f 6794 6421 6422
f 6797 6796 6795
f 6799 6798 6794
f 6802 6801 6800
f 6805 6804 6803
f 6808 6807 6806
f 6811 6810 6809
f 6814 6813 6812
f 6817 6816 6815
f 6815 6819 6818
f 6822 6821 6820
f 6818 6824 6823
f 6826 6825 6822
f 6823 6828 6827
f 6830 6829 6826
f 6827 6832 6831
f 6834 6833 6830
f 6837 6836 6835
f 6839 6810 6838
f 6842 6841 6840
f 6816 6844 6843
f 6840 6846 6845
f 6845 6816 6840
f 6845 6848 6847
f 6847 6819 6845
f 6847 6850 6849
f 6849 6824 6847
f 6849 6852 6851
f 6851 6828 6849
f 6855 6854 6853
f 6794 6798 6421
f 6795 6856 6792
f 6859 6858 6857
f 6857 6860 6859
f 6862 6854 6861
f 6491 6797 6793
f 6865 6864 6863
f 6868 6867 6866
f 6797 6498 6869
f 6797 6491 6498
f 6867 6857 6858
f 6854 6855 6870
f 6873 6872 6871
f 6870 6875 6874
f 6877 6796 6876
f 6796 6797 6876
f 6858 6878 6867
f 6881 6880 6879
f 6866 6882 6868
f 6863 6868 6865
f 6883 6874 6875
f 6885 6884 6879
f 6874 6880 6881
f 6888 6887 6886
f 6889 6879 6884
f 6879 6880 6890
f 6875 6891 6883
f 6880 6883 6892
f 6800 6801 6893
f 6863 6894 6860
f 6803 6804 6895
f 6898 6897 6896
f 6901 6900 6899
f 6903 6855 6902
f 6900 6901 6904
f 6899 6804 6805
f 6898 6903 6905
f 6805 6901 6899
f 6799 6800 6893
f 6893 6798 6799
f 6858 6859 6906
f 6904 6808 6907
f 6907 6908 6904
f 6909 6906 6856
f 6796 6878 6909
f 6909 6878 6858
f 6795 6796 6909
f 6868 6863 6857
f 6860 6857 6863
f 6895 6801 6802
f 6906 6909 6858
f 6802 6803 6895
f 6908 6900 6904
f 6808 6806 6907
f 6807 6910 6806
f 6912 6911 6853
f 6868 6857 6867
f 6913 6878 6877
f 6915 6914 6865
f 6916 6888 6870
f 6874 6883 6880
f 6883 6891 6917
f 6874 6881 6916
f 6865 6868 6882
f 6920 6919 6918
f 6921 6897 6915
f 6796 6877 6878
f 6924 6923 6922
f 6926 6919 6925
f 6890 6885 6879
f 6925 6885 6926
f 6892 6890 6880
f 6917 6892 6883
f 6891 6897 6921
f 6865 6882 6915
f 6869 6876 6797
f 6869 6927 6876
f 6927 6923 6924
f 6867 6878 6913
f 6913 6866 6867
f 6930 6929 6928
f 6931 6903 6896
f 6934 6933 6932
f 6935 6916 6881
f 6918 6919 6926
f 6925 6884 6885
f 6920 6924 6922
f 6922 6919 6920
f 6927 6869 6923
f 6921 6917 6891
f 6793 6797 6795
f 6856 6795 6909
f 6792 6793 6795
f 6566 6491 6793
f 6419 6566 6793
f 6876 6936 6877
f 6936 6882 6866
f 6877 6936 6913
f 6918 6936 6920
f 6915 6936 6921
f 6936 6885 6890
f 6926 6885 6936
f 6936 6890 6892
f 6936 6892 6917
f 6915 6882 6936
f 6876 6927 6936
f 6924 6936 6927
f 6936 6866 6913
f 6926 6936 6918
f 6936 6924 6920
f 6921 6936 6917
f 6931 6855 6903
f 6870 6931 6875
f 6830 6831 6834
f 6826 6827 6830
f 6828 6832 6827
f 6822 6823 6826
f 6824 6828 6823
f 6820 6818 6822
f 6819 6824 6818
f 6937 6815 6820
f 6816 6819 6815
f 6940 6939 6938
f 6815 6939 6941
f 6914 6942 6864
f 6864 6943 6894
f 6915 6897 6942
f 6865 6914 6864
f 6944 6840 6816
f 6841 6846 6840
f 6947 6946 6945
f 6840 6946 6948
f 6845 6819 6816
f 6846 6848 6845
f 6847 6824 6819
f 6848 6850 6847
f 6849 6828 6824
f 6850 6852 6849
f 6851 6832 6828
f 6950 6946 6949
f 6932 6873 6951
f 6862 6814 6952
f 6954 6939 6953
f 6873 6933 6955
f 6814 6951 6956
f 6957 6951 6861
f 6862 6952 6912
f 6959 6958 6873
f 6853 6854 6862
f 6961 6960 6814
f 6955 6836 6837
f 6956 6951 6873
f 6933 6873 6932
f 6962 6956 6873
f 6956 6810 6963
f 6964 6952 6814
f 6951 6814 6862
f 6818 6820 6815
f 6820 6821 6930
f 6823 6822 6818
f 6822 6825 6821
f 6827 6826 6823
f 6826 6829 6825
f 6831 6830 6827
f 6830 6833 6829
f 6834 6965 6833
f 6820 6930 6937
f 6967 6928 6966
f 6966 6928 6964
f 6928 6929 6964
f 6886 6854 6870
f 6896 6891 6931
f 6932 6951 6957
f 6854 6886 6968
f 6862 6861 6951
f 6957 6861 6854
f 6894 6863 6864
f 6943 6864 6898
f 6905 6903 6902
f 6853 6911 6902
f 6902 6855 6853
f 6862 6912 6853
f 6933 6969 6955
f 6969 6971 6970
f 6974 6973 6972
f 6972 6975 6841
f 6841 6976 6846
f 6846 6977 6848
f 6848 6978 6850
f 6850 6979 6852
f 6980 6969 6933
f 6970 6955 6969
f 6835 6836 6970
f 6841 6981 6972
f 6975 6976 6841
f 6976 6977 6846
f 6977 6978 6848
f 6978 6979 6850
f 6765 6982 6763
f 6777 6763 6982
f 6982 6983 6777
f 6984 6769 6780
f 6984 6780 6985
f 6767 6769 6984
f 6754 6769 6767
f 6983 6787 6777
f 6983 6986 6787
f 6988 6980 6987
f 6780 6989 6985
f 6986 6990 6787
f 6789 6787 6990
f 6992 6991 6789
f 6933 6987 6980
f 6881 6889 6935
f 6870 6874 6916
f 6991 6993 6889
f 6889 6993 6935
f 6987 6933 6934
f 6932 6887 6934
f 6994 6765 6766
f 6995 6994 6766
f 6996 6982 6765
f 6994 6996 6765
f 6997 6983 6982
f 6996 6997 6982
f 6998 6986 6983
f 6997 6998 6983
f 6999 6990 6986
f 6998 6999 6986
f 7001 7000 6992
f 6999 7001 6990
f 7003 7002 7000
f 7001 7003 7000
f 7005 7004 7002
f 7003 7005 7002
f 7007 7006 7004
f 7005 7007 7004
f 7009 7008 7006
f 7007 7009 7006
f 7010 6934 7008
f 7009 7010 7008
f 7011 6987 6934
f 7010 7011 6934
f 7011 7012 6988
f 6988 6987 7011
f 7013 6984 6985
f 7012 7013 6985
f 7014 6767 6984
f 7013 7014 6984
f 6995 6766 6767
f 7014 6995 6767
f 7015 6994 6995
f 7016 7015 6995
f 7017 6996 6994
f 7015 7017 6994
f 7018 6997 6996
f 7017 7018 6996
f 7019 6998 6997
f 7018 7019 6997
f 7020 6999 6998
f 7019 7020 6998
f 7021 7001 6999
f 7020 7021 6999
f 7022 7003 7001
f 7021 7022 7001
f 7023 7005 7003
f 7022 7023 7003
f 7024 7007 7005
f 7023 7024 7005
f 7025 7009 7007
f 7024 7025 7007
f 7026 7010 7009
f 7025 7026 7009
f 7027 7011 7010
f 7026 7027 7010
f 7028 7012 7011
f 7027 7028 7011
f 7029 7013 7012
f 7028 7029 7012
f 7030 7014 7013
f 7029 7030 7013
f 7016 6995 7014
f 7030 7016 7014
f 7031 7015 7016
f 7031 7017 7015
f 7031 7018 7017
f 7031 7019 7018
f 7031 7020 7019
f 7031 7021 7020
f 7031 7022 7021
f 7031 7023 7022
f 7031 7024 7023
f 7031 7025 7024
f 7031 7026 7025
f 7031 7027 7026
f 7031 7028 7027
f 7031 7029 7028
f 7031 7030 7029
f 7031 7016 7030
f 6993 6991 7000
f 7004 6935 7002
f 6916 6935 7004
f 7006 6916 7004
f 7002 6993 7000
f 6935 6993 7002
f 6934 6887 7008
f 7008 6888 7006
f 6887 6888 7008
f 6888 6916 7006
f 6881 6879 6889
f 6898 6905 6943
f 6891 6896 6897
f 6931 6891 6875
f 6855 6931 6870
f 6790 6789 6991
f 6789 6990 6992
f 7001 6992 6990
f 6991 6992 7000
f 6870 6888 6886
f 6886 6887 6932
f 7034 7033 7032
f 7036 7035 7033
f 7038 7037 7035
f 7040 7039 7037
f 6989 7042 7041
f 7042 7044 7043
f 7044 7046 7045
f 7038 7035 7036
f 7040 7037 7038
f 7034 7032 7046
f 7036 7033 7034
f 7047 7039 7040
f 6988 6989 7041
f 7041 7042 7043
f 7043 7044 7045
f 7045 7046 7032
f 6988 7041 6969
f 7041 7043 6971
f 6971 7043 6973
f 7045 7032 6975
f 7032 7033 6976
f 6976 7035 6977
f 6969 6980 6988
f 6971 6969 7041
f 7043 7045 6973
f 6975 6973 7045
f 6976 6975 7032
f 7033 7035 6976
f 6989 6988 7012
f 7012 6985 6989
f 6977 7035 7037
f 6978 7037 7039
f 7037 6978 6977
f 7039 6979 6978
f 7047 6786 6791
f 7038 6786 7040
f 7036 6785 7038
f 7034 6784 7036
f 7046 6783 7034
f 7046 6781 6782
f 7042 6779 6781
f 6989 6780 6779
f 6989 6779 7042
f 7042 6781 7044
f 7044 6781 7046
f 6782 6783 7046
f 6783 6784 7034
f 6784 6785 7036
f 6785 6786 7038
f 7040 6786 7047
f 6942 6897 6898
f 6898 6896 6903
f 6898 6864 6942
f 6915 6942 6914
f 6954 6961 7048
f 6814 6956 6961
f 6811 6817 7048
f 7049 6816 6817
f 6947 6962 6871
f 6962 6838 6956
f 6840 6944 6945
f 6839 6944 6843
f 6950 6959 7050
f 6873 6955 6959
f 7052 6981 7051
f 7051 6841 6842
f 6964 6814 6966
f 6940 6966 6812
f 6967 6937 6930
f 6815 6937 6938
f 6842 6948 7050
f 6959 6837 7050
f 6949 6872 6958
f 6871 6949 6947
f 6838 7053 6839
f 6945 7053 6947
f 6809 6844 7049
f 6843 6809 6839
f 6817 6941 7048
f 6961 6963 7048
f 6953 6813 6960
f 6812 6953 6940
f 6938 6967 6940
f 6930 6928 6967
f 6814 6812 6966
f 6953 6812 6813
f 6967 6966 6940
f 6953 6939 6940
f 6967 6938 6937
f 6815 6938 6939
f 6941 6939 6954
f 6960 6961 6954
f 6960 6813 6814
f 6954 6953 6960
f 6815 6941 6817
f 6954 7048 6941
f 6956 6963 6961
f 6811 7048 6963
f 6963 6810 6811
f 7049 6817 6811
f 6844 6816 7049
f 6811 6809 7049
f 6816 6843 6944
f 6843 6844 6809
f 6809 6810 6839
f 7053 6944 6839
f 7053 6838 6962
f 6838 6810 6956
f 6873 6871 6962
f 6949 6871 6872
f 7053 6962 6947
f 6949 6946 6947
f 7053 6945 6944
f 6840 6945 6946
f 6840 6948 6842
f 6950 7050 6948
f 6948 6946 6950
f 6958 6959 6950
f 6958 6872 6873
f 6950 6949 6958
f 6955 6837 6959
f 7052 7050 6837
f 7051 6842 7050
f 6981 6841 7051
f 6835 6981 7052
f 7051 7050 7052
f 7052 6837 6835
f 6974 6970 6971
f 6955 6970 6836
f 6974 6835 6970
f 6835 6972 6981
f 6973 6975 6972
f 6971 6973 6974
f 6972 6835 6974
f 6886 6932 6968
f 6854 6968 6957
f 6968 6932 6957
f 7056 7055 7054
f 7054 7057 7056
f 7059 7058 7056
f 7056 7060 7059
f 7062 7061 7059
f 7059 7063 7062
f 7062 7064 7061
f 7067 7066 7065
f 7070 7069 7068
f 7071 7066 7067
f 7068 7055 7058
f 7061 7073 7072
f 7072 7058 7061
f 7061 7064 7073
f 7076 7075 7074
f 7079 7078 7077
f 7080 7071 7073
f 7073 7064 7081
f 7084 7083 7082
f 7087 7086 7085
f 7090 7089 7088
f 7091 7074 7075
f 7092 7075 7077
f 7092 7094 7093
f 7095 7081 7064
f 7082 7097 7096
f 7099 7098 7084
f 7084 7100 7099
f 7092 7093 7089
f 7089 7093 7099
f 7103 7102 7101
f 7101 7083 7103
f 7093 7104 7103
f 7103 7098 7093
f 7107 7106 7105
f 7110 7109 7108
f 7112 7101 7111
f 7115 7114 7113
f 7113 7101 7115
f 7104 7116 7115
f 7115 7102 7104
f 7104 7094 7116
f 7118 7108 7117
f 7113 7120 7119
f 7122 7121 7120
f 7120 7113 7122
f 7116 7123 7122
f 7122 7114 7116
f 7125 7124 7094
f 7120 7127 7126
f 7110 7129 7128
f 7131 7130 7127
f 7127 7120 7131
f 7123 7132 7131
f 7131 7121 7123
f 7132 7123 7094
f 7134 7128 7133
f 7127 7135 7133
f 7127 7130 7136
f 7127 7136 7135
f 7130 7132 7137
f 7130 7137 7136
f 7137 7132 7094
f 7138 7134 7133
f 7140 7139 7138
f 7135 7136 7141
f 7135 7141 7140
f 7136 7137 7124
f 7136 7124 7141
f 7143 7078 7142
f 7146 7145 7144
f 7146 7144 7147
f 7149 7148 7147
f 7145 7140 7150
f 7125 7151 7149
f 7150 7141 7124
f 7124 7137 7094
f 7152 7087 7091
f 7094 7104 7093
f 7116 7094 7123
f 7154 7117 7153
f 7156 7153 7155
f 7086 7065 7066
f 7071 7080 7066
f 7085 7066 7157
f 7157 7080 7081
f 7073 7081 7080
f 7142 7151 7094
f 7069 7055 7068
f 7067 7068 7072
f 7058 7072 7068
f 7072 7073 7071
f 7157 7095 7079
f 7080 7157 7066
f 7158 7074 7087
f 7147 7159 7146
f 7147 7144 7149
f 7148 7151 7160
f 7138 7135 7140
f 7065 7070 7068
f 7054 7055 7069
f 7056 7058 7055
f 7057 7060 7056
f 7161 7076 7074
f 7060 7063 7059
f 7059 7061 7058
f 7076 7161 7079
f 7161 7074 7158
f 7068 7067 7065
f 7067 7072 7071
f 7158 7085 7157
f 7066 7085 7086
f 7085 7158 7087
f 7158 7157 7161
f 7074 7091 7087
f 7088 7091 7090
f 7075 7090 7091
f 7089 7090 7092
f 7088 7162 7152
f 7088 7089 7100
f 7100 7096 7162
f 7084 7098 7083
f 7100 7089 7099
f 7099 7093 7098
f 7077 7076 7079
f 7081 7095 7157
f 7079 7095 7064
f 7079 7161 7157
f 7078 7079 7160
f 7151 7125 7094
f 7124 7125 7150
f 7150 7163 7145
f 7149 7163 7125
f 7160 7142 7078
f 7165 7148 7164
f 7166 7165 7164
f 7160 7151 7142
f 7163 7149 7144
f 7149 7151 7148
f 7163 7150 7125
f 7140 7141 7150
f 7145 7146 7167
f 7144 7145 7163
f 7164 7168 7166
f 7164 7148 7160
f 7147 7148 7165
f 7166 7147 7165
f 7083 7098 7103
f 7103 7104 7102
f 7101 7102 7115
f 7115 7116 7114
f 7113 7114 7122
f 7122 7123 7121
f 7120 7121 7131
f 7131 7132 7130
f 7106 7152 7169
f 7155 7171 7170
f 7083 7101 7172
f 7171 7107 7173
f 7140 7167 7139
f 7147 7166 7159
f 7167 7140 7145
f 7118 7174 7129
f 7111 7176 7175
f 7176 7154 7156
f 7112 7175 7177
f 7119 7129 7174
f 7129 7126 7128
f 7172 7177 7178
f 7177 7175 7156
f 7160 7079 7064
f 7179 7168 7164
f 7064 7164 7160
f 7064 7179 7164
f 7077 7143 7092
f 7094 7143 7142
f 7077 7078 7143
f 7077 7075 7076
f 7092 7143 7094
f 7075 7092 7090
f 7181 7180 7110
f 7181 7128 7134
f 7183 7182 7181
f 7134 7138 7183
f 7178 7173 7097
f 7170 7178 7177
f 7097 7184 7178
f 7100 7084 7082
f 7162 7088 7100
f 7097 7105 7096
f 7082 7083 7184
f 7082 7096 7100
f 7172 7184 7083
f 7184 7097 7082
f 7177 7172 7112
f 7172 7178 7184
f 7175 7112 7111
f 7101 7112 7172
f 7111 7101 7113
f 7176 7111 7185
f 7119 7120 7126
f 7113 7185 7111
f 7126 7127 7133
f 7126 7129 7119
f 7133 7128 7126
f 7133 7135 7138
f 7105 7106 7169
f 7105 7097 7173
f 7173 7107 7105
f 7173 7178 7170
f 7170 7171 7173
f 7170 7177 7156
f 7156 7155 7170
f 7156 7175 7176
f 7154 7153 7156
f 7154 7176 7174
f 7118 7117 7154
f 7118 7129 7110
f 7110 7108 7118
f 7180 7109 7110
f 7128 7181 7110
f 7181 7182 7180
f 7134 7183 7181
f 7183 7186 7182
f 7183 7138 7186
f 7174 7185 7119
f 7113 7119 7185
f 7174 7118 7154
f 7185 7174 7176
f 7096 7169 7162
f 7152 7091 7088
f 7169 7152 7162
f 7169 7096 7105
f 7189 7188 7187
f 7187 7057 7189
f 7187 7191 7190
f 7190 7060 7187
f 7190 7192 7062
f 7062 7063 7190
f 7192 7064 7062
f 7195 7194 7193
f 7198 7197 7196
f 7193 7194 7199
f 7191 7188 7198
f 7201 7200 7192
f 7192 7191 7201
f 7200 7064 7192
f 7204 7203 7202
f 7207 7206 7205
f 7200 7199 7208
f 7209 7064 7200
f 7212 7211 7210
f 7215 7214 7213
f 7218 7217 7216
f 7203 7204 7219
f 7207 7203 7220
f 7222 7221 7220
f 7064 7209 7223
f 7225 7224 7212
f 7210 7227 7226
f 7226 7228 7210
f 7217 7222 7220
f 7226 7222 7217
f 7231 7230 7229
f 7229 7211 7231
f 7229 7232 7222
f 7222 7227 7229
f 7235 7234 7233
f 7238 7237 7236
f 7240 7231 7239
f 7243 7242 7241
f 7241 7231 7243
f 7241 7244 7232
f 7232 7230 7241
f 7244 7221 7232
f 7246 7238 7245
f 7248 7247 7243
f 7247 7250 7249
f 7249 7243 7247
f 7249 7251 7244
f 7244 7242 7249
f 7221 7253 7252
f 7255 7254 7247
f 7257 7256 7236
f 7254 7259 7258
f 7258 7247 7254
f 7258 7260 7251
f 7251 7250 7258
f 7221 7251 7260
f 7262 7257 7261
f 7262 7263 7254
f 7264 7259 7254
f 7263 7264 7254
f 7265 7260 7259
f 7264 7265 7259
f 7221 7260 7265
f 7262 7261 7266
f 7266 7268 7267
f 7269 7264 7263
f 7267 7269 7263
f 7253 7265 7264
f 7269 7253 7264
f 7271 7206 7270
f 7274 7273 7272
f 7275 7274 7272
f 7275 7277 7276
f 7278 7267 7273
f 7276 7279 7252
f 7253 7269 7278
f 7221 7265 7253
f 7219 7213 7280
f 7222 7232 7221
f 7251 7221 7244
f 7282 7246 7281
f 7284 7282 7283
f 7194 7195 7214
f 7194 7208 7199
f 7285 7194 7215
f 7209 7208 7285
f 7208 7209 7200
f 7221 7279 7271
f 7198 7188 7197
f 7201 7198 7193
f 7198 7201 7191
f 7199 7200 7201
f 7205 7223 7285
f 7194 7285 7208
f 7213 7204 7286
f 7272 7287 7275
f 7276 7274 7275
f 7288 7279 7277
f 7267 7263 7266
f 7198 7196 7195
f 7197 7188 7189
f 7188 7191 7187
f 7187 7060 7057
f 7204 7202 7289
f 7190 7063 7060
f 7191 7192 7190
f 7205 7289 7202
f 7286 7204 7289
f 7195 7193 7198
f 7199 7201 7193
f 7285 7215 7286
f 7214 7215 7194
f 7213 7286 7215
f 7289 7285 7286
f 7213 7219 7204
f 7216 7219 7218
f 7219 7216 7203
f 7220 7216 7217
f 7280 7290 7218
f 7228 7217 7218
f 7290 7225 7228
f 7211 7227 7210
f 7226 7217 7228
f 7227 7222 7226
f 7205 7202 7207
f 7285 7223 7209
f 7064 7223 7205
f 7285 7289 7205
f 7288 7205 7206
f 7221 7252 7279
f 7278 7252 7253
f 7273 7291 7278
f 7252 7291 7276
f 7206 7271 7288
f 7293 7277 7292
f 7293 7292 7294
f 7271 7279 7288
f 7274 7276 7291
f 7277 7279 7276
f 7252 7278 7291
f 7278 7269 7267
f 7295 7272 7273
f 7291 7273 7274
f 7294 7296 7293
f 7288 7277 7293
f 7292 7277 7275
f 7292 7275 7294
f 7229 7227 7211
f 7230 7232 7229
f 7241 7230 7231
f 7242 7244 7241
f 7249 7242 7243
f 7250 7251 7249
f 7258 7250 7247
f 7259 7260 7258
f 7297 7280 7234
f 7299 7298 7284
f 7300 7231 7211
f 7301 7233 7298
f 7268 7295 7267
f 7287 7294 7275
f 7273 7267 7295
f 7256 7302 7245
f 7304 7303 7240
f 7283 7281 7303
f 7305 7304 7239
f 7302 7256 7248
f 7257 7255 7256
f 7306 7305 7300
f 7283 7304 7305
f 7064 7205 7288
f 7293 7296 7179
f 7288 7293 7064
f 7293 7179 7064
f 7220 7270 7207
f 7271 7270 7221
f 7270 7206 7207
f 7202 7203 7207
f 7221 7270 7220
f 7216 7220 7203
f 7236 7308 7307
f 7261 7257 7307
f 7307 7310 7309
f 7309 7266 7261
f 7224 7301 7306
f 7305 7306 7299
f 7306 7311 7224
f 7212 7210 7228
f 7228 7218 7290
f 7225 7235 7224
f 7311 7211 7212
f 7228 7225 7212
f 7211 7311 7300
f 7212 7224 7311
f 7239 7300 7305
f 7311 7306 7300
f 7240 7239 7304
f 7300 7239 7231
f 7243 7231 7240
f 7312 7240 7303
f 7255 7247 7248
f 7240 7312 7243
f 7262 7254 7255
f 7248 7256 7255
f 7255 7257 7262
f 7266 7263 7262
f 7297 7234 7235
f 7301 7224 7235
f 7235 7233 7301
f 7299 7306 7301
f 7301 7298 7299
f 7283 7305 7299
f 7299 7284 7283
f 7303 7304 7283
f 7283 7282 7281
f 7302 7303 7281
f 7281 7246 7245
f 7236 7256 7245
f 7245 7238 7236
f 7236 7237 7308
f 7236 7307 7257
f 7308 7310 7307
f 7307 7309 7261
f 7310 7313 7309
f 7313 7266 7309
f 7248 7312 7302
f 7312 7248 7243
f 7281 7245 7302
f 7303 7302 7312
f 7290 7297 7225
f 7218 7219 7280
f 7290 7280 7297
f 7235 7225 7297
f 7316 7315 7314
f 7316 7314 7317
f 7317 7314 7318
f 7317 7318 7319
f 7319 7318 7320
f 7319 7320 7321
f 7321 7320 7322
f 7321 7322 7323
f 7323 7322 7324
f 7323 7324 7325
f 7325 7324 7326
f 7325 7326 7327
f 7327 7326 7328
f 7327 7328 7329
f 7329 7328 7330
f 7329 7330 7331
f 7331 7330 7332
f 7331 7332 7333
f 7333 7332 7334
f 7333 7334 7335
f 7335 7334 7336
f 7335 7336 7337
f 7337 7336 7338
f 7337 7338 7339
f 7339 7338 7340
f 7339 7340 7341
f 7315 7343 7342
f 7315 7342 7314
f 7314 7342 7344
f 7314 7344 7318
f 7318 7344 7345
f 7318 7345 7320
f 7320 7345 7346
f 7320 7346 7322
f 7322 7346 7347
f 7322 7347 7324
f 7324 7347 7348
f 7324 7348 7326
f 7326 7348 7349
f 7326 7349 7328
f 7328 7349 7350
f 7328 7350 7330
f 7330 7350 7351
f 7330 7351 7332
f 7332 7351 7352
f 7332 7352 7334
f 7334 7352 7353
f 7334 7353 7336
f 7336 7353 7354
f 7336 7354 7338
f 7338 7354 7355
f 7338 7355 7340
f 7343 7356 7342
f 7342 7356 7357
f 7342 7357 7344
f 7344 7357 7358
f 7344 7358 7345
f 7345 7358 7359
f 7345 7359 7346
f 7346 7359 7360
f 7346 7360 7347
f 7347 7360 7361
f 7347 7361 7348
f 7348 7361 7362
f 7348 7362 7349
f 7349 7362 7363
f 7349 7363 7350
f 7350 7363 7364
f 7350 7364 7351
f 7351 7364 7365
f 7351 7365 7352
f 7352 7365 7366
f 7352 7366 7353
f 7353 7366 7367
f 7353 7367 7354
f 7354 7367 7368
f 7354 7368 7355
f 7356 7369 7357
f 7357 7369 7370
f 7357 7370 7358
f 7358 7370 7371
f 7358 7371 7359
f 7359 7371 7372
f 7359 7372 7360
f 7360 7372 7373
f 7360 7373 7361
f 7361 7373 7374
f 7361 7374 7362
f 7362 7374 7375
f 7362 7375 7363
f 7363 7375 7376
f 7363 7376 7364
f 7364 7376 7377
f 7364 7377 7365
f 7365 7377 7378
f 7365 7378 7366
f 7366 7378 7379
f 7366 7379 7367
f 7367 7379 7380
f 7367 7380 7368
f 7369 7381 7370
f 7370 7381 7382
f 7370 7382 7371
f 7371 7382 7383
f 7371 7383 7372
f 7372 7383 7384
f 7372 7384 7373
f 7373 7384 7385
f 7373 7385 7374
f 7374 7385 7386
f 7374 7386 7375
f 7375 7386 7387
f 7375 7387 7376
f 7376 7387 7388
f 7376 7388 7377
f 7377 7388 7389
f 7377 7389 7378
f 7378 7389 7390
f 7378 7390 7379
f 7379 7390 7391
f 7379 7391 7380
f 7381 7392 7382
f 7382 7392 7393
f 7382 7393 7383
f 7383 7393 7394
f 7383 7394 7384
f 7384 7394 7395
f 7384 7395 7385
f 7385 7395 7396
f 7385 7396 7386
f 7386 7396 7397
f 7386 7397 7387
f 7387 7397 7398
f 7387 7398 7388
f 7388 7398 7399
f 7388 7399 7389
f 7389 7399 7400
f 7389 7400 7390
f 7390 7400 7401
f 7390 7401 7391
f 7392 7402 7393
f 7393 7402 7403
f 7393 7403 7394
f 7394 7403 7404
f 7394 7404 7395
f 7395 7404 7405
f 7395 7405 7396
f 7396 7405 7406
f 7396 7406 7397
f 7397 7406 7407
f 7397 7407 7398
f 7398 7407 7408
f 7398 7408 7399
f 7399 7408 7409
f 7399 7409 7400
f 7400 7409 7410
f 7400 7410 7401
f 7413 7412 7411
f 7414 7413 7411
f 7415 7413 7414
f 7416 7415 7414
f 7417 7415 7416
f 7418 7417 7416
f 7419 7417 7418
f 7420 7419 7418
f 7421 7419 7420
f 7422 7421 7420
f 7423 7421 7422
f 7424 7423 7422
f 7425 7423 7424
f 7426 7425 7424
f 7427 7425 7426
f 7428 7427 7426
f 7429 7427 7428
f 7430 7429 7428
f 7431 7429 7430
f 7432 7431 7430
f 7433 7431 7432
f 7434 7433 7432
f 7435 7433 7434
f 7436 7435 7434
f 7437 7435 7436
f 7438 7437 7436
f 7440 7439 7412
f 7413 7440 7412
f 7441 7440 7413
f 7415 7441 7413
f 7442 7441 7415
f 7417 7442 7415
f 7443 7442 7417
f 7419 7443 7417
f 7444 7443 7419
f 7421 7444 7419
f 7445 7444 7421
f 7423 7445 7421
f 7446 7445 7423
f 7425 7446 7423
f 7447 7446 7425
f 7427 7447 7425
f 7448 7447 7427
f 7429 7448 7427
f 7449 7448 7429
f 7431 7449 7429
f 7450 7449 7431
f 7433 7450 7431
f 7451 7450 7433
f 7435 7451 7433
f 7452 7451 7435
f 7437 7452 7435
f 7440 7453 7439
f 7454 7453 7440
f 7441 7454 7440
f 7455 7454 7441
f 7442 7455 7441
f 7456 7455 7442
f 7443 7456 7442
f 7457 7456 7443
f 7444 7457 7443
f 7458 7457 7444
f 7445 7458 7444
f 7459 7458 7445
f 7446 7459 7445
f 7460 7459 7446
f 7447 7460 7446
f 7461 7460 7447
f 7448 7461 7447
f 7462 7461 7448
f 7449 7462 7448
f 7463 7462 7449
f 7450 7463 7449
f 7464 7463 7450
f 7451 7464 7450
f 7465 7464 7451
f 7452 7465 7451
f 7454 7466 7453
f 7467 7466 7454
f 7455 7467 7454
f 7468 7467 7455
f 7456 7468 7455
f 7469 7468 7456
f 7457 7469 7456
f 7470 7469 7457
f 7458 7470 7457
f 7471 7470 7458
f 7459 7471 7458
f 7472 7471 7459
f 7460 7472 7459
f 7473 7472 7460
f 7461 7473 7460
f 7474 7473 7461
f 7462 7474 7461
f 7475 7474 7462
f 7463 7475 7462
f 7476 7475 7463
f 7464 7476 7463
f 7477 7476 7464
f 7465 7477 7464
f 7467 7478 7466
f 7479 7478 7467
f 7468 7479 7467
f 7480 7479 7468
f 7469 7480 7468
f 7481 7480 7469
f 7470 7481 7469
f 7482 7481 7470
f 7471 7482 7470
f 7483 7482 7471
f 7472 7483 7471
f 7484 7483 7472
f 7473 7484 7472
f 7485 7484 7473
f 7474 7485 7473
f 7486 7485 7474
f 7475 7486 7474
f 7487 7486 7475
f 7476 7487 7475
f 7488 7487 7476
f 7477 7488 7476
f 7479 7489 7478
f 7490 7489 7479
f 7480 7490 7479
f 7491 7490 7480
f 7481 7491 7480
f 7492 7491 7481
f 7482 7492 7481
f 7493 7492 7482
f 7483 7493 7482
f 7494 7493 7483
f 7484 7494 7483
f 7495 7494 7484
f 7485 7495 7484
f 7496 7495 7485
f 7486 7496 7485
f 7497 7496 7486
f 7487 7497 7486
f 7498 7497 7487
f 7488 7498 7487
f 7490 7499 7489
f 7500 7499 7490
f 7491 7500 7490
f 7501 7500 7491
f 7492 7501 7491
f 7502 7501 7492
f 7493 7502 7492
f 7503 7502 7493
f 7494 7503 7493
f 7504 7503 7494
f 7495 7504 7494
f 7505 7504 7495
f 7496 7505 7495
f 7506 7505 7496
f 7497 7506 7496
f 7507 7506 7497
f 7498 7507 7497
f 7510 7509 7508
f 7511 7510 7508
f 7513 7512 7509
f 7510 7513 7509
f 7515 7514 7512
f 7513 7515 7512
f 7517 7516 7514
f 7515 7517 7514
f 7519 7518 7516
f 7517 7519 7516
f 7521 7520 7518
f 7519 7521 7518
f 7523 7522 7520
f 7521 7523 7520
f 7525 7524 7522
f 7523 7525 7522
f 7528 7527 7526
f 7525 7528 7526
f 7530 7529 7527
f 7528 7530 7527
f 7532 7531 7529
f 7530 7532 7529
f 7534 7533 7531
f 7532 7534 7531
f 7536 7535 7533
f 7534 7536 7533
f 7538 7537 7535
f 7536 7538 7535
f 7540 7539 7537
f 7538 7540 7537
f 7511 7541 7539
f 7540 7511 7539
f 7544 7543 7542
f 7508 7544 7542
f 7546 7545 7543
f 7544 7546 7543
f 7548 7547 7545
f 7546 7548 7545
f 7550 7549 7547
f 7548 7550 7547
f 7552 7551 7549
f 7550 7552 7549
f 7554 7553 7551
f 7552 7554 7551
f 7556 7555 7553
f 7554 7556 7553
f 7524 7557 7555
f 7556 7524 7555
f 7557 7524 7525
f 7526 7557 7525
f 7542 7541 7511
f 7508 7542 7511
f 7558 7522 7524
f 7559 7558 7524
f 7560 7559 7524
f 7556 7560 7524
f 7561 7520 7522
f 7558 7561 7522
f 7562 7561 7558
f 7559 7562 7558
f 7563 7562 7559
f 7560 7563 7559
f 7554 7563 7560
f 7556 7554 7560
f 7564 7518 7520
f 7561 7564 7520
f 7565 7564 7561
f 7562 7565 7561
f 7566 7565 7562
f 7563 7566 7562
f 7552 7566 7563
f 7554 7552 7563
f 7567 7516 7518
f 7564 7567 7518
f 7568 7567 7564
f 7565 7568 7564
f 7569 7568 7565
f 7566 7569 7565
f 7550 7569 7566
f 7552 7550 7566
f 7570 7514 7516
f 7567 7570 7516
f 7571 7570 7567
f 7568 7571 7567
f 7572 7571 7568
f 7569 7572 7568
f 7548 7572 7569
f 7550 7548 7569
f 7573 7512 7514
f 7570 7573 7514
f 7574 7573 7570
f 7571 7574 7570
f 7575 7574 7571
f 7572 7575 7571
f 7546 7575 7572
f 7548 7546 7572
f 7576 7509 7512
f 7573 7576 7512
f 7577 7576 7573
f 7574 7577 7573
f 7578 7577 7574
f 7575 7578 7574
f 7544 7578 7575
f 7546 7544 7575
f 7577 7578 7508
f 7576 7577 7508
f 7509 7576 7508
f 7578 7544 7508
f 7579 7528 7525
f 7580 7579 7525
f 7581 7580 7525
f 7523 7581 7525
f 7582 7530 7528
f 7579 7582 7528
f 7583 7582 7579
f 7580 7583 7579
f 7584 7583 7580
f 7581 7584 7580
f 7521 7584 7581
f 7523 7521 7581
f 7585 7532 7530
f 7582 7585 7530
f 7586 7585 7582
f 7583 7586 7582
f 7587 7586 7583
f 7584 7587 7583
f 7519 7587 7584
f 7521 7519 7584
f 7588 7534 7532
f 7585 7588 7532
f 7589 7588 7585
f 7586 7589 7585
f 7590 7589 7586
f 7587 7590 7586
f 7517 7590 7587
f 7519 7517 7587
f 7591 7536 7534
f 7588 7591 7534
f 7592 7591 7588
f 7589 7592 7588
f 7593 7592 7589
f 7590 7593 7589
f 7515 7593 7590
f 7517 7515 7590
f 7594 7538 7536
f 7591 7594 7536
f 7595 7594 7591
f 7592 7595 7591
f 7596 7595 7592
f 7593 7596 7592
f 7513 7596 7593
f 7515 7513 7593
f 7597 7540 7538
f 7594 7597 7538
f 7598 7597 7594
f 7595 7598 7594
f 7599 7598 7595
f 7596 7599 7595
f 7510 7599 7596
f 7513 7510 7596
f 7599 7510 7511
f 7598 7599 7511
f 7597 7598 7511
f 7540 7597 7511
f 7602 7601 7600
f 7603 7602 7600
f 7605 7604 7601
f 7602 7605 7601
f 7607 7606 7604
f 7605 7607 7604
f 7609 7608 7606
f 7607 7609 7606
f 7611 7610 7608
f 7609 7611 7608
f 7613 7612 7610
f 7611 7613 7610
f 7615 7614 7612
f 7613 7615 7612
f 7617 7616 7614
f 7615 7617 7614
f 7620 7619 7618
f 7617 7620 7618
f 7622 7621 7619
f 7620 7622 7619
f 7624 7623 7621
f 7622 7624 7621
f 7626 7625 7623
f 7624 7626 7623
f 7628 7627 7625
f 7626 7628 7625
f 7630 7629 7627
f 7628 7630 7627
f 7632 7631 7629
f 7630 7632 7629
f 7603 7633 7631
f 7632 7603 7631
f 7636 7635 7634
f 7600 7636 7634
f 7638 7637 7635
f 7636 7638 7635
f 7640 7639 7637
f 7638 7640 7637
f 7642 7641 7639
f 7640 7642 7639
f 7644 7643 7641
f 7642 7644 7641
f 7646 7645 7643
f 7644 7646 7643
f 7648 7647 7645
f 7646 7648 7645
f 7616 7649 7647
f 7648 7616 7647
f 7649 7616 7617
f 7618 7649 7617
f 7634 7633 7603
f 7600 7634 7603
f 7650 7614 7616
f 7651 7650 7616
f 7652 7651 7616
f 7648 7652 7616
f 7653 7612 7614
f 7650 7653 7614
f 7654 7653 7650
f 7651 7654 7650
f 7655 7654 7651
f 7652 7655 7651
f 7646 7655 7652
f 7648 7646 7652
f 7656 7610 7612
f 7653 7656 7612
f 7657 7656 7653
f 7654 7657 7653
f 7658 7657 7654
f 7655 7658 7654
f 7644 7658 7655
f 7646 7644 7655
f 7659 7608 7610
f 7656 7659 7610
f 7660 7659 7656
f 7657 7660 7656
f 7661 7660 7657
f 7658 7661 7657
f 7642 7661 7658
f 7644 7642 7658
f 7662 7606 7608
f 7659 7662 7608
f 7663 7662 7659
f 7660 7663 7659
f 7664 7663 7660
f 7661 7664 7660
f 7640 7664 7661
f 7642 7640 7661
f 7665 7604 7606
f 7662 7665 7606
f 7666 7665 7662
f 7663 7666 7662
f 7667 7666 7663
f 7664 7667 7663
f 7638 7667 7664
f 7640 7638 7664
f 7668 7601 7604
f 7665 7668 7604
f 7669 7668 7665
f 7666 7669 7665
f 7670 7669 7666
f 7667 7670 7666
f 7636 7670 7667
f 7638 7636 7667
f 7669 7670 7600
f 7668 7669 7600
f 7601 7668 7600
f 7670 7636 7600
f 7671 7620 7617
f 7672 7671 7617
f 7673 7672 7617
f 7615 7673 7617
f 7674 7622 7620
f 7671 7674 7620
f 7675 7674 7671
f 7672 7675 7671
f 7676 7675 7672
f 7673 7676 7672
f 7613 7676 7673
f 7615 7613 7673
f 7677 7624 7622
f 7674 7677 7622
f 7678 7677 7674
f 7675 7678 7674
f 7679 7678 7675
f 7676 7679 7675
f 7611 7679 7676
f 7613 7611 7676
f 7680 7626 7624
f 7677 7680 7624
f 7681 7680 7677
f 7678 7681 7677
f 7682 7681 7678
f 7679 7682 7678
f 7609 7682 7679
f 7611 7609 7679
f 7683 7628 7626
f 7680 7683 7626
f 7684 7683 7680
f 7681 7684 7680
f 7685 7684 7681
f 7682 7685 7681
f 7607 7685 7682
f 7609 7607 7682
f 7686 7630 7628
f 7683 7686 7628
f 7687 7686 7683
f 7684 7687 7683
f 7688 7687 7684
f 7685 7688 7684
f 7605 7688 7685
f 7607 7605 7685
f 7689 7632 7630
f 7686 7689 7630
f 7690 7689 7686
f 7687 7690 7686
f 7691 7690 7687
f 7688 7691 7687
f 7602 7691 7688
f 7605 7602 7688
f 7691 7602 7603
f 7690 7691 7603
f 7689 7690 7603
f 7632 7689 7603
f 7694 7693 7692
f 7694 7692 7695
f 7693 7697 7696
f 7693 7696 7692
f 7697 7699 7698
f 7697 7698 7696
f 7699 7701 7700
f 7699 7700 7698
f 7701 7703 7702
f 7701 7702 7700
f 7703 7705 7704
f 7703 7704 7702
f 7705 7707 7706
f 7705 7706 7704
f 7707 7709 7708
f 7707 7708 7706
f 7712 7711 7710
f 7712 7710 7708
f 7711 7714 7713
f 7711 7713 7710
f 7714 7716 7715
f 7714 7715 7713
f 7716 7718 7717
f 7716 7717 7715
f 7718 7720 7719
f 7718 7719 7717
f 7720 7722 7721
f 7720 7721 7719
f 7722 7724 7723
f 7722 7723 7721
f 7724 7725 7695
f 7724 7695 7723
f 7728 7727 7726
f 7728 7726 7694
f 7727 7730 7729
f 7727 7729 7726
f 7730 7732 7731
f 7730 7731 7729
f 7732 7734 7733
f 7732 7733 7731
f 7734 7736 7735
f 7734 7735 7733
f 7736 7738 7737
f 7736 7737 7735
f 7738 7740 7739
f 7738 7739 7737
f 7740 7741 7709
f 7740 7709 7739
f 7708 7709 7741
f 7708 7741 7712
f 7695 7725 7728
f 7695 7728 7694
f 7709 7707 7742
f 7709 7742 7743
f 7709 7743 7744
f 7709 7744 7739
f 7707 7705 7745
f 7707 7745 7742
f 7742 7745 7746
f 7742 7746 7743
f 7743 7746 7747
f 7743 7747 7744
f 7744 7747 7737
f 7744 7737 7739
f 7705 7703 7748
f 7705 7748 7745
f 7745 7748 7749
f 7745 7749 7746
f 7746 7749 7750
f 7746 7750 7747
f 7747 7750 7735
f 7747 7735 7737
f 7703 7701 7751
f 7703 7751 7748
f 7748 7751 7752
f 7748 7752 7749
f 7749 7752 7753
f 7749 7753 7750
f 7750 7753 7733
f 7750 7733 7735
f 7701 7699 7754
f 7701 7754 7751
f 7751 7754 7755
f 7751 7755 7752
f 7752 7755 7756
f 7752 7756 7753
f 7753 7756 7731
f 7753 7731 7733
f 7699 7697 7757
f 7699 7757 7754
f 7754 7757 7758
f 7754 7758 7755
f 7755 7758 7759
f 7755 7759 7756
f 7756 7759 7729
f 7756 7729 7731
f 7697 7693 7760
f 7697 7760 7757
f 7757 7760 7761
f 7757 7761 7758
f 7758 7761 7762
f 7758 7762 7759
f 7759 7762 7726
f 7759 7726 7729
f 7694 7762 7761
f 7694 7761 7760
f 7694 7760 7693
f 7694 7726 7762
f 7708 7710 7763
f 7708 7763 7764
f 7708 7764 7765
f 7708 7765 7706
f 7710 7713 7766
f 7710 7766 7763
f 7763 7766 7767
f 7763 7767 7764
f 7764 7767 7768
f 7764 7768 7765
f 7765 7768 7704
f 7765 7704 7706
f 7713 7715 7769
f 7713 7769 7766
f 7766 7769 7770
f 7766 7770 7767
f 7767 7770 7771
f 7767 7771 7768
f 7768 7771 7702
f 7768 7702 7704
f 7715 7717 7772
f 7715 7772 7769
f 7769 7772 7773
f 7769 7773 7770
f 7770 7773 7774
f 7770 7774 7771
f 7771 7774 7700
f 7771 7700 7702
f 7717 7719 7775
f 7717 7775 7772
f 7772 7775 7776
f 7772 7776 7773
f 7773 7776 7777
f 7773 7777 7774
f 7774 7777 7698
f 7774 7698 7700
f 7719 7721 7778
f 7719 7778 7775
f 7775 7778 7779
f 7775 7779 7776
f 7776 7779 7780
f 7776 7780 7777
f 7777 7780 7696
f 7777 7696 7698
f 7721 7723 7781
f 7721 7781 7778
f 7778 7781 7782
f 7778 7782 7779
f 7779 7782 7783
f 7779 7783 7780
f 7780 7783 7692
f 7780 7692 7696
f 7695 7692 7783
f 7695 7783 7782
f 7695 7782 7781
f 7695 7781 7723
f 7786 7785 7784
f 7786 7784 7787
f 7785 7789 7788
f 7785 7788 7784
f 7789 7791 7790
f 7789 7790 7788
f 7791 7793 7792
f 7791 7792 7790
f 7793 7795 7794
f 7793 7794 7792
f 7795 7797 7796
f 7795 7796 7794
f 7797 7799 7798
f 7797 7798 7796
f 7799 7801 7800
f 7799 7800 7798
f 7804 7803 7802
f 7804 7802 7800
f 7803 7806 7805
f 7803 7805 7802
f 7806 7808 7807
f 7806 7807 7805
f 7808 7810 7809
f 7808 7809 7807
f 7810 7812 7811
f 7810 7811 7809
f 7812 7814 7813
f 7812 7813 7811
f 7814 7816 7815
f 7814 7815 7813
f 7816 7817 7787
f 7816 7787 7815
f 7820 7819 7818
f 7820 7818 7786
f 7819 7822 7821
f 7819 7821 7818
f 7822 7824 7823
f 7822 7823 7821
f 7824 7826 7825
f 7824 7825 7823
f 7826 7828 7827
f 7826 7827 7825
f 7828 7830 7829
f 7828 7829 7827
f 7830 7832 7831
f 7830 7831 7829
f 7832 7833 7801
f 7832 7801 7831
f 7800 7801 7833
f 7800 7833 7804
f 7787 7817 7820
f 7787 7820 7786
f 7801 7799 7834
f 7801 7834 7835
f 7801 7835 7836
f 7801 7836 7831
f 7799 7797 7837
f 7799 7837 7834
f 7834 7837 7838
f 7834 7838 7835
f 7835 7838 7839
f 7835 7839 7836
f 7836 7839 7829
f 7836 7829 7831
f 7797 7795 7840
f 7797 7840 7837
f 7837 7840 7841
f 7837 7841 7838
f 7838 7841 7842
f 7838 7842 7839
f 7839 7842 7827
f 7839 7827 7829
f 7795 7793 7843
f 7795 7843 7840
f 7840 7843 7844
f 7840 7844 7841
f 7841 7844 7845
f 7841 7845 7842
f 7842 7845 7825
f 7842 7825 7827
f 7793 7791 7846
f 7793 7846 7843
f 7843 7846 7847
f 7843 7847 7844
f 7844 7847 7848
f 7844 7848 7845
f 7845 7848 7823
f 7845 7823 7825
f 7791 7789 7849
f 7791 7849 7846
f 7846 7849 7850
f 7846 7850 7847
f 7847 7850 7851
f 7847 7851 7848
f 7848 7851 7821
f 7848 7821 7823
f 7789 7785 7852
f 7789 7852 7849
f 7849 7852 7853
f 7849 7853 7850
f 7850 7853 7854
f 7850 7854 7851
f 7851 7854 7818
f 7851 7818 7821
f 7786 7854 7853
f 7786 7853 7852
f 7786 7852 7785
f 7786 7818 7854
f 7800 7802 7855
f 7800 7855 7856
f 7800 7856 7857
f 7800 7857 7798
f 7802 7805 7858
f 7802 7858 7855
f 7855 7858 7859
f 7855 7859 7856
f 7856 7859 7860
f 7856 7860 7857
f 7857 7860 7796
f 7857 7796 7798
f 7805 7807 7861
f 7805 7861 7858
f 7858 7861 7862
f 7858 7862 7859
f 7859 7862 7863
f 7859 7863 7860
f 7860 7863 7794
f 7860 7794 7796
f 7807 7809 7864
f 7807 7864 7861
f 7861 7864 7865
f 7861 7865 7862
f 7862 7865 7866
f 7862 7866 7863
f 7863 7866 7792
f 7863 7792 7794
f 7809 7811 7867
f 7809 7867 7864
f 7864 7867 7868
f 7864 7868 7865
f 7865 7868 7869
f 7865 7869 7866
f 7866 7869 7790
f 7866 7790 7792
f 7811 7813 7870
f 7811 7870 7867
f 7867 7870 7871
f 7867 7871 7868
f 7868 7871 7872
f 7868 7872 7869
f 7869 7872 7788
f 7869 7788 7790
f 7813 7815 7873
f 7813 7873 7870
f 7870 7873 7874
f 7870 7874 7871
f 7871 7874 7875
f 7871 7875 7872
f 7872 7875 7784
f 7872 7784 7788
f 7787 7784 7875
f 7787 7875 7874
f 7787 7874 7873
f 7787 7873 7815
f 7878 7877 7876
f 7879 7878 7876
f 7881 7880 7877
f 7878 7881 7877
f 7883 7882 7880
f 7881 7883 7880
f 7885 7884 7882
f 7883 7885 7882
f 7887 7886 7884
f 7885 7887 7884
f 7889 7888 7886
f 7887 7889 7886
f 7891 7890 7888
f 7889 7891 7888
f 7893 7892 7890
f 7891 7893 7890
f 7896 7895 7894
f 7893 7896 7894
f 7898 7897 7895
f 7896 7898 7895
f 7900 7899 7897
f 7898 7900 7897
f 7902 7901 7899
f 7900 7902 7899
f 7904 7903 7901
f 7902 7904 7901
f 7906 7905 7903
f 7904 7906 7903
f 7908 7907 7905
f 7906 7908 7905
f 7879 7909 7907
f 7908 7879 7907
f 7912 7911 7910
f 7876 7912 7910
f 7914 7913 7911
f 7912 7914 7911
f 7916 7915 7913
f 7914 7916 7913
f 7918 7917 7915
f 7916 7918 7915
f 7920 7919 7917
f 7918 7920 7917
f 7922 7921 7919
f 7920 7922 7919
f 7924 7923 7921
f 7922 7924 7921
f 7892 7925 7923
f 7924 7892 7923
f 7925 7892 7893
f 7894 7925 7893
f 7910 7909 7879
f 7876 7910 7879
f 7926 7890 7892
f 7927 7926 7892
f 7928 7927 7892
f 7924 7928 7892
f 7929 7888 7890
f 7926 7929 7890
f 7930 7929 7926
f 7927 7930 7926
f 7931 7930 7927
f 7928 7931 7927
f 7922 7931 7928
f 7924 7922 7928
f 7932 7886 7888
f 7929 7932 7888
f 7933 7932 7929
f 7930 7933 7929
f 7934 7933 7930
f 7931 7934 7930
f 7920 7934 7931
f 7922 7920 7931
f 7935 7884 7886
f 7932 7935 7886
f 7936 7935 7932
f 7933 7936 7932
f 7937 7936 7933
f 7934 7937 7933
f 7918 7937 7934
f 7920 7918 7934
f 7938 7882 7884
f 7935 7938 7884
f 7939 7938 7935
f 7936 7939 7935
f 7940 7939 7936
f 7937 7940 7936
f 7916 7940 7937
f 7918 7916 7937
f 7941 7880 7882
f 7938 7941 7882
f 7942 7941 7938
f 7939 7942 7938
f 7943 7942 7939
f 7940 7943 7939
f 7914 7943 7940
f 7916 7914 7940
f 7944 7877 7880
f 7941 7944 7880
f 7945 7944 7941
f 7942 7945 7941
f 7946 7945 7942
f 7943 7946 7942
f 7912 7946 7943
f 7914 7912 7943
f 7945 7946 7876
f 7944 7945 7876
f 7877 7944 7876
f 7946 7912 7876
f 7947 7896 7893
f 7948 7947 7893
f 7949 7948 7893
f 7891 7949 7893
f 7950 7898 7896
f 7947 7950 7896
f 7951 7950 7947
f 7948 7951 7947
f 7952 7951 7948
f 7949 7952 7948
f 7889 7952 7949
f 7891 7889 7949
f 7953 7900 7898
f 7950 7953 7898
f 7954 7953 7950
f 7951 7954 7950
f 7955 7954 7951
f 7952 7955 7951
f 7887 7955 7952
f 7889 7887 7952
f 7956 7902 7900
f 7953 7956 7900
f 7957 7956 7953
f 7954 7957 7953
f 7958 7957 7954
f 7955 7958 7954
f 7885 7958 7955
f 7887 7885 7955
f 7959 7904 7902
f 7956 7959 7902
f 7960 7959 7956
f 7957 7960 7956
f 7961 7960 7957
f 7958 7961 7957
f 7883 7961 7958
f 7885 7883 7958
f 7962 7906 7904
f 7959 7962 7904
f 7963 7962 7959
f 7960 7963 7959
f 7964 7963 7960
f 7961 7964 7960
f 7881 7964 7961
f 7883 7881 7961
f 7965 7908 7906
f 7962 7965 7906
f 7966 7965 7962
f 7963 7966 7962
f 7967 7966 7963
f 7964 7967 7963
f 7878 7967 7964
f 7881 7878 7964
f 7967 7878 7879
f 7966 7967 7879
f 7965 7966 7879
f 7908 7965 7879
f 7970 7969 7968
f 7971 7970 7968
f 7973 7972 7969
f 7970 7973 7969
f 7975 7974 7972
f 7973 7975 7972
f 7977 7976 7974
f 7975 7977 7974
f 7979 7978 7976
f 7977 7979 7976
f 7981 7980 7978
f 7979 7981 7978
f 7983 7982 7980
f 7981 7983 7980
f 7985 7984 7982
f 7983 7985 7982
f 7988 7987 7986
f 7985 7988 7986
f 7990 7989 7987
f 7988 7990 7987
f 7992 7991 7989
f 7990 7992 7989
f 7994 7993 7991
f 7992 7994 7991
f 7996 7995 7993
f 7994 7996 7993
f 7998 7997 7995
f 7996 7998 7995
f 8000 7999 7997
f 7998 8000 7997
f 7971 8001 7999
f 8000 7971 7999
f 8004 8003 8002
f 7968 8004 8002
f 8006 8005 8003
f 8004 8006 8003
f 8008 8007 8005
f 8006 8008 8005
f 8010 8009 8007
f 8008 8010 8007
f 8012 8011 8009
f 8010 8012 8009
f 8014 8013 8011
f 8012 8014 8011
f 8016 8015 8013
f 8014 8016 8013
f 7984 8017 8015
f 8016 7984 8015
f 8017 7984 7985
f 7986 8017 7985
f 8002 8001 7971
f 7968 8002 7971
f 8018 7982 7984
f 8019 8018 7984
f 8020 8019 7984
f 8016 8020 7984
f 8021 7980 7982
f 8018 8021 7982
f 8022 8021 8018
f 8019 8022 8018
f 8023 8022 8019
f 8020 8023 8019
f 8014 8023 8020
f 8016 8014 8020
f 8024 7978 7980
f 8021 8024 7980
f 8025 8024 8021
f 8022 8025 8021
f 8026 8025 8022
f 8023 8026 8022
f 8012 8026 8023
f 8014 8012 8023
f 8027 7976 7978
f 8024 8027 7978
f 8028 8027 8024
f 8025 8028 8024
f 8029 8028 8025
f 8026 8029 8025
f 8010 8029 8026
f 8012 8010 8026
f 8030 7974 7976
f 8027 8030 7976
f 8031 8030 8027
f 8028 8031 8027
f 8032 8031 8028
f 8029 8032 8028
f 8008 8032 8029
f 8010 8008 8029
f 8033 7972 7974
f 8030 8033 7974
f 8034 8033 8030
f 8031 8034 8030
f 8035 8034 8031
f 8032 8035 8031
f 8006 8035 8032
f 8008 8006 8032
f 8036 7969 7972
f 8033 8036 7972
f 8037 8036 8033
f 8034 8037 8033
f 8038 8037 8034
f 8035 8038 8034
f 8004 8038 8035
f 8006 8004 8035
f 8037 8038 7968
f 8036 8037 7968
f 7969 8036 7968
f 8038 8004 7968
f 8039 7988 7985
f 8040 8039 7985
f 8041 8040 7985
f 7983 8041 7985
f 8042 7990 7988
f 8039 8042 7988
f 8043 8042 8039
f 8040 8043 8039
f 8044 8043 8040
f 8041 8044 8040
f 7981 8044 8041
f 7983 7981 8041
f 8045 7992 7990
f 8042 8045 7990
f 8046 8045 8042
f 8043 8046 8042
f 8047 8046 8043
f 8044 8047 8043
f 7979 8047 8044
f 7981 7979 8044
f 8048 7994 7992
f 8045 8048 7992
f 8049 8048 8045
f 8046 8049 8045
f 8050 8049 8046
f 8047 8050 8046
f 7977 8050 8047
f 7979 7977 8047
f 8051 7996 7994
f 8048 8051 7994
f 8052 8051 8048
f 8049 8052 8048
f 8053 8052 8049
f 8050 8053 8049
f 7975 8053 8050
f 7977 7975 8050
f 8054 7998 7996
f 8051 8054 7996
f 8055 8054 8051
f 8052 8055 8051
f 8056 8055 8052
f 8053 8056 8052
f 7973 8056 8053
f 7975 7973 8053
f 8057 8000 7998
f 8054 8057 7998
f 8058 8057 8054
f 8055 8058 8054
f 8059 8058 8055
f 8056 8059 8055
f 7970 8059 8056
f 7973 7970 8056
f 8059 7970 7971
f 8058 8059 7971
f 8057 8058 7971
f 8000 8057 7971
f 8062 8061 8060
f 8063 8062 8060
f 8065 8064 8061
f 8062 8065 8061
f 8067 8066 8064
f 8065 8067 8064
f 8069 8068 8066
f 8067 8069 8066
f 8071 8070 8068
f 8069 8071 8068
f 8073 8072 8070
f 8071 8073 8070
f 8075 8074 8072
f 8073 8075 8072
f 8077 8076 8074
f 8075 8077 8074
f 8080 8079 8078
f 8077 8080 8078
f 8082 8081 8079
f 8080 8082 8079
f 8084 8083 8081
f 8082 8084 8081
f 8086 8085 8083
f 8084 8086 8083
f 8088 8087 8085
f 8086 8088 8085
f 8090 8089 8087
f 8088 8090 8087
f 8092 8091 8089
f 8090 8092 8089
f 8063 8093 8091
f 8092 8063 8091
f 8096 8095 8094
f 8060 8096 8094
f 8098 8097 8095
f 8096 8098 8095
f 8100 8099 8097
f 8098 8100 8097
f 8102 8101 8099
f 8100 8102 8099
f 8104 8103 8101
f 8102 8104 8101
f 8106 8105 8103
f 8104 8106 8103
f 8108 8107 8105
f 8106 8108 8105
f 8076 8109 8107
f 8108 8076 8107
f 8109 8076 8077
f 8078 8109 8077
f 8094 8093 8063
f 8060 8094 8063
f 8110 8074 8076
f 8111 8110 8076
f 8112 8111 8076
f 8108 8112 8076
f 8113 8072 8074
f 8110 8113 8074
f 8114 8113 8110
f 8111 8114 8110
f 8115 8114 8111
f 8112 8115 8111
f 8106 8115 8112
f 8108 8106 8112
f 8116 8070 8072
f 8113 8116 8072
f 8117 8116 8113
f 8114 8117 8113
f 8118 8117 8114
f 8115 8118 8114
f 8104 8118 8115
f 8106 8104 8115
f 8119 8068 8070
f 8116 8119 8070
f 8120 8119 8116
f 8117 8120 8116
f 8121 8120 8117
f 8118 8121 8117
f 8102 8121 8118
f 8104 8102 8118
f 8122 8066 8068
f 8119 8122 8068
f 8123 8122 8119
f 8120 8123 8119
f 8124 8123 8120
f 8121 8124 8120
f 8100 8124 8121
f 8102 8100 8121
f 8125 8064 8066
f 8122 8125 8066
f 8126 8125 8122
f 8123 8126 8122
f 8127 8126 8123
f 8124 8127 8123
f 8098 8127 8124
f 8100 8098 8124
f 8128 8061 8064
f 8125 8128 8064
f 8129 8128 8125
f 8126 8129 8125
f 8130 8129 8126
f 8127 8130 8126
f 8096 8130 8127
f 8098 8096 8127
f 8129 8130 8060
f 8128 8129 8060
f 8061 8128 8060
f 8130 8096 8060
f 8131 8080 8077
f 8132 8131 8077
f 8133 8132 8077
f 8075 8133 8077
f 8134 8082 8080
f 8131 8134 8080
f 8135 8134 8131
f 8132 8135 8131
f 8136 8135 8132
f 8133 8136 8132
f 8073 8136 8133
f 8075 8073 8133
f 8137 8084 8082
f 8134 8137 8082
f 8138 8137 8134
f 8135 8138 8134
f 8139 8138 8135
f 8136 8139 8135
f 8071 8139 8136
f 8073 8071 8136
f 8140 8086 8084
f 8137 8140 8084
f 8141 8140 8137
f 8138 8141 8137
f 8142 8141 8138
f 8139 8142 8138
f 8069 8142 8139
f 8071 8069 8139
f 8143 8088 8086
f 8140 8143 8086
f 8144 8143 8140
f 8141 8144 8140
f 8145 8144 8141
f 8142 8145 8141
f 8067 8145 8142
f 8069 8067 8142
f 8146 8090 8088
f 8143 8146 8088
f 8147 8146 8143
f 8144 8147 8143
f 8148 8147 8144
f 8145 8148 8144
f 8065 8148 8145
f 8067 8065 8145
f 8149 8092 8090
f 8146 8149 8090
f 8150 8149 8146
f 8147 8150 8146
f 8151 8150 8147
f 8148 8151 8147
f 8062 8151 8148
f 8065 8062 8148
f 8151 8062 8063
f 8150 8151 8063
f 8149 8150 8063
f 8092 8149 8063
f 8154 8153 8152
f 8156 8154 8155
f 8156 8153 8154
f 8159 8158 8157
f 8159 8161 8160
f 8164 8163 8162
f 8164 8165 8157
f 8168 8167 8166
f 8168 8169 8162
f 8166 8171 8170
f 8170 8172 8166
f 8170 8174 8173
f 8173 8175 8170
f 8176 8154 8152
f 8155 8176 8177
f 8155 8154 8176
f 8180 8179 8178
f 8180 8182 8181
f 8185 8184 8183
f 8185 8158 8178
f 8188 8187 8186
f 8188 8163 8183
f 8186 8190 8189
f 8189 8167 8186
f 8189 8191 8174
f 8174 8171 8189
f 8192 8176 8152
f 8177 8192 8193
f 8177 8176 8192
f 8196 8195 8194
f 8196 8198 8197
f 8201 8200 8199
f 8201 8179 8194
f 8202 8184 8199
f 8205 8204 8203
f 8203 8187 8205
f 8203 8206 8191
f 8191 8190 8203
f 8207 8192 8152
f 8193 8207 8208
f 8193 8192 8207
f 8211 8210 8209
f 8211 8213 8212
f 8216 8215 8214
f 8216 8195 8209
f 8219 8218 8217
f 8220 8200 8214
f 8217 8222 8221
f 8224 8204 8223
f 8221 8225 8206
f 8206 8226 8224
f 8227 8207 8152
f 8208 8227 8228
f 8208 8207 8227
f 8231 8230 8229
f 8231 8233 8232
f 8236 8235 8234
f 8236 8210 8229
f 8239 8238 8237
f 8237 8240 8225
f 8225 8222 8237
f 8232 8233 8208
f 8242 8241 8232
f 8229 8210 8243
f 8230 8244 8229
f 8234 8215 8245
f 8247 8246 8234
f 6790 8238 8239
f 8239 8222 8218
f 8238 8240 8237
f 8223 8221 8224
f 8222 8225 8221
f 8218 8222 8217
f 8248 8217 8223
f 8214 8200 8249
f 8215 8250 8214
f 8209 8195 8251
f 8210 8245 8209
f 8212 8213 8193
f 8233 8243 8212
f 8197 8198 8177
f 8213 8251 8197
f 8194 8179 8252
f 8195 8249 8194
f 8199 8184 8253
f 8200 8254 8199
f 8205 8187 8255
f 8203 8190 8187
f 8226 8206 8203
f 8189 8171 8167
f 8190 8191 8189
f 8187 8190 8186
f 8186 8167 8256
f 8183 8163 8257
f 8184 8255 8183
f 8178 8158 8258
f 8179 8253 8178
f 8181 8182 8155
f 8198 8252 8181
f 8160 8161 8156
f 8182 8258 8160
f 8157 8165 8259
f 8158 8257 8157
f 8162 8169 8260
f 8163 8256 8162
f 8166 8172 8261
f 8167 8171 8166
f 8170 8175 8172
f 8171 8174 8170
f 8235 8263 8262
f 6790 8264 8262
f 8218 8265 8264
f 8219 8220 8265
f 8265 8218 8219
f 8223 8254 8248
f 8204 8202 8254
f 8255 8184 8202
f 8202 8205 8255
f 8188 8183 8255
f 8255 8187 8188
f 8256 8163 8188
f 8188 8186 8256
f 8168 8162 8256
f 8256 8167 8168
f 8261 8169 8168
f 8168 8166 8261
f 8164 8162 8260
f 8257 8163 8164
f 8260 8165 8164
f 8185 8183 8257
f 8164 8157 8257
f 8253 8184 8185
f 8257 8158 8185
f 8201 8199 8253
f 8185 8178 8253
f 8249 8200 8201
f 8253 8179 8201
f 8216 8214 8249
f 8201 8194 8249
f 8245 8215 8216
f 8249 8195 8216
f 8236 8234 8245
f 8216 8209 8245
f 8244 8235 8236
f 8245 8210 8236
f 8236 8229 8244
f 8231 8232 8241
f 8241 8230 8231
f 8243 8233 8231
f 8231 8229 8243
f 8211 8212 8243
f 8243 8210 8211
f 8251 8213 8211
f 8211 8209 8251
f 8196 8197 8251
f 8251 8195 8196
f 8252 8198 8196
f 8196 8194 8252
f 8180 8181 8252
f 8252 8179 8180
f 8258 8182 8180
f 8180 8178 8258
f 8159 8160 8258
f 8258 8158 8159
f 8259 8161 8159
f 8159 8157 8259
f 8228 8242 8232
f 8208 8233 8212
f 8228 8232 8208
f 8193 8213 8197
f 8208 8212 8193
f 8177 8198 8181
f 8193 8197 8177
f 8155 8182 8160
f 8177 8181 8155
f 8155 8160 8156
f 8264 8239 8218
f 8202 8204 8205
f 8204 8226 8203
f 8237 8222 8239
f 8220 8219 8248
f 8250 8234 8246
f 8248 8254 8200
f 8200 8220 8248
f 8202 8199 8254
f 8250 8265 8220
f 8265 8250 8264
f 8152 8267 8266
f 8269 8266 8268
f 8266 8267 8268
f 8272 8271 8270
f 8274 8273 8270
f 8277 8276 8275
f 8272 8278 8275
f 6686 8280 8279
f 8277 8281 8279
f 8152 8266 8282
f 8283 8282 8269
f 8282 8266 8269
f 8286 8285 8284
f 8288 8287 8284
f 8291 8290 8289
f 8286 8271 8290
f 6712 6725 8292
f 8293 8276 8292
f 8152 8282 8294
f 8295 8294 8283
f 8294 8282 8283
f 8298 8297 8296
f 8300 8299 8296
f 8303 8302 8301
f 8298 8285 8301
f 6738 6751 8304
f 8306 8305 8304
f 8152 8294 8307
f 8308 8307 8295
f 8307 8294 8295
f 8311 8310 8309
f 8313 8312 8309
f 8316 8315 8314
f 8311 8297 8314
f 8318 6778 8317
f 8316 8302 8317
f 8152 8307 8227
f 8228 8227 8308
f 8227 8307 8308
f 8320 8230 8319
f 8322 8321 8319
f 8324 8235 8323
f 8320 8310 8323
f 6788 6790 8325
f 8324 8315 8325
f 8308 8321 8322
f 8322 8241 8242
f 8326 8310 8320
f 8320 8244 8230
f 8327 8315 8324
f 8324 8263 8235
f 8328 8302 8316
f 8316 8329 8315
f 8330 8297 8311
f 8311 8327 8310
f 8295 8312 8313
f 8313 8326 8321
f 8283 8299 8300
f 8300 8330 8312
f 8331 8285 8298
f 8298 8328 8297
f 8303 8332 8291
f 8306 8333 8302
f 8334 6725 6738
f 8335 8280 6712
f 8336 8276 8293
f 8293 8334 8305
f 8337 8271 8286
f 8286 8332 8285
f 8269 8287 8288
f 8288 8331 8299
f 8268 8273 8274
f 8274 8337 8287
f 8338 8278 8272
f 8272 8336 8271
f 8339 8281 8277
f 8277 8335 8276
f 8340 6297 6686
f 8263 8324 8325
f 8325 6790 8263
f 8325 8315 8329
f 6778 6788 8325
f 8329 8316 8317
f 8317 6778 8329
f 8317 8302 8333
f 6751 8318 8317
f 8333 8306 8304
f 8304 8305 8334
f 8334 6738 8304
f 8334 8293 8292
f 8292 8276 8335
f 8335 6712 8292
f 8335 8277 8279
f 8279 8280 8335
f 8279 8281 8340
f 8340 6686 8279
f 8339 8277 8275
f 8275 8276 8336
f 8275 8278 8339
f 8336 8293 8289
f 8336 8272 8275
f 8289 8305 8291
f 8290 8271 8336
f 8291 8306 8303
f 8332 8286 8290
f 8301 8302 8328
f 8301 8285 8332
f 8328 8316 8314
f 8328 8298 8301
f 8314 8315 8327
f 8314 8297 8328
f 8327 8324 8323
f 8327 8311 8314
f 8323 8235 8244
f 8323 8310 8327
f 8244 8320 8323
f 8241 8322 8319
f 8319 8230 8241
f 8319 8321 8326
f 8326 8320 8319
f 8326 8313 8309
f 8309 8310 8326
f 8309 8312 8330
f 8330 8311 8309
f 8330 8300 8296
f 8296 8297 8330
f 8296 8299 8331
f 8331 8298 8296
f 8331 8288 8284
f 8284 8285 8331
f 8284 8287 8337
f 8337 8286 8284
f 8337 8274 8270
f 8270 8271 8337
f 8270 8273 8338
f 8338 8272 8270
f 8322 8242 8228
f 8313 8321 8308
f 8308 8322 8228
f 8300 8312 8295
f 8295 8313 8308
f 8288 8299 8283
f 8283 8300 8295
f 8274 8287 8269
f 8269 8288 8283
f 8268 8274 8269
f 8325 8329 6778
f 8333 8304 6751
f 8334 8292 6725
f 8317 8333 6751
f 8250 8215 8234
f 8246 8264 8250
f 8220 8214 8250
f 8219 8217 8248
f 8223 8204 8254
f 8221 8223 8217
f 8247 8262 8264
f 8264 6790 8239
f 8224 8226 8204
f 8206 8224 8221
f 8264 8246 8247
f 8263 6790 8262
f 8262 8247 8235
f 8234 8235 8247
f 8306 8302 8303
f 8332 8303 8301
f 8293 8305 8289
f 8336 8289 8290
f 8291 8305 8306
f 8290 8291 8332
f 8152 8153 8341
f 8342 8341 8156
f 8341 8153 8156
f 8345 8344 8343
f 8346 8161 8343
f 8349 8348 8347
f 8345 8165 8347
f 8352 8351 8350
f 8349 8169 8350
f 8354 8353 8352
f 8352 8172 8354
f 8173 8355 8354
f 8354 8175 8173
f 8152 8341 8356
f 8357 8356 8342
f 8356 8341 8342
f 8360 8359 8358
f 8362 8361 8358
f 8365 8364 8363
f 8360 8344 8363
f 8368 8367 8366
f 8365 8348 8366
f 8370 8369 8368
f 8368 8351 8370
f 8355 8371 8370
f 8370 8353 8355
f 8152 8356 8372
f 8373 8372 8357
f 8372 8356 8357
f 8376 8375 8374
f 8378 8377 8374
f 8381 8380 8379
f 8376 8359 8379
f 8381 8364 8382
f 8385 8384 8383
f 8383 8367 8385
f 8371 8386 8385
f 8385 8369 8371
f 8152 8372 8387
f 8388 8387 8373
f 8387 8372 8373
f 8391 8390 8389
f 8393 8392 8389
f 8396 8395 8394
f 8391 8375 8394
f 8399 8398 8397
f 8396 8380 8400
f 8402 8401 8399
f 8404 8384 8403
f 8386 8405 8402
f 8403 8406 8386
f 8152 8387 8407
f 8408 8407 8388
f 8407 8387 8388
f 8411 8410 8409
f 8413 8412 8409
f 8416 8415 8414
f 8411 8390 8414
f 8419 8418 8417
f 8405 8420 8419
f 8419 8401 8405
f 8388 8412 8413
f 8413 8422 8421
f 8423 8390 8411
f 8411 8424 8410
f 8425 8395 8416
f 8416 8427 8426
f 8417 8418 6415
f 8398 8401 8417
f 8419 8420 8418
f 8403 8402 8404
f 8402 8405 8401
f 8399 8401 8398
f 8404 8399 8428
f 8429 8380 8396
f 8396 8430 8395
f 8431 8375 8391
f 8391 8425 8390
f 8373 8392 8393
f 8393 8423 8412
f 8357 8377 8378
f 8378 8431 8392
f 8432 8359 8376
f 8376 8429 8375
f 8433 8364 8381
f 8381 8434 8380
f 8435 8367 8383
f 8367 8369 8385
f 8385 8386 8406
f 8351 8353 8370
f 8370 8371 8369
f 8368 8369 8367
f 8436 8351 8368
f 8437 8348 8365
f 8365 8435 8364
f 8438 8344 8360
f 8360 8433 8359
f 8342 8361 8362
f 8362 8432 8377
f 8156 8161 8346
f 8346 8438 8361
f 8259 8165 8345
f 8345 8437 8344
f 8260 8169 8349
f 8349 8436 8348
f 8261 8172 8352
f 8352 8353 8351
f 8172 8175 8354
f 8354 8355 8353
f 8440 8439 8415
f 8440 8441 6415
f 8441 8442 8398
f 8442 8400 8397
f 8397 8398 8442
f 8428 8434 8404
f 8434 8382 8384
f 8382 8364 8435
f 8435 8383 8382
f 8435 8365 8366
f 8366 8367 8435
f 8366 8348 8436
f 8436 8368 8366
f 8436 8349 8350
f 8350 8351 8436
f 8350 8169 8261
f 8261 8352 8350
f 8260 8349 8347
f 8347 8348 8437
f 8347 8165 8260
f 8437 8365 8363
f 8437 8345 8347
f 8363 8364 8433
f 8363 8344 8437
f 8433 8381 8379
f 8433 8360 8363
f 8379 8380 8429
f 8379 8359 8433
f 8429 8396 8394
f 8429 8376 8379
f 8394 8395 8425
f 8394 8375 8429
f 8425 8416 8414
f 8425 8391 8394
f 8414 8415 8424
f 8414 8390 8425
f 8424 8411 8414
f 8422 8413 8409
f 8409 8410 8422
f 8409 8412 8423
f 8423 8411 8409
f 8423 8393 8389
f 8389 8390 8423
f 8389 8392 8431
f 8431 8391 8389
f 8431 8378 8374
f 8374 8375 8431
f 8374 8377 8432
f 8432 8376 8374
f 8432 8362 8358
f 8358 8359 8432
f 8358 8361 8438
f 8438 8360 8358
f 8438 8346 8343
f 8343 8344 8438
f 8343 8161 8259
f 8259 8345 8343
f 8413 8421 8408
f 8393 8412 8388
f 8388 8413 8408
f 8378 8392 8373
f 8373 8393 8388
f 8362 8377 8357
f 8357 8378 8373
f 8346 8361 8342
f 8342 8362 8357
f 8156 8346 8342
f 8398 8417 8441
f 8383 8384 8382
f 8385 8406 8384
f 8417 8401 8419
f 8428 8397 8400
f 8427 8416 8430
f 8380 8434 8428
f 8428 8400 8380
f 8434 8381 8382
f 8400 8442 8430
f 8441 8430 8442
f 8443 8267 8152
f 8268 8443 8444
f 8268 8267 8443
f 8447 8446 8445
f 8447 8273 8448
f 8451 8450 8449
f 8451 8278 8445
f 8453 8452 6300
f 8453 8281 8449
f 8454 8443 8152
f 8444 8454 8455
f 8444 8443 8454
f 8458 8457 8456
f 8458 8460 8459
f 8463 8462 8461
f 8462 8446 8456
f 8464 6350 6337
f 8464 8450 8465
f 8466 8454 8152
f 8455 8466 8467
f 8455 8454 8466
f 8470 8469 8468
f 8470 8472 8471
f 8475 8474 8473
f 8475 8457 8468
f 8476 6376 6363
f 8476 8478 8477
f 8479 8466 8152
f 8467 8479 8480
f 8467 8466 8479
f 8483 8482 8481
f 8483 8485 8484
f 8488 8487 8486
f 8488 8469 8481
f 8490 6403 8489
f 8490 8474 8486
f 8407 8479 8152
f 8480 8407 8408
f 8480 8479 8407
f 8492 8410 8491
f 8492 8494 8493
f 8496 8415 8495
f 8496 8482 8491
f 8497 6415 6413
f 8497 8487 8495
f 8493 8494 8480
f 8421 8422 8493
f 8491 8482 8498
f 8410 8424 8491
f 8495 8487 8499
f 8415 8439 8495
f 8486 8474 8500
f 8487 8501 8486
f 8481 8469 8502
f 8482 8499 8481
f 8484 8485 8467
f 8494 8498 8484
f 8471 8472 8455
f 8485 8502 8471
f 8468 8457 8503
f 8469 8500 8468
f 8461 8504 8473
f 8474 8505 8477
f 6363 6350 8506
f 6337 8452 8507
f 8465 8450 8508
f 8478 8506 8465
f 8456 8446 8509
f 8457 8504 8456
f 8459 8460 8444
f 8472 8503 8459
f 8448 8273 8268
f 8460 8509 8448
f 8445 8278 8338
f 8446 8508 8445
f 8449 8281 8339
f 8450 8507 8449
f 6300 6297 8340
f 8497 8495 8439
f 8439 6415 8497
f 8501 8487 8497
f 8497 6413 6403
f 8490 8486 8501
f 8501 6403 8490
f 8505 8474 8490
f 8490 8489 6376
f 8476 8477 8505
f 8506 8478 8476
f 8476 6363 8506
f 8464 8465 8506
f 8507 8450 8464
f 8464 6337 8507
f 8453 8449 8507
f 8507 8452 8453
f 8340 8281 8453
f 8453 6300 8340
f 8451 8449 8339
f 8508 8450 8451
f 8339 8278 8451
f 8463 8465 8508
f 8451 8445 8508
f 8461 8478 8463
f 8508 8446 8462
f 8473 8477 8461
f 8462 8456 8504
f 8500 8474 8475
f 8504 8457 8475
f 8488 8486 8500
f 8475 8468 8500
f 8499 8487 8488
f 8500 8469 8488
f 8496 8495 8499
f 8488 8481 8499
f 8424 8415 8496
f 8499 8482 8496
f 8496 8491 8424
f 8492 8493 8422
f 8422 8410 8492
f 8498 8494 8492
f 8492 8491 8498
f 8483 8484 8498
f 8498 8482 8483
f 8502 8485 8483
f 8483 8481 8502
f 8470 8471 8502
f 8502 8469 8470
f 8503 8472 8470
f 8470 8468 8503
f 8458 8459 8503
f 8503 8457 8458
f 8509 8460 8458
f 8458 8456 8509
f 8447 8448 8509
f 8509 8446 8447
f 8338 8273 8447
f 8447 8445 8338
f 8408 8421 8493
f 8480 8494 8484
f 8408 8493 8480
f 8467 8485 8471
f 8480 8484 8467
f 8455 8472 8459
f 8467 8471 8455
f 8444 8460 8448
f 8455 8459 8444
f 8444 8448 8268
f 6403 8501 8497
f 6376 8476 8505
f 6350 8464 8506
f 6376 8505 8490
f 8416 8395 8430
f 8430 8441 8427
f 8430 8396 8400
f 8428 8399 8397
f 8434 8384 8404
f 8399 8404 8402
f 8441 8440 8426
f 8417 6415 8441
f 8384 8406 8403
f 8402 8403 8386
f 8426 8427 8441
f 8440 6415 8439
f 8415 8426 8440
f 8426 8415 8416
f 8473 8474 8477
f 8475 8473 8504
f 8463 8478 8465
f 8462 8463 8508
f 8477 8478 8461
f 8504 8461 8462
f 8510 6418 6419
f 6419 8511 8510
f 8512 6484 6418
f 6418 8510 8512
f 8513 6485 6536
f 6536 8514 8513
f 8515 6524 6488
f 6488 8516 8515
f 8517 6542 6533
f 6533 8518 8517
f 8521 8520 8519
f 8519 8522 8521
f 8525 8524 8523
f 8523 8526 8525
f 8529 8528 8527
f 8527 8530 8529
f 8533 8532 8531
f 8531 8534 8533
f 8535 6535 6574
f 6574 8536 8535
f 8530 8527 8532
f 8532 8533 8530
f 8536 6574 6524
f 6524 8515 8536
f 8514 6536 6484
f 6484 8512 8514
f 8522 8519 8524
f 8524 8525 8522
f 8518 6533 6535
f 6535 8535 8518
f 8539 8538 8537
f 8537 8540 8539
f 8526 8523 8528
f 8528 8529 8526
f 8516 6488 6485
f 6485 8513 8516
f 8534 8531 8538
f 8538 8539 8534
f 8540 8537 8541
f 8541 8542 8540
f 8542 8541 6541
f 6541 8543 8542
f 8543 6541 6542
f 6542 8517 8543
f 8511 6419 6792
f 6792 8544 8511
f 8544 6792 6856
f 6856 8545 8544
f 8546 6906 6859
f 6859 8547 8546
f 8548 6860 6894
f 6894 8549 8548
f 8550 6902 6911
f 6911 8551 8550
f 8553 8552 8520
f 8520 8521 8553
f 8556 8555 8554
f 8554 8557 8556
f 8560 8559 8558
f 8558 8561 8560
f 8564 8563 8562
f 8562 8565 8564
f 8566 6943 6905
f 6905 8567 8566
f 8565 8562 8559
f 8559 8560 8565
f 8549 6894 6943
f 6943 8566 8549
f 8545 6856 6906
f 6906 8546 8545
f 8557 8554 8552
f 8552 8553 8557
f 8567 6905 6902
f 6902 8550 8567
f 8570 8569 8568
f 8568 8571 8570
f 8561 8558 8555
f 8555 8556 8561
f 8547 6859 6860
f 6860 8548 8547
f 8571 8568 8563
f 8563 8564 8571
f 8573 8572 8569
f 8569 8570 8573
f 8551 6911 6912
f 6912 8574 8551
f 8574 6912 8572
f 8572 8573 8574
f 6420 8510 8511
f 8511 6422 6420
f 6426 8512 8510
f 8510 6420 6426
f 6428 8513 8514
f 8514 6430 6428
f 6431 8515 8516
f 8516 6433 6431
f 6435 8517 8518
f 8518 6434 6435
f 6421 8521 8522
f 8522 6427 6421
f 6523 8525 8526
f 8526 6429 6523
f 6525 8529 8530
f 8530 6432 6525
f 6531 8533 8534
f 8534 6530 6531
f 6534 8535 8536
f 8536 6529 6534
f 6432 8530 8533
f 8533 6531 6432
f 6529 8536 8515
f 8515 6431 6529
f 6430 8514 8512
f 8512 6426 6430
f 6427 8522 8525
f 8525 6523 6427
f 6434 8518 8535
f 8535 6534 6434
f 6538 8539 8540
f 8540 6537 6538
f 6429 8526 8529
f 8529 6525 6429
f 6433 8516 8513
f 8513 6428 6433
f 6530 8534 8539
f 8539 6538 6530
f 6537 8540 8542
f 8542 6436 6537
f 6436 8542 8543
f 8543 6540 6436
f 6540 8543 8517
f 8517 6435 6540
f 6422 8511 8544
f 8544 6794 6422
f 6794 8544 8545
f 8545 6799 6794
f 6800 8546 8547
f 8547 6802 6800
f 6803 8548 8549
f 8549 6805 6803
f 6808 8550 8551
f 8551 6807 6808
f 6798 8553 8521
f 8521 6421 6798
f 6801 8556 8557
f 8557 6893 6801
f 6804 8560 8561
f 8561 6895 6804
f 6900 8564 8565
f 8565 6899 6900
f 6901 8566 8567
f 8567 6904 6901
f 6899 8565 8560
f 8560 6804 6899
f 6805 8549 8566
f 8566 6901 6805
f 6799 8545 8546
f 8546 6800 6799
f 6893 8557 8553
f 8553 6798 6893
f 6904 8567 8550
f 8550 6808 6904
f 6907 8570 8571
f 8571 6908 6907
f 6895 8561 8556
f 8556 6801 6895
f 6802 8547 8548
f 8548 6803 6802
f 6908 8571 8564
f 8564 6900 6908
f 6806 8573 8570
f 8570 6907 6806
f 6807 8551 8574
f 8574 6910 6807
f 6910 8574 8573
f 8573 6806 6910
f 8577 8576 8575
f 8577 8575 8578
f 8581 8580 8579
f 8581 8579 8582
f 8585 8584 8583
f 8586 8585 8583
f 8589 8588 8587
f 8590 8589 8587
f 8593 8592 8591
f 8594 8593 8591
f 8597 8596 8595
f 8597 8595 8598
f 8577 8578 8599
f 8577 8599 8600
f 8578 8575 8601
f 8578 8601 8599
f 8575 8576 8602
f 8575 8602 8601
f 8576 8577 8600
f 8576 8600 8602
f 8579 8580 8603
f 8579 8603 8604
f 8580 8581 8605
f 8580 8605 8603
f 8581 8582 8606
f 8581 8606 8605
f 8582 8579 8604
f 8582 8604 8606
f 8583 8584 8607
f 8583 8607 8608
f 8584 8585 8609
f 8584 8609 8607
f 8585 8586 8610
f 8585 8610 8609
f 8586 8583 8608
f 8586 8608 8610
f 8589 8590 8611
f 8589 8611 8612
f 8590 8587 8613
f 8590 8613 8611
f 8587 8588 8614
f 8587 8614 8613
f 8588 8589 8612
f 8588 8612 8614
f 8593 8594 8615
f 8593 8615 8616
f 8594 8591 8617
f 8594 8617 8615
f 8591 8592 8618
f 8591 8618 8617
f 8592 8593 8616
f 8592 8616 8618
f 8597 8598 8619
f 8597 8619 8620
f 8598 8595 8621
f 8598 8621 8619
f 8595 8596 8622
f 8595 8622 8621
f 8596 8597 8620
f 8596 8620 8622
f 8601 8602 8600
f 8599 8601 8600
f 8604 8603 8605
f 8606 8604 8605
f 8608 8607 8609
f 8608 8609 8610
f 8613 8614 8612
f 8613 8612 8611
f 8617 8618 8616
f 8617 8616 8615
f 8621 8622 8620
f 8619 8621 8620
f 8625 8624 8623
f 8625 8623 8626
f 8627 8626 8623
f 8628 8627 8623
f 8629 8625 8626
f 8627 8629 8626
f 8630 8624 8625
f 8629 8630 8625
f 8628 8623 8624
f 8630 8628 8624
f 8628 8630 8629
f 8627 8628 8629
f 8633 8632 8631
f 8636 8635 8634
f 8639 8638 8637
f 8635 8639 8640
f 8638 8641 8633
f 8637 8633 8642
f 8640 8644 8643
f 8644 8640 8637
f 8634 8640 8643
f 8631 8645 8633
f 8634 8646 8636
f 8637 8640 8639
f 8640 8634 8635
f 8633 8637 8638
f 8642 8644 8637
f 8646 8634 8647
f 8632 8633 8641
f 8641 8648 8632
f 8647 8649 8646
f 8643 8647 8634
f 8633 8645 8642
f 8632 8650 8631
f 8652 8632 8651
f 8655 8654 8653
f 8658 8657 8656
f 8659 8656 8654
f 8651 8660 8657
f 8661 8651 8658
f 8663 8662 8659
f 8658 8659 8662
f 8663 8659 8655
f 8651 8664 8652
f 8653 8665 8655
f 8656 8659 8658
f 8654 8655 8659
f 8657 8658 8651
f 8658 8662 8661
f 8666 8655 8665
f 8660 8651 8632
f 8632 8648 8660
f 8665 8667 8666
f 8655 8666 8663
f 8661 8664 8651
f 8652 8650 8632
f 8670 8669 8668
f 8673 8672 8671
f 8676 8675 8674
f 8679 8678 8677
f 8668 8681 8680
f 8671 8683 8682
f 8675 8682 8636
f 8672 8680 8683
f 8669 8677 8681
f 8684 8671 8675
f 8685 8668 8672
f 8686 8679 8669
f 8668 8685 8670
f 8671 8684 8673
f 8674 8687 8676
f 8677 8669 8679
f 8680 8672 8668
f 8682 8675 8671
f 8636 8674 8675
f 8683 8671 8672
f 8681 8668 8669
f 8675 8676 8684
f 8672 8673 8685
f 8669 8670 8686
f 8690 8689 8688
f 8693 8692 8691
f 8696 8695 8694
f 8697 8678 8679
f 8699 8698 8690
f 8701 8700 8693
f 8653 8701 8695
f 8700 8699 8692
f 8698 8697 8689
f 8695 8693 8702
f 8692 8690 8703
f 8689 8679 8686
f 8688 8703 8690
f 8691 8702 8693
f 8694 8704 8696
f 8679 8689 8697
f 8690 8692 8699
f 8693 8695 8701
f 8695 8696 8653
f 8692 8693 8700
f 8689 8690 8698
f 8702 8694 8695
f 8703 8691 8692
f 8686 8688 8689
f 8707 8706 8705
f 8707 8705 8708
f 8706 8710 8709
f 8706 8709 8705
f 8710 8712 8711
f 8710 8711 8709
f 8712 8707 8708
f 8712 8708 8711
f 8709 8711 8708
f 8705 8709 8708
f 8712 8710 8713
f 8712 8713 8714
f 8714 8716 8715
f 8714 8715 8717
f 8718 8714 8717
f 8714 8718 8712
f 8712 8718 8719
f 8712 8719 8720
f 8712 8720 8721
f 8712 8721 8722
f 8712 8722 8723
f 8712 8723 8724
f 8712 8724 8725
f 8707 8712 8725
f 8726 8707 8725
f 8727 8707 8726
f 8728 8707 8727
f 8729 8707 8728
f 8730 8707 8729
f 8731 8707 8730
f 8732 8707 8731
f 8733 8707 8732
f 8707 8733 8734
f 8707 8734 8735
f 8707 8735 8736
f 8737 8707 8736
f 8707 8737 8706
f 8740 8739 8738
f 8714 8740 8741
f 8741 8740 8738
f 8714 8741 8742
f 8714 8742 8743
f 8744 8714 8743
f 8745 8714 8744
f 8714 8745 8746
f 8714 8746 8747
f 8748 8714 8747
f 8749 8714 8748
f 8714 8749 8750
f 8716 8714 8750
f 8713 8710 8751
f 8752 8713 8751
f 8751 8710 8753
f 8752 8706 8740
f 8706 8737 8740
f 8754 8740 8737
f 8740 8754 8755
f 8740 8755 8756
f 8757 8740 8756
f 8758 8740 8757
f 8740 8758 8759
f 8740 8759 8760
f 8740 8760 8761
f 8740 8761 8762
f 8740 8762 8739
f 8763 8752 8751
f 8706 8752 8763
f 8764 8706 8763
f 8710 8706 8753
f 8753 8706 8764
f 8767 8766 8765
f 8766 8768 8765
f 8771 8770 8769
f 8769 8770 8772
f 8772 8770 8773
f 8770 8774 8773
f 8774 8775 8773
f 8773 8775 8776
f 8775 8777 8776
f 8777 8778 8776
f 8776 8778 8779
f 8778 8780 8779
f 8779 8780 8781
f 8780 8782 8781
f 8782 8783 8781
f 8783 8784 8781
f 8784 8785 8781
f 8785 8786 8781
f 8786 8787 8781
f 8787 8788 8781
f 8788 8789 8781
f 8789 8790 8781
f 8790 8791 8781
f 8791 8792 8781
f 8792 8793 8781
f 8793 8794 8781
f 8794 8795 8781
f 8795 8796 8781
f 8796 8797 8781
f 8797 8798 8781
f 8798 8799 8781
f 8799 8800 8781
f 8800 8801 8781
f 8801 8802 8781
f 8802 8803 8781
f 8803 8804 8781
f 8781 8804 8805
f 8804 8806 8805
f 8806 8807 8805
f 8807 8808 8805
f 8808 8809 8805
f 8809 8810 8805
f 8810 8811 8805
f 8811 8812 8805
f 8815 8814 8813
f 8813 8814 8816
f 8766 8713 8752
f 8713 8766 8767
f 8767 8714 8713
f 8714 8767 8765
f 8714 8765 8740
f 8769 8716 8771
f 8769 8715 8716
f 8715 8769 8772
f 8772 8717 8715
f 8717 8772 8773
f 8717 8773 8718
f 8718 8773 8776
f 8776 8719 8718
f 8719 8776 8779
f 8779 8720 8719
f 8720 8779 8781
f 8781 8721 8720
f 8721 8781 8805
f 8805 8722 8721
f 8722 8805 8812
f 8812 8723 8722
f 8723 8812 8811
f 8811 8724 8723
f 8724 8811 8810
f 8810 8725 8724
f 8725 8810 8809
f 8726 8809 8808
f 8726 8725 8809
f 8727 8808 8807
f 8727 8726 8808
f 8728 8807 8806
f 8728 8727 8807
f 8729 8806 8804
f 8729 8728 8806
f 8730 8804 8803
f 8730 8729 8804
f 8731 8803 8802
f 8731 8730 8803
f 8732 8802 8801
f 8732 8731 8802
f 8732 8801 8733
f 8733 8801 8800
f 8800 8734 8733
f 8734 8800 8799
f 8799 8735 8734
f 8735 8799 8798
f 8798 8736 8735
f 8736 8798 8797
f 8736 8797 8737
f 8786 8738 8739
f 8738 8786 8785
f 8741 8785 8784
f 8741 8738 8785
f 8784 8742 8741
f 8742 8784 8783
f 8783 8743 8742
f 8743 8783 8782
f 8744 8782 8780
f 8744 8743 8782
f 8745 8780 8778
f 8745 8744 8780
f 8778 8746 8745
f 8746 8778 8777
f 8777 8747 8746
f 8747 8777 8775
f 8747 8775 8748
f 8748 8775 8774
f 8749 8774 8770
f 8749 8748 8774
f 8770 8750 8749
f 8750 8770 8771
f 8750 8771 8716
f 8813 8816 8751
f 8753 8813 8751
f 8813 8753 8815
f 8740 8768 8752
f 8768 8740 8765
f 8752 8768 8766
f 8737 8797 8796
f 8754 8796 8795
f 8754 8737 8796
f 8795 8755 8754
f 8755 8795 8794
f 8794 8756 8755
f 8756 8794 8793
f 8757 8793 8792
f 8757 8756 8793
f 8758 8792 8791
f 8758 8757 8792
f 8791 8759 8758
f 8759 8791 8790
f 8790 8760 8759
f 8760 8790 8789
f 8789 8761 8760
f 8761 8789 8788
f 8788 8762 8761
f 8762 8788 8787
f 8787 8739 8762
f 8739 8787 8786
f 8751 8816 8763
f 8763 8816 8814
f 8764 8814 8815
f 8764 8763 8814
f 8753 8764 8815
f 8819 8818 8817
f 8819 8817 8820
f 8819 8820 8821
f 8822 8819 8821
f 8823 8822 8821
f 8824 8823 8821
f 8824 8821 8825
f 8824 8825 8826
f 8827 8824 8826
f 8827 8826 8828
f 8829 8827 8828
f 8829 8828 8830
f 8829 8830 8831
f 8829 8831 8832
f 8829 8832 8833
f 8829 8833 8834
f 8829 8834 8835
f 8829 8835 8836
f 8829 8836 8837
f 8829 8837 8838
f 8829 8838 8839
f 8829 8839 8840
f 8841 8829 8840
f 8842 8841 8840
f 8843 8842 8840
f 8844 8843 8840
f 8845 8844 8840
f 8846 8845 8840
f 8847 8846 8840
f 8848 8847 8840
f 8849 8848 8840
f 8850 8849 8840
f 8851 8850 8840
f 8852 8851 8840
f 8852 8840 8853
f 8852 8853 8854
f 8852 8854 8855
f 8852 8855 8856
f 8852 8856 8857
f 8852 8857 8858
f 8852 8858 8859
f 8852 8859 8860
f 8863 8862 8861
f 8863 8861 8864
f 8862 8866 8865
f 8862 8865 8861
f 8866 8868 8867
f 8866 8867 8865
f 8868 8863 8864
f 8868 8864 8867
f 8834 8833 8869
f 8834 8869 8870
f 8833 8832 8871
f 8833 8871 8869
f 8832 8831 8872
f 8832 8872 8871
f 8831 8830 8873
f 8831 8873 8872
f 8830 8828 8874
f 8830 8874 8873
f 8828 8826 8875
f 8828 8875 8874
f 8826 8825 8876
f 8826 8876 8875
f 8825 8821 8877
f 8825 8877 8876
f 8821 8820 8878
f 8821 8878 8877
f 8820 8817 8879
f 8820 8879 8878
f 8817 8818 8880
f 8817 8880 8879
f 8818 8819 8881
f 8818 8881 8880
f 8819 8822 8882
f 8819 8882 8881
f 8822 8823 8883
f 8822 8883 8882
f 8823 8824 8884
f 8823 8884 8883
f 8824 8827 8885
f 8824 8885 8884
f 8827 8829 8886
f 8827 8886 8885
f 8829 8841 8887
f 8829 8887 8886
f 8841 8842 8888
f 8841 8888 8887
f 8842 8843 8889
f 8842 8889 8888
f 8843 8844 8890
f 8843 8890 8889
f 8844 8845 8891
f 8844 8891 8890
f 8845 8846 8892
f 8845 8892 8891
f 8846 8847 8893
f 8846 8893 8892
f 8847 8848 8894
f 8847 8894 8893
f 8848 8849 8895
f 8848 8895 8894
f 8849 8850 8896
f 8849 8896 8895
f 8850 8851 8897
f 8850 8897 8896
f 8851 8852 8898
f 8851 8898 8897
f 8852 8860 8899
f 8852 8899 8898
f 8860 8859 8900
f 8860 8900 8899
f 8859 8858 8901
f 8859 8901 8900
f 8858 8857 8902
f 8858 8902 8901
f 8857 8856 8903
f 8857 8903 8902
f 8856 8855 8904
f 8856 8904 8903
f 8855 8854 8905
f 8855 8905 8904
f 8854 8853 8906
f 8854 8906 8905
f 8853 8840 8907
f 8853 8907 8906
f 8840 8839 8908
f 8840 8908 8907
f 8839 8838 8909
f 8839 8909 8908
f 8838 8837 8910
f 8838 8910 8909
f 8837 8836 8911
f 8837 8911 8910
f 8836 8835 8912
f 8836 8912 8911
f 8835 8834 8870
f 8835 8870 8912
f 8915 8914 8913
f 8915 8913 8916
f 8914 8918 8917
f 8914 8917 8913
f 8918 8920 8919
f 8918 8919 8917
f 8920 8915 8916
f 8920 8916 8919
f 8865 8867 8864
f 8861 8865 8864
f 8879 8880 8881
f 8878 8879 8881
f 8877 8878 8881
f 8877 8881 8882
f 8877 8882 8883
f 8877 8883 8884
f 8876 8877 8884
f 8875 8876 8884
f 8875 8884 8885
f 8874 8875 8885
f 8874 8885 8886
f 8873 8874 8886
f 8872 8873 8886
f 8871 8872 8886
f 8869 8871 8886
f 8870 8869 8886
f 8912 8870 8886
f 8911 8912 8886
f 8910 8911 8886
f 8909 8910 8886
f 8908 8909 8886
f 8907 8908 8886
f 8907 8886 8887
f 8907 8887 8888
f 8907 8888 8889
f 8907 8889 8890
f 8907 8890 8891
f 8907 8891 8892
f 8907 8892 8893
f 8907 8893 8894
f 8907 8894 8895
f 8907 8895 8896
f 8907 8896 8897
f 8907 8897 8898
f 8906 8907 8898
f 8905 8906 8898
f 8904 8905 8898
f 8903 8904 8898
f 8902 8903 8898
f 8901 8902 8898
f 8900 8901 8898
f 8899 8900 8898
f 8917 8919 8916
f 8917 8916 8913
f 8863 8868 8921
f 8922 8863 8921
f 8863 8922 8862
f 8868 8866 8923
f 8866 8922 8923
f 8922 8866 8862
f 8868 8923 8924
f 8924 8921 8868
f 8927 8926 8925
f 8926 8928 8925
f 8925 8928 8922
f 8921 8925 8922
f 8926 8923 8922
f 8923 8926 8927
f 8927 8924 8923
f 8924 8927 8925
f 8924 8925 8921
f 8922 8928 8926
f 8931 8930 8929
f 8931 8929 8932
f 8930 8934 8933
f 8930 8933 8929
f 8934 8936 8935
f 8934 8935 8933
f 8936 8931 8932
f 8936 8932 8935
f 8933 8935 8932
f 8929 8933 8932
f 8920 8918 8937
f 8918 8938 8937
f 8939 8920 8937
f 8920 8939 8940
f 8943 8942 8941
f 8944 8943 8941
f 8943 8944 8945
f 8945 8944 8946
f 8946 8944 8940
f 8940 8944 8947
f 8940 8947 8948
f 8940 8948 8949
f 8940 8949 8950
f 8940 8950 8951
f 8940 8951 8952
f 8920 8940 8952
f 8953 8920 8952
f 8954 8920 8953
f 8955 8920 8954
f 8957 8915 8956
f 8956 8915 8958
f 8961 8960 8959
f 8960 8961 8962
f 8965 8964 8963
f 8967 8964 8966
f 8966 8964 8965
f 8968 8964 8967
f 8969 8964 8968
f 8959 8964 8970
f 8964 8959 8960
f 8964 8969 8970
f 8972 8960 8971
f 8971 8960 8962
f 8975 8974 8973
f 8973 8974 8972
f 8973 8972 8971
f 8978 8977 8976
f 8977 8978 8975
f 8977 8975 8973
f 8979 8976 8977
f 8976 8979 8980
f 8976 8980 8981
f 8976 8981 8982
f 8983 8976 8982
f 8985 8976 8984
f 8984 8976 8983
f 8920 8955 8986
f 8985 8986 8955
f 8986 8985 8984
f 8987 8920 8986
f 8988 8920 8987
f 8989 8920 8988
f 8990 8920 8989
f 8991 8920 8990
f 8992 8920 8991
f 8920 8992 8993
f 8915 8920 8994
f 8915 8994 8995
f 8915 8995 8996
f 8915 8996 8997
f 8915 8997 8998
f 8915 8998 8999
f 8915 8999 9000
f 8915 9000 9001
f 8915 9001 9002
f 9003 8915 9002
f 9004 8915 9003
f 9005 8915 9004
f 9006 8915 9005
f 8958 8915 9007
f 9007 8915 9006
f 9008 8958 9007
f 9009 8958 9008
f 8958 9009 9010
f 9011 9010 9009
f 9013 9012 9010
f 9013 9010 9011
f 9012 9015 9014
f 9015 9012 9013
f 9017 9014 9016
f 9016 9014 9015
f 9017 9019 9018
f 9019 9017 9016
f 9020 9018 9019
f 9021 9018 9020
f 9022 9018 9021
f 9023 9018 9022
f 9018 9023 9024
f 9026 9024 9025
f 9025 9024 9023
f 9028 9026 9027
f 9027 9026 9025
f 9029 9028 9027
f 9031 9028 9030
f 9030 9028 9029
f 8993 9031 9032
f 9032 9031 9030
f 8993 9032 9033
f 8920 8993 9034
f 9034 8993 9033
f 8920 9034 9035
f 9036 8920 9035
f 9037 8920 9036
f 9038 8920 9037
f 9039 8920 9038
f 9040 8920 9039
f 8920 9040 9041
f 8920 9041 9042
f 8920 9042 9043
f 8920 9043 9044
f 8920 9044 9045
f 8920 9045 9046
f 9046 8994 8920
f 9048 8914 9047
f 9049 8914 9048
f 9050 8914 9049
f 9051 8914 9050
f 9052 8914 9051
f 9053 8914 9052
f 9054 8914 9053
f 8914 9054 9055
f 9056 8914 9055
f 8914 9056 9057
f 8914 9057 9058
f 8914 9058 9059
f 8918 8914 9059
f 8918 9059 9060
f 9061 8918 9060
f 9062 8918 9061
f 8918 9062 9063
f 8918 9063 9064
f 8918 9064 9065
f 8918 9065 9066
f 8918 9066 9067
f 8918 9067 9068
f 8918 9068 9069
f 8918 9069 8938
f 8942 8943 9070
f 8942 9070 9071
f 8942 9071 9072
f 8942 9072 9073
f 9075 8942 9074
f 9074 8942 9073
f 8963 8964 9076
f 9077 8963 9076
f 8915 9079 9078
f 8914 8915 9078
f 9080 8914 9078
f 9081 8914 9080
f 9082 8914 9081
f 9083 8914 9082
f 9084 8914 9083
f 9085 8914 9084
f 8914 9086 9047
f 9086 8914 9085
f 9089 9088 9087
f 9087 9088 9090
f 9047 9087 9090
f 9087 9047 9086
f 9093 9092 9091
f 9091 9092 9089
f 9091 9089 9087
f 9096 9095 9094
f 9094 9095 9093
f 9094 9093 9091
f 9098 9096 9097
f 9097 9096 9094
f 9098 9099 9075
f 9099 9098 9097
f 9075 9099 9100
f 9075 9100 9101
f 9075 9101 8942
f 8915 8957 9102
f 8915 9102 9103
f 8915 9103 9104
f 8915 9104 9105
f 8915 9105 9106
f 8915 9106 9107
f 9079 8915 9107
f 9108 9079 9107
f 9109 9079 9108
f 9110 9079 9109
f 9111 9079 9110
f 9114 9113 9112
f 9112 9113 9079
f 9112 9079 9111
f 9117 9116 9115
f 9115 9116 9114
f 9115 9114 9112
f 9120 9119 9118
f 9118 9119 9117
f 9118 9117 9115
f 9077 9120 9121
f 9121 9120 9118
f 9122 9077 9121
f 9077 9122 8963
f 9125 9124 9123
f 9128 9127 9126
f 9131 9130 9129
f 9130 8936 9129
f 8936 9133 9132
f 9132 9129 8936
f 8934 9133 9134
f 9134 9133 9135
f 9133 8936 9135
f 8936 8934 9136
f 9136 8934 9134
f 9137 8936 9136
f 9135 8936 9137
f 8936 9139 9138
f 8936 9138 9140
f 8936 9140 9141
f 8936 9141 9142
f 8936 9142 9143
f 8931 8936 9143
f 9144 8931 9143
f 9145 8931 9144
f 9146 8931 9145
f 9147 8931 9146
f 9148 8931 9147
f 9149 8931 9148
f 9150 8931 9149
f 9151 8931 9150
f 9154 9153 9152
f 9155 9154 9152
f 9157 9154 9156
f 9156 9154 9155
f 9158 9157 9156
f 9159 9157 9158
f 9160 9157 9159
f 9161 9157 9160
f 9162 9157 9161
f 9157 9162 9163
f 9157 9163 9164
f 9157 9164 9165
f 9157 9165 9166
f 9157 9166 9167
f 9168 9157 9167
f 8936 9170 9169
f 8936 9169 9171
f 9172 8936 9171
f 9173 8936 9172
f 9174 8936 9173
f 9175 8936 9174
f 9176 8936 9175
f 9177 8936 9176
f 8936 9177 9178
f 9139 8936 9178
f 9139 9178 9179
f 9180 9139 9179
f 9182 9139 9181
f 9181 9139 9180
f 9183 9182 9181
f 9182 9185 9184
f 9185 9182 9183
f 9187 9184 9186
f 9186 9184 9185
f 9189 9187 9188
f 9188 9187 9186
f 9190 9168 9189
f 9190 9189 9188
f 9191 9168 9190
f 9192 9168 9191
f 9168 9192 9193
f 9168 9193 9194
f 9157 9168 9194
f 9157 9194 9195
f 9196 9157 9195
f 9197 9157 9196
f 9157 9197 9198
f 9157 9198 9199
f 9157 9199 9200
f 9157 9200 9201
f 9157 9201 9202
f 9157 9202 9203
f 9157 9203 9204
f 9157 9204 9205
f 9157 9205 9206
f 9157 9206 9207
f 9208 9157 9207
f 9210 8936 9209
f 9209 8936 9211
f 9212 8936 9210
f 9213 8936 9212
f 9214 8936 9213
f 9215 8936 9214
f 9216 8936 9215
f 8936 9216 9217
f 9218 8936 9217
f 9219 8936 9218
f 9220 8936 9219
f 9221 8936 9220
f 9222 8936 9221
f 9223 8936 9222
f 9170 8936 9223
f 9225 9170 9224
f 9224 9170 9223
f 9226 9225 9224
f 9227 9225 9226
f 9229 9228 9225
f 9229 9225 9227
f 9228 9231 9230
f 9231 9228 9229
f 9233 9230 9232
f 9232 9230 9231
f 9219 9234 9220
f 9233 9234 9235
f 9234 9233 9232
f 9237 9236 9235
f 9237 9235 9234
f 9208 9217 9238
f 9217 9208 9218
f 9218 9239 9219
f 9218 9208 9239
f 9219 9239 9240
f 9219 9240 9236
f 9219 9236 9237
f 9208 9241 9157
f 9157 9241 9242
f 9157 9242 9243
f 9157 9243 9244
f 9245 9124 9157
f 9245 9157 9244
f 9123 9124 9246
f 9246 9124 9245
f 9123 9248 9247
f 9248 9123 9246
f 9249 9247 9248
f 9250 9247 9249
f 9252 9251 9247
f 9251 9252 9127
f 9252 9247 9250
f 9253 9127 9252
f 9254 9127 9253
f 9127 9254 9255
f 9126 9127 9256
f 9256 9127 9255
f 9257 9130 9126
f 9210 9257 9256
f 9130 9211 9258
f 9211 9130 9209
f 9209 9130 9257
f 9259 9130 9258
f 9211 9259 9258
f 9260 9130 9259
f 9130 9260 9261
f 8936 9130 9261
f 8936 9261 9262
f 9263 8936 9262
f 9211 8936 9263
f 9266 9265 9264
f 9265 9266 9267
f 9270 9269 9268
f 9268 9269 9266
f 9268 9266 9264
f 9272 9270 9271
f 9271 9270 9268
f 9272 9271 9273
f 9275 9274 9272
f 9275 9272 9273
f 9277 9274 9276
f 9274 9275 9276
f 9151 9277 9278
f 9277 9276 9278
f 9151 9278 9279
f 9151 9279 9280
f 8931 9151 9280
f 9281 8931 9280
f 9282 8931 9281
f 9283 8931 9282
f 9284 8931 9283
f 9285 8931 9284
f 9286 8931 9285
f 9287 8931 9286
f 9288 9265 9267
f 9288 9289 9265
f 9265 9289 9290
f 9265 9290 9291
f 9293 8930 9292
f 9295 9153 9294
f 9293 9296 8930
f 9294 9297 9293
f 9297 9294 9153
f 9296 9293 9297
f 8930 9296 9298
f 9299 9297 9153
f 9299 9300 9298
f 9298 9300 8930
f 9301 9299 9153
f 9300 9299 9301
f 8930 9300 9302
f 9303 9301 9153
f 9303 9304 9302
f 9302 9304 8930
f 9305 9303 9153
f 9304 9303 9305
f 8930 9304 9306
f 9153 9154 9307
f 9307 9305 9153
f 9306 9154 8930
f 9154 9306 9307
f 8930 9154 9308
f 9308 9125 8930
f 9124 9125 9308
f 8930 9125 9309
f 9310 9247 9251
f 9247 9310 9309
f 9309 9310 8930
f 8934 8930 9310
f 9311 8934 9310
f 9127 9128 9311
f 8934 9311 9128
f 9312 8934 9128
f 9130 9131 9312
f 8934 9312 9131
f 9133 8934 9131
f 8931 9287 9313
f 8931 9313 9314
f 8931 9314 9315
f 8931 9315 9316
f 8930 8931 9316
f 8930 9316 9317
f 9318 8930 9317
f 9319 8930 9318
f 9320 8930 9319
f 9321 8930 9320
f 8930 9321 9322
f 8930 9322 9323
f 8930 9323 9324
f 8930 9324 9325
f 8930 9325 9326
f 8930 9326 9327
f 8930 9327 9328
f 8930 9328 9329
f 8930 9329 9330
f 8930 9330 9331
f 8930 9331 9332
f 8930 9332 9333
f 9334 8930 9333
f 9290 9334 9335
f 9290 9335 9336
f 9290 9336 9337
f 9290 9337 9338
f 9290 9338 9291
f 9295 9340 9339
f 9295 9339 9341
f 9295 9341 9342
f 9295 9342 9343
f 9295 9343 9344
f 9153 9295 9345
f 9345 9295 9344
f 9153 9345 9346
f 9153 9346 9347
f 9153 9347 9348
f 9153 9348 9349
f 9350 9153 9349
f 9352 9351 9153
f 9352 9153 9350
f 9334 9290 9353
f 9290 9351 9353
f 9353 9351 9352
f 9334 9353 9354
f 9334 9354 9355
f 9334 9355 9356
f 9334 9356 9357
f 8930 9334 9357
f 8930 9357 9358
f 9359 8930 9358
f 9360 8930 9359
f 9361 8930 9360
f 9362 8930 9361
f 9363 8930 9362
f 9364 8930 9363
f 9365 8930 9364
f 9366 8930 9365
f 9367 8930 9366
f 9368 8930 9367
f 9369 8930 9368
f 8930 9369 9370
f 9371 8930 9370
f 9372 8930 9371
f 8930 9372 9373
f 8930 9373 9374
f 9292 8930 9374
f 9292 9374 9375
f 9376 9292 9375
f 9377 9292 9376
f 9292 9377 9378
f 9292 9378 9379
f 9380 9292 9379
f 9295 9292 9381
f 9381 9292 9380
f 9382 9295 9381
f 9383 9295 9382
f 9383 9340 9295
f 9386 9385 9384
f 9384 9385 9387
f 9390 9389 9388
f 9388 9389 9391
f 9391 9389 9392
f 9389 9393 9392
f 9393 9394 9392
f 9392 9394 9395
f 9394 9396 9395
f 9396 9397 9395
f 9395 9397 9398
f 9398 9397 9399
f 9397 9400 9399
f 9400 9401 9399
f 9401 9402 9399
f 9402 9403 9399
f 9403 9404 9399
f 9404 9405 9399
f 9405 9406 9399
f 9406 9407 9399
f 9407 9408 9399
f 9408 9409 9399
f 9409 9410 9399
f 9410 9411 9399
f 9399 9411 9412
f 9412 9411 9413
f 9413 9411 9414
f 9414 9411 9415
f 9415 9411 9416
f 9416 9411 9417
f 9417 9411 9418
f 9418 9411 9419
f 9419 9411 9420
f 9420 9411 9421
f 9421 9411 9422
f 9422 9411 9423
f 9411 9424 9423
f 9424 9425 9423
f 9425 9426 9423
f 9426 9427 9423
f 9427 9428 9423
f 9428 9429 9423
f 9429 9430 9423
f 9430 9431 9423
f 9434 9433 9432
f 9433 9435 9432
f 9435 9436 9432
f 9432 9436 9437
f 9437 9436 9438
f 9436 9439 9438
f 9438 9439 9440
f 9440 9439 9441
f 9439 9442 9441
f 9442 9443 9441
f 9441 9443 9444
f 9443 9445 9444
f 9445 9446 9444
f 9446 9447 9444
f 9447 9448 9444
f 9448 9449 9444
f 9449 9450 9444
f 9450 9451 9444
f 9451 9452 9444
f 9452 9453 9444
f 9453 9454 9444
f 9454 9455 9444
f 9444 9455 9456
f 9456 9455 9457
f 9457 9455 9458
f 9458 9455 9459
f 9459 9455 9460
f 9460 9455 9461
f 9461 9455 9462
f 9462 9455 9463
f 9463 9455 9464
f 9464 9455 9465
f 9465 9455 9466
f 9455 9467 9466
f 9466 9467 9468
f 9468 9467 9469
f 9469 9467 9470
f 9470 9467 9471
f 9471 9467 9472
f 9472 9467 9473
f 9473 9467 9474
f 9474 9467 9475
f 9478 9477 9476
f 9476 9477 9479
f 9479 9477 9480
f 9477 9481 9480
f 9481 9482 9480
f 9480 9482 9483
f 9482 9484 9483
f 9484 9485 9483
f 9483 9485 9486
f 9485 9487 9486
f 9486 9487 9488
f 9487 9489 9488
f 9489 9490 9488
f 9490 9491 9488
f 9491 9492 9488
f 9492 9493 9488
f 9493 9494 9488
f 9494 9495 9488
f 9495 9496 9488
f 9496 9497 9488
f 9497 9498 9488
f 9498 9499 9488
f 9488 9499 9500
f 9500 9499 9501
f 9501 9499 9502
f 9502 9499 9503
f 9503 9499 9504
f 9504 9499 9505
f 9505 9499 9506
f 9506 9499 9507
f 9507 9499 9508
f 9508 9499 9509
f 9509 9499 9510
f 9510 9499 9511
f 9499 9512 9511
f 9512 9513 9511
f 9513 9514 9511
f 9514 9515 9511
f 9515 9516 9511
f 9516 9517 9511
f 9517 9518 9511
f 9518 9519 9511
f 9522 9521 9520
f 9520 9521 9523
f 9523 9521 9524
f 9521 9525 9524
f 9525 9526 9524
f 9524 9526 9527
f 9526 9528 9527
f 9528 9529 9527
f 9527 9529 9530
f 9530 9529 9531
f 9529 9532 9531
f 9532 9533 9531
f 9533 9534 9531
f 9534 9535 9531
f 9535 9536 9531
f 9536 9537 9531
f 9537 9538 9531
f 9538 9539 9531
f 9539 9540 9531
f 9540 9541 9531
f 9541 9542 9531
f 9542 9543 9531
f 9531 9543 9544
f 9544 9543 9545
f 9545 9543 9546
f 9546 9543 9547
f 9547 9543 9548
f 9548 9543 9549
f 9549 9543 9550
f 9550 9543 9551
f 9551 9543 9552
f 9552 9543 9553
f 9553 9543 9554
f 9554 9543 9555
f 9543 9556 9555
f 9556 9557 9555
f 9557 9558 9555
f 9558 9559 9555
f 9559 9560 9555
f 9560 9561 9555
f 9561 9562 9555
f 9562 9563 9555
f 9566 9565 9564
f 9564 9565 9567
f 9570 9569 9568
f 9568 9569 9571
f 9574 9573 9572
f 9572 9573 9575
f 9578 9577 9576
f 9576 9577 9579
f 9582 9581 9580
f 9580 9581 9583
f 9586 9585 9584
f 9584 9585 9587
f 9590 9589 9588
f 9588 9589 9591
f 9594 9593 9592
f 9592 9593 9595
f 9598 9597 9596
f 9596 9597 9599
f 9602 9601 9600
f 9601 9603 9600
f 9603 9604 9600
f 9600 9604 9605
f 9605 9604 9606
f 9604 9607 9606
f 9606 9607 9608
f 9608 9607 9609
f 9607 9610 9609
f 9610 9611 9609
f 9609 9611 9612
f 9611 9613 9612
f 9613 9614 9612
f 9614 9615 9612
f 9615 9616 9612
f 9616 9617 9612
f 9617 9618 9612
f 9618 9619 9612
f 9619 9620 9612
f 9620 9621 9612
f 9621 9622 9612
f 9622 9623 9612
f 9612 9623 9624
f 9624 9623 9625
f 9625 9623 9626
f 9626 9623 9627
f 9627 9623 9628
f 9628 9623 9629
f 9629 9623 9630
f 9630 9623 9631
f 9631 9623 9632
f 9632 9623 9633
f 9633 9623 9634
f 9623 9635 9634
f 9634 9635 9636
f 9635 9637 9636
f 9637 9638 9636
f 9638 9639 9636
f 9639 9640 9636
f 9640 9641 9636
f 9641 9642 9636
f 9642 9643 9636
f 9646 9645 9644
f 9644 9645 9647
f 9647 9645 9648
f 9645 9649 9648
f 9649 9650 9648
f 9648 9650 9651
f 9650 9652 9651
f 9652 9653 9651
f 9651 9653 9654
f 9653 9655 9654
f 9654 9655 9656
f 9656 9655 9657
f 9657 9655 9658
f 9658 9655 9659
f 9659 9655 9660
f 9660 9655 9661
f 9661 9655 9662
f 9662 9655 9663
f 9663 9655 9664
f 9664 9655 9665
f 9665 9655 9666
f 9666 9655 9667
f 9655 9668 9667
f 9668 9669 9667
f 9669 9670 9667
f 9670 9671 9667
f 9671 9672 9667
f 9672 9673 9667
f 9673 9674 9667
f 9674 9675 9667
f 9675 9676 9667
f 9676 9677 9667
f 9677 9678 9667
f 9667 9678 9679
f 9678 9680 9679
f 9680 9681 9679
f 9681 9682 9679
f 9682 9683 9679
f 9683 9684 9679
f 9684 9685 9679
f 9685 9686 9679
f 9686 9687 9679
f 9690 9689 9688
f 9689 9691 9688
f 9691 9692 9688
f 9688 9692 9693
f 9693 9692 9694
f 9694 9692 9695
f 9692 9696 9695
f 9695 9696 9697
f 9696 9698 9697
f 9698 9699 9697
f 9697 9699 9700
f 9699 9701 9700
f 9701 9702 9700
f 9702 9703 9700
f 9703 9704 9700
f 9704 9705 9700
f 9705 9706 9700
f 9706 9707 9700
f 9707 9708 9700
f 9708 9709 9700
f 9709 9710 9700
f 9710 9711 9700
f 9700 9711 9712
f 9712 9711 9713
f 9713 9711 9714
f 9714 9711 9715
f 9715 9711 9716
f 9716 9711 9717
f 9717 9711 9718
f 9718 9711 9719
f 9719 9711 9720
f 9720 9711 9721
f 9721 9711 9722
f 9711 9723 9722
f 9722 9723 9724
f 9723 9725 9724
f 9725 9726 9724
f 9726 9727 9724
f 9727 9728 9724
f 9728 9729 9724
f 9729 9730 9724
f 9730 9731 9724
f 9734 9733 9732
f 9733 9735 9732
f 9735 9736 9732
f 9732 9736 9737
f 9737 9736 9738
f 9736 9739 9738
f 9738 9739 9740
f 9739 9741 9740
f 9740 9741 9742
f 9741 9743 9742
f 9742 9743 9744
f 9744 9743 9745
f 9745 9743 9746
f 9746 9743 9747
f 9747 9743 9748
f 9748 9743 9749
f 9749 9743 9750
f 9750 9743 9751
f 9751 9743 9752
f 9752 9743 9753
f 9753 9743 9754
f 9754 9743 9755
f 9743 9756 9755
f 9756 9757 9755
f 9757 9758 9755
f 9758 9759 9755
f 9759 9760 9755
f 9760 9761 9755
f 9761 9762 9755
f 9762 9763 9755
f 9763 9764 9755
f 9764 9765 9755
f 9765 9766 9755
f 9755 9766 9767
f 9766 9768 9767
f 9768 9769 9767
f 9769 9770 9767
f 9770 9771 9767
f 9771 9772 9767
f 9772 9773 9767
f 9773 9774 9767
f 9774 9775 9767
f 9778 9777 9776
f 9776 9777 9779
f 9779 9777 9780
f 9777 9781 9780
f 9781 9782 9780
f 9780 9782 9783
f 9782 9784 9783
f 9783 9784 9785
f 9784 9786 9785
f 9786 9787 9785
f 9785 9787 9788
f 9788 9787 9789
f 9789 9787 9790
f 9790 9787 9791
f 9791 9787 9792
f 9792 9787 9793
f 9793 9787 9794
f 9794 9787 9795
f 9795 9787 9796
f 9796 9787 9797
f 9797 9787 9798
f 9798 9787 9799
f 9787 9800 9799
f 9800 9801 9799
f 9801 9802 9799
f 9802 9803 9799
f 9803 9804 9799
f 9804 9805 9799
f 9805 9806 9799
f 9806 9807 9799
f 9807 9808 9799
f 9808 9809 9799
f 9809 9810 9799
f 9810 9811 9799
f 9799 9811 9812
f 9811 9813 9812
f 9813 9814 9812
f 9814 9815 9812
f 9815 9816 9812
f 9816 9817 9812
f 9817 9818 9812
f 9818 9819 9812
f 9428 8938 9429
f 9428 8937 8938
f 8937 9428 9427
f 8939 9427 9426
f 8939 8937 9427
f 9426 8940 8939
f 8940 9426 9425
f 8946 9425 9424
f 8946 8940 9425
f 8945 9424 9411
f 8945 8946 9424
f 8945 9411 8943
f 9445 8941 8942
f 8941 9445 9443
f 8944 9443 9442
f 8944 8941 9443
f 9442 8947 8944
f 8947 9442 9439
f 9439 8948 8947
f 8948 9439 9436
f 9436 8949 8948
f 8949 9436 9435
f 9435 8950 8949
f 8950 9435 9433
f 9433 8951 8950
f 8951 9433 9434
f 9434 8952 8951
f 8952 9434 9432
f 8953 9432 9437
f 8953 8952 9432
f 8954 9437 9438
f 8954 8953 9437
f 8955 9438 9440
f 8955 8954 9438
f 9440 8985 8955
f 8985 9440 9441
f 8976 9441 9444
f 8976 8985 9441
f 9444 8978 8976
f 8978 9444 9456
f 9456 8975 8978
f 8975 9456 9457
f 9457 8974 8975
f 8974 9457 9458
f 9458 8972 8974
f 8972 9458 9459
f 9459 8960 8972
f 8960 9459 9460
f 8964 8960 9460
f 9505 9018 9504
f 9505 9017 9018
f 9017 9505 9506
f 9506 9014 9017
f 9014 9506 9507
f 9012 9507 9508
f 9012 9014 9507
f 9010 9508 9509
f 9010 9012 9508
f 8956 9509 8957
f 8956 8958 9509
f 8958 9010 9509
f 9493 8959 9494
f 8959 9493 8961
f 9493 8962 8961
f 8962 9493 9492
f 8965 8963 9494
f 8967 8966 9494
f 8966 8965 9494
f 8968 8967 9494
f 8969 8968 9494
f 8959 8970 9494
f 8970 8969 9494
f 8971 9492 9491
f 8971 8962 9492
f 8973 9491 9490
f 8973 8971 9491
f 8977 9490 9489
f 8977 8973 9490
f 8979 9489 9487
f 8979 8977 9489
f 9487 8980 8979
f 8980 9487 9485
f 9485 8981 8980
f 8981 9485 9484
f 9484 8982 8981
f 8982 9484 9482
f 8983 9482 9481
f 8983 8982 9482
f 8984 9481 9477
f 8984 8983 9481
f 8986 9477 9478
f 8986 8984 9477
f 8987 9478 9476
f 8987 8986 9478
f 8988 9476 9479
f 8988 8987 9476
f 8989 9479 9480
f 8989 8988 9479
f 8990 9480 9483
f 8990 8989 9480
f 8991 9483 9486
f 8991 8990 9483
f 8992 9486 9488
f 8992 8991 9486
f 9488 8993 8992
f 8993 9488 9500
f 9500 9031 8993
f 9031 9500 9501
f 9501 9028 9031
f 9028 9501 9502
f 9502 9026 9028
f 9026 9502 9503
f 9503 9024 9026
f 9024 9503 9504
f 9024 9504 9018
f 9549 8994 9548
f 9549 8995 8994
f 8995 9549 9550
f 9550 8996 8995
f 8996 9550 9551
f 9551 8997 8996
f 8997 9551 9552
f 9552 8998 8997
f 8998 9552 9553
f 9553 8999 8998
f 8999 9553 9554
f 9554 9000 8999
f 9000 9554 9555
f 9555 9001 9000
f 9001 9555 9563
f 9563 9002 9001
f 9002 9563 9562
f 9003 9562 9561
f 9003 9002 9562
f 9004 9561 9560
f 9004 9003 9561
f 9005 9560 9559
f 9005 9004 9560
f 9006 9559 9558
f 9006 9005 9559
f 9007 9558 9557
f 9007 9006 9558
f 9008 9557 9556
f 9008 9007 9557
f 9009 9556 9543
f 9009 9008 9556
f 9011 9543 9542
f 9011 9009 9543
f 9013 9542 9541
f 9013 9011 9542
f 9015 9541 9540
f 9015 9013 9541
f 9016 9540 9539
f 9016 9015 9540
f 9019 9539 9538
f 9019 9016 9539
f 9020 9538 9537
f 9020 9019 9538
f 9021 9537 9536
f 9021 9020 9537
f 9022 9536 9535
f 9022 9021 9536
f 9023 9535 9534
f 9023 9022 9535
f 9025 9534 9533
f 9025 9023 9534
f 9027 9533 9532
f 9027 9025 9533
f 9029 9532 9529
f 9029 9027 9532
f 9030 9529 9528
f 9030 9029 9529
f 9032 9528 9526
f 9032 9030 9528
f 9526 9033 9032
f 9033 9526 9525
f 9034 9525 9521
f 9034 9033 9525
f 9521 9035 9034
f 9035 9521 9522
f 9036 9522 9520
f 9036 9035 9522
f 9037 9520 9523
f 9037 9036 9520
f 9038 9523 9524
f 9038 9037 9523
f 9039 9524 9527
f 9039 9038 9524
f 9040 9527 9530
f 9040 9039 9527
f 9530 9041 9040
f 9041 9530 9531
f 9531 9042 9041
f 9042 9531 9544
f 9544 9043 9042
f 9043 9544 9545
f 9545 9044 9043
f 9044 9545 9546
f 9546 9045 9044
f 9045 9546 9547
f 9547 9046 9045
f 9046 9547 9548
f 9046 9548 8994
f 9404 9075 9405
f 9404 9098 9075
f 9098 9404 9403
f 9403 9096 9098
f 9096 9403 9402
f 9402 9095 9096
f 9095 9402 9401
f 9401 9093 9095
f 9093 9401 9400
f 9400 9092 9093
f 9092 9400 9397
f 9397 9089 9092
f 9089 9397 9396
f 9396 9088 9089
f 9088 9396 9394
f 9394 9090 9088
f 9090 9394 9393
f 9047 9393 9389
f 9047 9090 9393
f 9048 9389 9390
f 9048 9047 9389
f 9049 9390 9388
f 9049 9048 9390
f 9050 9388 9391
f 9050 9049 9388
f 9051 9391 9392
f 9051 9050 9391
f 9052 9392 9395
f 9052 9051 9392
f 9053 9395 9398
f 9053 9052 9395
f 9054 9398 9399
f 9054 9053 9398
f 9399 9055 9054
f 9055 9399 9412
f 9056 9412 9413
f 9056 9055 9412
f 9413 9057 9056
f 9057 9413 9414
f 9414 9058 9057
f 9058 9414 9415
f 9415 9059 9058
f 9059 9415 9416
f 9416 9060 9059
f 9060 9416 9417
f 9061 9417 9418
f 9061 9060 9417
f 9062 9418 9419
f 9062 9061 9418
f 9419 9063 9062
f 9063 9419 9420
f 9420 9064 9063
f 9064 9420 9421
f 9421 9065 9064
f 9065 9421 9422
f 9422 9066 9065
f 9066 9422 9423
f 9423 9067 9066
f 9067 9423 9431
f 9431 9068 9067
f 9068 9431 9430
f 9430 9069 9068
f 9069 9430 9429
f 9429 8938 9069
f 8943 9411 9410
f 9410 9070 8943
f 9070 9410 9409
f 9409 9071 9070
f 9071 9409 9408
f 9408 9072 9071
f 9072 9408 9407
f 9407 9073 9072
f 9073 9407 9406
f 9074 9406 9405
f 9074 9073 9406
f 9074 9405 9075
f 9461 8964 9460
f 9461 9076 8964
f 9076 9461 9462
f 9077 9462 9463
f 9077 9076 9462
f 9463 9120 9077
f 9120 9463 9464
f 9464 9119 9120
f 9119 9464 9465
f 9465 9117 9119
f 9117 9465 9466
f 9466 9116 9117
f 9116 9466 9468
f 9468 9114 9116
f 9114 9468 9469
f 9469 9113 9114
f 9113 9469 9470
f 9079 9470 9471
f 9079 9113 9470
f 9471 9078 9079
f 9078 9471 9472
f 9080 9472 9473
f 9080 9078 9472
f 9081 9473 9474
f 9081 9080 9473
f 9082 9474 9475
f 9082 9081 9474
f 9083 9475 9467
f 9083 9082 9475
f 9084 9467 9455
f 9084 9083 9467
f 9085 9455 9454
f 9085 9084 9455
f 9086 9454 9453
f 9086 9085 9454
f 9087 9453 9452
f 9087 9086 9453
f 9091 9452 9451
f 9091 9087 9452
f 9094 9451 9450
f 9094 9091 9451
f 9097 9450 9449
f 9097 9094 9450
f 9099 9449 9448
f 9099 9097 9449
f 9448 9100 9099
f 9100 9448 9447
f 9447 9101 9100
f 9101 9447 9446
f 9446 8942 9101
f 8942 9446 9445
f 8957 9509 9510
f 9510 9102 8957
f 9102 9510 9511
f 9511 9103 9102
f 9103 9511 9519
f 9519 9104 9103
f 9104 9519 9518
f 9518 9105 9104
f 9105 9518 9517
f 9517 9106 9105
f 9106 9517 9516
f 9516 9107 9106
f 9107 9516 9515
f 9108 9515 9514
f 9108 9107 9515
f 9109 9514 9513
f 9109 9108 9514
f 9110 9513 9512
f 9110 9109 9513
f 9111 9512 9499
f 9111 9110 9512
f 9112 9499 9498
f 9112 9111 9499
f 9115 9498 9497
f 9115 9112 9498
f 9118 9497 9496
f 9118 9115 9497
f 9121 9496 9495
f 9121 9118 9496
f 9122 9495 9494
f 9122 9121 9495
f 9494 8963 9122
f 9576 9579 9154
f 9157 9576 9154
f 9124 9578 9576
f 9124 9576 9157
f 9580 9583 9123
f 9123 9583 9125
f 9247 9582 9580
f 9247 9580 9123
f 9584 9587 9251
f 9586 9127 9585
f 9127 9586 9584
f 9127 9584 9251
f 9126 9591 9128
f 9591 9126 9588
f 9590 9130 9589
f 9130 9590 9588
f 9588 9126 9130
f 9129 9595 9131
f 9595 9129 9592
f 9594 9132 9133
f 9132 9594 9592
f 9594 9133 9593
f 9132 9592 9129
f 9134 9599 9597
f 9134 9135 9599
f 9599 9135 9596
f 9136 9597 9598
f 9136 9134 9597
f 9137 9598 9596
f 9137 9136 9598
f 9137 9596 9135
f 9639 9168 9640
f 9639 9189 9168
f 9189 9639 9638
f 9638 9187 9189
f 9187 9638 9637
f 9637 9184 9187
f 9184 9637 9635
f 9635 9182 9184
f 9182 9635 9623
f 9623 9139 9182
f 9139 9623 9622
f 9622 9138 9139
f 9138 9622 9621
f 9621 9140 9138
f 9140 9621 9620
f 9620 9141 9140
f 9141 9620 9619
f 9619 9142 9141
f 9142 9619 9618
f 9618 9143 9142
f 9143 9618 9617
f 9144 9617 9616
f 9144 9143 9617
f 9145 9616 9615
f 9145 9144 9616
f 9146 9615 9614
f 9146 9145 9615
f 9147 9614 9613
f 9147 9146 9614
f 9148 9613 9611
f 9148 9147 9613
f 9149 9611 9610
f 9149 9148 9611
f 9150 9610 9607
f 9150 9149 9610
f 9151 9607 9604
f 9151 9150 9607
f 9604 9277 9151
f 9277 9604 9603
f 9603 9274 9277
f 9274 9603 9601
f 9601 9272 9274
f 9272 9601 9602
f 9602 9270 9272
f 9270 9602 9600
f 9600 9269 9270
f 9269 9600 9605
f 9605 9266 9269
f 9266 9605 9606
f 9606 9267 9266
f 9267 9606 9608
f 9608 9288 9267
f 9288 9608 9609
f 9609 9289 9288
f 9289 9609 9612
f 9289 9612 9290
f 9626 9152 9153
f 9152 9626 9627
f 9155 9627 9628
f 9155 9152 9627
f 9156 9628 9629
f 9156 9155 9628
f 9158 9629 9630
f 9158 9156 9629
f 9159 9630 9631
f 9159 9158 9630
f 9160 9631 9632
f 9160 9159 9631
f 9161 9632 9633
f 9161 9160 9632
f 9162 9633 9634
f 9162 9161 9633
f 9634 9163 9162
f 9163 9634 9636
f 9636 9164 9163
f 9164 9636 9643
f 9643 9165 9164
f 9165 9643 9642
f 9642 9166 9165
f 9166 9642 9641
f 9641 9167 9166
f 9167 9641 9640
f 9167 9640 9168
f 9644 9230 9646
f 9644 9228 9230
f 9228 9644 9647
f 9647 9225 9228
f 9225 9647 9648
f 9648 9170 9225
f 9170 9648 9651
f 9651 9169 9170
f 9169 9651 9654
f 9654 9171 9169
f 9171 9654 9656
f 9171 9656 9172
f 9172 9656 9657
f 9173 9657 9658
f 9173 9172 9657
f 9174 9658 9659
f 9174 9173 9658
f 9175 9659 9660
f 9175 9174 9659
f 9176 9660 9661
f 9176 9175 9660
f 9177 9661 9662
f 9177 9176 9661
f 9662 9178 9177
f 9178 9662 9663
f 9663 9179 9178
f 9179 9663 9664
f 9180 9664 9665
f 9180 9179 9664
f 9181 9665 9666
f 9181 9180 9665
f 9183 9666 9667
f 9183 9181 9666
f 9185 9667 9679
f 9185 9183 9667
f 9186 9679 9687
f 9186 9185 9679
f 9188 9687 9686
f 9188 9186 9687
f 9190 9686 9685
f 9190 9188 9686
f 9191 9685 9684
f 9191 9190 9685
f 9192 9684 9683
f 9192 9191 9684
f 9683 9193 9192
f 9193 9683 9682
f 9682 9194 9193
f 9194 9682 9681
f 9681 9195 9194
f 9195 9681 9680
f 9196 9680 9678
f 9196 9195 9680
f 9197 9678 9677
f 9197 9196 9678
f 9677 9198 9197
f 9198 9677 9676
f 9676 9199 9198
f 9199 9676 9675
f 9675 9200 9199
f 9200 9675 9674
f 9674 9201 9200
f 9201 9674 9673
f 9673 9202 9201
f 9202 9673 9672
f 9672 9203 9202
f 9203 9672 9671
f 9671 9204 9203
f 9204 9671 9670
f 9670 9205 9204
f 9205 9670 9669
f 9669 9206 9205
f 9206 9669 9668
f 9668 9207 9206
f 9207 9668 9655
f 9207 9655 9208
f 9208 9655 9653
f 9653 9239 9208
f 9239 9653 9652
f 9652 9240 9239
f 9240 9652 9650
f 9650 9236 9240
f 9236 9650 9649
f 9649 9235 9236
f 9235 9649 9645
f 9645 9233 9235
f 9233 9645 9646
f 9233 9646 9230
f 9209 9727 9210
f 9727 9209 9728
f 9210 9727 9726
f 9211 9728 9209
f 9210 9726 9212
f 9212 9726 9725
f 9212 9725 9213
f 9213 9725 9723
f 9214 9723 9711
f 9214 9213 9723
f 9215 9711 9710
f 9215 9214 9711
f 9215 9710 9216
f 9216 9710 9709
f 9709 9217 9216
f 9217 9709 9708
f 9217 9708 9218
f 9218 9708 9707
f 9219 9707 9706
f 9219 9218 9707
f 9220 9706 9705
f 9220 9219 9706
f 9221 9705 9704
f 9221 9220 9705
f 9221 9704 9222
f 9222 9704 9703
f 9222 9703 9223
f 9223 9703 9702
f 9224 9702 9701
f 9224 9223 9702
f 9226 9701 9699
f 9226 9224 9701
f 9227 9699 9698
f 9227 9226 9699
f 9229 9698 9696
f 9229 9227 9698
f 9231 9696 9692
f 9231 9229 9696
f 9232 9692 9691
f 9232 9231 9692
f 9234 9691 9689
f 9234 9232 9691
f 9237 9689 9690
f 9237 9234 9689
f 9690 9238 9208
f 9238 9690 9688
f 9218 9239 9690
f 9208 9218 9690
f 9239 9219 9690
f 9219 9237 9690
f 9241 9688 9693
f 9241 9238 9688
f 9693 9242 9241
f 9242 9693 9694
f 9694 9243 9242
f 9243 9694 9695
f 9695 9244 9243
f 9244 9695 9697
f 9245 9697 9700
f 9245 9244 9697
f 9246 9700 9712
f 9246 9245 9700
f 9248 9712 9713
f 9248 9246 9712
f 9249 9713 9714
f 9249 9248 9713
f 9250 9714 9715
f 9250 9249 9714
f 9252 9715 9716
f 9252 9250 9715
f 9253 9716 9717
f 9253 9252 9716
f 9254 9717 9718
f 9254 9253 9717
f 9718 9255 9254
f 9255 9718 9719
f 9256 9719 9720
f 9256 9255 9719
f 9257 9720 9721
f 9257 9256 9720
f 9721 9258 9130
f 9258 9721 9722
f 9130 9257 9721
f 9259 9722 9724
f 9259 9258 9722
f 9260 9724 9731
f 9260 9259 9724
f 9731 9261 9260
f 9261 9731 9730
f 9730 9262 9261
f 9262 9730 9729
f 9263 9729 9728
f 9263 9262 9729
f 9211 9263 9728
f 9732 9264 9265
f 9264 9732 9737
f 9732 9265 9734
f 9268 9737 9738
f 9268 9264 9737
f 9271 9738 9740
f 9271 9268 9738
f 9740 9273 9271
f 9273 9740 9742
f 9275 9742 9744
f 9275 9273 9742
f 9744 9276 9275
f 9276 9744 9745
f 9745 9278 9276
f 9278 9745 9746
f 9746 9279 9278
f 9279 9746 9747
f 9747 9280 9279
f 9280 9747 9748
f 9281 9748 9749
f 9281 9280 9748
f 9282 9749 9750
f 9282 9281 9749
f 9283 9750 9751
f 9283 9282 9750
f 9284 9751 9752
f 9284 9283 9751
f 9285 9752 9753
f 9285 9284 9752
f 9286 9753 9754
f 9286 9285 9753
f 9287 9286 9754
f 9734 9265 9733
f 9265 9291 9733
f 9295 9387 9292
f 9387 9295 9384
f 9292 9387 9385
f 9292 9385 9293
f 9293 9385 9386
f 9293 9386 9294
f 9294 9386 9384
f 9295 9294 9384
f 9567 9296 9564
f 9296 9567 9565
f 9296 9297 9564
f 9565 9298 9296
f 9298 9565 9566
f 9299 9566 9564
f 9299 9298 9566
f 9299 9564 9297
f 9571 9300 9568
f 9300 9571 9569
f 9300 9301 9568
f 9569 9302 9300
f 9302 9569 9570
f 9303 9570 9568
f 9303 9302 9570
f 9303 9568 9301
f 9575 9304 9572
f 9304 9575 9573
f 9304 9305 9572
f 9573 9306 9304
f 9306 9573 9574
f 9307 9574 9572
f 9306 9574 9307
f 9307 9572 9305
f 9154 9579 9577
f 9577 9308 9154
f 9308 9577 9578
f 9124 9308 9578
f 9125 9583 9581
f 9581 9309 9125
f 9309 9581 9582
f 9247 9309 9582
f 9251 9587 9310
f 9310 9587 9585
f 9310 9585 9311
f 9127 9311 9585
f 9128 9591 9589
f 9128 9589 9312
f 9130 9312 9589
f 9131 9595 9593
f 9131 9593 9133
f 9290 9612 9624
f 9624 9351 9290
f 9351 9624 9625
f 9625 9153 9351
f 9153 9625 9626
f 9287 9754 9755
f 9755 9313 9287
f 9313 9755 9767
f 9767 9314 9313
f 9314 9767 9775
f 9775 9315 9314
f 9315 9775 9774
f 9774 9316 9315
f 9316 9774 9773
f 9773 9317 9316
f 9317 9773 9772
f 9318 9772 9771
f 9318 9317 9772
f 9319 9771 9770
f 9319 9318 9771
f 9320 9770 9769
f 9320 9319 9770
f 9321 9769 9768
f 9321 9320 9769
f 9768 9322 9321
f 9322 9768 9766
f 9766 9323 9322
f 9323 9766 9765
f 9765 9324 9323
f 9324 9765 9764
f 9764 9325 9324
f 9325 9764 9763
f 9763 9326 9325
f 9326 9763 9762
f 9762 9327 9326
f 9327 9762 9761
f 9761 9328 9327
f 9328 9761 9760
f 9760 9329 9328
f 9329 9760 9759
f 9759 9330 9329
f 9330 9759 9758
f 9758 9331 9330
f 9331 9758 9757
f 9757 9332 9331
f 9332 9757 9756
f 9756 9333 9332
f 9333 9756 9743
f 9334 9743 9741
f 9334 9333 9743
f 9741 9335 9334
f 9335 9741 9739
f 9739 9336 9335
f 9336 9739 9736
f 9736 9337 9336
f 9337 9736 9735
f 9735 9338 9337
f 9338 9735 9733
f 9733 9291 9338
f 9776 9340 9778
f 9776 9339 9340
f 9339 9776 9779
f 9779 9341 9339
f 9341 9779 9780
f 9780 9342 9341
f 9342 9780 9783
f 9783 9343 9342
f 9343 9783 9785
f 9785 9344 9343
f 9344 9785 9788
f 9345 9788 9789
f 9345 9344 9788
f 9789 9346 9345
f 9346 9789 9790
f 9790 9347 9346
f 9347 9790 9791
f 9791 9348 9347
f 9348 9791 9792
f 9792 9349 9348
f 9349 9792 9793
f 9350 9793 9794
f 9350 9349 9793
f 9352 9794 9795
f 9352 9350 9794
f 9353 9795 9796
f 9353 9352 9795
f 9796 9354 9353
f 9354 9796 9797
f 9797 9355 9354
f 9355 9797 9798
f 9798 9356 9355
f 9356 9798 9799
f 9799 9357 9356
f 9357 9799 9812
f 9812 9358 9357
f 9358 9812 9819
f 9359 9819 9818
f 9359 9358 9819
f 9360 9818 9817
f 9360 9359 9818
f 9361 9817 9816
f 9361 9360 9817
f 9362 9816 9815
f 9362 9361 9816
f 9363 9815 9814
f 9363 9362 9815
f 9364 9814 9813
f 9364 9363 9814
f 9365 9813 9811
f 9365 9364 9813
f 9366 9811 9810
f 9366 9365 9811
f 9367 9810 9809
f 9367 9366 9810
f 9368 9809 9808
f 9368 9367 9809
f 9369 9808 9807
f 9369 9368 9808
f 9807 9370 9369
f 9370 9807 9806
f 9371 9806 9805
f 9371 9370 9806
f 9372 9805 9804
f 9372 9371 9805
f 9804 9373 9372
f 9373 9804 9803
f 9803 9374 9373
f 9374 9803 9802
f 9802 9375 9374
f 9375 9802 9801
f 9376 9801 9800
f 9376 9375 9801
f 9377 9800 9787
f 9377 9376 9800
f 9787 9378 9377
f 9378 9787 9786
f 9786 9379 9378
f 9379 9786 9784
f 9380 9784 9782
f 9380 9379 9784
f 9381 9782 9781
f 9381 9380 9782
f 9381 9781 9382
f 9382 9781 9777
f 9383 9777 9778
f 9383 9382 9777
f 9383 9778 9340
f 9822 9821 9820
f 9825 9824 9823
f 9828 9827 9826
f 9820 9830 9829
f 9823 9832 9831
f 9835 9834 9833
f 9838 9837 9836
f 9840 9839 9836
f 9842 9835 9841
f 9845 9844 9843
f 9848 9847 9846
f 9851 9850 9849
f 9850 9833 9834
f 9853 9840 9852
f 9843 9854 9837
f 9846 9838 9850
f 9838 9833 9850
f 9857 9856 9855
f 9859 9830 9858
f 9849 9834 9860
f 9842 9859 9861
f 9856 9832 9829
f 9829 9855 9856
f 9837 9838 9846
f 9846 9847 9837
f 9854 9843 9844
f 9855 9859 9842
f 9863 9849 9862
f 9864 9846 9850
f 9865 9843 9847
f 9867 9866 9835
f 9841 9839 9840
f 9841 9833 9838
f 9866 9860 9834
f 9859 9855 9829
f 9824 9829 9832
f 9821 9858 9830
f 9869 9826 9868
f 9870 9823 9827
f 9871 9820 9824
f 9820 9871 9822
f 9823 9870 9825
f 9826 9869 9828
f 9829 9824 9820
f 9831 9827 9823
f 9833 9841 9835
f 9836 9839 9838
f 9841 9853 9842
f 9843 9865 9845
f 9846 9864 9848
f 9849 9863 9851
f 9834 9849 9850
f 9852 9857 9853
f 9837 9847 9843
f 9855 9853 9857
f 9858 9861 9859
f 9860 9862 9849
f 9861 9867 9842
f 9842 9853 9855
f 9862 9872 9863
f 9850 9851 9864
f 9847 9848 9865
f 9835 9842 9867
f 9840 9853 9841
f 9838 9839 9841
f 9834 9835 9866
f 9829 9830 9859
f 9832 9823 9824
f 9830 9820 9821
f 9868 9873 9869
f 9827 9828 9870
f 9824 9825 9871
f 9874 9821 9822
f 9877 9876 9875
f 9880 9879 9878
f 9882 9881 9874
f 9884 9883 9877
f 9887 9886 9885
f 9890 9889 9888
f 9890 9892 9891
f 9894 9885 9893
f 9897 9896 9895
f 9900 9899 9898
f 9903 9902 9901
f 9886 9887 9902
f 9905 9891 9904
f 9889 9906 9897
f 9902 9888 9900
f 9902 9887 9888
f 9909 9908 9907
f 9858 9881 9910
f 9860 9886 9903
f 9861 9910 9893
f 9882 9883 9908
f 9908 9909 9882
f 9900 9888 9889
f 9889 9899 9900
f 9896 9897 9906
f 9893 9910 9909
f 9862 9903 9911
f 9902 9900 9912
f 9899 9897 9913
f 9885 9866 9867
f 9891 9892 9894
f 9888 9887 9894
f 9886 9860 9866
f 9882 9909 9910
f 9883 9882 9876
f 9881 9858 9821
f 9915 9880 9914
f 9879 9877 9916
f 9876 9874 9917
f 9822 9917 9874
f 9875 9916 9877
f 9878 9914 9880
f 9874 9876 9882
f 9877 9879 9884
f 9885 9894 9887
f 9888 9892 9890
f 9893 9904 9894
f 9895 9913 9897
f 9898 9912 9900
f 9901 9911 9903
f 9902 9903 9886
f 9904 9907 9905
f 9897 9899 9889
f 9907 9904 9909
f 9910 9861 9858
f 9903 9862 9860
f 9893 9867 9861
f 9909 9904 9893
f 9911 9872 9862
f 9912 9901 9902
f 9913 9898 9899
f 9867 9893 9885
f 9894 9904 9891
f 9894 9892 9888
f 9866 9885 9886
f 9910 9881 9882
f 9876 9877 9883
f 9821 9874 9881
f 9914 9918 9915
f 9916 9878 9879
f 9917 9875 9876
f 9921 9920 9919
f 9924 9923 9922
f 9927 9926 9925
f 9929 9928 9925
f 9932 9931 9930
f 9933 9931 9932
f 9934 9931 9933
f 9932 9930 9935
f 9926 9927 9936
f 9928 9938 9937
f 9941 9940 9939
f 9940 9943 9942
f 9922 9936 9924
f 9925 9937 9927
f 9943 9941 9944
f 9933 9945 9934
f 9946 9934 9945
f 9947 9942 9946
f 9943 9948 9946
f 9919 9938 9949
f 9936 9922 9926
f 9937 9925 9928
f 9939 9925 9926
f 9952 9951 9950
f 9945 9952 9946
f 9955 9954 9953
f 9946 9942 9943
f 9931 9934 9956
f 9934 9946 9948
f 9956 9930 9931
f 9948 9956 9934
f 9958 9928 9957
f 9922 9941 9926
f 9959 9935 9930
f 9956 9961 9960
f 9960 9930 9956
f 9944 9948 9943
f 9948 9944 9961
f 9961 9956 9948
f 9960 9959 9930
f 9962 9944 9941
f 9941 9922 9962
f 9923 9962 9922
f 9946 9950 9947
f 9963 9955 9947
f 9942 9947 9964
f 9949 9938 9958
f 9921 9949 9965
f 9929 9925 9939
f 9964 9947 9965
f 9953 9966 9920
f 9957 9965 9958
f 9939 9967 9929
f 9939 9926 9941
f 9941 9943 9940
f 9940 9942 9967
f 9929 9967 9964
f 9967 9939 9940
f 9929 9964 9957
f 9964 9967 9942
f 9957 9928 9929
f 9957 9964 9965
f 9949 9958 9965
f 9958 9938 9928
f 9951 9963 9950
f 9947 9955 9965
f 9963 9954 9955
f 9953 9965 9955
f 9953 9920 9921
f 9953 9954 9966
f 9949 9921 9919
f 9921 9965 9953
f 9919 9920 9968
f 9971 9970 9969
f 9974 9973 9972
f 9974 9976 9975
f 9979 9978 9977
f 9977 9978 9933
f 9933 9978 9980
f 9981 9979 9977
f 9982 9972 9973
f 9984 9983 9976
f 9987 9986 9985
f 9989 9988 9986
f 9969 9982 9971
f 9972 9984 9974
f 9990 9985 9988
f 9980 9945 9933
f 9945 9980 9991
f 9991 9989 9992
f 9991 9993 9988
f 9994 9983 9919
f 9973 9971 9982
f 9976 9974 9984
f 9973 9974 9987
f 9952 9991 9995
f 9991 9952 9945
f 9997 9954 9996
f 9988 9989 9991
f 9998 9980 9978
f 9993 9991 9980
f 9978 9979 9998
f 9980 9998 9993
f 10000 9976 9999
f 9973 9985 9971
f 9979 9981 10001
f 10003 10002 9998
f 9998 9979 10003
f 9988 9993 9990
f 10002 9990 9993
f 9993 9998 10002
f 9979 10001 10003
f 9985 9990 10004
f 10004 9971 9985
f 9971 10004 9970
f 9995 9951 9952
f 9992 9996 9963
f 10005 9992 9989
f 9999 9983 9994
f 10006 9994 9968
f 9987 9974 9975
f 10006 9992 10005
f 9920 9966 9997
f 9999 10006 10000
f 9975 10007 9987
f 9985 9973 9987
f 9986 9988 9985
f 10007 9989 9986
f 10005 10007 9975
f 9986 9987 10007
f 10000 10005 9975
f 9989 10007 10005
f 9975 9976 10000
f 10006 10005 10000
f 10006 9999 9994
f 9976 9983 9999
f 9992 9963 9995
f 10006 9996 9992
f 9996 9954 9963
f 9996 10006 9997
f 9968 9920 9997
f 9966 9954 9997
f 9919 9968 9994
f 9997 10006 9968
f 9950 9963 9947
f 9992 9995 9991
f 9950 9946 9952
f 9995 9963 9951
f 10009 10008 9924
f 10011 10010 9927
f 9936 9927 10010
f 9937 9938 10012
f 9924 9936 10009
f 9927 9937 10011
f 10013 9938 9919
f 10010 10009 9936
f 10012 10011 9937
f 10012 9938 10013
f 9969 10015 10014
f 9972 10017 10016
f 10017 9972 9982
f 10018 9983 9984
f 10014 9982 9969
f 10016 9984 9972
f 9919 9983 10013
f 9982 10014 10017
f 9984 10016 10018
f 10013 9983 10018
f 10021 10020 10019
f 10020 10022 10019
f 10022 10024 10023
f 10024 10026 10025
f 10026 10028 10027
f 10028 10030 10029
f 10030 10032 10031
f 10032 10034 10033
f 10034 10036 10035
f 10036 10038 10037
f 10038 10039 10037
f 10039 10041 10040
f 10041 10043 10042
f 10043 10045 10044
f 10045 10047 10046
f 10047 10048 10046
f 10048 10050 10049
f 10050 10052 10051
f 10052 10053 10051
f 10053 10021 10054
f 10055 10054 10021
f 10054 10051 10053
f 10051 10056 10050
f 10056 10049 10050
f 10049 10046 10048
f 10046 10057 10045
f 10057 10044 10045
f 10044 10042 10043
f 10042 10040 10041
f 10040 10037 10039
f 10037 10035 10036
f 10035 10033 10034
f 10033 10058 10032
f 10058 10031 10032
f 10031 10029 10030
f 10029 10027 10028
f 10027 10025 10026
f 10025 10023 10024
f 10023 10019 10022
f 10019 10055 10021
f 10055 10019 10059
f 10019 10023 10060
f 10023 10025 10061
f 10025 10027 10062
f 10027 10029 10063
f 10029 10031 10064
f 10031 10058 10065
f 10058 10033 10066
f 10033 10035 10067
f 10035 10037 10068
f 10037 10040 10069
f 10040 10042 10070
f 10042 10044 10071
f 10044 10057 10072
f 10057 10046 10073
f 10046 10049 10074
f 10049 10056 10075
f 10056 10051 10076
f 10051 10054 10077
f 10054 10055 10059
f 10059 10077 10054
f 10077 10076 10051
f 10076 10075 10056
f 10075 10074 10049
f 10074 10073 10046
f 10073 10072 10057
f 10072 10071 10044
f 10071 10070 10042
f 10070 10069 10040
f 10069 10068 10037
f 10068 10067 10035
f 10067 10078 10033
f 10078 10066 10033
f 10066 10065 10058
f 10065 10064 10031
f 10064 10063 10029
f 10063 10062 10027
f 10062 10061 10025
f 10061 10060 10023
f 10060 10059 10019
f 10059 10060 10079
f 10060 10061 10080
f 10061 10062 10081
f 10062 10063 10081
f 10063 10064 10082
f 10064 10065 10083
f 10065 10066 10084
f 10066 10078 10085
f 10078 10067 10086
f 10067 10068 10087
f 10068 10069 10088
f 10069 10070 10089
f 10070 10071 10090
f 10071 10072 10091
f 10072 10073 10092
f 10073 10074 10093
f 10074 10075 10094
f 10075 10076 10095
f 10076 10077 10096
f 10077 10059 10079
f 10079 10096 10077
f 10096 10095 10076
f 10095 10097 10075
f 10097 10094 10075
f 10094 10093 10074
f 10093 10092 10073
f 10092 10091 10072
f 10091 10090 10071
f 10090 10089 10070
f 10089 10088 10069
f 10088 10087 10068
f 10087 10086 10067
f 10086 10085 10078
f 10085 10084 10066
f 10084 10083 10065
f 10083 10082 10064
f 10082 10081 10063
f 10081 10098 10061
f 10098 10080 10061
f 10080 10079 10060
f 10079 10080 10099
f 10080 10098 10100
f 10098 10081 10101
f 10081 10082 10102
f 10082 10083 10103
f 10083 10084 10104
f 10084 10085 10105
f 10085 10086 10106
f 10086 10087 10107
f 10087 10088 10108
f 10088 10089 10109
f 10089 10090 10110
f 10090 10091 10111
f 10091 10092 10112
f 10092 10093 10113
f 10093 10094 10113
f 10094 10097 10114
f 10097 10095 10115
f 10095 10096 10116
f 10096 10079 10117
f 10099 10117 10079
f 10117 10116 10096
f 10116 10115 10095
f 10115 10114 10097
f 10114 10113 10094
f 10113 10112 10092
f 10112 10111 10091
f 10111 10110 10090
f 10110 10109 10089
f 10109 10108 10088
f 10108 10107 10087
f 10107 10106 10086
f 10106 10105 10085
f 10105 10104 10084
f 10104 10103 10083
f 10103 10102 10082
f 10102 10101 10081
f 10101 10100 10098
f 10100 10099 10080
f 10099 10100 10118
f 10100 10101 10119
f 10101 10102 10120
f 10102 10103 10121
f 10103 10104 10122
f 10104 10105 10122
f 10105 10106 10123
f 10106 10107 10124
f 10107 10108 10125
f 10108 10109 10126
f 10109 10110 10127
f 10110 10111 10128
f 10111 10112 10129
f 10112 10113 10130
f 10113 10114 10130
f 10114 10115 10131
f 10115 10116 10132
f 10116 10117 10133
f 10117 10099 10118
f 10118 10134 10117
f 10134 10133 10117
f 10133 10132 10116
f 10132 10131 10115
f 10131 10130 10114
f 10130 10135 10112
f 10135 10129 10112
f 10129 10128 10111
f 10128 10127 10110
f 10127 10126 10109
f 10126 10125 10108
f 10125 10124 10107
f 10124 10136 10106
f 10136 10123 10106
f 10123 10122 10105
f 10122 10137 10103
f 10137 10121 10103
f 10121 10120 10102
f 10120 10119 10101
f 10119 10118 10100
f 10118 10119 10138
f 10119 10120 10139
f 10120 10121 10140
f 10121 10137 10141
f 10137 10122 10142
f 10122 10123 10142
f 10123 10136 10143
f 10136 10124 10144
f 10124 10125 10145
f 10125 10126 10146
f 10126 10127 10147
f 10127 10128 10148
f 10128 10129 10149
f 10129 10135 10150
f 10135 10130 10151
f 10130 10131 10151
f 10131 10132 10152
f 10132 10133 10153
f 10133 10134 10154
f 10134 10118 10155
f 10155 10156 10134
f 10156 10154 10134
f 10154 10153 10133
f 10153 10152 10132
f 10152 10151 10131
f 10151 10150 10135
f 10150 10149 10129
f 10149 10157 10128
f 10157 10148 10128
f 10148 10147 10127
f 10147 10146 10126
f 10146 10145 10125
f 10145 10144 10124
f 10144 10143 10136
f 10143 10142 10123
f 10142 10141 10137
f 10141 10140 10121
f 10140 10139 10120
f 10139 10138 10119
f 10138 10155 10118
f 10155 10138 10158
f 10138 10139 10159
f 10139 10140 10160
f 10140 10141 10161
f 10141 10142 10162
f 10142 10143 10163
f 10143 10144 10164
f 10144 10145 10165
f 10145 10146 10166
f 10146 10147 10167
f 10147 10148 10168
f 10148 10157 10169
f 10157 10149 10170
f 10149 10150 10171
f 10150 10151 10172
f 10151 10152 10173
f 10152 10153 10174
f 10153 10154 10175
f 10154 10156 10176
f 10156 10155 10158
f 10158 10176 10156
f 10176 10175 10154
f 10175 10174 10153
f 10174 10173 10152
f 10173 10172 10151
f 10172 10171 10150
f 10171 10170 10149
f 10170 10169 10157
f 10169 10168 10148
f 10168 10167 10147
f 10167 10166 10146
f 10166 10165 10145
f 10165 10164 10144
f 10164 10163 10143
f 10163 10162 10142
f 10162 10177 10141
f 10177 10161 10141
f 10161 10160 10140
f 10160 10159 10139
f 10159 10158 10138
f 10158 10159 10178
f 10159 10160 10179
f 10160 10161 10180
f 10161 10177 10181
f 10177 10162 10182
f 10162 10163 10183
f 10163 10164 10184
f 10164 10165 10184
f 10165 10166 10185
f 10166 10167 10186
f 10167 10168 10187
f 10168 10169 10187
f 10169 10170 10188
f 10170 10171 10189
f 10171 10172 10189
f 10172 10173 10190
f 10173 10174 10191
f 10174 10175 10191
f 10175 10176 10192
f 10176 10158 10178
f 10178 10192 10176
f 10192 10191 10175
f 10191 10190 10173
f 10190 10193 10172
f 10193 10189 10172
f 10189 10188 10170
f 10188 10187 10169
f 10187 10186 10167
f 10186 10185 10166
f 10185 10184 10165
f 10184 10183 10163
f 10183 10182 10162
f 10182 10181 10177
f 10181 10180 10161
f 10180 10179 10160
f 10179 10178 10159
f 10178 10179 10194
f 10179 10180 10195
f 10180 10181 10196
f 10181 10182 10196
f 10182 10183 10196
f 10183 10184 10197
f 10184 10185 10197
f 10185 10186 10198
f 10186 10187 10198
f 10187 10188 10199
f 10188 10189 10199
f 10189 10193 10200
f 10193 10190 10200
f 10190 10191 10200
f 10191 10192 10201
f 10192 10178 10194
f 10194 10201 10192
f 10201 10200 10191
f 10200 10199 10189
f 10199 10198 10187
f 10198 10197 10185
f 10197 10196 10183
f 10196 10195 10180
f 10195 10194 10179
f 10194 10195 10202
f 10195 10196 10203
f 10196 10197 10203
f 10197 10198 10204
f 10198 10199 10204
f 10199 10200 10205
f 10200 10201 10205
f 10201 10194 10202
f 10202 10205 10201
f 10205 10204 10199
f 10204 10203 10197
f 10203 10202 10195
f 10208 10207 10206
f 10211 10210 10209
f 10214 10213 10212
f 10217 10216 10215
f 10219 10217 10218
f 10222 10221 10220
f 10223 10220 10221
f 10207 10208 10224
f 10225 10206 10207
f 10227 10212 10226
f 10229 10228 10224
f 10222 10231 10230
f 10233 10231 10232
f 10206 10234 10208
f 10207 10235 10225
f 10236 10232 10231
f 10237 10226 10212
f 10239 10238 10217
f 10240 10216 10217
f 10235 10242 10241
f 10222 10210 10211
f 10211 10239 10219
f 10238 10229 10243
f 10243 10240 10238
f 10244 10228 10239
f 10211 10221 10222
f 10224 10228 10244
f 10238 10239 10228
f 10245 10214 10227
f 10233 10212 10213
f 10230 10210 10222
f 10246 10230 10231
f 10229 10208 10234
f 10215 10218 10217
f 10218 10223 10219
f 10248 10227 10247
f 10220 10236 10222
f 10221 10219 10223
f 10226 10247 10227
f 10224 10208 10229
f 10232 10237 10233
f 10231 10222 10236
f 10212 10233 10237
f 10217 10219 10239
f 10217 10238 10240
f 10241 10225 10235
f 10219 10221 10211
f 10239 10211 10244
f 10228 10229 10238
f 10212 10227 10214
f 10213 10246 10233
f 10231 10233 10246
f 10234 10243 10229
f 10247 10249 10248
f 10248 10245 10227
f 10209 10244 10211
f 10230 10246 10250
f 10210 10230 10251
f 10213 10214 10252
f 10246 10213 10253
f 10250 10251 10230
f 10251 10209 10210
f 10252 10253 10213
f 10253 10250 10246
f 10245 10252 10214
f 10256 10255 10254
f 10259 10258 10257
f 10262 10261 10260
f 10215 10264 10263
f 10218 10263 10265
f 10220 10267 10266
f 10267 10220 10223
f 10268 10254 10255
f 10255 10256 10269
f 10226 10262 10270
f 10268 10272 10271
f 10274 10273 10266
f 10232 10273 10275
f 10254 10276 10256
f 10269 10277 10255
f 10273 10232 10236
f 10262 10226 10237
f 10263 10279 10278
f 10263 10264 10280
f 10282 10281 10277
f 10257 10258 10266
f 10265 10278 10257
f 10283 10271 10279
f 10279 10280 10283
f 10278 10272 10284
f 10266 10267 10257
f 10284 10272 10268
f 10272 10278 10279
f 10270 10260 10285
f 10261 10262 10275
f 10266 10258 10274
f 10273 10274 10286
f 10276 10254 10271
f 10263 10218 10215
f 10265 10223 10218
f 10247 10270 10287
f 10266 10236 10220
f 10223 10265 10267
f 10270 10247 10226
f 10271 10254 10268
f 10275 10237 10232
f 10236 10266 10273
f 10237 10275 10262
f 10278 10265 10263
f 10280 10279 10263
f 10277 10269 10282
f 10257 10267 10265
f 10284 10257 10278
f 10279 10271 10272
f 10260 10270 10262
f 10275 10286 10261
f 10286 10275 10273
f 10271 10283 10276
f 10287 10249 10247
f 10270 10285 10287
f 10257 10284 10259
f 10288 10286 10274
f 10289 10274 10258
f 10290 10260 10261
f 10291 10261 10286
f 10274 10289 10288
f 10258 10259 10289
f 10261 10291 10290
f 10286 10288 10291
f 10260 10290 10285
f 10294 10293 10292
f 10297 10296 10295
f 10299 10298 10295
f 10302 10301 10300
f 10305 10304 10303
f 10297 10295 10298
f 10308 10307 10306
f 10311 10310 10309
f 10307 10312 10311
f 10299 10313 10301
f 10313 10299 10307
f 10303 10314 10305
f 10317 10316 10315
f 10319 10312 10318
f 10321 10320 10293
f 10301 10302 10322
f 10296 10324 10323
f 10299 10318 10312
f 10325 10313 10308
f 10323 10326 10318
f 10327 10308 10305
f 10317 10328 10314
f 10328 10292 10327
f 10301 10298 10299
f 10327 10292 10293
f 10307 10308 10313
f 10329 10304 10306
f 10298 10301 10322
f 10293 10320 10325
f 10315 10328 10317
f 10312 10319 10310
f 10292 10330 10294
f 10295 10318 10299
f 10298 10322 10297
f 10306 10305 10308
f 10309 10329 10311
f 10305 10306 10304
f 10311 10306 10307
f 10330 10292 10328
f 10330 10328 10315
f 10318 10326 10319
f 10293 10294 10321
f 10312 10307 10299
f 10308 10327 10325
f 10318 10295 10323
f 10305 10314 10327
f 10314 10303 10317
f 10310 10311 10312
f 10327 10314 10328
f 10293 10325 10327
f 10306 10311 10329
f 10300 10313 10325
f 10323 10295 10296
f 10300 10325 10320
f 10301 10313 10300
f 10333 10332 10331
f 10336 10335 10334
f 10336 10338 10337
f 10341 10340 10339
f 10344 10343 10342
f 10338 10336 10334
f 10347 10346 10345
f 10309 10310 10348
f 10348 10349 10346
f 10340 10350 10337
f 10346 10337 10350
f 10342 10351 10344
f 10354 10353 10352
f 10355 10349 10319
f 10332 10357 10356
f 10358 10339 10340
f 10323 10324 10335
f 10349 10355 10337
f 10345 10350 10359
f 10355 10326 10323
f 10342 10345 10360
f 10351 10361 10352
f 10360 10333 10361
f 10337 10338 10340
f 10332 10333 10360
f 10350 10345 10346
f 10347 10343 10362
f 10358 10340 10338
f 10359 10357 10332
f 10352 10361 10354
f 10310 10319 10349
f 10331 10363 10333
f 10337 10355 10336
f 10334 10358 10338
f 10345 10342 10347
f 10348 10362 10309
f 10343 10347 10342
f 10346 10347 10348
f 10361 10333 10363
f 10354 10361 10363
f 10319 10326 10355
f 10356 10331 10332
f 10337 10346 10349
f 10359 10360 10345
f 10323 10336 10355
f 10360 10351 10342
f 10352 10344 10351
f 10349 10348 10310
f 10361 10351 10360
f 10360 10359 10332
f 10362 10348 10347
f 10359 10350 10341
f 10335 10336 10323
f 10357 10359 10341
f 10341 10350 10340
f 10366 10365 10364
f 10365 10368 10367
f 10368 10370 10369
f 10370 10372 10371
f 10372 10373 10371
f 10373 10375 10374
f 10375 10377 10376
f 10377 10379 10378
f 10379 10381 10380
f 10381 10383 10382
f 10383 10384 10382
f 10384 10386 10385
f 10386 10388 10387
f 10388 10390 10389
f 10390 10392 10391
f 10392 10366 10393
f 10394 10393 10366
f 10393 10391 10392
f 10391 10389 10390
f 10389 10387 10388
f 10387 10385 10386
f 10385 10382 10384
f 10382 10395 10381
f 10395 10380 10381
f 10380 10378 10379
f 10378 10376 10377
f 10376 10374 10375
f 10374 10371 10373
f 10371 10369 10370
f 10369 10367 10368
f 10367 10364 10365
f 10364 10394 10366
f 10394 10364 10396
f 10364 10367 10397
f 10367 10369 10397
f 10369 10371 10398
f 10371 10374 10399
f 10374 10376 10400
f 10376 10378 10401
f 10378 10380 10402
f 10380 10395 10403
f 10395 10382 10404
f 10382 10385 10405
f 10385 10387 10406
f 10387 10389 10407
f 10389 10391 10408
f 10391 10393 10408
f 10393 10394 10409
f 10410 10409 10394
f 10409 10408 10393
f 10408 10407 10389
f 10407 10406 10387
f 10406 10405 10385
f 10405 10411 10382
f 10411 10404 10382
f 10404 10403 10395
f 10403 10402 10380
f 10402 10401 10378
f 10401 10400 10376
f 10400 10399 10374
f 10399 10398 10371
f 10398 10397 10369
f 10397 10396 10364
f 10396 10410 10394
f 10410 10396 10412
f 10396 10397 10413
f 10397 10398 10414
f 10398 10399 10415
f 10399 10400 10416
f 10400 10401 10417
f 10401 10402 10418
f 10402 10403 10419
f 10403 10404 10420
f 10404 10411 10421
f 10411 10405 10422
f 10405 10406 10423
f 10406 10407 10423
f 10407 10408 10424
f 10408 10409 10425
f 10409 10410 10426
f 10427 10426 10410
f 10426 10425 10409
f 10425 10424 10408
f 10424 10423 10407
f 10423 10422 10405
f 10422 10421 10411
f 10421 10420 10404
f 10420 10419 10403
f 10419 10418 10402
f 10418 10417 10401
f 10417 10416 10400
f 10416 10415 10399
f 10415 10414 10398
f 10414 10413 10397
f 10413 10412 10396
f 10412 10427 10410
f 10427 10412 10428
f 10412 10413 10429
f 10413 10414 10430
f 10414 10415 10431
f 10415 10416 10432
f 10416 10417 10433
f 10417 10418 10433
f 10418 10419 10434
f 10419 10420 10435
f 10420 10421 10436
f 10421 10422 10437
f 10422 10423 10438
f 10423 10424 10438
f 10424 10425 10439
f 10425 10426 10440
f 10426 10427 10441
f 10442 10441 10427
f 10441 10440 10426
f 10440 10439 10425
f 10439 10438 10424
f 10438 10437 10422
f 10437 10436 10421
f 10436 10435 10420
f 10435 10443 10419
f 10443 10434 10419
f 10434 10433 10418
f 10433 10432 10416
f 10432 10431 10415
f 10431 10430 10414
f 10430 10429 10413
f 10429 10428 10412
f 10428 10442 10427
f 10442 10428 10444
f 10428 10429 10444
f 10429 10430 10445
f 10430 10431 10446
f 10431 10432 10447
f 10432 10433 10448
f 10433 10434 10449
f 10434 10443 10450
f 10443 10435 10451
f 10435 10436 10452
f 10436 10437 10453
f 10437 10438 10454
f 10438 10439 10455
f 10439 10440 10456
f 10440 10441 10457
f 10441 10442 10457
f 10458 10457 10442
f 10457 10456 10440
f 10456 10455 10439
f 10455 10454 10438
f 10454 10453 10437
f 10453 10452 10436
f 10452 10451 10435
f 10451 10450 10443
f 10450 10449 10434
f 10449 10448 10433
f 10448 10447 10432
f 10447 10459 10431
f 10459 10446 10431
f 10446 10445 10430
f 10445 10444 10429
f 10444 10458 10442
f 10458 10444 10460
f 10444 10445 10461
f 10445 10446 10462
f 10446 10459 10463
f 10459 10447 10464
f 10447 10448 10465
f 10448 10449 10466
f 10449 10450 10467
f 10450 10451 10467
f 10451 10452 10468
f 10452 10453 10469
f 10453 10454 10470
f 10454 10455 10471
f 10455 10456 10472
f 10456 10457 10473
f 10457 10458 10460
f 10460 10473 10457
f 10473 10472 10456
f 10472 10471 10455
f 10471 10474 10454
f 10474 10470 10454
f 10470 10469 10453
f 10469 10468 10452
f 10468 10467 10451
f 10467 10466 10449
f 10466 10465 10448
f 10465 10464 10447
f 10464 10475 10459
f 10475 10463 10459
f 10463 10462 10446
f 10462 10461 10445
f 10461 10460 10444
f 10460 10461 10476
f 10461 10462 10477
f 10462 10463 10478
f 10463 10475 10478
f 10475 10464 10478
f 10464 10465 10478
f 10465 10466 10479
f 10466 10467 10480
f 10467 10468 10480
f 10468 10469 10481
f 10469 10470 10481
f 10470 10474 10482
f 10474 10471 10482
f 10471 10472 10482
f 10472 10473 10483
f 10473 10460 10476
f 10476 10483 10473
f 10483 10482 10472
f 10482 10481 10470
f 10481 10480 10468
f 10480 10479 10466
f 10479 10478 10465
f 10478 10477 10462
f 10477 10476 10461
f 10476 10477 10484
f 10477 10478 10485
f 10478 10479 10486
f 10479 10480 10487
f 10480 10481 10487
f 10481 10482 10488
f 10482 10483 10489
f 10483 10476 10484
f 10484 10489 10483
f 10489 10488 10482
f 10488 10487 10481
f 10487 10486 10479
f 10486 10485 10478
f 10485 10484 10477
f 10484 10485 10490
f 10485 10486 10490
f 10486 10487 10490
f 10487 10488 10490
f 10488 10489 10490
f 10489 10484 10490
f 10493 10492 10491
f 10492 10493 10494
f 10492 10494 10495
f 10493 10491 10496
f 10493 10496 10494
f 10491 10498 10497
f 10491 10497 10496
f 10498 10500 10499
f 10498 10499 10497
f 10500 10502 10501
f 10500 10501 10499
f 10502 10504 10503
f 10502 10503 10501
f 10504 10492 10495
f 10504 10495 10503
f 10501 10503 10495
f 10499 10501 10495
f 10497 10499 10495
f 10496 10497 10495
f 10496 10495 10494
f 10492 10504 10505
f 10492 10505 10506
f 10504 10502 10505
f 10502 10507 10505
f 10507 10502 10500
f 10492 10509 10508
f 10506 10509 10492
f 10510 10492 10508
f 10511 10500 10498
f 10507 10500 10511
f 10509 10506 10511
f 10509 10511 10498
f 10492 10510 10491
f 10509 10498 10512
f 10498 10491 10512
f 10512 10491 10510
f 10515 10514 10513
f 10514 10516 10513
f 10519 10518 10517
f 10518 10520 10517
f 10516 10505 10513
f 10516 10506 10505
f 10506 10516 10514
f 10513 10505 10507
f 10513 10507 10515
f 10520 10509 10517
f 10520 10508 10509
f 10508 10520 10518
f 10510 10508 10518
f 10517 10509 10519
f 10506 10514 10511
f 10511 10515 10507
f 10511 10514 10515
f 10509 10512 10519
f 10510 10518 10519
f 10512 10510 10519
f 10523 10522 10521
f 10524 10523 10521
f 10526 10525 10522
f 10523 10526 10522
f 10528 10527 10525
f 10526 10528 10525
f 10530 10527 10529
f 10533 10532 10531
f 10536 10535 10534
f 10539 10538 10537
f 10535 10539 10537
f 10541 10540 10538
f 10539 10541 10538
f 10543 10542 10540
f 10541 10543 10540
f 10546 10545 10544
f 10543 10546 10544
f 10548 10547 10545
f 10546 10548 10545
f 10550 10549 10547
f 10548 10550 10547
f 10552 10549 10551
f 10555 10554 10553
f 10558 10557 10556
f 10561 10560 10559
f 10557 10561 10559
f 10563 10562 10560
f 10561 10563 10560
f 10524 10564 10562
f 10563 10524 10562
f 10521 10566 10565
f 10542 10567 10566
f 10567 10542 10543
f 10544 10567 10543
f 10565 10564 10524
f 10521 10565 10524
f 10566 10540 10542
f 10566 10538 10540
f 10566 10537 10538
f 10566 10534 10537
f 10566 10525 10527
f 10566 10522 10525
f 10522 10566 10521
f 10568 10546 10543
f 10569 10568 10543
f 10570 10569 10543
f 10541 10570 10543
f 10571 10548 10546
f 10568 10571 10546
f 10572 10571 10568
f 10569 10572 10568
f 10573 10572 10569
f 10570 10573 10569
f 10539 10573 10570
f 10541 10539 10570
f 10574 10550 10548
f 10571 10574 10548
f 10575 10574 10571
f 10572 10575 10571
f 10576 10575 10572
f 10573 10576 10572
f 10535 10576 10573
f 10539 10535 10573
f 10551 10550 10577
f 10580 10579 10578
f 10582 10574 10581
f 10585 10584 10583
f 10587 10575 10586
f 10590 10589 10588
f 10592 10576 10591
f 10531 10594 10593
f 10597 10596 10595
f 10600 10599 10598
f 10603 10602 10601
f 10529 10528 10604
f 10605 10561 10557
f 10596 10605 10557
f 10606 10605 10596
f 10599 10606 10596
f 10607 10606 10599
f 10602 10607 10599
f 10526 10607 10602
f 10528 10526 10602
f 10608 10563 10561
f 10605 10608 10561
f 10609 10608 10605
f 10606 10609 10605
f 10610 10609 10606
f 10607 10610 10606
f 10523 10610 10607
f 10526 10523 10607
f 10610 10523 10524
f 10609 10610 10524
f 10608 10609 10524
f 10563 10608 10524
f 10553 10552 10555
f 10557 10559 10556
f 10554 10558 10611
f 10557 10558 10595
f 10550 10551 10549
f 10555 10551 10578
f 10574 10582 10577
f 10580 10582 10583
f 10579 10597 10612
f 10596 10597 10598
f 10584 10600 10613
f 10599 10600 10601
f 10575 10587 10581
f 10585 10587 10588
f 10576 10592 10586
f 10590 10592 10593
f 10589 10603 10614
f 10602 10603 10604
f 10528 10529 10527
f 10594 10529 10615
f 10531 10536 10533
f 10535 10536 10591
f 10535 10537 10534
f 10534 10566 10530
f 10532 10530 10594
f 10566 10527 10530
f 10554 10611 10553
f 10556 10611 10558
f 10558 10554 10612
f 10551 10555 10552
f 10612 10554 10555
f 10582 10580 10578
f 10613 10579 10580
f 10597 10579 10613
f 10600 10584 10614
f 10587 10585 10583
f 10614 10584 10585
f 10592 10590 10588
f 10615 10589 10590
f 10603 10589 10615
f 10529 10594 10530
f 10536 10531 10593
f 10594 10531 10532
f 10534 10533 10536
f 10532 10533 10534
f 10530 10532 10534
f 10578 10579 10612
f 10578 10577 10582
f 10583 10584 10613
f 10583 10581 10587
f 10588 10589 10614
f 10588 10586 10592
f 10593 10594 10615
f 10593 10591 10536
f 10604 10528 10602
f 10615 10604 10603
f 10615 10529 10604
f 10615 10590 10593
f 10614 10601 10600
f 10614 10585 10588
f 10613 10598 10597
f 10613 10580 10583
f 10612 10595 10558
f 10612 10555 10578
f 10586 10575 10576
f 10588 10587 10586
f 10581 10574 10575
f 10583 10582 10581
f 10577 10550 10574
f 10578 10551 10577
f 10591 10576 10535
f 10593 10592 10591
f 10601 10602 10599
f 10614 10603 10601
f 10598 10599 10596
f 10613 10600 10598
f 10595 10596 10557
f 10612 10597 10595
f 10618 10617 10616
f 10618 10620 10619
f 10618 10622 10621
f 10618 10624 10623
f 10618 10626 10625
f 10618 10628 10627
f 10618 10630 10629
f 10627 10632 10631
f 10629 10634 10633
f 10637 10636 10635
f 10619 10639 10638
f 10621 10641 10640
f 10623 10643 10642
f 10625 10645 10644
f 10628 10644 10632
f 10626 10642 10645
f 10624 10640 10643
f 10622 10638 10641
f 10620 10636 10639
f 10617 10633 10646
f 10630 10631 10634
f 10618 10629 10617
f 10618 10627 10630
f 10618 10625 10628
f 10618 10623 10626
f 10618 10621 10624
f 10618 10619 10622
f 10631 10630 10627
f 10633 10617 10629
f 10648 10616 10647
f 10638 10622 10619
f 10640 10624 10621
f 10642 10626 10623
f 10644 10628 10625
f 10632 10627 10628
f 10645 10625 10626
f 10643 10623 10624
f 10641 10621 10622
f 10639 10619 10620
f 10646 10616 10617
f 10634 10629 10630
f 10616 10646 10647
f 10647 10637 10648
f 10618 10616 10648
f 10635 10648 10637
f 10618 10635 10620
f 10636 10620 10635
f 10618 10648 10635
f 10651 10650 10649
f 10653 10652 10650
f 10655 10654 10652
f 10657 10656 10654
f 10658 10649 10656
f 10656 10657 10658
f 10654 10655 10657
f 10652 10653 10655
f 10650 10651 10653
f 10649 10658 10651
f 10659 10651 10658
f 10660 10653 10651
f 10661 10655 10653
f 10662 10657 10655
f 10663 10658 10657
f 10658 10663 10659
f 10657 10662 10663
f 10655 10661 10662
f 10653 10660 10661
f 10651 10659 10660
f 10664 10660 10659
f 10665 10661 10660
f 10665 10662 10661
f 10666 10663 10662
f 10667 10659 10663
f 10663 10666 10667
f 10662 10668 10666
f 10662 10665 10668
f 10660 10664 10665
f 10659 10667 10664
f 10669 10664 10667
f 10670 10665 10664
f 10671 10668 10665
f 10672 10666 10668
f 10673 10667 10666
f 10667 10673 10669
f 10666 10672 10673
f 10668 10671 10672
f 10665 10670 10671
f 10664 10669 10670
f 10674 10670 10669
f 10675 10671 10670
f 10676 10672 10671
f 10677 10673 10672
f 10678 10669 10673
f 10669 10678 10674
f 10673 10677 10678
f 10672 10676 10677
f 10671 10675 10676
f 10670 10674 10675
f 10681 10680 10679
f 10681 10683 10682
f 10681 10685 10684
f 10681 10687 10686
f 10681 10689 10688
f 10681 10691 10690
f 10681 10693 10692
f 10696 10695 10694
f 10696 10698 10697
f 10696 10700 10699
f 10696 10702 10701
f 10696 10704 10703
f 10696 10706 10705
f 10696 10708 10707
f 10690 10705 10706
f 10692 10703 10704
f 10679 10701 10702
f 10682 10699 10700
f 10684 10697 10698
f 10686 10694 10695
f 10688 10707 10708
f 10691 10708 10705
f 10689 10695 10707
f 10687 10698 10694
f 10685 10700 10697
f 10683 10702 10699
f 10680 10704 10701
f 10709 10703 10693
f 10696 10707 10695
f 10696 10705 10708
f 10696 10710 10706
f 10696 10701 10704
f 10696 10699 10702
f 10696 10697 10700
f 10696 10694 10698
f 10681 10692 10680
f 10681 10690 10711
f 10681 10688 10691
f 10681 10686 10689
f 10681 10684 10687
f 10681 10682 10685
f 10681 10679 10683
f 10706 10711 10690
f 10704 10680 10692
f 10702 10683 10679
f 10700 10685 10682
f 10698 10687 10684
f 10695 10689 10686
f 10708 10691 10688
f 10705 10690 10691
f 10707 10688 10689
f 10694 10686 10687
f 10697 10684 10685
f 10699 10682 10683
f 10701 10679 10680
f 10712 10711 10710
f 10710 10709 10712
f 10696 10703 10709
f 10696 10709 10710
f 10711 10706 10710
f 10681 10711 10712
f 10693 10712 10709
f 10681 10712 10693
f 10703 10692 10693
f 10715 10714 10713
f 10714 10716 10713
f 10716 10717 10713
f 10717 10715 10713
f 10715 10717 10718
f 10717 10716 10719
f 10716 10714 10720
f 10714 10715 10721
f 10722 10721 10715
f 10721 10723 10714
f 10723 10720 10714
f 10720 10724 10716
f 10724 10719 10716
f 10719 10725 10717
f 10725 10718 10717
f 10718 10722 10715
f 10722 10718 10726
f 10718 10725 10727
f 10725 10719 10728
f 10719 10724 10729
f 10724 10720 10729
f 10720 10723 10730
f 10723 10721 10731
f 10721 10722 10732
f 10726 10732 10722
f 10732 10731 10721
f 10731 10730 10723
f 10730 10729 10720
f 10729 10728 10719
f 10728 10727 10725
f 10727 10726 10718
f 10726 10727 10733
f 10727 10728 10734
f 10728 10729 10735
f 10729 10730 10736
f 10730 10731 10736
f 10731 10732 10737
f 10732 10726 10738
f 10738 10737 10732
f 10737 10736 10731
f 10736 10735 10729
f 10735 10734 10728
f 10734 10733 10727
f 10733 10738 10726
f 10738 10733 10739
f 10733 10734 10740
f 10734 10735 10741
f 10735 10736 10742
f 10736 10737 10743
f 10737 10738 10744
f 10739 10744 10738
f 10744 10743 10737
f 10743 10742 10736
f 10742 10741 10735
f 10741 10740 10734
f 10740 10739 10733
f 10739 10740 10745
f 10740 10741 10745
f 10741 10742 10746
f 10742 10743 10747
f 10743 10744 10748
f 10744 10739 10749
f 10749 10748 10744
f 10748 10750 10743
f 10750 10747 10743
f 10747 10746 10742
f 10746 10745 10741
f 10745 10749 10739
f 10749 10745 10751
f 10745 10746 10752
f 10746 10747 10753
f 10747 10750 10754
f 10750 10748 10755
f 10748 10749 10756
f 10751 10756 10749
f 10756 10755 10748
f 10755 10754 10750
f 10754 10753 10747
f 10753 10752 10746
f 10752 10751 10745
f 10759 10758 10757
f 10762 10761 10760
f 10764 10762 10763
f 10767 10766 10765
f 10770 10769 10768
f 10773 10772 10771
f 10776 10775 10774
f 10779 10778 10777
f 10782 10781 10780
f 10785 10784 10783
f 10788 10787 10786
f 10791 10790 10789
f 10794 10793 10792
f 10759 10796 10795
f 10763 10793 10797
f 10799 10798 10780
f 10802 10801 10800
f 10805 10804 10803
f 10808 10807 10806
f 10810 10809 10777
f 10812 10792 10811
f 10815 10814 10813
f 10816 10795 10783
f 10819 10818 10817
f 10820 10773 10818
f 10823 10822 10821
f 10825 10816 10824
f 10826 10815 10821
f 10827 10812 10760
f 10775 10806 10828
f 10830 10803 10829
f 10832 10800 10831
f 10833 10758 10799
f 10767 10797 10834
f 10797 10793 10794
f 10827 10835 10803
f 10791 10823 10813
f 10836 10821 10822
f 10785 10783 10837
f 10839 10782 10838
f 10841 10779 10840
f 10842 10776 10774
f 10818 10773 10771
f 10843 10770 10805
f 10845 10844 10802
f 10763 10767 10765
f 10759 10828 10806
f 10814 10846 10829
f 10794 10831 10800
f 10762 10760 10811
f 10767 10847 10766
f 10769 10849 10848
f 10772 10850 10771
f 10776 10817 10775
f 10778 10842 10777
f 10781 10852 10851
f 10784 10824 10783
f 10788 10836 10787
f 10789 10853 10791
f 10766 10847 10844
f 10761 10789 10760
f 10803 10835 10814
f 10759 10854 10796
f 10768 10855 10804
f 10771 10846 10807
f 10809 10757 10840
f 10792 10793 10763
f 10835 10790 10813
f 10795 10796 10837
f 10825 10838 10780
f 10821 10813 10823
f 10780 10798 10825
f 10854 10826 10836
f 10835 10827 10789
f 10854 10788 10837
f 10757 10758 10833
f 10850 10829 10846
f 10848 10831 10855
f 10828 10810 10856
f 10847 10834 10801
f 10814 10815 10846
f 10761 10853 10789
f 10847 10802 10844
f 10822 10787 10836
f 10786 10785 10837
f 10784 10839 10824
f 10852 10841 10833
f 10842 10856 10777
f 10817 10818 10808
f 10772 10843 10830
f 10849 10845 10832
f 10765 10764 10763
f 10762 10811 10763
f 10806 10807 10826
f 10759 10799 10758
f 10810 10828 10759
f 10809 10810 10759
f 10757 10809 10759
f 10846 10826 10807
f 10855 10831 10794
f 10812 10804 10855
f 10768 10805 10770
f 10777 10840 10779
f 10780 10838 10782
f 10855 10794 10792
f 10812 10827 10804
f 10855 10792 10812
f 10826 10846 10815
f 10798 10799 10759
f 10825 10798 10759
f 10816 10825 10759
f 10795 10816 10759
f 10797 10767 10763
f 10780 10851 10799
f 10800 10832 10802
f 10803 10830 10805
f 10806 10775 10808
f 10777 10856 10810
f 10811 10760 10812
f 10813 10821 10815
f 10783 10824 10816
f 10824 10838 10825
f 10821 10836 10826
f 10760 10789 10827
f 10837 10796 10854
f 10828 10774 10775
f 10829 10850 10830
f 10831 10848 10832
f 10799 10851 10833
f 10834 10847 10767
f 10794 10801 10834
f 10834 10797 10794
f 10803 10804 10827
f 10813 10790 10791
f 10838 10824 10839
f 10840 10833 10841
f 10774 10856 10842
f 10771 10808 10818
f 10805 10830 10843
f 10802 10832 10845
f 10826 10854 10759
f 10800 10801 10794
f 10848 10768 10769
f 10851 10780 10781
f 10856 10774 10828
f 10804 10805 10768
f 10807 10808 10771
f 10840 10777 10809
f 10763 10811 10792
f 10813 10814 10835
f 10837 10783 10795
f 10836 10788 10854
f 10789 10790 10835
f 10833 10840 10757
f 10846 10771 10850
f 10855 10768 10848
f 10801 10802 10847
f 10829 10803 10814
f 10837 10788 10786
f 10833 10851 10852
f 10808 10775 10817
f 10830 10850 10772
f 10832 10848 10849
f 10759 10806 10826
f 10859 10858 10857
f 10857 10860 10859
f 10781 10782 10861
f 10861 10863 10862
f 10863 10839 10784
f 10866 10865 10864
f 10869 10868 10867
f 10872 10871 10870
f 10857 10787 10822
f 10857 10822 10823
f 10874 10873 10791
f 10853 10761 10875
f 10858 10877 10876
f 10880 10879 10878
f 10883 10882 10881
f 10885 10877 10884
f 10888 10887 10886
f 10852 10890 10889
f 10892 10889 10891
f 10778 10779 10892
f 10895 10894 10893
f 10898 10897 10896
f 10900 10895 10899
f 10901 10772 10773
f 10904 10903 10902
f 10907 10906 10905
f 10910 10909 10908
f 10770 10843 10911
f 10901 10913 10912
f 10915 10820 10914
f 10914 10916 10915
f 10918 10904 10917
f 10921 10920 10919
f 10923 10922 10885
f 10925 10924 10888
f 10928 10927 10926
f 10931 10930 10929
f 10934 10933 10932
f 10936 10911 10935
f 10938 10916 10937
f 10940 10918 10939
f 10939 10941 10940
f 10940 10943 10942
f 10945 10942 10944
f 10948 10947 10946
f 10949 10909 10910
f 10951 10949 10950
f 10953 10946 10952
f 10955 10928 10954
f 10956 10931 10953
f 10959 10958 10957
f 10962 10961 10960
f 10963 10957 10951
f 10960 10953 10931
f 10966 10965 10964
f 10968 10954 10967
f 10970 10969 10942
f 10944 10964 10971
f 10973 10950 10972
f 10907 10974 10958
f 10936 10948 10975
f 10944 10952 10976
f 10940 10942 10945
f 10941 10939 10977
f 10948 10935 10912
f 10979 10932 10978
f 10981 10929 10980
f 10966 10983 10982
f 10954 10926 10921
f 10932 10933 10888
f 10930 10885 10984
f 10939 10917 10985
f 10916 10914 10986
f 10935 10901 10912
f 10987 10770 10911
f 10905 10845 10849
f 10974 10905 10988
f 10989 10766 10844
f 10902 10990 10985
f 10914 10819 10991
f 10818 10819 10820
f 10773 10913 10901
f 10902 10900 10992
f 10991 10776 10896
f 10897 10898 10895
f 10776 10842 10896
f 10898 10993 10894
f 10779 10841 10889
f 10995 10891 10994
f 10998 10997 10996
f 10924 10999 10887
f 10922 10876 10877
f 10920 10878 10879
f 11000 10881 10882
f 10859 10884 10877
f 10761 10762 11001
f 10823 10791 10860
f 10880 10871 10872
f 11003 10869 11002
f 10787 11004 10872
f 11002 10867 10865
f 10786 11005 10870
f 10863 10864 11006
f 11008 10862 11007
f 11009 10861 11008
f 10852 10781 11009
f 10787 11005 10786
f 10959 10963 10932
f 10887 10999 10874
f 10873 10859 10860
f 10998 10886 11001
f 10765 10766 10989
f 10997 10989 11010
f 10994 11012 11011
f 10863 10861 10782
f 10785 10870 10866
f 11006 10867 10868
f 10866 10870 10871
f 10857 11004 10787
f 11014 11013 10871
f 11015 11004 10857
f 10765 10997 10998
f 10874 10999 11016
f 11015 10876 11017
f 10881 11000 11014
f 10881 10878 10920
f 10919 10879 11017
f 10984 10884 11016
f 10996 10978 10886
f 10889 10841 10852
f 11018 10891 10995
f 10993 10892 11018
f 10993 10898 10842
f 10819 10817 10776
f 11019 10896 10897
f 10820 10913 10773
f 10819 10914 10820
f 11020 11019 10903
f 10844 10845 10905
f 10909 11021 10988
f 10908 10769 10770
f 10912 10913 10820
f 10937 11020 10904
f 10926 11022 10920
f 10982 11023 10922
f 10980 11024 10924
f 10956 10923 10930
f 11025 10925 10933
f 10910 10987 10911
f 10976 10915 10916
f 10945 10918 10940
f 10941 11026 10943
f 10947 10976 10952
f 11021 10909 10949
f 10957 11021 10949
f 10960 10975 10946
f 10964 10944 10942
f 10971 10964 10965
f 11010 10907 10958
f 11025 10973 10961
f 10934 10951 10973
f 10989 10906 10907
f 10969 10966 10964
f 10970 10967 10966
f 10968 11026 11027
f 10971 10952 10944
f 10961 10972 10975
f 10958 10974 11021
f 10910 10936 10972
f 10938 10944 10976
f 11028 11027 11026
f 10945 10937 10918
f 10947 10912 10915
f 10996 11029 10979
f 10962 10980 10925
f 10965 10982 10923
f 10967 10921 10983
f 10929 10984 11024
f 10983 10919 11023
f 10927 10883 11022
f 10937 10986 11020
f 10820 10915 10912
f 10843 10901 10935
f 10988 10849 10769
f 10988 10908 10909
f 10989 10844 10906
f 10917 10902 10985
f 10986 10991 11019
f 10843 10772 10901
f 10903 10897 10900
f 10776 10991 10819
f 10896 10842 10898
f 10842 10778 10993
f 10894 11018 11030
f 10891 10889 10890
f 10997 11029 10996
f 11024 11016 10999
f 11023 11017 10876
f 11022 10881 10920
f 11014 10878 10881
f 10880 11031 11017
f 10873 11016 10884
f 10762 10764 11001
f 10791 10853 10874
f 11031 10872 11004
f 11004 11015 11031
f 11000 11002 11013
f 11013 10865 10866
f 10864 10865 10867
f 10866 10784 10785
f 10862 11006 11032
f 10782 10839 10863
f 11012 11008 11033
f 10890 11009 11012
f 10970 10943 11026
f 11010 10959 10979
f 10886 10887 10875
f 10861 11009 10781
f 10862 11008 10861
f 10784 10864 10863
f 10784 10866 10864
f 10867 11002 10869
f 10870 11005 10872
f 10823 10860 10857
f 10875 10874 10853
f 10876 11015 10858
f 10878 11014 10880
f 10881 11022 10883
f 10884 10984 10885
f 10886 10978 10888
f 10891 11018 10892
f 10892 10993 10778
f 10893 10899 10895
f 10899 10992 10900
f 10902 10917 10904
f 10905 10974 10907
f 10908 10987 10910
f 10917 10939 10918
f 10919 10983 10921
f 10885 10930 10923
f 10888 10933 10925
f 10926 10954 10928
f 10929 10981 10931
f 10932 10963 10934
f 10935 10948 10936
f 10937 10945 10938
f 10944 10938 10945
f 10946 10975 10948
f 10910 10950 10949
f 10950 10973 10951
f 10952 10971 10953
f 10954 10968 10955
f 10953 10971 10956
f 10957 10963 10959
f 10960 10981 10962
f 10951 10934 10963
f 10931 10981 10960
f 10967 10970 10968
f 10942 10943 10970
f 10972 10961 10973
f 10975 10972 10936
f 10977 11028 10941
f 10912 10947 10948
f 10978 10996 10979
f 10980 10962 10981
f 10982 10965 10966
f 10921 10967 10954
f 10888 10978 10932
f 10984 10929 10930
f 10985 10977 10939
f 10986 10937 10916
f 10849 10988 10905
f 10988 11021 10974
f 10991 10986 10914
f 10992 10990 10902
f 10896 11019 10991
f 10895 10900 10897
f 10894 10895 10898
f 10889 10892 10779
f 10994 11034 10995
f 10887 10888 10924
f 10877 10885 10922
f 10879 10919 10920
f 10882 11003 11000
f 10877 10858 10859
f 11001 10875 10761
f 10872 11031 10880
f 11002 11000 11003
f 10872 11005 10787
f 10865 11013 11002
f 10870 10785 10786
f 11006 10862 10863
f 11007 11033 11008
f 11008 11012 11009
f 11009 10890 10852
f 10932 10979 10959
f 10874 10875 10887
f 10860 10791 10873
f 11001 10764 10998
f 10989 10997 10765
f 11010 11029 10997
f 11011 11034 10994
f 10868 11032 11006
f 10871 10880 11014
f 10857 10858 11015
f 10998 10764 10765
f 11016 10873 10874
f 11017 11031 11015
f 11017 11023 10919
f 11016 11024 10984
f 10886 10998 10996
f 10995 11030 11018
f 11018 10894 10993
f 10897 10903 11019
f 10903 10904 11020
f 10905 10906 10844
f 10770 10987 10908
f 10904 10918 10937
f 10920 10921 10926
f 10922 10923 10982
f 10924 10925 10980
f 10930 10931 10956
f 10933 10934 11025
f 10911 10936 10910
f 10916 10938 10976
f 10943 10940 10941
f 10952 10946 10947
f 10949 10951 10957
f 10946 10953 10960
f 10942 10969 10964
f 10965 10956 10971
f 10958 10959 11010
f 10961 10962 11025
f 10973 11025 10934
f 10907 11010 10989
f 10966 10969 10970
f 11027 10955 10968
f 10975 10960 10961
f 11021 10957 10958
f 10972 10950 10910
f 11026 10941 11028
f 10915 10976 10947
f 10925 11025 10962
f 10923 10956 10965
f 10983 10966 10967
f 11024 10980 10929
f 11023 10982 10983
f 11022 10926 10927
f 10935 10911 10843
f 10769 10908 10988
f 11019 11020 10986
f 10900 10902 10903
f 11030 10893 10894
f 10890 10994 10891
f 10999 10924 11024
f 10876 10922 11023
f 11017 10879 10880
f 10884 10859 10873
f 11013 11014 11000
f 10866 10871 11013
f 10867 11006 10864
f 11032 11007 10862
f 11033 11011 11012
f 11012 10994 10890
f 11026 10968 10970
f 10979 11029 11010
f 10875 11001 10886
f 11037 11036 11035
f 11040 11039 11038
f 11043 11042 11041
f 11046 11045 11044
f 11049 11048 11047
f 11052 11051 11050
f 11048 11054 11053
f 11057 11056 11055
f 11038 11059 11058
f 11062 11061 11060
f 11060 11041 11062
f 11065 11064 11063
f 11067 11037 11066
f 11070 11069 11068
f 11073 11072 11071
f 11076 11075 11074
f 11079 11078 11077
f 11061 11080 11069
f 11082 11081 11062
f 11085 11084 11083
f 11088 11087 11086
f 11090 11089 11086
f 11092 11089 11091
f 11088 11094 11093
f 11094 11096 11095
f 11055 11056 11097
f 11061 11069 11098
f 11063 11099 11074
f 11066 11101 11100
f 11103 11097 11102
f 11088 11093 11104
f 11105 11068 11069
f 11108 11107 11106
f 11111 11110 11109
f 11114 11113 11112
f 11117 11116 11115
f 11120 11119 11118
f 11119 11122 11121
f 11125 11124 11123
f 11128 11127 11126
f 11131 11130 11129
f 11134 11133 11132
f 11135 11131 11132
f 11138 11137 11136
f 11141 11140 11139
f 11142 11132 11133
f 11145 11144 11143
f 11148 11147 11146
f 11151 11150 11149
f 11151 11148 11152
f 11153 11150 11151
f 11156 11155 11154
f 11158 11157 11120
f 11161 11160 11159
f 11163 11162 11161
f 11136 11165 11164
f 11168 11167 11166
f 11167 11170 11169
f 11164 11171 11078
f 11174 11173 11172
f 11177 11176 11175
f 11180 11179 11178
f 11140 11182 11181
f 11183 11180 11177
f 11186 11185 11184
f 11189 11188 11187
f 11192 11191 11190
f 11195 11194 11193
f 11194 11197 11196
f 11200 11199 11198
f 11199 11202 11201
f 11203 11184 11185
f 11205 11185 11204
f 11204 11207 11206
f 11210 11209 11208
f 11212 11211 11208
f 11182 11140 11213
f 11213 11214 11182
f 11215 11213 11140
f 11218 11217 11216
f 11220 11206 11219
f 11220 11219 11212
f 11222 11221 11206
f 11224 11221 11223
f 11226 11223 11225
f 11198 11201 11224
f 11228 11198 11227
f 11231 11230 11229
f 11232 11230 11231
f 11234 11190 11233
f 11237 11236 11235
f 11240 11239 11238
f 11242 11241 11237
f 11245 11244 11243
f 11248 11247 11246
f 11251 11250 11249
f 11254 11253 11252
f 11257 11256 11255
f 11256 11259 11258
f 11262 11261 11260
f 11261 11264 11263
f 11265 11246 11247
f 11267 11247 11266
f 11266 11269 11268
f 11272 11271 11270
f 11274 11273 11270
f 11277 11276 11275
f 11278 11277 11216
f 11276 11279 11275
f 11271 11280 11274
f 11280 11271 11272
f 11283 11282 11281
f 11286 11285 11284
f 11288 11286 11287
f 11291 11290 11289
f 11293 11291 11292
f 11296 11295 11294
f 11299 11298 11297
f 11299 11301 11300
f 11279 11303 11302
f 11305 11304 11277
f 11308 11307 11306
f 11310 11072 11309
f 11312 11311 11304
f 11314 11313 11104
f 11316 11315 11070
f 11318 11317 11243
f 11320 11314 11319
f 11323 11322 11321
f 11326 11325 11324
f 11329 11328 11327
f 11332 11331 11330
f 11335 11334 11333
f 11331 11333 11336
f 11338 11337 11334
f 11338 11340 11339
f 11343 11342 11341
f 11345 11344 11341
f 11323 11317 11346
f 11348 11320 11347
f 11351 11350 11349
f 11351 11349 11352
f 11354 11353 11350
f 11356 11353 11355
f 11358 11355 11357
f 11360 11359 11356
f 11336 11360 11361
f 11364 11363 11362
f 11365 11363 11364
f 11324 11367 11366
f 11370 11369 11368
f 11373 11372 11371
f 11375 11374 11370
f 11378 11377 11376
f 11381 11380 11379
f 11384 11383 11382
f 11387 11386 11385
f 11380 11389 11388
f 11392 11391 11390
f 11395 11394 11393
f 11398 11397 11396
f 11401 11400 11399
f 11403 11399 11402
f 11400 11401 11404
f 11407 11406 11405
f 11410 11409 11408
f 11410 11408 11405
f 11413 11412 11411
f 11396 11409 11414
f 11416 11415 11404
f 11418 11417 11416
f 11388 11420 11419
f 11378 11422 11421
f 11424 11423 11376
f 11376 11425 11424
f 11426 11425 11376
f 11085 11424 11425
f 11090 11427 11424
f 11426 11376 11377
f 11427 11428 11423
f 11430 11429 11422
f 11422 11431 11395
f 11419 11432 11417
f 11417 11433 11415
f 11409 11410 11411
f 11435 11434 11412
f 11402 11400 11407
f 11404 11406 11407
f 11403 11436 11409
f 11437 11399 11403
f 11394 11404 11401
f 11439 11393 11438
f 11389 11390 11420
f 11441 11421 11440
f 11382 11383 11385
f 11443 11442 11386
f 11387 11383 11384
f 11381 11379 11385
f 11430 11376 11423
f 11423 11444 11430
f 11381 11385 11386
f 11355 11445 11357
f 11373 11370 11368
f 11368 11447 11446
f 11366 11448 11363
f 11364 11362 11449
f 11449 11451 11450
f 11362 11452 11451
f 11451 11454 11453
f 11359 11350 11353
f 11350 11351 11354
f 11357 11445 11455
f 11457 11456 11320
f 11317 11323 11245
f 11350 11343 11349
f 11344 11352 11349
f 11343 11350 11342
f 11459 11458 11350
f 11450 11453 11340
f 11334 11460 11338
f 11461 11450 11338
f 11334 11335 11462
f 11327 11335 11331
f 11463 11446 11328
f 11321 11464 11325
f 11466 11326 11465
f 11456 11467 11314
f 11243 11316 11318
f 11346 11318 11468
f 11467 11105 11313
f 11469 11312 11305
f 11470 11071 11072
f 11307 11471 11470
f 11472 11305 11275
f 11470 11310 11307
f 11281 11282 11473
f 11302 11474 11298
f 11475 11252 11295
f 11294 11476 11291
f 11291 11476 11477
f 11478 11260 11286
f 11260 11263 11285
f 11284 11281 11473
f 11285 11479 11281
f 11283 11479 11268
f 11481 11480 11274
f 11481 11268 11480
f 11279 11482 11244
f 11483 11471 11307
f 11270 11271 11274
f 11266 11247 11248
f 11484 11267 11264
f 11258 11484 11261
f 11292 11289 11259
f 11485 11292 11256
f 11249 11486 11253
f 11301 11297 11250
f 11483 11300 11301
f 11489 11488 11487
f 11140 11491 11490
f 11223 11492 11225
f 11240 11237 11235
f 11235 11494 11493
f 11233 11495 11230
f 11231 11229 11496
f 11496 11498 11497
f 11229 11499 11498
f 11498 11500 11210
f 11201 11206 11221
f 11206 11220 11222
f 11225 11492 11501
f 11238 11180 11183
f 11242 11218 11216
f 11503 11502 11180
f 11208 11209 11212
f 11204 11185 11186
f 11504 11205 11202
f 11196 11504 11199
f 11506 11505 11197
f 11493 11506 11194
f 11187 11507 11191
f 11239 11508 11188
f 11503 11238 11239
f 11215 11510 11509
f 11140 11181 11511
f 11177 11180 11178
f 11178 11512 11176
f 11102 11174 11513
f 11514 11171 11164
f 11166 11167 11079
f 11490 11168 11166
f 11137 11172 11165
f 11491 11516 11515
f 11162 11109 11160
f 11159 11517 11157
f 11519 11518 11155
f 11155 11520 11150
f 11518 11521 11520
f 11151 11149 11148
f 11149 11522 11147
f 11524 11135 11523
f 11135 11142 11143
f 11142 11135 11132
f 11141 11491 11140
f 11163 11139 11137
f 11525 11133 11134
f 11527 11526 11129
f 11124 11126 11528
f 11121 11128 11124
f 11530 11529 11521
f 11531 11125 11529
f 11115 11530 11518
f 11112 11532 11116
f 11106 11117 11110
f 11138 11111 11162
f 11276 11277 11278
f 11088 11104 11087
f 11534 11103 11533
f 11535 11100 11514
f 11537 11536 11077
f 11536 11074 11077
f 11538 11098 11073
f 11059 11055 11539
f 11535 11053 11054
f 11092 11096 11094
f 11083 11540 11091
f 11542 11384 11541
f 11086 11087 11541
f 11090 11085 11091
f 11074 11075 11079
f 11543 11175 11176
f 11543 11073 11071
f 11098 11069 11070
f 11037 11537 11066
f 11044 11544 11064
f 11042 11083 11545
f 11058 11051 11038
f 11057 11546 11056
f 11067 11066 11054
f 11549 11548 11547
f 11552 11551 11550
f 11548 11060 11045
f 11554 11553 11042
f 11039 11040 11057
f 11035 11555 11550
f 11052 11038 11051
f 11549 11043 11041
f 11556 11044 11065
f 11067 11036 11037
f 11558 11047 11557
f 11547 11555 11035
f 11548 11046 11547
f 11047 11053 11546
f 11038 11039 11055
f 11051 11058 11540
f 11060 11061 11538
f 11551 11063 11536
f 11559 11091 11540
f 11309 11072 11073
f 11071 11175 11543
f 11076 11099 11512
f 11100 11101 11171
f 11081 11384 11080
f 11080 11061 11081
f 11545 11560 11082
f 11086 11541 11090
f 11083 11084 11560
f 11086 11089 11092
f 11096 11534 11095
f 11096 11539 11534
f 11056 11546 11561
f 11093 11094 11469
f 11064 11543 11099
f 11100 11054 11066
f 11097 11561 11174
f 11094 11095 11312
f 11542 11105 11069
f 11562 11106 11111
f 11108 11563 11114
f 11106 11107 11112
f 11110 11115 11519
f 11532 11118 11531
f 11118 11121 11125
f 11529 11123 11564
f 11124 11125 11121
f 11152 11146 11127
f 11528 11527 11135
f 11131 11135 11130
f 11565 11134 11129
f 11562 11136 11566
f 11563 11170 11168
f 11567 11145 11133
f 11143 11144 11568
f 11522 11568 11569
f 11564 11524 11570
f 11521 11564 11571
f 11153 11154 11150
f 11517 11154 11153
f 11109 11519 11156
f 11516 11159 11158
f 11568 11144 11569
f 11170 11566 11164
f 11140 11511 11513
f 11170 11164 11169
f 11169 11078 11079
f 11173 11514 11165
f 11311 11533 11181
f 11166 11075 11076
f 11490 11166 11179
f 11183 11177 11572
f 11213 11509 11573
f 11510 11187 11192
f 11508 11493 11195
f 11507 11193 11574
f 11196 11193 11194
f 11505 11497 11575
f 11196 11197 11575
f 11497 11210 11203
f 11202 11204 11206
f 11576 11206 11207
f 11211 11212 11219
f 11206 11576 11219
f 11503 11215 11502
f 11217 11183 11216
f 11214 11277 11182
f 11209 11577 11212
f 11577 11209 11210
f 11222 11492 11223
f 11227 11224 11226
f 11578 11227 11499
f 11231 11496 11505
f 11494 11231 11506
f 11579 11233 11232
f 11240 11235 11508
f 11573 11234 11579
f 11218 11237 11240
f 11244 11482 11243
f 11278 11487 11580
f 11488 11249 11254
f 11297 11485 11257
f 11486 11255 11581
f 11258 11255 11256
f 11289 11583 11582
f 11258 11259 11582
f 11583 11272 11265
f 11264 11266 11268
f 11584 11268 11269
f 11273 11274 11480
f 11268 11584 11480
f 11216 11489 11278
f 11300 11307 11308
f 11280 11585 11274
f 11585 11282 11283
f 11287 11284 11586
f 11290 11477 11587
f 11588 11478 11288
f 11589 11288 11477
f 11252 11588 11589
f 11474 11294 11293
f 11580 11475 11296
f 11482 11302 11299
f 11471 11216 11572
f 11243 11308 11316
f 11306 11309 11315
f 11304 11305 11312
f 11319 11104 11093
f 11318 11070 11068
f 11346 11317 11318
f 11347 11319 11590
f 11245 11321 11326
f 11323 11371 11372
f 11372 11463 11329
f 11464 11327 11332
f 11446 11591 11462
f 11591 11461 11460
f 11334 11337 11592
f 11337 11339 11459
f 11458 11593 11341
f 11345 11594 11352
f 11466 11596 11595
f 11245 11466 11244
f 11375 11347 11595
f 11594 11597 11352
f 11597 11594 11453
f 11354 11445 11355
f 11361 11356 11358
f 11598 11361 11452
f 11364 11449 11461
f 11447 11364 11591
f 11599 11366 11365
f 11373 11368 11463
f 11465 11324 11599
f 11348 11370 11373
f 11441 11442 11377
f 11600 11428 11379
f 11541 11382 11427
f 11082 11443 11387
f 11382 11385 11379
f 11381 11392 11389
f 11440 11439 11391
f 11390 11398 11601
f 11438 11437 11397
f 11602 11436 11402
f 11405 11603 11407
f 11409 11602 11408
f 11435 11413 11405
f 11411 11412 11604
f 11605 11414 11604
f 11433 11604 11434
f 11601 11396 11605
f 11431 11416 11394
f 11606 11419 11418
f 11600 11388 11606
f 11426 11377 11442
f 11560 11425 11426
f 11560 11084 11425
f 11604 11412 11434
f 11560 11426 11443
f 11424 11427 11423
f 11444 11606 11429
f 11429 11418 11431
f 11420 11601 11432
f 11432 11605 11433
f 11411 11414 11409
f 11435 11406 11404
f 11435 11412 11413
f 11407 11603 11402
f 11603 11405 11408
f 11602 11409 11436
f 11397 11403 11409
f 11393 11401 11437
f 11391 11438 11398
f 11421 11395 11439
f 11607 11440 11392
f 11382 11379 11428
f 11384 11081 11387
f 11402 11399 11400
f 11444 11423 11428
f 11607 11386 11442
f 11596 11465 11374
f 11374 11599 11369
f 11369 11365 11447
f 11367 11330 11448
f 11448 11598 11362
f 11330 11336 11598
f 11449 11362 11451
f 11452 11358 11454
f 11455 11445 11354
f 11597 11455 11352
f 11371 11346 11456
f 11245 11243 11317
f 11595 11244 11466
f 11352 11344 11345
f 11453 11594 11345
f 11458 11342 11350
f 11339 11593 11458
f 11340 11608 11593
f 11592 11459 11359
f 11333 11592 11360
f 11462 11460 11334
f 11328 11462 11335
f 11325 11332 11367
f 11322 11329 11464
f 11464 11321 11322
f 11341 11593 11608
f 11456 11346 11467
f 11595 11590 11472
f 11467 11346 11468
f 11468 11068 11105
f 11590 11093 11469
f 11572 11175 11071
f 11306 11307 11310
f 11308 11306 11316
f 11572 11470 11471
f 11276 11580 11303
f 11303 11296 11474
f 11298 11293 11485
f 11295 11589 11476
f 11291 11477 11290
f 11290 11587 11583
f 11477 11287 11587
f 11587 11586 11272
f 11263 11268 11479
f 11268 11481 11283
f 11473 11282 11585
f 11609 11308 11243
f 11489 11216 11471
f 11270 11273 11248
f 11584 11269 11248
f 11582 11265 11267
f 11582 11484 11258
f 11581 11262 11478
f 11255 11258 11262
f 11253 11581 11588
f 11250 11257 11486
f 11487 11254 11475
f 11483 11251 11488
f 11215 11140 11490
f 11214 11573 11241
f 11241 11579 11236
f 11236 11232 11494
f 11190 11610 11495
f 11495 11578 11229
f 11610 11228 11578
f 11496 11229 11498
f 11499 11226 11500
f 11501 11492 11222
f 11577 11501 11212
f 11214 11242 11277
f 11242 11216 11277
f 11215 11490 11502
f 11208 11211 11186
f 11576 11207 11186
f 11575 11203 11205
f 11575 11504 11196
f 11574 11200 11228
f 11193 11196 11200
f 11191 11574 11610
f 11188 11195 11507
f 11509 11192 11234
f 11503 11189 11510
f 11304 11181 11182
f 11180 11502 11179
f 11179 11076 11512
f 11533 11102 11511
f 11164 11165 11514
f 11166 11079 11075
f 11168 11170 11167
f 11139 11513 11172
f 11141 11161 11516
f 11515 11114 11563
f 11515 11158 11113
f 11160 11156 11517
f 11157 11153 11119
f 11153 11151 11122
f 11520 11571 11149
f 11571 11570 11522
f 11570 11523 11568
f 11143 11523 11135
f 11567 11525 11146
f 11569 11144 11145
f 11611 11168 11490
f 11108 11566 11170
f 11129 11612 11565
f 11146 11525 11565
f 11527 11130 11135
f 11126 11526 11527
f 11127 11612 11526
f 11123 11528 11524
f 11122 11152 11128
f 11125 11531 11118
f 11116 11531 11530
f 11113 11120 11532
f 11112 11117 11106
f 11129 11526 11612
f 11275 11279 11244
f 11104 11313 11542
f 11095 11534 11311
f 11561 11535 11173
f 11101 11066 11537
f 11544 11073 11543
f 11561 11546 11053
f 11559 11539 11096
f 11058 11059 11539
f 11541 11087 11542
f 11542 11080 11384
f 11062 11081 11061
f 11171 11101 11077
f 11074 11099 11076
f 11176 11512 11099
f 11098 11315 11309
f 11550 11536 11537
f 11045 11538 11544
f 11553 11540 11083
f 11038 11055 11059
f 11057 11557 11546
f 11539 11055 11103
f 11036 11049 11547
f 11046 11556 11547
f 11036 11067 11049
f 11067 11048 11049
f 11613 11065 11551
f 11549 11041 11060
f 11050 11051 11553
f 11057 11040 11614
f 11038 11052 11040
f 11044 11556 11046
f 11047 11558 11049
f 11547 11556 11613
f 11558 11614 11547
f 11614 11040 11547
f 11547 11552 11555
f 11040 11052 11547
f 11053 11047 11048
f 11055 11039 11057
f 11063 11551 11065
f 11083 11091 11085
f 11091 11559 11092
f 11097 11103 11055
f 11098 11538 11061
f 11074 11536 11063
f 11102 11533 11103
f 11069 11080 11542
f 11106 11562 11108
f 11109 11162 11111
f 11112 11107 11114
f 11115 11110 11117
f 11118 11532 11120
f 11121 11118 11119
f 11123 11529 11125
f 11126 11124 11128
f 11129 11134 11131
f 11132 11131 11134
f 11136 11562 11138
f 11139 11163 11141
f 11133 11145 11142
f 11143 11142 11145
f 11146 11152 11148
f 11152 11122 11151
f 11154 11517 11156
f 11120 11113 11158
f 11159 11516 11161
f 11161 11141 11163
f 11164 11566 11136
f 11078 11169 11164
f 11172 11513 11174
f 11175 11572 11177
f 11187 11510 11189
f 11190 11234 11192
f 11193 11507 11195
f 11198 11228 11200
f 11201 11198 11199
f 11185 11205 11203
f 11204 11202 11205
f 11208 11184 11203
f 11208 11203 11210
f 11212 11501 11220
f 11223 11226 11224
f 11225 11500 11226
f 11224 11227 11198
f 11227 11578 11228
f 11231 11494 11232
f 11233 11579 11234
f 11238 11217 11240
f 11237 11218 11242
f 11249 11488 11251
f 11252 11475 11254
f 11255 11486 11257
f 11260 11478 11262
f 11263 11260 11261
f 11247 11267 11265
f 11266 11264 11267
f 11270 11246 11265
f 11270 11265 11272
f 11272 11586 11473
f 11272 11473 11280
f 11281 11479 11283
f 11284 11287 11286
f 11287 11477 11288
f 11289 11292 11291
f 11292 11485 11293
f 11294 11474 11296
f 11297 11301 11299
f 11300 11609 11299
f 11302 11482 11279
f 11277 11275 11305
f 11309 11306 11310
f 11104 11319 11314
f 11070 11318 11316
f 11319 11347 11320
f 11321 11245 11323
f 11324 11465 11326
f 11327 11464 11329
f 11330 11367 11332
f 11333 11331 11335
f 11336 11330 11331
f 11339 11337 11338
f 11341 11344 11343
f 11341 11608 11345
f 11346 11371 11323
f 11347 11375 11348
f 11352 11455 11351
f 11355 11358 11356
f 11357 11454 11358
f 11356 11361 11360
f 11361 11598 11336
f 11364 11447 11365
f 11366 11599 11324
f 11371 11457 11373
f 11370 11348 11375
f 11376 11430 11378
f 11382 11541 11384
f 11385 11383 11387
f 11388 11600 11380
f 11390 11389 11392
f 11393 11439 11395
f 11396 11601 11398
f 11399 11437 11401
f 11402 11436 11403
f 11405 11413 11410
f 11411 11410 11413
f 11414 11605 11396
f 11404 11394 11416
f 11416 11431 11418
f 11419 11606 11388
f 11421 11441 11378
f 11425 11084 11085
f 11424 11085 11090
f 11422 11378 11430
f 11395 11421 11422
f 11417 11418 11419
f 11415 11416 11417
f 11404 11407 11400
f 11403 11397 11437
f 11401 11393 11394
f 11438 11391 11439
f 11420 11388 11389
f 11440 11607 11441
f 11386 11387 11443
f 11386 11607 11381
f 11446 11463 11368
f 11363 11365 11366
f 11450 11461 11449
f 11453 11450 11451
f 11353 11356 11359
f 11455 11597 11357
f 11320 11348 11457
f 11349 11343 11344
f 11350 11359 11459
f 11340 11338 11450
f 11338 11460 11461
f 11331 11332 11327
f 11328 11329 11463
f 11325 11326 11321
f 11465 11596 11466
f 11314 11320 11456
f 11313 11314 11467
f 11305 11472 11469
f 11072 11310 11470
f 11275 11244 11472
f 11298 11299 11302
f 11295 11296 11475
f 11291 11293 11294
f 11286 11288 11478
f 11285 11286 11260
f 11473 11586 11284
f 11281 11284 11285
f 11274 11585 11481
f 11307 11300 11483
f 11248 11269 11266
f 11264 11261 11484
f 11261 11262 11258
f 11259 11256 11292
f 11256 11257 11485
f 11253 11254 11249
f 11250 11251 11301
f 11301 11251 11483
f 11487 11278 11489
f 11493 11508 11235
f 11230 11232 11233
f 11497 11505 11496
f 11210 11497 11498
f 11221 11224 11201
f 11501 11577 11225
f 11183 11217 11238
f 11180 11238 11503
f 11186 11207 11204
f 11202 11199 11504
f 11199 11200 11196
f 11197 11194 11506
f 11194 11195 11493
f 11191 11192 11187
f 11188 11189 11239
f 11239 11189 11503
f 11509 11213 11215
f 11176 11177 11178
f 11513 11511 11102
f 11165 11136 11137
f 11515 11611 11491
f 11160 11161 11162
f 11157 11158 11159
f 11155 11156 11519
f 11150 11154 11155
f 11520 11155 11518
f 11147 11148 11149
f 11523 11570 11524
f 11137 11138 11163
f 11134 11565 11525
f 11129 11130 11527
f 11528 11123 11124
f 11521 11518 11530
f 11529 11530 11531
f 11518 11519 11115
f 11116 11117 11112
f 11110 11111 11106
f 11162 11163 11138
f 11533 11311 11534
f 11514 11173 11535
f 11073 11544 11538
f 11054 11100 11535
f 11094 11088 11092
f 11091 11089 11090
f 11079 11077 11074
f 11176 11099 11543
f 11070 11315 11098
f 11064 11065 11044
f 11545 11041 11042
f 11054 11048 11067
f 11547 11050 11554
f 11547 11043 11549
f 11550 11555 11552
f 11045 11046 11548
f 11042 11043 11554
f 11052 11050 11547
f 11065 11613 11556
f 11557 11614 11558
f 11546 11557 11047
f 11540 11553 11051
f 11538 11045 11060
f 11536 11550 11551
f 11540 11058 11559
f 11171 11514 11100
f 11560 11545 11083
f 11092 11088 11086
f 11561 11097 11056
f 11099 11063 11064
f 11174 11102 11097
f 11312 11469 11094
f 11542 11313 11105
f 11111 11138 11562
f 11114 11107 11108
f 11519 11109 11110
f 11531 11116 11532
f 11564 11521 11529
f 11127 11128 11152
f 11135 11524 11528
f 11566 11108 11562
f 11168 11611 11563
f 11133 11525 11567
f 11568 11523 11143
f 11569 11147 11522
f 11570 11571 11564
f 11571 11520 11521
f 11153 11157 11517
f 11156 11160 11109
f 11158 11515 11516
f 11513 11139 11140
f 11079 11167 11169
f 11165 11172 11173
f 11181 11304 11311
f 11076 11179 11166
f 11179 11502 11490
f 11572 11216 11183
f 11573 11214 11213
f 11192 11509 11510
f 11195 11188 11508
f 11574 11191 11507
f 11575 11197 11505
f 11203 11575 11497
f 11206 11201 11202
f 11219 11576 11211
f 11210 11500 11225
f 11210 11225 11577
f 11223 11221 11222
f 11226 11499 11227
f 11499 11229 11578
f 11505 11506 11231
f 11506 11493 11494
f 11232 11236 11579
f 11508 11239 11240
f 11579 11241 11573
f 11240 11217 11218
f 11580 11276 11278
f 11254 11487 11488
f 11257 11250 11297
f 11581 11253 11486
f 11582 11259 11289
f 11265 11582 11583
f 11268 11263 11264
f 11480 11584 11273
f 11308 11609 11300
f 11283 11481 11585
f 11586 11587 11287
f 11288 11589 11588
f 11477 11476 11589
f 11589 11295 11252
f 11293 11298 11474
f 11296 11303 11580
f 11299 11609 11482
f 11315 11316 11306
f 11093 11590 11319
f 11068 11468 11318
f 11590 11595 11347
f 11326 11466 11245
f 11372 11322 11323
f 11329 11322 11372
f 11332 11325 11464
f 11462 11328 11446
f 11460 11462 11591
f 11592 11333 11334
f 11459 11592 11337
f 11341 11342 11458
f 11595 11596 11375
f 11453 11454 11357
f 11453 11357 11597
f 11355 11353 11354
f 11358 11452 11361
f 11452 11362 11598
f 11461 11591 11364
f 11591 11446 11447
f 11365 11369 11599
f 11463 11372 11373
f 11599 11374 11465
f 11373 11457 11348
f 11377 11378 11441
f 11379 11380 11600
f 11427 11090 11541
f 11387 11081 11082
f 11389 11380 11381
f 11391 11392 11440
f 11601 11420 11390
f 11397 11398 11438
f 11402 11603 11602
f 11405 11406 11435
f 11604 11414 11411
f 11604 11433 11605
f 11434 11415 11433
f 11605 11432 11601
f 11394 11395 11431
f 11418 11429 11606
f 11606 11444 11600
f 11442 11443 11426
f 11443 11082 11560
f 11429 11430 11444
f 11431 11422 11429
f 11432 11419 11420
f 11433 11417 11432
f 11404 11415 11434
f 11404 11434 11435
f 11408 11602 11603
f 11409 11396 11397
f 11437 11438 11393
f 11398 11390 11391
f 11439 11440 11421
f 11392 11381 11607
f 11428 11427 11382
f 11428 11600 11444
f 11442 11441 11607
f 11374 11375 11596
f 11369 11370 11374
f 11447 11368 11369
f 11448 11366 11367
f 11362 11363 11448
f 11598 11448 11330
f 11454 11451 11452
f 11354 11351 11455
f 11456 11457 11371
f 11345 11608 11340
f 11345 11340 11453
f 11458 11459 11339
f 11593 11339 11340
f 11359 11360 11592
f 11360 11336 11333
f 11335 11327 11328
f 11367 11324 11325
f 11472 11244 11595
f 11105 11467 11468
f 11469 11472 11590
f 11071 11470 11572
f 11303 11279 11276
f 11474 11302 11303
f 11485 11297 11298
f 11476 11294 11295
f 11583 11289 11290
f 11272 11583 11587
f 11479 11285 11263
f 11585 11280 11473
f 11243 11482 11609
f 11471 11483 11489
f 11248 11246 11270
f 11248 11273 11584
f 11267 11484 11582
f 11478 11588 11581
f 11262 11581 11255
f 11588 11252 11253
f 11486 11249 11250
f 11475 11580 11487
f 11488 11489 11483
f 11241 11242 11214
f 11236 11237 11241
f 11494 11235 11236
f 11495 11233 11190
f 11229 11230 11495
f 11578 11495 11610
f 11500 11498 11499
f 11222 11220 11501
f 11186 11184 11208
f 11186 11211 11576
f 11205 11504 11575
f 11228 11610 11574
f 11200 11574 11193
f 11610 11190 11191
f 11507 11187 11188
f 11234 11573 11509
f 11510 11215 11503
f 11182 11277 11304
f 11512 11178 11179
f 11511 11181 11533
f 11172 11137 11139
f 11516 11491 11141
f 11563 11611 11515
f 11113 11114 11515
f 11517 11159 11160
f 11119 11120 11157
f 11122 11119 11153
f 11149 11150 11520
f 11522 11149 11571
f 11568 11522 11570
f 11146 11147 11569
f 11146 11569 11567
f 11145 11567 11569
f 11490 11491 11611
f 11170 11563 11108
f 11565 11612 11127
f 11565 11127 11146
f 11527 11528 11126
f 11526 11126 11127
f 11524 11564 11123
f 11128 11121 11122
f 11530 11115 11116
f 11532 11112 11113
f 11542 11087 11104
f 11311 11312 11095
f 11173 11174 11561
f 11537 11077 11101
f 11543 11064 11544
f 11053 11535 11561
f 11096 11092 11559
f 11539 11559 11058
f 11077 11078 11171
f 11309 11073 11098
f 11537 11037 11550
f 11544 11044 11045
f 11083 11042 11553
f 11103 11534 11539
f 11049 11558 11547
f 11551 11552 11613
f 11060 11548 11549
f 11553 11554 11050
f 11614 11557 11057
f 11035 11550 11037
f 11547 11035 11036
f 11547 11613 11552
f 11547 11554 11043
f 11041 11545 11062
f 11062 11545 11082
f 11617 11616 11615
f 11620 11619 11618
f 11617 11615 11620
f 11619 11621 11618
f 11618 11622 11620
f 11622 11623 11620
f 11620 11615 11624
f 11625 11619 11620
f 11615 11616 11626
f 11615 11626 11624
f 11616 11617 11627
f 11616 11627 11626
f 11617 11623 11628
f 11617 11628 11627
f 11623 11622 11629
f 11623 11629 11628
f 11622 11618 11630
f 11622 11630 11629
f 11618 11621 11631
f 11618 11631 11630
f 11621 11619 11625
f 11621 11625 11631
f 11624 11626 11627
f 11624 11627 11628
f 11624 11628 11629
f 11625 11624 11629
f 11629 11630 11625
f 11630 11631 11625
f 11620 11623 11617
f 11620 11624 11625
f 11634 11633 11632
f 11637 11636 11635
f 11640 11639 11638
f 11643 11642 11641
f 11646 11645 11644
f 11649 11648 11647
f 11651 11650 11645
f 11654 11653 11652
f 11656 11655 11637
f 11659 11658 11657
f 11657 11640 11659
f 11662 11661 11660
f 11664 11632 11663
f 11667 11666 11665
f 11670 11669 11668
f 11673 11672 11671
f 11676 11675 11674
f 11666 11677 11658
f 11657 11679 11678
f 11682 11681 11680
f 11685 11684 11683
f 11685 11687 11686
f 11689 11687 11688
f 11691 11690 11683
f 11693 11692 11690
f 11694 11653 11654
f 11695 11666 11658
f 11673 11696 11662
f 11698 11697 11664
f 11700 11694 11699
f 11701 11691 11683
f 11666 11667 11702
f 11705 11704 11703
f 11708 11707 11706
f 11711 11710 11709
f 11714 11713 11712
f 11717 11716 11715
f 11719 11718 11716
f 11722 11721 11720
f 11725 11724 11723
f 11728 11727 11726
f 11731 11730 11729
f 11731 11726 11732
f 11735 11734 11733
f 11738 11737 11736
f 11730 11731 11739
f 11742 11741 11740
f 11745 11744 11743
f 11748 11747 11746
f 11749 11743 11746
f 11746 11747 11750
f 11753 11752 11751
f 11715 11755 11754
f 11758 11757 11756
f 11756 11760 11759
f 11762 11761 11735
f 11765 11764 11763
f 11767 11766 11764
f 11675 11768 11762
f 11771 11770 11769
f 11774 11773 11772
f 11777 11776 11775
f 11779 11778 11737
f 11772 11775 11780
f 11783 11782 11781
f 11786 11785 11784
f 11789 11788 11787
f 11792 11791 11790
f 11794 11793 11791
f 11797 11796 11795
f 11799 11798 11796
f 11782 11783 11800
f 11802 11782 11801
f 11804 11803 11802
f 11807 11806 11805
f 11807 11809 11808
f 11810 11737 11778
f 11778 11811 11810
f 11737 11810 11812
f 11815 11814 11813
f 11817 11804 11816
f 11808 11817 11816
f 11804 11819 11818
f 11821 11819 11820
f 11823 11821 11822
f 11820 11799 11797
f 11825 11797 11824
f 11828 11827 11826
f 11826 11827 11829
f 11831 11789 11830
f 11834 11833 11832
f 11837 11836 11835
f 11832 11839 11838
f 11842 11841 11840
f 11845 11844 11843
f 11848 11847 11846
f 11851 11850 11849
f 11854 11853 11852
f 11856 11855 11853
f 11859 11858 11857
f 11861 11860 11858
f 11844 11845 11862
f 11864 11844 11863
f 11866 11865 11864
f 11869 11868 11867
f 11869 11871 11870
f 11874 11873 11872
f 11815 11872 11875
f 11874 11876 11873
f 11870 11877 11868
f 11867 11868 11877
f 11880 11879 11878
f 11883 11882 11881
f 11885 11881 11884
f 11888 11887 11886
f 11890 11886 11889
f 11893 11892 11891
f 11896 11895 11894
f 11898 11897 11894
f 11900 11899 11876
f 11872 11902 11901
f 11905 11904 11903
f 11907 11669 11906
f 11902 11909 11908
f 11701 11911 11910
f 11665 11913 11912
f 11842 11915 11914
f 11917 11910 11916
f 11920 11919 11918
f 11923 11922 11921
f 11926 11925 11924
f 11929 11928 11927
f 11932 11931 11930
f 11933 11932 11928
f 11931 11935 11934
f 11937 11936 11934
f 11940 11939 11938
f 11940 11942 11941
f 11943 11915 11918
f 11945 11916 11944
f 11948 11947 11946
f 11949 11948 11946
f 11947 11951 11950
f 11953 11951 11952
f 11955 11953 11954
f 11952 11957 11956
f 11958 11956 11933
f 11961 11960 11959
f 11959 11960 11962
f 11964 11963 11923
f 11967 11966 11965
f 11970 11969 11968
f 11965 11972 11971
f 11975 11974 11973
f 11978 11977 11976
f 11981 11980 11979
f 11984 11983 11982
f 11986 11985 11977
f 11989 11988 11987
f 11992 11991 11990
f 11995 11994 11993
f 11998 11997 11996
f 12000 11998 11999
f 12001 11996 11997
f 12004 12003 12002
f 12007 12006 12005
f 12004 12007 12005
f 12010 12009 12008
f 12011 12006 11995
f 12001 12013 12012
f 12012 12015 12014
f 12017 12016 11986
f 12019 12018 11973
f 11975 12021 12020
f 12020 12022 11975
f 11975 12022 12023
f 12022 12020 11680
f 12020 12024 11686
f 11974 11975 12023
f 12021 12025 12024
f 12018 12027 12026
f 11990 12028 12018
f 12015 12029 12017
f 12013 12030 12015
f 12010 12005 12006
f 12009 12032 12031
f 12002 11997 12000
f 12002 12003 12001
f 12006 12033 11999
f 11999 11998 12034
f 11996 12001 11991
f 12036 11992 12035
f 12016 11989 11985
f 12038 12019 12037
f 11984 11980 11981
f 11983 12040 12039
f 11979 11980 11982
f 11984 11978 11976
f 12021 11975 12026
f 12026 12041 12021
f 11983 11984 11976
f 11955 12042 11953
f 11967 11965 11968
f 12044 12043 11967
f 11960 12045 11964
f 12046 11961 11959
f 12048 12047 12046
f 12047 12049 11961
f 12051 12050 12047
f 11951 11947 11957
f 11950 11946 11947
f 12052 12042 11955
f 11916 12054 12053
f 11840 11918 11915
f 11948 11938 11947
f 11948 11949 11942
f 11939 11947 11938
f 11947 12056 12055
f 11936 12051 12048
f 11934 12057 11931
f 11934 12048 12058
f 12059 11930 11931
f 11928 11930 11926
f 11925 12044 12060
f 11922 12061 11920
f 12063 11921 12062
f 11910 12064 12054
f 11914 11912 11842
f 12065 11914 11943
f 11911 11702 12064
f 11901 11908 12066
f 11669 11670 12067
f 12067 12068 11904
f 11874 11901 12069
f 11904 11906 12067
f 12070 11879 11880
f 11895 12071 11900
f 11892 11851 12072
f 11886 12073 11893
f 12074 12073 11886
f 11881 11859 12075
f 11882 11861 11859
f 12070 11880 11883
f 11880 12076 11882
f 11866 12076 11878
f 11870 12078 12077
f 12078 11866 12077
f 11841 12079 11876
f 11904 12068 12080
f 11870 11868 11869
f 11843 11844 11864
f 11860 11863 12081
f 11858 12081 11856
f 11855 11888 11890
f 11853 11890 12082
f 11850 12083 11848
f 11847 11896 11897
f 11897 11898 12080
f 12086 12085 12084
f 12088 12087 11737
f 11823 12089 11821
f 11834 11832 11835
f 12091 12090 11834
f 11827 12092 11831
f 12093 11828 11826
f 12095 12094 12093
f 12094 12096 11828
f 11805 12097 12094
f 11819 11804 11799
f 11818 11816 11804
f 12098 12089 11823
f 11780 11775 11837
f 11815 11813 11838
f 11775 12100 12099
f 11808 11806 11807
f 11781 11782 11802
f 11798 11801 12101
f 11796 12101 11794
f 11793 12103 12102
f 11791 12102 12091
f 11788 12104 11786
f 11785 12105 11836
f 11836 11837 12099
f 12107 12106 11812
f 12108 11779 11737
f 11777 11775 11772
f 11773 12109 11777
f 12110 11769 11700
f 11762 11768 12111
f 11674 11764 11765
f 11765 11763 12088
f 11761 11771 11734
f 12113 12112 12087
f 11757 11708 11760
f 11755 12114 11758
f 11752 12116 12115
f 11747 12117 11752
f 12117 12118 12116
f 11743 11748 11746
f 11744 12119 11748
f 12121 11732 12120
f 11742 11739 11732
f 11731 11732 11739
f 11737 12087 11736
f 11734 11738 11759
f 11729 11730 12122
f 11728 12124 12123
f 12125 11725 11721
f 11721 11723 11719
f 12118 12127 12126
f 12127 11720 12128
f 12116 12126 11714
f 11713 12129 11711
f 11707 11712 11705
f 11760 11706 11733
f 11875 11872 11873
f 11684 11701 11683
f 12131 11699 12130
f 12111 11698 12132
f 11676 12134 12133
f 11676 11673 12134
f 11668 11695 12135
f 12136 11654 11655
f 11650 11651 12132
f 11690 11692 11688
f 11689 12137 11682
f 12139 11979 12138
f 12139 11684 11685
f 11689 11680 11686
f 11674 11672 11673
f 11773 11774 12140
f 11670 11668 12140
f 11665 11666 11695
f 11664 12133 11632
f 11661 12141 11643
f 12142 11682 11639
f 11637 11648 11656
f 11653 12143 11652
f 11650 11664 11663
f 12146 12145 12144
f 12149 12148 12147
f 11642 11659 12145
f 11639 12151 12150
f 11652 11635 11636
f 12149 12152 11634
f 11648 11637 11647
f 11640 11638 12144
f 11660 11643 12153
f 11632 11633 11663
f 12155 11646 12154
f 11634 12152 12146
f 12146 11641 12145
f 12143 11651 11646
f 11654 11636 11637
f 12137 11656 11648
f 12135 11658 11659
f 12134 11662 12148
f 12137 11689 12156
f 11668 11669 11907
f 12140 11774 11670
f 12109 11696 11671
f 11768 11697 11698
f 11677 11979 11679
f 11679 11658 11677
f 11678 12157 12142
f 11686 12139 11685
f 12157 11681 11682
f 11688 11687 11685
f 11693 12130 11692
f 12130 12136 11692
f 12158 12143 11653
f 12066 11690 11691
f 11696 12140 11661
f 11664 11650 11698
f 11769 12158 11694
f 11908 11693 11690
f 11666 11702 12138
f 11706 11705 12159
f 11709 12160 11703
f 11711 11704 11705
f 12115 11714 11707
f 12128 11717 12129
f 11720 11719 11717
f 12161 11722 12127
f 11719 11720 11721
f 11724 11745 11749
f 11732 12123 12125
f 11727 11732 11726
f 11728 11729 12162
f 12163 11735 12159
f 11763 11766 12160
f 11730 11740 12164
f 12165 11741 11742
f 12166 12165 12119
f 12167 12120 12161
f 12168 12161 12118
f 11747 11753 11750
f 11750 11753 12114
f 11751 12115 11708
f 11754 11758 12112
f 12166 11741 12165
f 11762 12163 11766
f 12110 12108 11737
f 11767 11762 11766
f 11674 11675 11767
f 11761 12111 11770
f 11779 12131 11909
f 11671 11672 11765
f 11776 11765 12088
f 12169 11772 11780
f 12170 12107 11810
f 11787 11786 12106
f 11790 12091 12105
f 12171 11792 12104
f 11791 11792 11794
f 12172 12095 12103
f 12172 11793 11794
f 11800 11805 12095
f 11804 11802 11798
f 11803 11804 12173
f 11817 11808 11809
f 11817 12173 11804
f 12100 11812 12099
f 11815 11780 11814
f 11778 11872 11811
f 11808 12174 11806
f 11805 11806 12174
f 11821 12089 11818
f 11822 11820 11825
f 12096 11825 12175
f 12103 12093 11826
f 12102 11826 12090
f 11829 11831 12176
f 12105 11834 11835
f 12176 11830 12170
f 11835 11832 11813
f 11842 12079 11841
f 12177 12086 11875
f 11849 11848 12085
f 11852 12082 11896
f 12178 11854 12083
f 11853 11854 11856
f 12180 12179 11888
f 12180 11855 11856
f 11862 11867 12179
f 11866 11864 11860
f 11865 11866 12181
f 12078 11870 11871
f 12078 12181 11866
f 11875 12084 11815
f 11903 11904 11898
f 11870 12182 11877
f 11878 11879 12182
f 12183 11883 11885
f 12184 12074 11887
f 11884 12075 12185
f 12074 11884 12186
f 12186 12185 11851
f 11889 11893 12071
f 11891 12072 12177
f 11894 11900 12079
f 12169 11815 12068
f 11912 11903 11842
f 11913 11907 11905
f 11908 11901 11902
f 11691 11701 11917
f 11667 11665 11914
f 11914 11915 11943
f 12187 11917 11945
f 11921 11920 11840
f 11969 11970 11918
f 11924 12060 11969
f 11927 11926 12061
f 12059 12188 12044
f 12057 12058 12188
f 12189 11935 11931
f 12055 11937 11935
f 11940 12190 12056
f 11949 12191 11941
f 12193 12192 12062
f 11841 12062 11840
f 12193 11945 11971
f 11949 12194 12191
f 12051 12191 12194
f 11953 12042 11950
f 11954 11952 11958
f 12049 11958 12195
f 12058 12046 11959
f 12188 11959 12043
f 11962 11964 12196
f 12060 11967 11968
f 12196 11923 12063
f 11968 11965 11944
f 11974 12040 12037
f 11978 12025 12197
f 12024 11981 12139
f 11982 12039 11678
f 11978 11984 11981
f 11985 11987 11976
f 11988 12035 12038
f 12198 11993 11989
f 11994 12034 12036
f 12000 12033 12199
f 12002 12200 12004
f 12007 12199 12006
f 12004 12008 12031
f 12201 12009 12010
f 12201 12011 12202
f 12032 12201 12030
f 12202 11995 12198
f 11991 12012 12028
f 12014 12017 12203
f 12203 11986 12197
f 12040 11974 12023
f 12023 12022 12157
f 12022 11681 12157
f 12032 12009 12201
f 12039 12023 12157
f 12021 12024 12020
f 12027 12203 12041
f 12028 12014 12027
f 12029 12198 12016
f 12030 12202 12029
f 12006 12011 12010
f 12001 12003 12031
f 12008 12009 12031
f 12000 12200 12002
f 12007 12004 12200
f 12033 12006 12199
f 12006 11999 11994
f 12034 11996 11992
f 11993 12036 11988
f 12035 11990 12019
f 11987 12038 12204
f 12025 11978 11981
f 11982 11679 11979
f 11997 11998 12000
f 12025 12021 12041
f 12040 11983 12204
f 11972 12063 12192
f 11966 12196 11972
f 12043 11962 11966
f 12045 11929 11963
f 11961 12195 12045
f 12195 11933 11929
f 12047 11961 12046
f 12050 11954 12049
f 11950 12042 12052
f 11949 12052 12194
f 12054 11943 11970
f 11915 11842 11840
f 12062 11841 12193
f 11941 11942 11949
f 11941 12191 12051
f 11947 11939 12056
f 12056 12190 11937
f 12190 12205 11936
f 11957 12055 12189
f 11956 12189 11932
f 11931 12057 12059
f 11930 12059 11925
f 11963 11927 11922
f 12061 11924 11919
f 11919 11920 12061
f 12205 12190 11940
f 12064 11943 12054
f 12069 12187 12193
f 12065 11943 12064
f 11702 11667 12065
f 12066 11691 12187
f 11670 11774 12169
f 11906 11904 11905
f 11912 11905 11903
f 12068 12067 12169
f 11899 12177 11873
f 12071 11891 11899
f 12082 11889 11895
f 12073 12186 11892
f 11887 12074 11886
f 12179 12184 11887
f 12184 11885 12074
f 11867 12183 12184
f 12076 11866 11861
f 11878 12077 11866
f 12182 11879 12070
f 11842 11903 12206
f 12068 11815 12084
f 11843 11871 11869
f 11843 11865 12181
f 11863 11862 12180
f 11856 12081 12180
f 12075 11857 12178
f 11857 11856 11854
f 12185 12178 11850
f 12083 11852 11847
f 12072 11849 12086
f 12085 11846 12080
f 12088 11737 11812
f 11839 12170 11811
f 11833 12176 11839
f 12090 11829 11833
f 12092 12207 11789
f 11828 12175 12092
f 12175 11824 12207
f 12094 11828 12093
f 12097 11822 12096
f 11818 12089 12098
f 11808 12098 12174
f 11872 11838 11811
f 11872 11815 11838
f 12100 12088 11812
f 11781 11809 11807
f 11781 11803 12173
f 11801 11800 12172
f 11794 12101 12172
f 11824 11795 12171
f 11795 11794 11792
f 12207 12171 11788
f 12104 11790 11785
f 11830 11787 12107
f 12106 11784 12099
f 11778 11779 11902
f 11776 12100 11775
f 12109 11671 11776
f 12108 11700 12131
f 12111 11761 11762
f 11672 11674 11765
f 11764 11766 11763
f 11771 12110 11738
f 12112 11756 11736
f 12160 11709 12113
f 11710 11754 12113
f 12114 11751 11757
f 11716 11750 11755
f 11718 11746 11750
f 11748 12168 12117
f 12119 12167 12168
f 12165 12121 12167
f 11732 12121 11742
f 11745 12122 12164
f 11740 11741 12166
f 12088 11763 12208
f 11766 12163 11703
f 12162 12209 11728
f 12162 12122 11745
f 11732 11727 12123
f 12123 12124 11725
f 12124 12209 11724
f 12120 12125 11722
f 11723 11749 11718
f 11717 12128 11720
f 12126 12128 11713
f 12129 11715 11710
f 11705 11712 11711
f 12209 12124 11728
f 11841 11876 11874
f 12138 11911 11701
f 11909 12130 11693
f 11770 12132 12158
f 12133 11664 11697
f 12140 11668 12141
f 11651 12143 12158
f 11692 12136 12156
f 12136 11655 11656
f 12138 11684 12139
f 11979 11677 12138
f 11658 11679 11657
f 11676 11697 11768
f 11671 11696 11673
f 11696 12109 11773
f 11907 11913 11695
f 12133 12134 12149
f 12141 12135 11642
f 11682 12137 12151
f 11655 11654 11637
f 12143 12155 11652
f 11699 11654 12136
f 12146 11644 11633
f 12146 12153 11641
f 11644 11663 11633
f 11644 11645 11663
f 12148 11660 12210
f 11659 11640 12144
f 12151 11648 11649
f 12211 11635 11652
f 11635 11647 11637
f 11641 12153 11643
f 11644 12154 11646
f 12210 12153 12146
f 12146 12211 12154
f 12146 11635 12211
f 12152 12147 12146
f 12146 11647 11635
f 11645 11646 11651
f 11652 11636 11654
f 11660 12148 11662
f 11680 11689 11682
f 11688 12156 11689
f 11654 11699 11694
f 11658 12135 11695
f 11662 12134 11673
f 11699 12131 11700
f 12138 11677 11666
f 11703 12159 11705
f 11706 11760 11708
f 11709 11704 11711
f 11712 11707 11714
f 11715 12129 11717
f 11716 11717 11719
f 11720 12127 11722
f 11723 11721 11725
f 11726 11729 11728
f 11729 11726 11731
f 11733 12159 11735
f 11736 11759 11738
f 11739 11740 11730
f 11740 11739 11742
f 11743 11749 11745
f 11746 11718 11749
f 11751 12114 11753
f 11754 11710 11715
f 11756 12112 11758
f 11759 11736 11756
f 11735 12163 11762
f 11762 11767 11675
f 11769 12110 11771
f 11772 12169 11774
f 11784 12106 11786
f 11787 11830 11789
f 11790 12104 11792
f 11795 11824 11797
f 11796 11797 11799
f 11800 11801 11782
f 11801 11798 11802
f 11800 11783 11807
f 11805 11800 11807
f 11816 12098 11808
f 11820 11822 11821
f 11822 12097 11823
f 11797 11825 11820
f 11824 12175 11825
f 11829 12090 11826
f 11830 12176 11831
f 11835 11814 11837
f 11838 11813 11832
f 11846 12085 11848
f 11849 12072 11851
f 11852 12083 11854
f 11857 12075 11859
f 11858 11859 11861
f 11862 11863 11844
f 11863 11860 11864
f 11862 11845 11869
f 11867 11862 11869
f 12070 12183 11867
f 11877 12070 11867
f 11878 12076 11880
f 11881 11885 11883
f 11884 12074 11885
f 11886 11890 11888
f 11889 12082 11890
f 11891 12071 11893
f 11894 11897 11896
f 11894 12206 11898
f 11876 12079 11900
f 11901 11874 11872
f 11906 11905 11907
f 11910 11917 11701
f 11912 11914 11665
f 11916 11945 11917
f 11918 11840 11920
f 11921 12063 11923
f 11924 12061 11926
f 11927 11963 11929
f 11930 11928 11932
f 11928 11929 11933
f 11934 11935 11937
f 11938 11942 11940
f 11941 12205 11940
f 11918 11970 11943
f 11944 11971 11945
f 11946 12052 11949
f 11952 11954 11953
f 11954 12050 11955
f 11956 11958 11952
f 11933 12195 11958
f 11962 12043 11959
f 11923 12196 11964
f 11968 12053 11970
f 11971 11944 11965
f 11973 12026 11975
f 11979 12139 11981
f 11982 11980 11984
f 11977 12197 11986
f 11987 11985 11989
f 11990 12035 11992
f 11993 12198 11995
f 11996 12034 11998
f 11999 12033 12000
f 12005 12008 12004
f 12008 12005 12010
f 11995 12202 12011
f 12012 11991 12001
f 12014 12028 12012
f 11986 12203 12017
f 11973 12037 12019
f 11680 11681 12022
f 11686 11680 12020
f 12026 11973 12018
f 12018 12019 11990
f 12017 12014 12015
f 12015 12012 12013
f 11997 12002 12001
f 12034 11994 11999
f 11991 11992 11996
f 12035 11988 12036
f 11985 11986 12016
f 12037 12204 12038
f 12039 11982 11983
f 11976 12204 11983
f 11967 12060 12044
f 11964 11962 11960
f 12046 12058 12048
f 12047 12048 12051
f 11957 11952 11951
f 11955 12194 12052
f 12053 11944 11916
f 11942 11938 11948
f 12055 11957 11947
f 12048 11934 11936
f 12058 12057 11934
f 11926 11927 11928
f 12060 11924 11925
f 11920 11921 11922
f 12062 12192 12063
f 12054 11916 11910
f 12064 11910 11911
f 12066 12069 11901
f 12067 11906 11669
f 12069 11841 11874
f 11900 11894 11895
f 12072 11891 11892
f 11893 11889 11886
f 12075 11884 11881
f 11859 11881 11882
f 11883 12183 12070
f 11882 11883 11880
f 12077 12182 11870
f 12080 11898 11904
f 11864 11865 11843
f 12081 11858 11860
f 11856 11857 11858
f 11890 11853 11855
f 12082 11852 11853
f 11848 11849 11850
f 11897 11846 11847
f 12080 11846 11897
f 12084 11875 12086
f 11834 12105 12091
f 11831 11829 11827
f 12093 12103 12095
f 12094 12095 11805
f 11799 11820 11819
f 11823 12174 12098
f 11837 11814 11780
f 12099 11837 11775
f 11802 11803 11781
f 12101 11796 11798
f 11794 11795 11796
f 12102 11791 11793
f 12091 11790 11791
f 11786 11787 11788
f 11836 11784 11785
f 12099 11784 11836
f 11812 11810 12107
f 11777 11772 11773
f 11700 12108 12110
f 11734 11735 11761
f 12087 12208 12113
f 11760 11756 11757
f 11758 11754 11755
f 12115 11751 11752
f 11752 11753 11747
f 12116 11752 12117
f 11748 11743 11744
f 12120 12167 12121
f 11759 11733 11734
f 12122 12162 11729
f 12123 11727 11728
f 11721 11722 12125
f 12126 12116 12118
f 12128 12126 12127
f 11714 12115 12116
f 11711 11712 11713
f 11705 11706 11707
f 11733 11759 11760
f 12130 11909 12131
f 12132 11770 12111
f 12135 12141 11668
f 12132 11698 11650
f 11688 11683 11690
f 11686 11687 11689
f 11673 11676 11674
f 12140 11696 11773
f 11695 11913 11665
f 11643 11660 11661
f 11639 11640 12142
f 11663 11645 11650
f 12150 11649 12146
f 12144 11638 12146
f 12147 12152 12149
f 12145 11641 11642
f 12150 11638 11639
f 12146 11649 11647
f 12153 12210 11660
f 12154 12211 12155
f 11646 12155 12143
f 11648 12151 12137
f 11659 11642 12135
f 12148 12149 12134
f 12156 11656 12137
f 11698 12111 11768
f 11682 12142 12157
f 11685 11683 11688
f 11653 11694 12158
f 11661 11662 11696
f 11694 11700 11769
f 11690 12066 11908
f 11702 11911 12138
f 12159 11733 11706
f 11703 11704 11709
f 11707 11708 12115
f 12129 11713 12128
f 12127 12118 12161
f 11749 11723 11724
f 12125 12120 11732
f 12159 11703 12163
f 12160 12208 11763
f 12164 12122 11730
f 11742 12121 12165
f 12119 11744 12166
f 12161 12168 12167
f 12118 12117 12168
f 12114 11755 11750
f 11708 11757 11751
f 12112 12113 11754
f 11737 11738 12110
f 11767 11764 11674
f 11770 11771 11761
f 11909 11902 11779
f 11765 11776 11671
f 12088 12100 11776
f 11780 11815 12169
f 11810 11811 12170
f 12106 12107 11787
f 12105 11785 11790
f 12104 11788 12171
f 12103 11793 12172
f 12095 12172 11800
f 11798 11799 11804
f 11809 12173 11817
f 11823 12097 11805
f 12174 11823 11805
f 11818 11819 11821
f 11825 12096 11822
f 12175 11828 12096
f 11826 12102 12103
f 12090 12091 12102
f 12176 11833 11829
f 11835 11836 12105
f 12170 11839 12176
f 11813 11814 11835
f 11875 11873 12177
f 12085 12086 11849
f 11896 11847 11852
f 12083 11850 12178
f 11888 11855 12180
f 12179 12180 11862
f 11860 11861 11866
f 11871 12181 12078
f 11898 12206 11903
f 12182 12077 11878
f 11885 12184 12183
f 12185 12186 11884
f 12186 12073 12074
f 11851 11892 12186
f 12071 11895 11889
f 12177 11899 11891
f 12079 12206 11894
f 11905 11912 11913
f 11917 12187 11691
f 11914 12065 11667
f 11945 12193 12187
f 11840 12062 11921
f 11918 11919 11969
f 11969 11919 11924
f 12061 11922 11927
f 12044 11925 12059
f 12188 12059 12057
f 11931 11932 12189
f 11935 12189 12055
f 12056 11939 11940
f 11971 12192 12193
f 11955 12050 12051
f 12194 11955 12051
f 11950 11951 11953
f 11958 12049 11954
f 12195 11961 12049
f 11959 12188 12058
f 12043 12044 12188
f 12196 11966 11962
f 11968 11969 12060
f 12063 11972 12196
f 11944 12053 11968
f 12037 11973 11974
f 12197 11977 11978
f 12139 11686 12024
f 11678 11679 11982
f 11976 11977 11985
f 12038 11987 11988
f 11989 12016 12198
f 12036 11993 11994
f 12199 12200 12000
f 12031 12003 12004
f 12010 12011 12201
f 12202 12030 12201
f 12030 12013 12032
f 12198 12029 12202
f 12028 11990 11991
f 12203 12027 12014
f 12197 12041 12203
f 12023 12039 12040
f 12157 11678 12039
f 12041 12026 12027
f 12027 12018 12028
f 12016 12017 12029
f 12029 12015 12030
f 12032 12013 12001
f 12031 12032 12001
f 12200 12199 12007
f 11994 11995 12006
f 11992 12036 12034
f 11988 11989 11993
f 12019 12038 12035
f 12204 11976 11987
f 11981 12024 12025
f 12041 12197 12025
f 12204 12037 12040
f 12192 11971 11972
f 11972 11965 11966
f 11966 11967 12043
f 11963 11964 12045
f 12045 11960 11961
f 11929 12045 12195
f 12049 12047 12050
f 12052 11946 11950
f 11970 12053 12054
f 11936 12205 11941
f 12051 11936 11941
f 11937 12055 12056
f 11936 11937 12190
f 12189 11956 11957
f 11932 11933 11956
f 11925 11926 11930
f 11922 11923 11963
f 12193 11841 12069
f 12065 12064 11702
f 12187 12069 12066
f 12169 12067 11670
f 11873 11876 11899
f 11899 11900 12071
f 11895 11896 12082
f 11892 11893 12073
f 11887 11888 12179
f 12184 12179 11867
f 11861 11882 12076
f 12070 11877 12182
f 12206 12079 11842
f 12084 12080 12068
f 11869 11845 11843
f 12181 11871 11843
f 12180 12081 11863
f 12178 12185 12075
f 11854 12178 11857
f 11850 11851 12185
f 11847 11848 12083
f 12086 12177 12072
f 12080 12084 12085
f 11811 11838 11839
f 11839 11832 11833
f 11833 11834 12090
f 11789 11831 12092
f 12092 11827 11828
f 12207 12092 12175
f 12096 12094 12097
f 12098 11816 11818
f 11807 11783 11781
f 12173 11809 11781
f 12172 12101 11801
f 12171 12207 11824
f 11792 12171 11795
f 11788 11789 12207
f 11785 11786 12104
f 12107 12170 11830
f 12099 11812 12106
f 11902 11872 11778
f 11776 11777 12109
f 12131 11779 12108
f 11738 11734 11771
f 11736 12087 12112
f 12113 12208 12160
f 12113 11709 11710
f 11757 11758 12114
f 11755 11715 11716
f 11750 11716 11718
f 12117 11747 11748
f 12168 11748 12119
f 12167 12119 12165
f 12166 11744 11745
f 12164 12166 11745
f 12166 12164 11740
f 12208 12087 12088
f 11703 12160 11766
f 11724 12209 12162
f 11745 11724 12162
f 11725 12125 12123
f 11724 11725 12124
f 11722 12161 12120
f 11718 11719 11723
f 11713 11714 12126
f 11710 11711 12129
f 11701 11684 12138
f 11693 11908 11909
f 12158 11769 11770
f 11697 11676 12133
f 12141 11661 12140
f 12158 12132 11651
f 12156 11688 11692
f 11656 12156 12136
f 11768 11675 11676
f 11695 11668 11907
f 12149 11632 12133
f 11642 11643 12141
f 12151 11639 11682
f 12136 12130 11699
f 12146 12154 11644
f 12210 12147 12148
f 12144 12145 11659
f 11649 12150 12151
f 11652 12155 12211
f 11632 12149 11634
f 11633 11634 12146
f 12147 12210 12146
f 11638 12150 12146
f 11657 12142 11640
f 11678 12142 11657
f 12214 12213 12212
f 12217 12216 12215
f 12215 12214 12212
f 12217 12218 12216
f 12215 12219 12217
f 12215 12220 12219
f 12221 12214 12215
f 12215 12216 12222
f 12223 12213 12214
f 12221 12223 12214
f 12224 12212 12213
f 12223 12224 12213
f 12225 12220 12212
f 12224 12225 12212
f 12226 12219 12220
f 12225 12226 12220
f 12227 12217 12219
f 12226 12227 12219
f 12228 12218 12217
f 12227 12228 12217
f 12222 12216 12218
f 12228 12222 12218
f 12224 12223 12221
f 12225 12224 12221
f 12226 12225 12221
f 12226 12221 12222
f 12222 12227 12226
f 12222 12228 12227
f 12212 12220 12215
f 12222 12221 12215
f 12231 12230 12229
f 12231 12229 12232
f 12230 12234 12233
f 12230 12233 12229
f 12234 12236 12235
f 12234 12235 12233
f 12236 12231 12232
f 12236 12232 12235
f 12233 12235 12232
f 12229 12233 12232
f 12236 12234 12237
f 12234 12238 12237
f 12238 12234 12230
f 12231 12236 12239
f 12237 12239 12236
f 12231 12239 12240
f 12238 12230 12240
f 12240 12230 12231
f 12242 12241 12238
f 12241 12237 12238
f 12243 12239 12241
f 12237 12241 12239
f 12243 12244 12240
f 12243 12240 12239
f 12242 12238 12244
f 12240 12244 12238
f 12243 12241 12245
f 12241 12246 12245
f 12246 12241 12242
f 12245 12247 12243
f 12244 12243 12248
f 12247 12248 12243
f 12244 12248 12249
f 12244 12249 12250
f 12242 12244 12251
f 12251 12244 12252
f 12251 12253 12242
f 12246 12242 12254
f 12254 12242 12253
f 12256 12254 12255
f 12256 12246 12254
f 12258 12250 12257
f 12244 12250 12258
f 12252 12244 12258
f 12261 12260 12259
f 12262 12261 12259
f 12262 12259 12263
f 12264 12262 12263
f 12267 12266 12265
f 12263 12267 12265
f 12264 12263 12265
f 12264 12265 12268
f 12269 12264 12268
f 12260 12270 12246
f 12270 12245 12246
f 12271 12247 12270
f 12245 12270 12247
f 12272 12248 12271
f 12247 12271 12248
f 12272 12261 12248
f 12261 12249 12248
f 12261 12262 12250
f 12261 12250 12249
f 12265 12251 12268
f 12252 12268 12251
f 12268 12252 12269
f 12266 12253 12265
f 12251 12265 12253
f 12267 12254 12266
f 12253 12266 12254
f 12263 12255 12267
f 12254 12267 12255
f 12259 12256 12263
f 12255 12263 12256
f 12260 12246 12259
f 12256 12259 12246
f 12264 12257 12262
f 12250 12262 12257
f 12264 12269 12258
f 12257 12264 12258
f 12258 12269 12252
f 12272 12271 12273
f 12271 12274 12273
f 12273 12275 12272
f 12275 12276 12272
f 12261 12272 12277
f 12276 12277 12272
f 12277 12278 12261
f 12261 12278 12279
f 12261 12279 12280
f 12282 12260 12281
f 12270 12260 12283
f 12282 12283 12260
f 12283 12284 12270
f 12285 12270 12284
f 12271 12270 12286
f 12286 12270 12285
f 12287 12271 12286
f 12287 12288 12271
f 12289 12271 12288
f 12291 12280 12290
f 12291 12292 12280
f 12292 12293 12280
f 12261 12280 12294
f 12293 12294 12280
f 12294 12295 12261
f 12261 12295 12296
f 12261 12296 12297
f 12297 12298 12261
f 12298 12299 12261
f 12299 12300 12261
f 12260 12261 12301
f 12300 12301 12261
f 12301 12302 12260
f 12260 12302 12303
f 12260 12303 12304
f 12304 12305 12260
f 12305 12306 12260
f 12260 12306 12307
f 12307 12308 12260
f 12281 12260 12309
f 12260 12308 12309
f 12280 12310 12290
f 12274 12271 12311
f 12280 12312 12310
f 12314 12313 12312
f 12312 12313 12310
f 12313 12314 12315
f 12315 12316 12313
f 12316 12317 12313
f 12319 12318 12317
f 12317 12316 12319
f 12320 12309 12319
f 12319 12309 12318
f 12309 12320 12281
f 12289 12311 12271
f 12323 12322 12321
f 12323 12321 12324
f 12325 12323 12324
f 12325 12324 12326
f 12327 12325 12326
f 12327 12326 12328
f 12329 12327 12328
f 12329 12328 12330
f 12331 12329 12330
f 12332 12331 12330
f 12332 12330 12333
f 12332 12333 12334
f 12335 12332 12334
f 12336 12335 12334
f 12336 12334 12337
f 12336 12337 12338
f 12339 12336 12338
f 12339 12338 12340
f 12341 12339 12340
f 12342 12341 12340
f 12343 12342 12340
f 12344 12343 12340
f 12347 12346 12345
f 12347 12345 12348
f 12349 12347 12348
f 12349 12348 12350
f 12351 12349 12350
f 12351 12350 12352
f 12353 12351 12352
f 12354 12353 12352
f 12354 12352 12355
f 12354 12355 12356
f 12357 12354 12356
f 12358 12357 12356
f 12358 12356 12359
f 12358 12359 12360
f 12361 12358 12360
f 12361 12360 12362
f 12363 12361 12362
f 12363 12362 12364
f 12365 12363 12364
f 12365 12364 12366
f 12365 12366 12367
f 12365 12367 12368
f 12347 12349 12274
f 12349 12273 12274
f 12351 12275 12349
f 12273 12349 12275
f 12353 12276 12351
f 12275 12351 12276
f 12354 12277 12353
f 12276 12353 12277
f 12357 12278 12354
f 12277 12354 12278
f 12357 12358 12278
f 12358 12279 12278
f 12358 12361 12279
f 12361 12280 12279
f 12360 12282 12362
f 12281 12362 12282
f 12359 12283 12360
f 12282 12360 12283
f 12356 12284 12359
f 12283 12359 12284
f 12355 12285 12356
f 12284 12356 12285
f 12352 12286 12355
f 12285 12355 12286
f 12350 12287 12352
f 12286 12352 12287
f 12348 12288 12350
f 12287 12350 12288
f 12348 12345 12289
f 12288 12348 12289
f 12344 12291 12343
f 12290 12343 12291
f 12343 12290 12342
f 12340 12292 12344
f 12291 12344 12292
f 12338 12293 12340
f 12292 12340 12293
f 12337 12294 12338
f 12293 12338 12294
f 12334 12295 12337
f 12294 12337 12295
f 12334 12333 12295
f 12333 12296 12295
f 12333 12330 12296
f 12330 12297 12296
f 12328 12298 12330
f 12297 12330 12298
f 12326 12299 12328
f 12298 12328 12299
f 12324 12300 12326
f 12299 12326 12300
f 12321 12301 12324
f 12300 12324 12301
f 12322 12302 12321
f 12301 12321 12302
f 12322 12323 12302
f 12323 12303 12302
f 12323 12325 12303
f 12325 12304 12303
f 12327 12305 12325
f 12304 12325 12305
f 12329 12306 12327
f 12305 12327 12306
f 12329 12331 12306
f 12331 12307 12306
f 12332 12308 12331
f 12307 12331 12308
f 12332 12335 12308
f 12335 12309 12308
f 12336 12318 12335
f 12309 12335 12318
f 12336 12339 12318
f 12339 12317 12318
f 12339 12341 12313
f 12339 12313 12317
f 12342 12310 12341
f 12313 12341 12310
f 12342 12290 12310
f 12347 12274 12346
f 12311 12346 12274
f 12346 12311 12345
f 12363 12312 12361
f 12280 12361 12312
f 12365 12314 12363
f 12312 12363 12314
f 12368 12315 12365
f 12314 12365 12315
f 12367 12316 12368
f 12315 12368 12316
f 12367 12366 12316
f 12319 12316 12366
f 12364 12320 12366
f 12319 12366 12320
f 12362 12281 12364
f 12320 12364 12281
f 12289 12345 12311
f 12371 12370 12369
f 12372 12371 12369
f 12375 12374 12373
f 12376 12375 12373
f 12379 12378 12377
f 12380 12379 12377
f 12383 12382 12381
f 12384 12383 12381
f 12371 12372 12385
f 12371 12385 12386
f 12372 12369 12387
f 12372 12387 12385
f 12369 12370 12388
f 12369 12388 12387
f 12370 12371 12386
f 12370 12386 12388
f 12375 12376 12389
f 12375 12389 12390
f 12376 12373 12391
f 12376 12391 12389
f 12373 12374 12392
f 12373 12392 12391
f 12374 12375 12390
f 12374 12390 12392
f 12379 12380 12393
f 12379 12393 12394
f 12380 12377 12395
f 12380 12395 12393
f 12377 12378 12396
f 12377 12396 12395
f 12378 12379 12394
f 12378 12394 12396
f 12383 12384 12397
f 12383 12397 12398
f 12384 12381 12399
f 12384 12399 12397
f 12381 12382 12400
f 12381 12400 12399
f 12382 12383 12398
f 12382 12398 12400
f 12387 12388 12386
f 12387 12386 12385
f 12391 12392 12390
f 12391 12390 12389
f 12395 12396 12394
f 12395 12394 12393
f 12399 12400 12398
f 12399 12398 12397
f 12403 12402 12401
f 12403 12401 12404
f 12403 12404 12405
f 12406 12403 12405
f 12406 12405 12407
f 12408 12406 12407
f 12408 12407 12409
f 12410 12408 12409
f 12410 12409 12411
f 12412 12410 12411
f 12412 12411 12413
f 12412 12413 12414
f 12412 12414 12415
f 12412 12415 12416
f 12412 12416 12417
f 12412 12417 12418
f 12412 12418 12419
f 12412 12419 12420
f 12412 12420 12421
f 12412 12421 12422
f 12412 12422 12423
f 12412 12423 12424
f 12412 12424 12425
f 12428 12427 12426
f 12428 12426 12429
f 12428 12429 12430
f 12431 12428 12430
f 12431 12430 12432
f 12433 12431 12432
f 12433 12432 12434
f 12435 12433 12434
f 12435 12434 12436
f 12437 12435 12436
f 12425 12437 12436
f 12425 12436 12438
f 12412 12425 12438
f 12412 12438 12439
f 12412 12439 12440
f 12412 12440 12441
f 12412 12441 12442
f 12412 12442 12443
f 12412 12443 12444
f 12412 12444 12445
f 12412 12445 12446
f 12412 12446 12447
f 12412 12447 12448
f 12412 12448 12449
f 12412 12449 12450
f 12453 12452 12451
f 12456 12455 12454
f 12459 12458 12457
f 12459 12457 12460
f 12461 12459 12460
f 12453 12451 12462
f 12463 12453 12462
f 12464 12463 12462
f 12464 12462 12465
f 12466 12464 12465
f 12466 12465 12467
f 12468 12466 12467
f 12456 12454 12469
f 12470 12456 12469
f 12471 12470 12469
f 12471 12469 12472
f 12473 12471 12472
f 12473 12472 12474
f 12475 12473 12474
f 12475 12474 12476
f 12477 12475 12476
f 12477 12476 12478
f 12479 12477 12478
f 12480 12461 12460
f 12480 12460 12481
f 12482 12480 12481
f 12482 12481 12483
f 12484 12482 12483
f 12468 12467 12485
f 12486 12468 12485
f 12484 12483 12487
f 12488 12484 12487
f 12486 12485 12489
f 12490 12486 12489
f 12450 12488 12487
f 12450 12487 12491
f 12412 12450 12491
f 12412 12491 12492
f 12412 12492 12493
f 12412 12493 12494
f 12412 12494 12495
f 12412 12495 12496
f 12412 12496 12490
f 12412 12490 12489
f 12412 12489 12497
f 12412 12497 12498
f 12412 12498 12499
f 12412 12499 12500
f 12412 12500 12501
f 12502 12412 12501
f 12502 12501 12479
f 12502 12479 12478
f 12502 12478 12503
f 12502 12503 12504
f 12502 12504 12505
f 12502 12505 12506
f 12502 12506 12507
f 12502 12507 12508
f 12509 12502 12508
f 12510 12509 12508
f 12510 12508 12511
f 12512 12510 12511
f 12512 12511 12513
f 12456 12470 12514
f 12456 12514 12515
f 12470 12471 12516
f 12470 12516 12514
f 12471 12473 12517
f 12471 12517 12516
f 12473 12475 12518
f 12473 12518 12517
f 12475 12477 12519
f 12475 12519 12518
f 12477 12479 12520
f 12477 12520 12519
f 12479 12501 12521
f 12479 12521 12520
f 12501 12500 12522
f 12501 12522 12521
f 12500 12499 12523
f 12500 12523 12522
f 12499 12498 12524
f 12499 12524 12523
f 12498 12497 12525
f 12498 12525 12524
f 12497 12489 12526
f 12497 12526 12525
f 12489 12485 12527
f 12489 12527 12526
f 12485 12467 12528
f 12485 12528 12527
f 12467 12465 12529
f 12467 12529 12528
f 12465 12462 12530
f 12465 12530 12529
f 12462 12451 12531
f 12462 12531 12530
f 12451 12452 12532
f 12451 12532 12531
f 12452 12453 12533
f 12452 12533 12532
f 12453 12463 12534
f 12453 12534 12533
f 12463 12464 12535
f 12463 12535 12534
f 12464 12466 12536
f 12464 12536 12535
f 12466 12468 12537
f 12466 12537 12536
f 12468 12486 12538
f 12468 12538 12537
f 12486 12490 12539
f 12486 12539 12538
f 12490 12496 12540
f 12490 12540 12539
f 12496 12495 12541
f 12496 12541 12540
f 12495 12494 12542
f 12495 12542 12541
f 12494 12493 12543
f 12494 12543 12542
f 12493 12492 12544
f 12493 12544 12543
f 12492 12491 12545
f 12492 12545 12544
f 12491 12487 12546
f 12491 12546 12545
f 12487 12483 12547
f 12487 12547 12546
f 12483 12481 12548
f 12483 12548 12547
f 12481 12460 12549
f 12481 12549 12548
f 12460 12457 12550
f 12460 12550 12549
f 12457 12458 12551
f 12457 12551 12550
f 12458 12459 12552
f 12458 12552 12551
f 12459 12461 12553
f 12459 12553 12552
f 12461 12480 12554
f 12461 12554 12553
f 12480 12482 12555
f 12480 12555 12554
f 12482 12484 12556
f 12482 12556 12555
f 12484 12488 12557
f 12484 12557 12556
f 12488 12450 12558
f 12488 12558 12557
f 12450 12449 12559
f 12450 12559 12558
f 12449 12448 12560
f 12449 12560 12559
f 12448 12447 12561
f 12448 12561 12560
f 12447 12446 12562
f 12447 12562 12561
f 12446 12445 12563
f 12446 12563 12562
f 12445 12444 12564
f 12445 12564 12563
f 12444 12443 12565
f 12444 12565 12564
f 12443 12442 12566
f 12443 12566 12565
f 12442 12441 12567
f 12442 12567 12566
f 12441 12440 12568
f 12441 12568 12567
f 12440 12439 12569
f 12440 12569 12568
f 12439 12438 12570
f 12439 12570 12569
f 12438 12436 12571
f 12438 12571 12570
f 12436 12434 12572
f 12436 12572 12571
f 12434 12432 12573
f 12434 12573 12572
f 12432 12430 12574
f 12432 12574 12573
f 12430 12429 12575
f 12430 12575 12574
f 12429 12426 12576
f 12429 12576 12575
f 12426 12427 12577
f 12426 12577 12576
f 12427 12428 12578
f 12427 12578 12577
f 12428 12431 12579
f 12428 12579 12578
f 12431 12433 12580
f 12431 12580 12579
f 12433 12435 12581
f 12433 12581 12580
f 12435 12437 12582
f 12435 12582 12581
f 12437 12425 12583
f 12437 12583 12582
f 12425 12424 12584
f 12425 12584 12583
f 12424 12423 12585
f 12424 12585 12584
f 12423 12422 12586
f 12423 12586 12585
f 12422 12421 12587
f 12422 12587 12586
f 12421 12420 12588
f 12421 12588 12587
f 12420 12419 12589
f 12420 12589 12588
f 12419 12418 12590
f 12419 12590 12589
f 12418 12417 12591
f 12418 12591 12590
f 12417 12416 12592
f 12417 12592 12591
f 12416 12415 12593
f 12416 12593 12592
f 12415 12414 12594
f 12415 12594 12593
f 12414 12413 12595
f 12414 12595 12594
f 12413 12411 12596
f 12413 12596 12595
f 12411 12409 12597
f 12411 12597 12596
f 12409 12407 12598
f 12409 12598 12597
f 12407 12405 12599
f 12407 12599 12598
f 12405 12404 12600
f 12405 12600 12599
f 12404 12401 12601
f 12404 12601 12600
f 12401 12402 12602
f 12401 12602 12601
f 12402 12403 12603
f 12402 12603 12602
f 12403 12406 12604
f 12403 12604 12603
f 12406 12408 12605
f 12406 12605 12604
f 12408 12410 12606
f 12408 12606 12605
f 12410 12412 12607
f 12410 12607 12606
f 12412 12502 12608
f 12412 12608 12607
f 12502 12509 12609
f 12502 12609 12608
f 12509 12510 12610
f 12509 12610 12609
f 12510 12512 12611
f 12510 12611 12610
f 12512 12513 12612
f 12512 12612 12611
f 12513 12511 12613
f 12513 12613 12612
f 12511 12508 12614
f 12511 12614 12613
f 12508 12507 12615
f 12508 12615 12614
f 12507 12506 12616
f 12507 12616 12615
f 12506 12505 12617
f 12506 12617 12616
f 12505 12504 12618
f 12505 12618 12617
f 12504 12503 12619
f 12504 12619 12618
f 12503 12478 12620
f 12503 12620 12619
f 12478 12476 12621
f 12478 12621 12620
f 12476 12474 12622
f 12476 12622 12621
f 12474 12472 12623
f 12474 12623 12622
f 12472 12469 12624
f 12472 12624 12623
f 12469 12454 12625
f 12469 12625 12624
f 12454 12455 12626
f 12454 12626 12625
f 12455 12456 12515
f 12455 12515 12626
f 12601 12602 12603
f 12600 12601 12603
f 12599 12600 12603
f 12599 12603 12604
f 12598 12599 12604
f 12598 12604 12605
f 12597 12598 12605
f 12597 12605 12606
f 12596 12597 12606
f 12596 12606 12607
f 12595 12596 12607
f 12594 12595 12607
f 12593 12594 12607
f 12592 12593 12607
f 12591 12592 12607
f 12590 12591 12607
f 12589 12590 12607
f 12588 12589 12607
f 12587 12588 12607
f 12586 12587 12607
f 12585 12586 12607
f 12584 12585 12607
f 12583 12584 12607
f 12576 12577 12578
f 12575 12576 12578
f 12574 12575 12578
f 12574 12578 12579
f 12573 12574 12579
f 12573 12579 12580
f 12572 12573 12580
f 12572 12580 12581
f 12571 12572 12581
f 12571 12581 12582
f 12571 12582 12583
f 12570 12571 12583
f 12570 12583 12607
f 12569 12570 12607
f 12568 12569 12607
f 12567 12568 12607
f 12566 12567 12607
f 12565 12566 12607
f 12564 12565 12607
f 12563 12564 12607
f 12562 12563 12607
f 12561 12562 12607
f 12560 12561 12607
f 12559 12560 12607
f 12558 12559 12607
f 12531 12532 12533
f 12625 12626 12515
f 12550 12551 12552
f 12549 12550 12552
f 12549 12552 12553
f 12530 12531 12533
f 12530 12533 12534
f 12530 12534 12535
f 12529 12530 12535
f 12529 12535 12536
f 12528 12529 12536
f 12528 12536 12537
f 12624 12625 12515
f 12624 12515 12514
f 12624 12514 12516
f 12623 12624 12516
f 12623 12516 12517
f 12622 12623 12517
f 12622 12517 12518
f 12621 12622 12518
f 12621 12518 12519
f 12620 12621 12519
f 12620 12519 12520
f 12549 12553 12554
f 12548 12549 12554
f 12548 12554 12555
f 12547 12548 12555
f 12547 12555 12556
f 12527 12528 12537
f 12527 12537 12538
f 12546 12547 12556
f 12546 12556 12557
f 12526 12527 12538
f 12526 12538 12539
f 12546 12557 12558
f 12545 12546 12558
f 12545 12558 12607
f 12544 12545 12607
f 12543 12544 12607
f 12542 12543 12607
f 12541 12542 12607
f 12540 12541 12607
f 12539 12540 12607
f 12526 12539 12607
f 12525 12526 12607
f 12524 12525 12607
f 12523 12524 12607
f 12522 12523 12607
f 12521 12522 12607
f 12521 12607 12608
f 12520 12521 12608
f 12620 12520 12608
f 12619 12620 12608
f 12618 12619 12608
f 12617 12618 12608
f 12616 12617 12608
f 12615 12616 12608
f 12614 12615 12608
f 12614 12608 12609
f 12614 12609 12610
f 12613 12614 12610
f 12613 12610 12611
f 12612 12613 12611
f 12629 12628 12627
f 12630 12629 12627
f 12629 12630 12631
f 12629 12631 12632
f 12630 12627 12633
f 12630 12633 12631
f 12627 12628 12634
f 12627 12634 12633
f 12628 12629 12632
f 12628 12632 12634
f 12633 12634 12632
f 12633 12632 12631
f 12637 12636 12635
f 12638 12637 12635
f 12637 12638 12639
f 12637 12639 12640
f 12638 12635 12641
f 12638 12641 12639
f 12635 12636 12642
f 12635 12642 12641
f 12636 12637 12640
f 12636 12640 12642
f 12641 12642 12640
f 12641 12640 12639
f 12645 12644 12643
f 12646 12645 12643
f 12645 12646 12647
f 12645 12647 12648
f 12646 12643 12649
f 12646 12649 12647
f 12643 12644 12650
f 12643 12650 12649
f 12644 12645 12648
f 12644 12648 12650
f 12649 12650 12648
f 12649 12648 12647
f 12653 12652 12651
f 12653 12651 12654
f 12655 12653 12654
f 12655 12654 12656
f 12657 12655 12656
f 12657 12656 12658
f 12657 12658 12659
f 12657 12659 12660
f 12657 12660 12661
f 12657 12661 12662
f 12657 12662 12663
f 12657 12663 12664
f 12657 12664 12665
f 12657 12665 12666
f 12657 12666 12667
f 12657 12667 12668
f 12657 12668 12669
f 12657 12669 12670
f 12657 12670 12671
f 12657 12671 12672
f 12657 12672 12673
f 12657 12673 12674
f 12672 12671 12675
f 12672 12675 12676
f 12671 12670 12677
f 12671 12677 12675
f 12670 12669 12678
f 12670 12678 12677
f 12669 12668 12679
f 12669 12679 12678
f 12668 12667 12680
f 12668 12680 12679
f 12667 12666 12681
f 12667 12681 12680
f 12666 12665 12682
f 12666 12682 12681
f 12665 12664 12683
f 12665 12683 12682
f 12664 12663 12684
f 12664 12684 12683
f 12663 12662 12685
f 12663 12685 12684
f 12662 12661 12686
f 12662 12686 12685
f 12661 12660 12687
f 12661 12687 12686
f 12660 12659 12688
f 12660 12688 12687
f 12659 12658 12689
f 12659 12689 12688
f 12658 12656 12690
f 12658 12690 12689
f 12656 12654 12691
f 12656 12691 12690
f 12654 12651 12692
f 12654 12692 12691
f 12651 12652 12693
f 12651 12693 12692
f 12652 12653 12694
f 12652 12694 12693
f 12653 12655 12695
f 12653 12695 12694
f 12655 12657 12696
f 12655 12696 12695
f 12657 12674 12697
f 12657 12697 12696
f 12674 12673 12698
f 12674 12698 12697
f 12673 12672 12676
f 12673 12676 12698
f 12686 12687 12688
f 12685 12686 12688
f 12685 12688 12689
f 12685 12689 12690
f 12684 12685 12690
f 12683 12684 12690
f 12682 12683 12690
f 12681 12682 12690
f 12680 12681 12690
f 12679 12680 12690
f 12678 12679 12690
f 12677 12678 12690
f 12675 12677 12690
f 12676 12675 12690
f 12698 12676 12690
f 12697 12698 12690
f 12696 12697 12690
f 12695 12696 12690
f 12694 12695 12690
f 12693 12694 12690
f 12692 12693 12690
f 12691 12692 12690
f 12701 12700 12699
f 12701 12699 12702
f 12703 12701 12702
f 12703 12702 12704
f 12705 12703 12704
f 12705 12704 12706
f 12705 12706 12707
f 12705 12707 12708
f 12705 12708 12709
f 12705 12709 12710
f 12705 12710 12711
f 12705 12711 12712
f 12705 12712 12713
f 12705 12713 12714
f 12705 12714 12715
f 12705 12715 12716
f 12705 12716 12717
f 12705 12717 12718
f 12705 12718 12719
f 12705 12719 12720
f 12705 12720 12721
f 12705 12721 12722
f 12720 12719 12723
f 12720 12723 12724
f 12719 12718 12725
f 12719 12725 12723
f 12718 12717 12726
f 12718 12726 12725
f 12717 12716 12727
f 12717 12727 12726
f 12716 12715 12728
f 12716 12728 12727
f 12715 12714 12729
f 12715 12729 12728
f 12714 12713 12730
f 12714 12730 12729
f 12713 12712 12731
f 12713 12731 12730
f 12712 12711 12732
f 12712 12732 12731
f 12711 12710 12733
f 12711 12733 12732
f 12710 12709 12734
f 12710 12734 12733
f 12709 12708 12735
f 12709 12735 12734
f 12708 12707 12736
f 12708 12736 12735
f 12707 12706 12737
f 12707 12737 12736
f 12706 12704 12738
f 12706 12738 12737
f 12704 12702 12739
f 12704 12739 12738
f 12702 12699 12740
f 12702 12740 12739
f 12699 12700 12741
f 12699 12741 12740
f 12700 12701 12742
f 12700 12742 12741
f 12701 12703 12743
f 12701 12743 12742
f 12703 12705 12744
f 12703 12744 12743
f 12705 12722 12745
f 12705 12745 12744
f 12722 12721 12746
f 12722 12746 12745
f 12721 12720 12724
f 12721 12724 12746
f 12734 12735 12736
f 12733 12734 12736
f 12733 12736 12737
f 12733 12737 12738
f 12732 12733 12738
f 12731 12732 12738
f 12730 12731 12738
f 12729 12730 12738
f 12728 12729 12738
f 12727 12728 12738
f 12726 12727 12738
f 12725 12726 12738
f 12723 12725 12738
f 12724 12723 12738
f 12746 12724 12738
f 12745 12746 12738
f 12744 12745 12738
f 12743 12744 12738
f 12742 12743 12738
f 12741 12742 12738
f 12740 12741 12738
f 12739 12740 12738
f 12749 12748 12747
f 12749 12747 12750
f 12749 12750 12751
f 12749 12751 12752
f 12749 12752 12753
f 12749 12753 12754
f 12749 12754 12755
f 12749 12755 12756
f 12749 12756 12757
f 12749 12757 12758
f 12749 12758 12759
f 12749 12759 12760
f 12749 12760 12761
f 12749 12761 12762
f 12749 12762 12763
f 12749 12763 12748
f 12748 12765 12764
f 12748 12764 12747
f 12747 12764 12766
f 12747 12766 12750
f 12750 12766 12767
f 12750 12767 12751
f 12751 12767 12768
f 12751 12768 12752
f 12752 12768 12769
f 12752 12769 12753
f 12753 12769 12770
f 12753 12770 12754
f 12754 12770 12771
f 12754 12771 12755
f 12755 12771 12772
f 12755 12772 12756
f 12756 12772 12773
f 12756 12773 12757
f 12757 12773 12774
f 12757 12774 12758
f 12758 12774 12775
f 12758 12775 12759
f 12759 12775 12776
f 12759 12776 12760
f 12760 12776 12777
f 12760 12777 12761
f 12761 12777 12778
f 12761 12778 12762
f 12762 12778 12779
f 12762 12779 12763
f 12763 12779 12765
f 12763 12765 12748
f 12765 12781 12780
f 12765 12780 12764
f 12764 12780 12782
f 12764 12782 12766
f 12766 12782 12783
f 12766 12783 12767
f 12767 12783 12784
f 12767 12784 12768
f 12768 12784 12785
f 12768 12785 12769
f 12769 12785 12786
f 12769 12786 12770
f 12770 12786 12787
f 12770 12787 12771
f 12771 12787 12788
f 12771 12788 12772
f 12772 12788 12789
f 12772 12789 12773
f 12773 12789 12790
f 12773 12790 12774
f 12774 12790 12791
f 12774 12791 12775
f 12775 12791 12792
f 12775 12792 12776
f 12776 12792 12793
f 12776 12793 12777
f 12777 12793 12794
f 12777 12794 12778
f 12778 12794 12795
f 12778 12795 12779
f 12779 12795 12781
f 12779 12781 12765
f 12781 12797 12796
f 12781 12796 12780
f 12780 12796 12798
f 12780 12798 12782
f 12782 12798 12799
f 12782 12799 12783
f 12783 12799 12800
f 12783 12800 12784
f 12784 12800 12801
f 12784 12801 12785
f 12785 12801 12802
f 12785 12802 12786
f 12786 12802 12803
f 12786 12803 12787
f 12787 12803 12804
f 12787 12804 12788
f 12788 12804 12805
f 12788 12805 12789
f 12789 12805 12806
f 12789 12806 12790
f 12790 12806 12807
f 12790 12807 12791
f 12791 12807 12808
f 12791 12808 12792
f 12792 12808 12809
f 12792 12809 12793
f 12793 12809 12810
f 12793 12810 12794
f 12794 12810 12811
f 12794 12811 12795
f 12795 12811 12797
f 12795 12797 12781
f 12797 12798 12796
f 12797 12799 12798
f 12797 12800 12799
f 12797 12801 12800
f 12797 12802 12801
f 12797 12803 12802
f 12797 12804 12803
f 12797 12805 12804
f 12797 12806 12805
f 12797 12807 12806
f 12797 12808 12807
f 12797 12809 12808
f 12797 12810 12809
f 12797 12811 12810
f 12814 12813 12812
f 12814 12812 12815
f 12816 12814 12815
f 12816 12815 12817
f 12818 12816 12817
f 12818 12817 12819
f 12818 12819 12820
f 12818 12820 12821
f 12818 12821 12822
f 12818 12822 12823
f 12818 12823 12824
f 12818 12824 12825
f 12818 12825 12826
f 12818 12826 12827
f 12818 12827 12828
f 12818 12828 12829
f 12818 12829 12830
f 12818 12830 12831
f 12818 12831 12832
f 12818 12832 12833
f 12818 12833 12834
f 12818 12834 12835
f 12833 12832 12836
f 12833 12836 12837
f 12832 12831 12838
f 12832 12838 12836
f 12831 12830 12839
f 12831 12839 12838
f 12830 12829 12840
f 12830 12840 12839
f 12829 12828 12841
f 12829 12841 12840
f 12828 12827 12842
f 12828 12842 12841
f 12827 12826 12843
f 12827 12843 12842
f 12826 12825 12844
f 12826 12844 12843
f 12825 12824 12845
f 12825 12845 12844
f 12824 12823 12846
f 12824 12846 12845
f 12823 12822 12847
f 12823 12847 12846
f 12822 12821 12848
f 12822 12848 12847
f 12821 12820 12849
f 12821 12849 12848
f 12820 12819 12850
f 12820 12850 12849
f 12819 12817 12851
f 12819 12851 12850
f 12817 12815 12852
f 12817 12852 12851
f 12815 12812 12853
f 12815 12853 12852
f 12812 12813 12854
f 12812 12854 12853
f 12813 12814 12855
f 12813 12855 12854
f 12814 12816 12856
f 12814 12856 12855
f 12816 12818 12857
f 12816 12857 12856
f 12818 12835 12858
f 12818 12858 12857
f 12835 12834 12859
f 12835 12859 12858
f 12834 12833 12837
f 12834 12837 12859
f 12847 12848 12849
f 12846 12847 12849
f 12846 12849 12850
f 12846 12850 12851
f 12845 12846 12851
f 12844 12845 12851
f 12843 12844 12851
f 12842 12843 12851
f 12841 12842 12851
f 12840 12841 12851
f 12839 12840 12851
f 12838 12839 12851
f 12836 12838 12851
f 12837 12836 12851
f 12859 12837 12851
f 12858 12859 12851
f 12857 12858 12851
f 12856 12857 12851
f 12855 12856 12851
f 12854 12855 12851
f 12853 12854 12851
f 12852 12853 12851
f 12862 12861 12860
f 12865 12864 12863
f 12865 12863 12866
f 12866 12863 12867
f 12866 12867 12862
f 12867 12863 12864
f 12862 12867 12868
f 12869 12862 12868
f 12861 12862 12869
f 12870 12861 12869
f 12861 12870 12864
f 12867 12871 12868
f 12864 12870 12872
f 12867 12864 12873
f 12873 12871 12867
f 12864 12872 12873
f 12876 12875 12874
f 12876 12874 12877
f 12874 12879 12878
f 12874 12878 12877
f 12869 12875 12876
f 12868 12875 12869
f 12869 12876 12877
f 12869 12877 12870
f 12877 12878 12870
f 12875 12868 12871
f 12875 12871 12874
f 12879 12874 12871
f 12878 12872 12870
f 12879 12873 12878
f 12873 12879 12871
f 12873 12872 12878
f 12860 12865 12880
f 12880 12865 12881
f 12883 12882 12860
f 12880 12883 12860
f 12880 12884 12883
f 12886 12885 12860
f 12882 12886 12860
f 12882 12887 12886
f 12862 12889 12888
f 12889 12862 12860
f 12860 12890 12889
f 12885 12890 12860
f 12885 12891 12890
f 12893 12865 12892
f 12865 12866 12892
f 12892 12866 12894
f 12866 12895 12894
f 12897 12896 12865
f 12893 12897 12865
f 12898 12893 12895
f 12893 12898 12897
f 12898 12895 12866
f 12866 12899 12898
f 12866 12862 12900
f 12896 12881 12865
f 12896 12901 12881
f 12901 12896 12899
f 12901 12899 12866
f 12866 12900 12901
f 12884 12880 12900
f 12900 12862 12884
f 12902 12884 12862
f 12887 12882 12902
f 12887 12902 12862
f 12903 12887 12862
f 12891 12885 12903
f 12903 12862 12891
f 12862 12888 12891
f 12906 12905 12904
f 12906 12904 12907
f 12910 12909 12908
f 12910 12908 12911
f 12914 12913 12912
f 12914 12912 12915
f 12918 12917 12916
f 12918 12916 12919
f 12922 12921 12920
f 12922 12920 12923
f 12926 12925 12924
f 12926 12924 12927
f 12913 12914 12880
f 12881 12913 12880
f 12913 12881 12912
f 12917 12918 12882
f 12883 12917 12882
f 12917 12883 12916
f 12916 12883 12884
f 12922 12885 12921
f 12886 12921 12885
f 12921 12886 12920
f 12886 12887 12920
f 12926 12888 12889
f 12926 12889 12925
f 12925 12889 12890
f 12925 12890 12924
f 12890 12891 12924
f 12893 12906 12895
f 12906 12893 12905
f 12895 12906 12907
f 12892 12905 12893
f 12905 12892 12904
f 12894 12904 12892
f 12904 12894 12907
f 12907 12894 12895
f 12910 12896 12909
f 12899 12896 12910
f 12899 12910 12911
f 12897 12909 12896
f 12909 12897 12908
f 12897 12898 12908
f 12908 12898 12911
f 12911 12898 12899
f 12900 12880 12914
f 12900 12914 12915
f 12912 12881 12901
f 12912 12901 12915
f 12915 12901 12900
f 12902 12882 12918
f 12902 12918 12919
f 12916 12884 12919
f 12902 12919 12884
f 12903 12885 12922
f 12903 12922 12923
f 12920 12887 12923
f 12903 12923 12887
f 12888 12926 12927
f 12924 12891 12927
f 12927 12891 12888
f 12861 12864 12928
f 12928 12864 12929
f 12864 12930 12929
f 12930 12864 12865
f 12932 12931 12861
f 12928 12932 12861
f 12928 12933 12932
f 12935 12934 12861
f 12931 12935 12861
f 12931 12936 12935
f 12938 12937 12861
f 12934 12938 12861
f 12934 12939 12938
f 12941 12940 12861
f 12937 12941 12861
f 12937 12942 12941
f 12943 12860 12861
f 12944 12943 12861
f 12940 12944 12861
f 12940 12945 12944
f 12865 12946 12930
f 12933 12928 12946
f 12933 12946 12865
f 12865 12947 12933
f 12865 12860 12948
f 12936 12931 12947
f 12936 12947 12865
f 12865 12948 12936
f 12939 12934 12948
f 12939 12948 12860
f 12949 12939 12860
f 12942 12937 12949
f 12949 12860 12942
f 12942 12860 12950
f 12860 12943 12951
f 12945 12940 12950
f 12945 12950 12860
f 12951 12945 12860
f 12954 12953 12952
f 12954 12952 12955
f 12958 12957 12956
f 12958 12956 12959
f 12962 12961 12960
f 12962 12960 12963
f 12966 12965 12964
f 12966 12964 12967
f 12970 12969 12968
f 12970 12968 12971
f 12974 12973 12972
f 12974 12972 12975
f 12953 12954 12928
f 12929 12953 12928
f 12953 12929 12952
f 12952 12929 12930
f 12957 12958 12931
f 12932 12957 12931
f 12957 12932 12956
f 12956 12932 12933
f 12962 12934 12961
f 12935 12961 12934
f 12961 12935 12960
f 12935 12936 12960
f 12966 12937 12965
f 12938 12965 12937
f 12965 12938 12964
f 12938 12939 12964
f 12970 12940 12969
f 12941 12969 12940
f 12969 12941 12968
f 12941 12942 12968
f 12974 12943 12973
f 12944 12973 12943
f 12973 12944 12972
f 12944 12945 12972
f 12928 12954 12946
f 12946 12954 12955
f 12952 12930 12955
f 12955 12930 12946
f 12947 12931 12958
f 12947 12958 12959
f 12956 12933 12959
f 12959 12933 12947
f 12948 12934 12962
f 12948 12962 12963
f 12960 12936 12963
f 12963 12936 12948
f 12949 12937 12966
f 12949 12966 12967
f 12964 12939 12967
f 12949 12967 12939
f 12950 12940 12970
f 12950 12970 12971
f 12968 12942 12971
f 12950 12971 12942
f 12974 12951 12943
f 12951 12974 12975
f 12972 12945 12975
f 12951 12975 12945
f 12978 12977 12976
f 12978 12976 12979
f 12977 12980 12976
f 12983 12982 12981
f 12983 12981 12980
f 12982 12978 12979
f 12982 12979 12981
f 12980 12981 12979
f 12980 12979 12976
f 12978 12982 12984
f 12978 12984 12977
f 12982 12983 12985
f 12986 12982 12985
f 12986 12984 12982
f 12984 12987 12977
f 12990 12989 12988
f 12991 12990 12988
f 12990 12984 12989
f 12989 12986 12988
f 12985 12988 12986
f 12986 12989 12984
f 12991 12987 12990
f 12984 12990 12987
f 12983 12980 12992
f 12993 12992 12980
f 12983 12992 12994
f 12995 12985 12983
f 12994 12995 12983
f 12991 12988 12996
f 12985 12997 12988
f 12985 12995 12997
f 12997 12996 12988
f 13000 12999 12998
f 13001 13000 12998
f 13000 13001 13002
f 13001 12993 13002
f 12998 12992 13001
f 12993 13001 12992
f 12994 12992 12998
f 13002 13003 13000
f 13003 12996 13000
f 13000 12996 12999
f 12999 12997 12998
f 12998 12997 12994
f 12994 12997 12995
f 12997 12999 12996
f 12980 12977 13004
f 12977 13005 13004
f 12993 12980 13006
f 13004 13006 12980
f 12993 13006 13002
f 13005 12977 12987
f 13002 13006 13007
f 12987 13008 13005
f 13007 13009 13002
f 13002 13009 13003
f 13008 12987 12991
f 12991 13010 13008
f 13003 13011 12996
f 13003 13009 13011
f 12991 12996 13010
f 12996 13013 13012
f 13013 12996 13011
f 13012 13010 12996
f 13016 13015 13014
f 13017 13016 13014
f 13016 13017 13005
f 13017 13004 13005
f 13014 13006 13017
f 13004 13017 13006
f 13007 13006 13014
f 13016 13005 13008
f 13016 13008 13010
f 13016 13010 13015
f 13014 13015 13013
f 13015 13012 13013
f 13014 13013 13007
f 13013 13009 13007
f 13011 13009 13013
f 13012 13015 13010
f 13020 13019 13018
f 13020 13018 13021
f 13019 13023 13022
f 13019 13022 13018
f 13023 13025 13024
f 13023 13024 13022
f 13025 13020 13021
f 13025 13021 13024
f 13022 13024 13021
f 13018 13022 13021
f 13025 13023 13026
f 13026 13023 13027
f 13020 13025 13026
f 13023 13028 13027
f 13028 13023 13019
f 13028 13020 13029
f 13020 13028 13019
f 13020 13026 13029
f 13032 13031 13030
f 13033 13032 13030
f 13026 13033 13030
f 13027 13033 13026
f 13033 13027 13032
f 13032 13027 13028
f 13029 13031 13028
f 13031 13029 13030
f 13029 13026 13030
f 13032 13028 13031
f 13036 13035 13034
f 13036 13034 13037
f 13038 13036 13037
f 13039 13038 13037
f 13039 13037 13040
f 13041 13039 13040
f 13042 13041 13040
f 13043 13042 13040
f 13044 13043 13040
f 13045 13044 13040
f 13046 13045 13040
f 13047 13046 13040
f 13048 13047 13040
f 13049 13048 13040
f 13050 13049 13040
f 13051 13050 13040
f 13052 13051 13040
f 13053 13052 13040
f 13054 13053 13040
f 13055 13054 13040
f 13056 13055 13040
f 13057 13056 13040
f 13060 13059 13058
f 13061 13060 13058
f 13064 13063 13062
f 13064 13062 13065
f 13066 13064 13065
f 13066 13065 13067
f 13068 13066 13067
f 13069 13068 13067
f 13070 13069 13067
f 13071 13070 13067
f 13072 13071 13067
f 13073 13072 13067
f 13074 13073 13067
f 13075 13074 13067
f 13076 13075 13067
f 13077 13076 13067
f 13078 13077 13067
f 13079 13078 13067
f 13080 13079 13067
f 13080 13067 13081
f 13080 13081 13082
f 13080 13082 13083
f 13080 13083 13084
f 13080 13084 13085
f 13055 13056 13086
f 13055 13086 13087
f 13056 13057 13088
f 13056 13088 13086
f 13057 13040 13089
f 13057 13089 13088
f 13040 13037 13090
f 13040 13090 13089
f 13037 13034 13091
f 13037 13091 13090
f 13034 13035 13092
f 13034 13092 13091
f 13035 13036 13093
f 13035 13093 13092
f 13036 13038 13094
f 13036 13094 13093
f 13038 13039 13095
f 13038 13095 13094
f 13039 13041 13096
f 13039 13096 13095
f 13041 13042 13097
f 13041 13097 13096
f 13042 13043 13098
f 13042 13098 13097
f 13043 13044 13099
f 13043 13099 13098
f 13044 13045 13100
f 13044 13100 13099
f 13045 13046 13101
f 13045 13101 13100
f 13046 13047 13102
f 13046 13102 13101
f 13047 13048 13103
f 13047 13103 13102
f 13048 13049 13104
f 13048 13104 13103
f 13049 13050 13105
f 13049 13105 13104
f 13050 13051 13106
f 13050 13106 13105
f 13051 13052 13107
f 13051 13107 13106
f 13052 13053 13108
f 13052 13108 13107
f 13053 13054 13109
f 13053 13109 13108
f 13054 13055 13087
f 13054 13087 13109
f 13060 13061 13110
f 13060 13110 13111
f 13061 13058 13112
f 13061 13112 13110
f 13058 13059 13113
f 13058 13113 13112
f 13059 13060 13111
f 13059 13111 13113
f 13077 13078 13114
f 13077 13114 13115
f 13078 13079 13116
f 13078 13116 13114
f 13079 13080 13117
f 13079 13117 13116
f 13080 13085 13118
f 13080 13118 13117
f 13085 13084 13119
f 13085 13119 13118
f 13084 13083 13120
f 13084 13120 13119
f 13083 13082 13121
f 13083 13121 13120
f 13082 13081 13122
f 13082 13122 13121
f 13081 13067 13123
f 13081 13123 13122
f 13067 13065 13124
f 13067 13124 13123
f 13065 13062 13125
f 13065 13125 13124
f 13062 13063 13126
f 13062 13126 13125
f 13063 13064 13127
f 13063 13127 13126
f 13064 13066 13128
f 13064 13128 13127
f 13066 13068 13129
f 13066 13129 13128
f 13068 13069 13130
f 13068 13130 13129
f 13069 13070 13131
f 13069 13131 13130
f 13070 13071 13132
f 13070 13132 13131
f 13071 13072 13133
f 13071 13133 13132
f 13072 13073 13134
f 13072 13134 13133
f 13073 13074 13135
f 13073 13135 13134
f 13074 13075 13136
f 13074 13136 13135
f 13075 13076 13137
f 13075 13137 13136
f 13076 13077 13115
f 13076 13115 13137
f 13091 13092 13093
f 13090 13091 13093
f 13090 13093 13094
f 13090 13094 13095
f 13089 13090 13095
f 13089 13095 13096
f 13089 13096 13097
f 13089 13097 13098
f 13089 13098 13099
f 13089 13099 13100
f 13089 13100 13101
f 13089 13101 13102
f 13089 13102 13103
f 13089 13103 13104
f 13089 13104 13105
f 13089 13105 13106
f 13089 13106 13107
f 13089 13107 13108
f 13089 13108 13109
f 13089 13109 13087
f 13089 13087 13086
f 13089 13086 13088
f 13112 13113 13111
f 13112 13111 13110
f 13125 13126 13127
f 13124 13125 13127
f 13124 13127 13128
f 13123 13124 13128
f 13123 13128 13129
f 13123 13129 13130
f 13123 13130 13131
f 13123 13131 13132
f 13123 13132 13133
f 13123 13133 13134
f 13123 13134 13135
f 13123 13135 13136
f 13123 13136 13137
f 13123 13137 13115
f 13123 13115 13114
f 13123 13114 13116
f 13123 13116 13117
f 13122 13123 13117
f 13121 13122 13117
f 13120 13121 13117
f 13119 13120 13117
f 13118 13119 13117
f 13140 13139 13138
f 13143 13142 13141
f 13143 13141 13144
f 13143 13144 13145
f 13146 13140 13138
f 13143 13145 13147
f 13143 13147 13148
f 13149 13146 13138
f 13149 13138 13150
f 13151 13149 13150
f 13152 13151 13150
f 13152 13150 13153
f 13154 13152 13153
f 13155 13154 13153
f 13155 13153 13156
f 13157 13155 13156
f 13157 13156 13158
f 13159 13157 13158
f 13159 13158 13160
f 13161 13159 13160
f 13162 13161 13160
f 13163 13162 13160
f 13164 13163 13160
f 13165 13164 13160
f 13165 13160 13166
f 13167 13165 13166
f 13168 13167 13166
f 13169 13168 13166
f 13170 13169 13166
f 13171 13170 13166
f 13172 13171 13166
f 13172 13166 13173
f 13174 13172 13173
f 13174 13173 13175
f 13174 13175 13176
f 13177 13174 13176
f 13177 13176 13178
f 13179 13177 13178
f 13180 13179 13178
f 13180 13178 13143
f 13180 13143 13148
f 13183 13182 13181
f 13183 13181 13184
f 13187 13186 13185
f 13187 13185 13188
f 13191 13190 13189
f 13191 13189 13192
f 13195 13194 13193
f 13198 13197 13196
f 13198 13196 13199
f 13198 13199 13200
f 13201 13195 13193
f 13198 13200 13202
f 13198 13202 13203
f 13198 13203 13204
f 13198 13204 13205
f 13206 13198 13205
f 13206 13205 13207
f 13206 13207 13208
f 13209 13206 13208
f 13209 13208 13210
f 13209 13210 13211
f 13212 13209 13211
f 13212 13211 13213
f 13212 13213 13214
f 13212 13214 13215
f 13193 13212 13215
f 13201 13193 13215
f 13201 13215 13216
f 13219 13218 13217
f 13222 13221 13220
f 13222 13220 13223
f 13222 13223 13224
f 13225 13219 13217
f 13222 13224 13226
f 13222 13226 13227
f 13222 13227 13228
f 13222 13228 13229
f 13230 13222 13229
f 13230 13229 13231
f 13230 13231 13232
f 13233 13230 13232
f 13233 13232 13234
f 13233 13234 13235
f 13236 13233 13235
f 13236 13235 13237
f 13236 13237 13238
f 13236 13238 13239
f 13217 13236 13239
f 13225 13217 13239
f 13225 13239 13240
f 13243 13242 13241
f 13246 13245 13244
f 13247 13246 13244
f 13248 13247 13244
f 13243 13241 13249
f 13250 13248 13244
f 13251 13250 13244
f 13252 13251 13244
f 13253 13252 13244
f 13253 13244 13254
f 13255 13253 13254
f 13256 13255 13254
f 13256 13254 13257
f 13258 13256 13257
f 13259 13258 13257
f 13260 13259 13257
f 13260 13257 13261
f 13262 13260 13261
f 13262 13261 13263
f 13264 13262 13263
f 13264 13263 13265
f 13266 13264 13265
f 13267 13266 13265
f 13267 13265 13268
f 13269 13267 13268
f 13270 13269 13268
f 13271 13270 13268
f 13243 13249 13272
f 13271 13268 13273
f 13274 13271 13273
f 13274 13273 13275
f 13276 13274 13275
f 13276 13275 13277
f 13278 13276 13277
f 13279 13278 13277
f 13279 13277 13280
f 13281 13279 13280
f 13282 13281 13280
f 13282 13280 13243
f 13282 13243 13272
f 13283 13282 13272
f 13286 13285 13284
f 13289 13288 13287
f 13289 13287 13290
f 13291 13286 13284
f 13289 13290 13292
f 13293 13291 13284
f 13293 13284 13294
f 13295 13293 13294
f 13296 13295 13294
f 13297 13296 13294
f 13297 13294 13298
f 13299 13297 13298
f 13300 13299 13298
f 13300 13298 13301
f 13302 13300 13301
f 13302 13301 13303
f 13304 13302 13303
f 13304 13303 13305
f 13306 13304 13305
f 13307 13306 13305
f 13308 13307 13305
f 13309 13308 13305
f 13309 13305 13310
f 13311 13309 13310
f 13312 13311 13310
f 13313 13312 13310
f 13314 13313 13310
f 13315 13314 13310
f 13316 13315 13310
f 13316 13310 13317
f 13316 13317 13318
f 13319 13316 13318
f 13319 13318 13320
f 13321 13319 13320
f 13322 13321 13320
f 13322 13320 13323
f 13324 13322 13323
f 13324 13323 13289
f 13324 13289 13292
f 13325 13324 13292
f 13326 13325 13292
f 13160 13158 13327
f 13160 13327 13328
f 13158 13156 13329
f 13158 13329 13327
f 13156 13153 13330
f 13156 13330 13329
f 13153 13150 13331
f 13153 13331 13330
f 13150 13138 13332
f 13150 13332 13331
f 13138 13139 13333
f 13138 13333 13332
f 13139 13140 13334
f 13139 13334 13333
f 13140 13146 13335
f 13140 13335 13334
f 13146 13149 13336
f 13146 13336 13335
f 13149 13151 13337
f 13149 13337 13336
f 13151 13152 13338
f 13151 13338 13337
f 13152 13154 13339
f 13152 13339 13338
f 13154 13155 13340
f 13154 13340 13339
f 13155 13157 13341
f 13155 13341 13340
f 13157 13159 13342
f 13157 13342 13341
f 13159 13161 13343
f 13159 13343 13342
f 13161 13162 13344
f 13161 13344 13343
f 13162 13163 13345
f 13162 13345 13344
f 13163 13164 13346
f 13163 13346 13345
f 13164 13165 13347
f 13164 13347 13346
f 13165 13167 13348
f 13165 13348 13347
f 13167 13168 13349
f 13167 13349 13348
f 13168 13169 13350
f 13168 13350 13349
f 13169 13170 13351
f 13169 13351 13350
f 13170 13171 13352
f 13170 13352 13351
f 13171 13172 13353
f 13171 13353 13352
f 13172 13174 13354
f 13172 13354 13353
f 13174 13177 13355
f 13174 13355 13354
f 13177 13179 13356
f 13177 13356 13355
f 13179 13180 13357
f 13179 13357 13356
f 13180 13148 13358
f 13180 13358 13357
f 13148 13147 13359
f 13148 13359 13358
f 13147 13145 13360
f 13147 13360 13359
f 13145 13144 13361
f 13145 13361 13360
f 13144 13141 13362
f 13144 13362 13361
f 13141 13142 13363
f 13141 13363 13362
f 13142 13143 13364
f 13142 13364 13363
f 13143 13178 13365
f 13143 13365 13364
f 13178 13176 13366
f 13178 13366 13365
f 13176 13175 13367
f 13176 13367 13366
f 13175 13173 13368
f 13175 13368 13367
f 13173 13166 13369
f 13173 13369 13368
f 13166 13160 13328
f 13166 13328 13369
f 13183 13184 13370
f 13183 13370 13371
f 13184 13181 13372
f 13184 13372 13370
f 13181 13182 13373
f 13181 13373 13372
f 13182 13183 13371
f 13182 13371 13373
f 13187 13188 13374
f 13187 13374 13375
f 13188 13185 13376
f 13188 13376 13374
f 13185 13186 13377
f 13185 13377 13376
f 13186 13187 13375
f 13186 13375 13377
f 13191 13192 13378
f 13191 13378 13379
f 13192 13189 13380
f 13192 13380 13378
f 13189 13190 13381
f 13189 13381 13380
f 13190 13191 13379
f 13190 13379 13381
f 13197 13198 13382
f 13197 13382 13383
f 13198 13206 13384
f 13198 13384 13382
f 13206 13209 13385
f 13206 13385 13384
f 13209 13212 13386
f 13209 13386 13385
f 13212 13193 13387
f 13212 13387 13386
f 13193 13194 13388
f 13193 13388 13387
f 13194 13195 13389
f 13194 13389 13388
f 13195 13201 13390
f 13195 13390 13389
f 13201 13216 13391
f 13201 13391 13390
f 13216 13215 13392
f 13216 13392 13391
f 13215 13214 13393
f 13215 13393 13392
f 13214 13213 13394
f 13214 13394 13393
f 13213 13211 13395
f 13213 13395 13394
f 13211 13210 13396
f 13211 13396 13395
f 13210 13208 13397
f 13210 13397 13396
f 13208 13207 13398
f 13208 13398 13397
f 13207 13205 13399
f 13207 13399 13398
f 13205 13204 13400
f 13205 13400 13399
f 13204 13203 13401
f 13204 13401 13400
f 13203 13202 13402
f 13203 13402 13401
f 13202 13200 13403
f 13202 13403 13402
f 13200 13199 13404
f 13200 13404 13403
f 13199 13196 13405
f 13199 13405 13404
f 13196 13197 13383
f 13196 13383 13405
f 13221 13222 13406
f 13221 13406 13407
f 13222 13230 13408
f 13222 13408 13406
f 13230 13233 13409
f 13230 13409 13408
f 13233 13236 13410
f 13233 13410 13409
f 13236 13217 13411
f 13236 13411 13410
f 13217 13218 13412
f 13217 13412 13411
f 13218 13219 13413
f 13218 13413 13412
f 13219 13225 13414
f 13219 13414 13413
f 13225 13240 13415
f 13225 13415 13414
f 13240 13239 13416
f 13240 13416 13415
f 13239 13238 13417
f 13239 13417 13416
f 13238 13237 13418
f 13238 13418 13417
f 13237 13235 13419
f 13237 13419 13418
f 13235 13234 13420
f 13235 13420 13419
f 13234 13232 13421
f 13234 13421 13420
f 13232 13231 13422
f 13232 13422 13421
f 13231 13229 13423
f 13231 13423 13422
f 13229 13228 13424
f 13229 13424 13423
f 13228 13227 13425
f 13228 13425 13424
f 13227 13226 13426
f 13227 13426 13425
f 13226 13224 13427
f 13226 13427 13426
f 13224 13223 13428
f 13224 13428 13427
f 13223 13220 13429
f 13223 13429 13428
f 13220 13221 13407
f 13220 13407 13429
f 13265 13263 13430
f 13265 13430 13431
f 13263 13261 13432
f 13263 13432 13430
f 13261 13257 13433
f 13261 13433 13432
f 13257 13254 13434
f 13257 13434 13433
f 13254 13244 13435
f 13254 13435 13434
f 13244 13245 13436
f 13244 13436 13435
f 13245 13246 13437
f 13245 13437 13436
f 13246 13247 13438
f 13246 13438 13437
f 13247 13248 13439
f 13247 13439 13438
f 13248 13250 13440
f 13248 13440 13439
f 13250 13251 13441
f 13250 13441 13440
f 13251 13252 13442
f 13251 13442 13441
f 13252 13253 13443
f 13252 13443 13442
f 13253 13255 13444
f 13253 13444 13443
f 13255 13256 13445
f 13255 13445 13444
f 13256 13258 13446
f 13256 13446 13445
f 13258 13259 13447
f 13258 13447 13446
f 13259 13260 13448
f 13259 13448 13447
f 13260 13262 13449
f 13260 13449 13448
f 13262 13264 13450
f 13262 13450 13449
f 13264 13266 13451
f 13264 13451 13450
f 13266 13267 13452
f 13266 13452 13451
f 13267 13269 13453
f 13267 13453 13452
f 13269 13270 13454
f 13269 13454 13453
f 13270 13271 13455
f 13270 13455 13454
f 13271 13274 13456
f 13271 13456 13455
f 13274 13276 13457
f 13274 13457 13456
f 13276 13278 13458
f 13276 13458 13457
f 13278 13279 13459
f 13278 13459 13458
f 13279 13281 13460
f 13279 13460 13459
f 13281 13282 13461
f 13281 13461 13460
f 13282 13283 13462
f 13282 13462 13461
f 13283 13272 13463
f 13283 13463 13462
f 13272 13249 13464
f 13272 13464 13463
f 13249 13241 13465
f 13249 13465 13464
f 13241 13242 13466
f 13241 13466 13465
f 13242 13243 13467
f 13242 13467 13466
f 13243 13280 13468
f 13243 13468 13467
f 13280 13277 13469
f 13280 13469 13468
f 13277 13275 13470
f 13277 13470 13469
f 13275 13273 13471
f 13275 13471 13470
f 13273 13268 13472
f 13273 13472 13471
f 13268 13265 13431
f 13268 13431 13472
f 13297 13299 13473
f 13297 13473 13474
f 13299 13300 13475
f 13299 13475 13473
f 13300 13302 13476
f 13300 13476 13475
f 13302 13304 13477
f 13302 13477 13476
f 13304 13306 13478
f 13304 13478 13477
f 13306 13307 13479
f 13306 13479 13478
f 13307 13308 13480
f 13307 13480 13479
f 13308 13309 13481
f 13308 13481 13480
f 13309 13311 13482
f 13309 13482 13481
f 13311 13312 13483
f 13311 13483 13482
f 13312 13313 13484
f 13312 13484 13483
f 13313 13314 13485
f 13313 13485 13484
f 13314 13315 13486
f 13314 13486 13485
f 13315 13316 13487
f 13315 13487 13486
f 13316 13319 13488
f 13316 13488 13487
f 13319 13321 13489
f 13319 13489 13488
f 13321 13322 13490
f 13321 13490 13489
f 13322 13324 13491
f 13322 13491 13490
f 13324 13325 13492
f 13324 13492 13491
f 13325 13326 13493
f 13325 13493 13492
f 13326 13292 13494
f 13326 13494 13493
f 13292 13290 13495
f 13292 13495 13494
f 13290 13287 13496
f 13290 13496 13495
f 13287 13288 13497
f 13287 13497 13496
f 13288 13289 13498
f 13288 13498 13497
f 13289 13323 13499
f 13289 13499 13498
f 13323 13320 13500
f 13323 13500 13499
f 13320 13318 13501
f 13320 13501 13500
f 13318 13317 13502
f 13318 13502 13501
f 13317 13310 13503
f 13317 13503 13502
f 13310 13305 13504
f 13310 13504 13503
f 13305 13303 13505
f 13305 13505 13504
f 13303 13301 13506
f 13303 13506 13505
f 13301 13298 13507
f 13301 13507 13506
f 13298 13294 13508
f 13298 13508 13507
f 13294 13284 13509
f 13294 13509 13508
f 13284 13285 13510
f 13284 13510 13509
f 13285 13286 13511
f 13285 13511 13510
f 13286 13291 13512
f 13286 13512 13511
f 13291 13293 13513
f 13291 13513 13512
f 13293 13295 13514
f 13293 13514 13513
f 13295 13296 13515
f 13295 13515 13514
f 13296 13297 13474
f 13296 13474 13515
f 13332 13333 13334
f 13362 13363 13364
f 13361 13362 13364
f 13360 13361 13364
f 13332 13334 13335
f 13359 13360 13364
f 13358 13359 13364
f 13332 13335 13336
f 13331 13332 13336
f 13331 13336 13337
f 13331 13337 13338
f 13330 13331 13338
f 13330 13338 13339
f 13330 13339 13340
f 13329 13330 13340
f 13329 13340 13341
f 13327 13329 13341
f 13327 13341 13342
f 13328 13327 13342
f 13328 13342 13343
f 13328 13343 13344
f 13328 13344 13345
f 13328 13345 13346
f 13328 13346 13347
f 13369 13328 13347
f 13369 13347 13348
f 13369 13348 13349
f 13369 13349 13350
f 13369 13350 13351
f 13369 13351 13352
f 13369 13352 13353
f 13368 13369 13353
f 13368 13353 13354
f 13367 13368 13354
f 13366 13367 13354
f 13366 13354 13355
f 13365 13366 13355
f 13365 13355 13356
f 13365 13356 13357
f 13364 13365 13357
f 13358 13364 13357
f 13372 13373 13371
f 13370 13372 13371
f 13376 13377 13375
f 13374 13376 13375
f 13380 13381 13379
f 13378 13380 13379
f 13387 13388 13389
f 13405 13383 13382
f 13404 13405 13382
f 13403 13404 13382
f 13387 13389 13390
f 13402 13403 13382
f 13401 13402 13382
f 13400 13401 13382
f 13399 13400 13382
f 13399 13382 13384
f 13398 13399 13384
f 13397 13398 13384
f 13397 13384 13385
f 13396 13397 13385
f 13395 13396 13385
f 13395 13385 13386
f 13394 13395 13386
f 13393 13394 13386
f 13392 13393 13386
f 13392 13386 13387
f 13392 13387 13390
f 13391 13392 13390
f 13411 13412 13413
f 13429 13407 13406
f 13428 13429 13406
f 13427 13428 13406
f 13411 13413 13414
f 13426 13427 13406
f 13425 13426 13406
f 13424 13425 13406
f 13423 13424 13406
f 13423 13406 13408
f 13422 13423 13408
f 13421 13422 13408
f 13421 13408 13409
f 13420 13421 13409
f 13419 13420 13409
f 13419 13409 13410
f 13418 13419 13410
f 13417 13418 13410
f 13416 13417 13410
f 13416 13410 13411
f 13416 13411 13414
f 13415 13416 13414
f 13465 13466 13467
f 13435 13436 13437
f 13435 13437 13438
f 13435 13438 13439
f 13464 13465 13467
f 13435 13439 13440
f 13435 13440 13441
f 13435 13441 13442
f 13435 13442 13443
f 13434 13435 13443
f 13434 13443 13444
f 13434 13444 13445
f 13433 13434 13445
f 13433 13445 13446
f 13433 13446 13447
f 13433 13447 13448
f 13432 13433 13448
f 13432 13448 13449
f 13430 13432 13449
f 13430 13449 13450
f 13431 13430 13450
f 13431 13450 13451
f 13431 13451 13452
f 13472 13431 13452
f 13472 13452 13453
f 13472 13453 13454
f 13472 13454 13455
f 13463 13464 13467
f 13471 13472 13455
f 13471 13455 13456
f 13470 13471 13456
f 13470 13456 13457
f 13469 13470 13457
f 13469 13457 13458
f 13469 13458 13459
f 13468 13469 13459
f 13468 13459 13460
f 13468 13460 13461
f 13467 13468 13461
f 13463 13467 13461
f 13463 13461 13462
f 13509 13510 13511
f 13496 13497 13498
f 13495 13496 13498
f 13509 13511 13512
f 13494 13495 13498
f 13509 13512 13513
f 13508 13509 13513
f 13508 13513 13514
f 13508 13514 13515
f 13508 13515 13474
f 13507 13508 13474
f 13507 13474 13473
f 13507 13473 13475
f 13506 13507 13475
f 13506 13475 13476
f 13505 13506 13476
f 13505 13476 13477
f 13504 13505 13477
f 13504 13477 13478
f 13504 13478 13479
f 13504 13479 13480
f 13504 13480 13481
f 13503 13504 13481
f 13503 13481 13482
f 13503 13482 13483
f 13503 13483 13484
f 13503 13484 13485
f 13503 13485 13486
f 13503 13486 13487
f 13502 13503 13487
f 13501 13502 13487
f 13501 13487 13488
f 13500 13501 13488
f 13500 13488 13489
f 13500 13489 13490
f 13499 13500 13490
f 13499 13490 13491
f 13498 13499 13491
f 13494 13498 13491
f 13494 13491 13492
f 13494 13492 13493
f 13518 13517 13516
f 13518 13516 13519
f 13520 13518 13519
f 13521 13520 13519
f 13521 13519 13522
f 13521 13522 13523
f 13521 13523 13524
f 13521 13524 13525
f 13521 13525 13526
f 13521 13526 13527
f 13521 13527 13528
f 13521 13528 13529
f 13521 13529 13530
f 13521 13530 13531
f 13521 13531 13532
f 13521 13532 13533
f 13521 13533 13534
f 13535 13521 13534
f 13536 13535 13534
f 13537 13536 13534
f 13538 13537 13534
f 13539 13538 13534
f 13537 13538 13540
f 13537 13540 13541
f 13538 13539 13542
f 13538 13542 13540
f 13539 13534 13543
f 13539 13543 13542
f 13534 13533 13544
f 13534 13544 13543
f 13533 13532 13545
f 13533 13545 13544
f 13532 13531 13546
f 13532 13546 13545
f 13531 13530 13547
f 13531 13547 13546
f 13530 13529 13548
f 13530 13548 13547
f 13529 13528 13549
f 13529 13549 13548
f 13528 13527 13550
f 13528 13550 13549
f 13527 13526 13551
f 13527 13551 13550
f 13526 13525 13552
f 13526 13552 13551
f 13525 13524 13553
f 13525 13553 13552
f 13524 13523 13554
f 13524 13554 13553
f 13523 13522 13555
f 13523 13555 13554
f 13522 13519 13556
f 13522 13556 13555
f 13519 13516 13557
f 13519 13557 13556
f 13516 13517 13558
f 13516 13558 13557
f 13517 13518 13559
f 13517 13559 13558
f 13518 13520 13560
f 13518 13560 13559
f 13520 13521 13561
f 13520 13561 13560
f 13521 13535 13562
f 13521 13562 13561
f 13535 13536 13563
f 13535 13563 13562
f 13536 13537 13541
f 13536 13541 13563
f 13551 13552 13553
f 13550 13551 13553
f 13550 13553 13554
f 13550 13554 13555
f 13549 13550 13555
f 13548 13549 13555
f 13547 13548 13555
f 13546 13547 13555
f 13545 13546 13555
f 13544 13545 13555
f 13543 13544 13555
f 13542 13543 13555
f 13540 13542 13555
f 13541 13540 13555
f 13563 13541 13555
f 13562 13563 13555
f 13561 13562 13555
f 13560 13561 13555
f 13559 13560 13555
f 13558 13559 13555
f 13557 13558 13555
f 13556 13557 13555
f 13566 13565 13564
f 13566 13564 13567
f 13568 13566 13567
f 13569 13568 13567
f 13569 13567 13570
f 13569 13570 13571
f 13569 13571 13572
f 13569 13572 13573
f 13569 13573 13574
f 13569 13574 13575
f 13569 13575 13576
f 13569 13576 13577
f 13569 13577 13578
f 13569 13578 13579
f 13569 13579 13580
f 13569 13580 13581
f 13569 13581 13582
f 13583 13569 13582
f 13584 13583 13582
f 13585 13584 13582
f 13586 13585 13582
f 13587 13586 13582
f 13585 13586 13588
f 13585 13588 13589
f 13586 13587 13590
f 13586 13590 13588
f 13587 13582 13591
f 13587 13591 13590
f 13582 13581 13592
f 13582 13592 13591
f 13581 13580 13593
f 13581 13593 13592
f 13580 13579 13594
f 13580 13594 13593
f 13579 13578 13595
f 13579 13595 13594
f 13578 13577 13596
f 13578 13596 13595
f 13577 13576 13597
f 13577 13597 13596
f 13576 13575 13598
f 13576 13598 13597
f 13575 13574 13599
f 13575 13599 13598
f 13574 13573 13600
f 13574 13600 13599
f 13573 13572 13601
f 13573 13601 13600
f 13572 13571 13602
f 13572 13602 13601
f 13571 13570 13603
f 13571 13603 13602
f 13570 13567 13604
f 13570 13604 13603
f 13567 13564 13605
f 13567 13605 13604
f 13564 13565 13606
f 13564 13606 13605
f 13565 13566 13607
f 13565 13607 13606
f 13566 13568 13608
f 13566 13608 13607
f 13568 13569 13609
f 13568 13609 13608
f 13569 13583 13610
f 13569 13610 13609
f 13583 13584 13611
f 13583 13611 13610
f 13584 13585 13589
f 13584 13589 13611
f 13599 13600 13601
f 13598 13599 13601
f 13598 13601 13602
f 13598 13602 13603
f 13597 13598 13603
f 13596 13597 13603
f 13595 13596 13603
f 13594 13595 13603
f 13593 13594 13603
f 13592 13593 13603
f 13591 13592 13603
f 13590 13591 13603
f 13588 13590 13603
f 13589 13588 13603
f 13611 13589 13603
f 13610 13611 13603
f 13609 13610 13603
f 13608 13609 13603
f 13607 13608 13603
f 13606 13607 13603
f 13605 13606 13603
f 13604 13605 13603
f 13614 13613 13612
f 13614 13612 13615
f 13616 13614 13615
f 13617 13616 13615
f 13617 13615 13618
f 13617 13618 13619
f 13617 13619 13620
f 13617 13620 13621
f 13617 13621 13622
f 13617 13622 13623
f 13617 13623 13624
f 13617 13624 13625
f 13617 13625 13626
f 13617 13626 13627
f 13617 13627 13628
f 13617 13628 13629
f 13617 13629 13630
f 13631 13617 13630
f 13632 13631 13630
f 13633 13632 13630
f 13634 13633 13630
f 13635 13634 13630
f 13633 13634 13636
f 13633 13636 13637
f 13634 13635 13638
f 13634 13638 13636
f 13635 13630 13639
f 13635 13639 13638
f 13630 13629 13640
f 13630 13640 13639
f 13629 13628 13641
f 13629 13641 13640
f 13628 13627 13642
f 13628 13642 13641
f 13627 13626 13643
f 13627 13643 13642
f 13626 13625 13644
f 13626 13644 13643
f 13625 13624 13645
f 13625 13645 13644
f 13624 13623 13646
f 13624 13646 13645
f 13623 13622 13647
f 13623 13647 13646
f 13622 13621 13648
f 13622 13648 13647
f 13621 13620 13649
f 13621 13649 13648
f 13620 13619 13650
f 13620 13650 13649
f 13619 13618 13651
f 13619 13651 13650
f 13618 13615 13652
f 13618 13652 13651
f 13615 13612 13653
f 13615 13653 13652
f 13612 13613 13654
f 13612 13654 13653
f 13613 13614 13655
f 13613 13655 13654
f 13614 13616 13656
f 13614 13656 13655
f 13616 13617 13657
f 13616 13657 13656
f 13617 13631 13658
f 13617 13658 13657
f 13631 13632 13659
f 13631 13659 13658
f 13632 13633 13637
f 13632 13637 13659
f 13647 13648 13649
f 13646 13647 13649
f 13646 13649 13650
f 13646 13650 13651
f 13645 13646 13651
f 13644 13645 13651
f 13643 13644 13651
f 13642 13643 13651
f 13641 13642 13651
f 13640 13641 13651
f 13639 13640 13651
f 13638 13639 13651
f 13636 13638 13651
f 13637 13636 13651
f 13659 13637 13651
f 13658 13659 13651
f 13657 13658 13651
f 13656 13657 13651
f 13655 13656 13651
f 13654 13655 13651
f 13653 13654 13651
f 13652 13653 13651
f 13662 13661 13660
f 13662 13660 13663
f 13664 13662 13663
f 13665 13664 13663
f 13665 13663 13666
f 13665 13666 13667
f 13665 13667 13668
f 13665 13668 13669
f 13665 13669 13670
f 13665 13670 13671
f 13665 13671 13672
f 13665 13672 13673
f 13665 13673 13674
f 13665 13674 13675
f 13665 13675 13676
f 13665 13676 13677
f 13665 13677 13678
f 13679 13665 13678
f 13680 13679 13678
f 13681 13680 13678
f 13682 13681 13678
f 13683 13682 13678
f 13681 13682 13684
f 13681 13684 13685
f 13682 13683 13686
f 13682 13686 13684
f 13683 13678 13687
f 13683 13687 13686
f 13678 13677 13688
f 13678 13688 13687
f 13677 13676 13689
f 13677 13689 13688
f 13676 13675 13690
f 13676 13690 13689
f 13675 13674 13691
f 13675 13691 13690
f 13674 13673 13692
f 13674 13692 13691
f 13673 13672 13693
f 13673 13693 13692
f 13672 13671 13694
f 13672 13694 13693
f 13671 13670 13695
f 13671 13695 13694
f 13670 13669 13696
f 13670 13696 13695
f 13669 13668 13697
f 13669 13697 13696
f 13668 13667 13698
f 13668 13698 13697
f 13667 13666 13699
f 13667 13699 13698
f 13666 13663 13700
f 13666 13700 13699
f 13663 13660 13701
f 13663 13701 13700
f 13660 13661 13702
f 13660 13702 13701
f 13661 13662 13703
f 13661 13703 13702
f 13662 13664 13704
f 13662 13704 13703
f 13664 13665 13705
f 13664 13705 13704
f 13665 13679 13706
f 13665 13706 13705
f 13679 13680 13707
f 13679 13707 13706
f 13680 13681 13685
f 13680 13685 13707
f 13695 13696 13697
f 13694 13695 13697
f 13694 13697 13698
f 13694 13698 13699
f 13693 13694 13699
f 13692 13693 13699
f 13691 13692 13699
f 13690 13691 13699
f 13689 13690 13699
f 13688 13689 13699
f 13687 13688 13699
f 13686 13687 13699
f 13684 13686 13699
f 13685 13684 13699
f 13707 13685 13699
f 13706 13707 13699
f 13705 13706 13699
f 13704 13705 13699
f 13703 13704 13699
f 13702 13703 13699
f 13701 13702 13699
f 13700 13701 13699
f 13710 13709 13708
f 13711 13710 13708
f 13711 13708 13712
f 13713 13711 13712
f 13714 13713 13712
f 13714 13712 13715
f 13714 13715 13716
f 13717 13714 13716
f 13718 13717 13716
f 13719 13718 13716
f 13720 13719 13716
f 13710 13711 13721
f 13710 13721 13722
f 13711 13713 13723
f 13711 13723 13721
f 13713 13714 13724
f 13713 13724 13723
f 13714 13717 13725
f 13714 13725 13724
f 13717 13718 13726
f 13717 13726 13725
f 13718 13719 13727
f 13718 13727 13726
f 13719 13720 13728
f 13719 13728 13727
f 13720 13716 13729
f 13720 13729 13728
f 13716 13715 13730
f 13716 13730 13729
f 13715 13712 13731
f 13715 13731 13730
f 13712 13708 13732
f 13712 13732 13731
f 13708 13709 13733
f 13708 13733 13732
f 13709 13710 13722
f 13709 13722 13733
f 13722 13721 13734
f 13722 13734 13735
f 13721 13723 13736
f 13721 13736 13734
f 13723 13724 13737
f 13723 13737 13736
f 13724 13725 13738
f 13724 13738 13737
f 13725 13726 13739
f 13725 13739 13738
f 13726 13727 13740
f 13726 13740 13739
f 13727 13728 13741
f 13727 13741 13740
f 13728 13729 13742
f 13728 13742 13741
f 13729 13730 13743
f 13729 13743 13742
f 13730 13731 13744
f 13730 13744 13743
f 13731 13732 13745
f 13731 13745 13744
f 13732 13733 13746
f 13732 13746 13745
f 13733 13722 13735
f 13733 13735 13746
f 13735 13734 13747
f 13735 13747 13748
f 13734 13736 13749
f 13734 13749 13747
f 13736 13737 13750
f 13736 13750 13749
f 13737 13738 13751
f 13737 13751 13750
f 13738 13739 13752
f 13738 13752 13751
f 13739 13740 13753
f 13739 13753 13752
f 13740 13741 13754
f 13740 13754 13753
f 13741 13742 13755
f 13741 13755 13754
f 13742 13743 13756
f 13742 13756 13755
f 13743 13744 13757
f 13743 13757 13756
f 13744 13745 13758
f 13744 13758 13757
f 13745 13746 13759
f 13745 13759 13758
f 13746 13735 13748
f 13746 13748 13759
f 13748 13747 13760
f 13748 13760 13761
f 13747 13749 13762
f 13747 13762 13760
f 13749 13750 13763
f 13749 13763 13762
f 13750 13751 13764
f 13750 13764 13763
f 13751 13752 13765
f 13751 13765 13764
f 13752 13753 13766
f 13752 13766 13765
f 13753 13754 13767
f 13753 13767 13766
f 13754 13755 13768
f 13754 13768 13767
f 13755 13756 13769
f 13755 13769 13768
f 13756 13757 13770
f 13756 13770 13769
f 13757 13758 13771
f 13757 13771 13770
f 13758 13759 13772
f 13758 13772 13771
f 13759 13748 13761
f 13759 13761 13772
f 13761 13760 13773
f 13761 13773 13774
f 13760 13762 13775
f 13760 13775 13773
f 13762 13763 13776
f 13762 13776 13775
f 13763 13764 13777
f 13763 13777 13776
f 13764 13765 13778
f 13764 13778 13777
f 13765 13766 13779
f 13765 13779 13778
f 13766 13767 13780
f 13766 13780 13779
f 13767 13768 13781
f 13767 13781 13780
f 13768 13769 13782
f 13768 13782 13781
f 13769 13770 13783
f 13769 13783 13782
f 13770 13771 13784
f 13770 13784 13783
f 13771 13772 13785
f 13771 13785 13784
f 13772 13761 13774
f 13772 13774 13785
f 13774 13773 13786
f 13774 13786 13787
f 13773 13775 13788
f 13773 13788 13786
f 13775 13776 13789
f 13775 13789 13788
f 13776 13777 13790
f 13776 13790 13789
f 13777 13778 13791
f 13777 13791 13790
f 13778 13779 13792
f 13778 13792 13791
f 13779 13780 13793
f 13779 13793 13792
f 13780 13781 13794
f 13780 13794 13793
f 13781 13782 13795
f 13781 13795 13794
f 13782 13783 13796
f 13782 13796 13795
f 13783 13784 13797
f 13783 13797 13796
f 13784 13785 13798
f 13784 13798 13797
f 13785 13774 13787
f 13785 13787 13798
f 13787 13786 13799
f 13787 13799 13800
f 13786 13788 13801
f 13786 13801 13799
f 13788 13789 13802
f 13788 13802 13801
f 13789 13790 13803
f 13789 13803 13802
f 13790 13791 13804
f 13790 13804 13803
f 13791 13792 13805
f 13791 13805 13804
f 13792 13793 13806
f 13792 13806 13805
f 13793 13794 13807
f 13793 13807 13806
f 13794 13795 13808
f 13794 13808 13807
f 13795 13796 13809
f 13795 13809 13808
f 13796 13797 13810
f 13796 13810 13809
f 13797 13798 13811
f 13797 13811 13810
f 13798 13787 13800
f 13798 13800 13811
f 13800 13799 13812
f 13800 13812 13813
f 13799 13801 13814
f 13799 13814 13812
f 13801 13802 13815
f 13801 13815 13814
f 13802 13803 13816
f 13802 13816 13815
f 13803 13804 13817
f 13803 13817 13816
f 13804 13805 13818
f 13804 13818 13817
f 13805 13806 13819
f 13805 13819 13818
f 13806 13807 13820
f 13806 13820 13819
f 13807 13808 13821
f 13807 13821 13820
f 13808 13809 13822
f 13808 13822 13821
f 13809 13810 13823
f 13809 13823 13822
f 13810 13811 13824
f 13810 13824 13823
f 13811 13800 13813
f 13811 13813 13824
f 13813 13812 13825
f 13813 13825 13826
f 13812 13814 13827
f 13812 13827 13825
f 13814 13815 13828
f 13814 13828 13827
f 13815 13816 13829
f 13815 13829 13828
f 13816 13817 13830
f 13816 13830 13829
f 13817 13818 13831
f 13817 13831 13830
f 13818 13819 13832
f 13818 13832 13831
f 13819 13820 13833
f 13819 13833 13832
f 13820 13821 13834
f 13820 13834 13833
f 13821 13822 13835
f 13821 13835 13834
f 13822 13823 13836
f 13822 13836 13835
f 13823 13824 13837
f 13823 13837 13836
f 13824 13813 13826
f 13824 13826 13837
f 13826 13825 13838
f 13826 13838 13839
f 13825 13827 13840
f 13825 13840 13838
f 13827 13828 13841
f 13827 13841 13840
f 13828 13829 13842
f 13828 13842 13841
f 13829 13830 13843
f 13829 13843 13842
f 13830 13831 13844
f 13830 13844 13843
f 13831 13832 13845
f 13831 13845 13844
f 13832 13833 13846
f 13832 13846 13845
f 13833 13834 13847
f 13833 13847 13846
f 13834 13835 13848
f 13834 13848 13847
f 13835 13836 13849
f 13835 13849 13848
f 13836 13837 13850
f 13836 13850 13849
f 13837 13826 13839
f 13837 13839 13850
f 13839 13838 13851
f 13839 13851 13852
f 13838 13840 13853
f 13838 13853 13851
f 13840 13841 13854
f 13840 13854 13853
f 13841 13842 13855
f 13841 13855 13854
f 13842 13843 13856
f 13842 13856 13855
f 13843 13844 13857
f 13843 13857 13856
f 13844 13845 13858
f 13844 13858 13857
f 13845 13846 13859
f 13845 13859 13858
f 13846 13847 13860
f 13846 13860 13859
f 13847 13848 13861
f 13847 13861 13860
f 13848 13849 13862
f 13848 13862 13861
f 13849 13850 13863
f 13849 13863 13862
f 13850 13839 13852
f 13850 13852 13863
f 13852 13851 13864
f 13852 13864 13865
f 13851 13853 13866
f 13851 13866 13864
f 13853 13854 13867
f 13853 13867 13866
f 13854 13855 13868
f 13854 13868 13867
f 13855 13856 13869
f 13855 13869 13868
f 13856 13857 13870
f 13856 13870 13869
f 13857 13858 13871
f 13857 13871 13870
f 13858 13859 13872
f 13858 13872 13871
f 13859 13860 13873
f 13859 13873 13872
f 13860 13861 13874
f 13860 13874 13873
f 13861 13862 13875
f 13861 13875 13874
f 13862 13863 13876
f 13862 13876 13875
f 13863 13852 13865
f 13863 13865 13876
f 13865 13864 13877
f 13865 13877 13878
f 13864 13866 13879
f 13864 13879 13877
f 13866 13867 13880
f 13866 13880 13879
f 13867 13868 13881
f 13867 13881 13880
f 13868 13869 13882
f 13868 13882 13881
f 13869 13870 13883
f 13869 13883 13882
f 13870 13871 13884
f 13870 13884 13883
f 13871 13872 13885
f 13871 13885 13884
f 13872 13873 13886
f 13872 13886 13885
f 13873 13874 13887
f 13873 13887 13886
f 13874 13875 13888
f 13874 13888 13887
f 13875 13876 13889
f 13875 13889 13888
f 13876 13865 13878
f 13876 13878 13889
f 13878 13877 13890
f 13878 13890 13891
f 13877 13879 13892
f 13877 13892 13890
f 13879 13880 13893
f 13879 13893 13892
f 13880 13881 13894
f 13880 13894 13893
f 13881 13882 13895
f 13881 13895 13894
f 13882 13883 13896
f 13882 13896 13895
f 13883 13884 13897
f 13883 13897 13896
f 13884 13885 13898
f 13884 13898 13897
f 13885 13886 13899
f 13885 13899 13898
f 13886 13887 13900
f 13886 13900 13899
f 13887 13888 13901
f 13887 13901 13900
f 13888 13889 13902
f 13888 13902 13901
f 13889 13878 13891
f 13889 13891 13902
f 13891 13890 13903
f 13891 13903 13904
f 13890 13892 13905
f 13890 13905 13903
f 13892 13893 13906
f 13892 13906 13905
f 13893 13894 13907
f 13893 13907 13906
f 13894 13895 13908
f 13894 13908 13907
f 13895 13896 13909
f 13895 13909 13908
f 13896 13897 13910
f 13896 13910 13909
f 13897 13898 13911
f 13897 13911 13910
f 13898 13899 13912
f 13898 13912 13911
f 13899 13900 13913
f 13899 13913 13912
f 13900 13901 13914
f 13900 13914 13913
f 13901 13902 13915
f 13901 13915 13914
f 13902 13891 13904
f 13902 13904 13915
f 13914 13915 13904
f 13914 13904 13903
f 13914 13903 13905
f 13913 13914 13905
f 13912 13913 13905
f 13912 13905 13906
f 13911 13912 13906
f 13911 13906 13907
f 13911 13907 13908
f 13911 13908 13909
f 13911 13909 13910
f 13918 13917 13916
f 13918 13916 13919
f 13920 13918 13919
f 13920 13919 13921
f 13922 13920 13921
f 13922 13921 13923
f 13922 13923 13924
f 13922 13924 13925
f 13922 13925 13926
f 13922 13926 13927
f 13922 13927 13928
f 13922 13928 13929
f 13922 13929 13930
f 13922 13930 13931
f 13922 13931 13932
f 13922 13932 13933
f 13922 13933 13934
f 13922 13934 13935
f 13922 13935 13936
f 13922 13936 13937
f 13922 13937 13938
f 13922 13938 13939
f 13937 13936 13940
f 13937 13940 13941
f 13936 13935 13942
f 13936 13942 13940
f 13935 13934 13943
f 13935 13943 13942
f 13934 13933 13944
f 13934 13944 13943
f 13933 13932 13945
f 13933 13945 13944
f 13932 13931 13946
f 13932 13946 13945
f 13931 13930 13947
f 13931 13947 13946
f 13930 13929 13948
f 13930 13948 13947
f 13921 13919 13949
f 13919 13916 13950
f 13919 13950 13949
f 13916 13917 13951
f 13916 13951 13950
f 13917 13918 13952
f 13917 13952 13951
f 13918 13920 13953
f 13918 13953 13952
f 13920 13922 13954
f 13920 13954 13953
f 13922 13939 13955
f 13922 13955 13954
f 13939 13938 13956
f 13939 13956 13955
f 13938 13937 13941
f 13938 13941 13956
f 13959 13958 13957
f 13960 13959 13957
f 13960 13957 13961
f 13960 13961 13962
f 13963 13960 13962
f 13948 13963 13962
f 13947 13948 13962
f 13946 13947 13962
f 13945 13946 13962
f 13944 13945 13962
f 13943 13944 13962
f 13942 13943 13962
f 13940 13942 13962
f 13941 13940 13962
f 13956 13941 13962
f 13955 13956 13962
f 13954 13955 13962
f 13953 13954 13962
f 13952 13953 13962
f 13951 13952 13962
f 13950 13951 13962
f 13949 13950 13962
f 13966 13965 13964
f 13966 13964 13967
f 13968 13966 13967
f 13968 13967 13969
f 13970 13968 13969
f 13970 13969 13971
f 13970 13971 13972
f 13970 13972 13973
f 13970 13973 13974
f 13970 13974 13975
f 13970 13975 13976
f 13970 13976 13977
f 13970 13977 13978
f 13970 13978 13979
f 13970 13979 13980
f 13970 13980 13981
f 13970 13981 13982
f 13970 13982 13983
f 13970 13983 13984
f 13970 13984 13985
f 13970 13985 13986
f 13970 13986 13987
f 13985 13984 13988
f 13985 13988 13989
f 13984 13983 13990
f 13984 13990 13988
f 13983 13982 13991
f 13983 13991 13990
f 13982 13981 13992
f 13982 13992 13991
f 13981 13980 13993
f 13981 13993 13992
f 13980 13979 13994
f 13980 13994 13993
f 13979 13978 13995
f 13979 13995 13994
f 13978 13977 13996
f 13978 13996 13995
f 13977 13976 13997
f 13977 13997 13996
f 13976 13975 13998
f 13976 13998 13997
f 13975 13974 13999
f 13975 13999 13998
f 13974 13973 14000
f 13974 14000 13999
f 13973 13972 14001
f 13973 14001 14000
f 13972 13971 14002
f 13972 14002 14001
f 13971 13969 14003
f 13971 14003 14002
f 13969 13967 14004
f 13969 14004 14003
f 13967 13964 14005
f 13967 14005 14004
f 13964 13965 14006
f 13964 14006 14005
f 13965 13966 14007
f 13965 14007 14006
f 13966 13968 14008
f 13966 14008 14007
f 13968 13970 14009
f 13968 14009 14008
f 13970 13987 14010
f 13970 14010 14009
f 13987 13986 14011
f 13987 14011 14010
f 13986 13985 13989
f 13986 13989 14011
f 13999 14000 14001
f 13998 13999 14001
f 13998 14001 14002
f 13998 14002 14003
f 13997 13998 14003
f 13996 13997 14003
f 13995 13996 14003
f 13994 13995 14003
f 13993 13994 14003
f 13992 13993 14003
f 13991 13992 14003
f 13990 13991 14003
f 13988 13990 14003
f 13989 13988 14003
f 14011 13989 14003
f 14010 14011 14003
f 14009 14010 14003
f 14008 14009 14003
f 14007 14008 14003
f 14006 14007 14003
f 14005 14006 14003
f 14004 14005 14003
f 14014 14013 14012
f 14014 14012 14015
f 14016 14014 14015
f 14016 14015 14017
f 14018 14016 14017
f 14018 14017 14019
f 14018 14019 14020
f 14018 14020 14021
f 14018 14021 14022
f 14018 14022 14023
f 14018 14023 14024
f 14018 14024 14025
f 14018 14025 14026
f 14018 14026 14027
f 14018 14027 14028
f 14018 14028 14029
f 14018 14029 14030
f 14018 14030 14031
f 14018 14031 14032
f 14018 14032 14033
f 14018 14033 14034
f 14018 14034 14035
f 14033 14032 14036
f 14033 14036 14037
f 14032 14031 14038
f 14032 14038 14036
f 14031 14030 14039
f 14031 14039 14038
f 14030 14029 14040
f 14030 14040 14039
f 14029 14028 14041
f 14029 14041 14040
f 14028 14027 14042
f 14028 14042 14041
f 14027 14026 14043
f 14027 14043 14042
f 14026 14025 14044
f 14026 14044 14043
f 14025 14024 14045
f 14025 14045 14044
f 14024 14023 14046
f 14024 14046 14045
f 14023 14022 14047
f 14023 14047 14046
f 14022 14021 14048
f 14022 14048 14047
f 14021 14020 14049
f 14021 14049 14048
f 14020 14019 14050
f 14020 14050 14049
f 14019 14017 14051
f 14019 14051 14050
f 14017 14015 14052
f 14017 14052 14051
f 14015 14012 14053
f 14015 14053 14052
f 14012 14013 14054
f 14012 14054 14053
f 14013 14014 14055
f 14013 14055 14054
f 14014 14016 14056
f 14014 14056 14055
f 14016 14018 14057
f 14016 14057 14056
f 14018 14035 14058
f 14018 14058 14057
f 14035 14034 14059
f 14035 14059 14058
f 14034 14033 14037
f 14034 14037 14059
f 14047 14048 14049
f 14046 14047 14049
f 14046 14049 14050
f 14046 14050 14051
f 14045 14046 14051
f 14044 14045 14051
f 14043 14044 14051
f 14042 14043 14051
f 14041 14042 14051
f 14040 14041 14051
f 14039 14040 14051
f 14038 14039 14051
f 14036 14038 14051
f 14037 14036 14051
f 14059 14037 14051
f 14058 14059 14051
f 14057 14058 14051
f 14056 14057 14051
f 14055 14056 14051
f 14054 14055 14051
f 14053 14054 14051
f 14052 14053 14051
f 13963 14060 13960
f 13963 14061 14060
f 14061 13963 13948
f 14064 14063 14062
f 14067 14066 14065
f 14070 14069 14068
f 14071 13929 13928
f 13948 14072 14061
f 14063 14064 14073
f 14063 14073 14074
f 14074 14075 14063
f 14074 14076 14075
f 14076 14074 14072
f 14076 14072 13948
f 13948 13929 14076
f 14076 13929 14077
f 14066 14067 14078
f 14066 14078 14079
f 14079 14080 14066
f 14079 14081 14080
f 14081 14079 14077
f 14077 13929 14081
f 14081 13929 14082
f 14069 14084 14083
f 14069 14085 14084
f 14069 14070 14085
f 14083 14082 14069
f 14082 13929 14069
f 14069 13929 14086
f 13929 14071 14086
f 13960 14087 13959
f 13928 14088 14071
f 14088 13928 13927
f 14087 13960 14060
f 14090 14089 14064
f 14090 14064 14062
f 14092 14091 14067
f 14092 14067 14065
f 14094 14093 14070
f 14094 14070 14068
f 13959 14095 13958
f 13959 14096 14095
f 13927 14097 14088
f 14097 13927 13926
f 13959 14087 14096
f 14087 14098 14096
f 14099 14098 14087
f 14100 14098 14099
f 14090 14101 14089
f 14090 14102 14101
f 14092 14104 14103
f 14092 14105 14104
f 14092 14103 14091
f 14107 14106 14105
f 14105 14092 14108
f 14107 14105 14108
f 14094 14109 14093
f 14111 14110 14109
f 14112 14109 14094
f 14109 14112 14111
f 13958 14113 13957
f 13958 14095 14113
f 14114 13926 13925
f 14114 14097 13926
f 13957 14115 13961
f 13957 14113 14115
f 13925 14116 14114
f 14116 13925 13924
f 13961 14117 13962
f 13961 14118 14117
f 14121 14120 14119
f 14124 14123 14122
f 14127 14126 14125
f 14125 14128 14127
f 13924 14129 14116
f 14129 13924 13923
f 14118 13961 14130
f 13961 14115 14130
f 14121 14119 14131
f 14124 14122 14132
f 13962 14133 13949
f 13923 14134 14129
f 14134 13923 13921
f 14133 13962 14117
f 14136 14135 14120
f 14136 14120 14121
f 14138 14137 14123
f 14138 14123 14124
f 14140 14139 14126
f 14140 14126 14127
f 14141 13949 14133
f 13949 14141 14142
f 13949 14142 14143
f 14143 14142 14135
f 14143 14135 14136
f 13949 14143 14144
f 14144 14145 13949
f 13949 14145 14146
f 14145 14144 14137
f 14145 14137 14138
f 13949 14146 14147
f 14140 14148 14139
f 14140 14149 14148
f 14147 14151 14150
f 14147 14150 13949
f 14147 14152 14151
f 14152 14149 14140
f 14149 14152 14147
f 13949 14150 14153
f 13921 13949 14153
f 14134 13921 14153
f 14156 14155 14154
f 14156 14154 14157
f 14160 14159 14158
f 14160 14158 14161
f 14157 14154 14162
f 14157 14162 14163
f 14161 14158 14164
f 14161 14164 14165
f 14163 14162 14166
f 14163 14166 14167
f 14165 14164 14168
f 14165 14168 14169
f 14167 14166 14170
f 14167 14170 14171
f 14169 14168 14172
f 14169 14172 14173
f 14171 14170 14174
f 14171 14174 14175
f 14173 14172 14176
f 14173 14176 14177
f 14175 14174 14178
f 14175 14178 14179
f 14177 14176 14180
f 14177 14180 14181
f 14179 14178 14182
f 14179 14182 14183
f 14181 14180 14184
f 14181 14184 14185
f 14183 14182 14186
f 14183 14186 14187
f 14185 14184 14188
f 14185 14188 14189
f 14187 14186 14190
f 14187 14190 14191
f 14189 14188 14192
f 14189 14192 14193
f 14191 14190 14194
f 14191 14194 14195
f 14193 14192 14196
f 14193 14196 14197
f 14195 14194 14198
f 14195 14198 14199
f 14197 14196 14200
f 14197 14200 14201
f 14199 14198 14202
f 14199 14202 14203
f 14201 14200 14204
f 14201 14204 14205
f 14203 14202 14206
f 14203 14206 14207
f 14205 14204 14208
f 14205 14208 14209
f 14207 14206 14210
f 14207 14210 14211
f 14209 14208 14212
f 14209 14212 14213
f 14211 14210 14214
f 14211 14214 14215
f 14213 14212 14216
f 14213 14216 14217
f 14162 14154 14060
f 14162 14060 14061
f 14060 14165 14061
f 14169 14173 14064
f 14178 14174 14062
f 14178 14062 14063
f 14062 14181 14063
f 14185 14189 14067
f 14194 14190 14065
f 14194 14065 14066
f 14065 14197 14066
f 14201 14205 14070
f 14210 14206 14068
f 14210 14068 14069
f 14068 14213 14069
f 14061 14165 14169
f 14162 14061 14072
f 14061 14169 14072
f 14162 14072 14166
f 14064 14073 14169
f 14073 14064 14166
f 14073 14074 14169
f 14074 14073 14166
f 14074 14072 14169
f 14072 14074 14166
f 14178 14063 14075
f 14063 14181 14075
f 14076 14075 14181
f 14075 14076 14178
f 14076 14181 14185
f 14185 14077 14076
f 14077 14178 14076
f 14178 14077 14182
f 14067 14078 14185
f 14078 14067 14182
f 14078 14079 14185
f 14079 14078 14182
f 14079 14077 14185
f 14077 14079 14182
f 14194 14066 14080
f 14066 14197 14080
f 14081 14080 14197
f 14080 14081 14194
f 14194 14081 14197
f 14081 14197 14201
f 14197 14081 14194
f 14201 14082 14081
f 14082 14194 14081
f 14194 14082 14198
f 14084 14083 14201
f 14083 14084 14198
f 14085 14084 14201
f 14084 14085 14198
f 14070 14085 14201
f 14085 14070 14198
f 14083 14082 14201
f 14082 14083 14198
f 14069 14213 14217
f 14217 14086 14069
f 14086 14210 14069
f 14210 14086 14214
f 14071 14086 14217
f 14086 14071 14214
f 14170 14166 14089
f 14186 14182 14091
f 14202 14198 14093
f 14214 14071 14088
f 14087 14060 14154
f 14060 14087 14165
f 14089 14064 14173
f 14064 14089 14166
f 14090 14062 14174
f 14062 14090 14181
f 14091 14067 14189
f 14067 14091 14182
f 14092 14065 14190
f 14065 14092 14197
f 14198 14070 14093
f 14070 14205 14093
f 14094 14068 14206
f 14068 14094 14213
f 14155 14095 14096
f 14095 14160 14096
f 14214 14088 14097
f 14215 14214 14097
f 14096 14160 14161
f 14155 14096 14098
f 14096 14161 14098
f 14155 14098 14154
f 14098 14161 14165
f 14154 14098 14100
f 14098 14165 14100
f 14165 14087 14099
f 14087 14154 14099
f 14099 14100 14165
f 14100 14099 14154
f 14101 14173 14177
f 14101 14089 14173
f 14089 14101 14170
f 14177 14102 14101
f 14102 14170 14101
f 14170 14102 14174
f 14102 14177 14181
f 14090 14102 14181
f 14102 14090 14174
f 14105 14189 14193
f 14104 14103 14189
f 14103 14104 14186
f 14105 14104 14189
f 14104 14105 14186
f 14103 14091 14189
f 14091 14103 14186
f 14193 14106 14105
f 14106 14186 14105
f 14186 14106 14190
f 14106 14193 14197
f 14107 14106 14197
f 14106 14107 14190
f 14197 14108 14107
f 14108 14190 14107
f 14190 14108 14092
f 14108 14197 14092
f 14109 14205 14209
f 14109 14093 14205
f 14093 14109 14202
f 14209 14110 14109
f 14110 14202 14109
f 14202 14110 14206
f 14110 14209 14213
f 14111 14110 14213
f 14110 14111 14206
f 14213 14094 14112
f 14094 14206 14112
f 14112 14111 14213
f 14111 14112 14206
f 14155 14156 14113
f 14113 14095 14155
f 14071 14217 14114
f 14114 14215 14097
f 14160 14095 14115
f 14156 14115 14113
f 14215 14114 14116
f 14114 14217 14116
f 14157 14163 14117
f 14157 14117 14118
f 14117 14158 14118
f 14167 14171 14120
f 14171 14119 14120
f 14119 14168 14120
f 14168 14119 14172
f 14175 14179 14121
f 14183 14187 14123
f 14187 14122 14123
f 14122 14184 14123
f 14184 14122 14188
f 14191 14195 14124
f 14199 14203 14126
f 14203 14125 14126
f 14125 14200 14126
f 14200 14125 14204
f 14207 14211 14127
f 14207 14127 14128
f 14127 14208 14128
f 14217 14216 14116
f 14215 14116 14129
f 14116 14216 14129
f 14159 14160 14115
f 14156 14130 14115
f 14130 14159 14115
f 14130 14156 14157
f 14157 14118 14130
f 14118 14159 14130
f 14159 14118 14158
f 14119 14171 14175
f 14175 14131 14119
f 14131 14172 14119
f 14172 14131 14176
f 14121 14131 14175
f 14131 14121 14176
f 14122 14187 14191
f 14191 14132 14122
f 14132 14188 14122
f 14188 14132 14192
f 14124 14132 14191
f 14132 14124 14192
f 14125 14203 14207
f 14204 14125 14128
f 14125 14207 14128
f 14204 14128 14208
f 14164 14158 14133
f 14180 14176 14136
f 14196 14192 14138
f 14212 14208 14140
f 14215 14129 14134
f 14129 14216 14134
f 14133 14117 14163
f 14117 14133 14158
f 14135 14120 14168
f 14120 14135 14167
f 14136 14121 14179
f 14121 14136 14176
f 14137 14123 14184
f 14123 14137 14183
f 14138 14124 14195
f 14124 14138 14192
f 14139 14126 14200
f 14126 14139 14199
f 14140 14127 14211
f 14127 14140 14208
f 14141 14163 14167
f 14141 14133 14163
f 14133 14141 14164
f 14167 14142 14141
f 14142 14164 14141
f 14164 14142 14168
f 14135 14142 14167
f 14142 14135 14168
f 14143 14179 14183
f 14143 14136 14179
f 14136 14143 14180
f 14183 14144 14143
f 14144 14180 14143
f 14180 14144 14184
f 14137 14144 14183
f 14144 14137 14184
f 14195 14146 14145
f 14146 14196 14145
f 14196 14146 14195
f 14145 14138 14195
f 14138 14145 14196
f 14199 14147 14195
f 14196 14147 14200
f 14196 14146 14147
f 14146 14195 14147
f 14195 14146 14196
f 14139 14148 14199
f 14148 14139 14200
f 14148 14149 14199
f 14149 14148 14200
f 14149 14147 14199
f 14147 14149 14200
f 14151 14150 14212
f 14150 14151 14211
f 14150 14211 14215
f 14151 14152 14211
f 14152 14151 14212
f 14152 14140 14211
f 14140 14152 14212
f 14215 14153 14150
f 14153 14212 14150
f 14212 14153 14216
f 14134 14153 14215
f 14153 14134 14216
f 14220 14219 14218
f 14220 14218 14221
f 14222 14220 14221
f 14223 14222 14221
f 14223 14221 14224
f 14223 14224 14225
f 14223 14225 14226
f 14223 14226 14227
f 14223 14227 14228
f 14223 14228 14229
f 14223 14229 14230
f 14223 14230 14231
f 14223 14231 14232
f 14223 14232 14233
f 14223 14233 14234
f 14223 14234 14235
f 14223 14235 14236
f 14237 14223 14236
f 14238 14237 14236
f 14239 14238 14236
f 14240 14239 14236
f 14241 14240 14236
f 14239 14240 14242
f 14239 14242 14243
f 14240 14241 14244
f 14240 14244 14242
f 14241 14236 14245
f 14241 14245 14244
f 14236 14235 14246
f 14236 14246 14245
f 14235 14234 14247
f 14235 14247 14246
f 14234 14233 14248
f 14234 14248 14247
f 14233 14232 14249
f 14233 14249 14248
f 14232 14231 14250
f 14232 14250 14249
f 14231 14230 14251
f 14231 14251 14250
f 14230 14229 14252
f 14230 14252 14251
f 14229 14228 14253
f 14229 14253 14252
f 14228 14227 14254
f 14228 14254 14253
f 14227 14226 14255
f 14227 14255 14254
f 14226 14225 14256
f 14226 14256 14255
f 14225 14224 14257
f 14225 14257 14256
f 14224 14221 14258
f 14224 14258 14257
f 14221 14218 14259
f 14221 14259 14258
f 14218 14219 14260
f 14218 14260 14259
f 14219 14220 14261
f 14219 14261 14260
f 14220 14222 14262
f 14220 14262 14261
f 14222 14223 14263
f 14222 14263 14262
f 14223 14237 14264
f 14223 14264 14263
f 14237 14238 14265
f 14237 14265 14264
f 14238 14239 14243
f 14238 14243 14265
f 14253 14254 14255
f 14252 14253 14255
f 14252 14255 14256
f 14252 14256 14257
f 14251 14252 14257
f 14250 14251 14257
f 14249 14250 14257
f 14248 14249 14257
f 14247 14248 14257
f 14246 14247 14257
f 14245 14246 14257
f 14244 14245 14257
f 14242 14244 14257
f 14243 14242 14257
f 14265 14243 14257
f 14264 14265 14257
f 14263 14264 14257
f 14262 14263 14257
f 14261 14262 14257
f 14260 14261 14257
f 14259 14260 14257
f 14258 14259 14257
f 14268 14267 14266
f 14268 14266 14269
f 14270 14268 14269
f 14271 14270 14269
f 14271 14269 14272
f 14271 14272 14273
f 14271 14273 14274
f 14271 14274 14275
f 14271 14275 14276
f 14271 14276 14277
f 14271 14277 14278
f 14271 14278 14279
f 14271 14279 14280
f 14271 14280 14281
f 14271 14281 14282
f 14271 14282 14283
f 14271 14283 14284
f 14285 14271 14284
f 14286 14285 14284
f 14287 14286 14284
f 14288 14287 14284
f 14289 14288 14284
f 14287 14288 14290
f 14287 14290 14291
f 14288 14289 14292
f 14288 14292 14290
f 14289 14284 14293
f 14289 14293 14292
f 14284 14283 14294
f 14284 14294 14293
f 14283 14282 14295
f 14283 14295 14294
f 14282 14281 14296
f 14282 14296 14295
f 14281 14280 14297
f 14281 14297 14296
f 14280 14279 14298
f 14280 14298 14297
f 14279 14278 14299
f 14279 14299 14298
f 14278 14277 14300
f 14278 14300 14299
f 14277 14276 14301
f 14277 14301 14300
f 14276 14275 14302
f 14276 14302 14301
f 14275 14274 14303
f 14275 14303 14302
f 14274 14273 14304
f 14274 14304 14303
f 14273 14272 14305
f 14273 14305 14304
f 14272 14269 14306
f 14272 14306 14305
f 14269 14266 14307
f 14269 14307 14306
f 14266 14267 14308
f 14266 14308 14307
f 14267 14268 14309
f 14267 14309 14308
f 14268 14270 14310
f 14268 14310 14309
f 14270 14271 14311
f 14270 14311 14310
f 14271 14285 14312
f 14271 14312 14311
f 14285 14286 14313
f 14285 14313 14312
f 14286 14287 14291
f 14286 14291 14313
f 14301 14302 14303
f 14300 14301 14303
f 14300 14303 14304
f 14300 14304 14305
f 14299 14300 14305
f 14298 14299 14305
f 14297 14298 14305
f 14296 14297 14305
f 14295 14296 14305
f 14294 14295 14305
f 14293 14294 14305
f 14292 14293 14305
f 14290 14292 14305
f 14291 14290 14305
f 14313 14291 14305
f 14312 14313 14305
f 14311 14312 14305
f 14310 14311 14305
f 14309 14310 14305
f 14308 14309 14305
f 14307 14308 14305
f 14306 14307 14305
f 14316 14315 14314
f 14316 14314 14317
f 14316 14317 14318
f 14316 14318 14319
f 14317 14314 14320
f 14317 14320 14318
f 14314 14315 14321
f 14314 14321 14320
f 14315 14316 14319
f 14315 14319 14321
f 14319 14318 14322
f 14319 14322 14323
f 14318 14320 14324
f 14318 14324 14322
f 14320 14321 14325
f 14320 14325 14324
f 14321 14319 14323
f 14321 14323 14325
f 14323 14322 14326
f 14323 14326 14327
f 14322 14324 14328
f 14322 14328 14326
f 14324 14325 14329
f 14324 14329 14328
f 14325 14323 14327
f 14325 14327 14329
f 14327 14326 14330
f 14327 14330 14331
f 14326 14328 14332
f 14326 14332 14330
f 14328 14329 14333
f 14328 14333 14332
f 14329 14327 14331
f 14329 14331 14333
f 14331 14330 14334
f 14331 14334 14335
f 14330 14332 14336
f 14330 14336 14334
f 14332 14333 14337
f 14332 14337 14336
f 14333 14331 14335
f 14333 14335 14337
f 14335 14334 14338
f 14335 14338 14339
f 14334 14336 14340
f 14334 14340 14338
f 14336 14337 14341
f 14336 14341 14340
f 14337 14335 14339
f 14337 14339 14341
f 14339 14338 14342
f 14339 14342 14343
f 14338 14340 14344
f 14338 14344 14342
f 14340 14341 14345
f 14340 14345 14344
f 14341 14339 14343
f 14341 14343 14345
f 14343 14342 14346
f 14343 14346 14347
f 14342 14344 14348
f 14342 14348 14346
f 14344 14345 14349
f 14344 14349 14348
f 14345 14343 14347
f 14345 14347 14349
f 14347 14346 14350
f 14347 14350 14351
f 14346 14348 14352
f 14346 14352 14350
f 14348 14349 14353
f 14348 14353 14352
f 14349 14347 14351
f 14349 14351 14353
f 14351 14350 14354
f 14351 14354 14355
f 14350 14352 14356
f 14350 14356 14354
f 14352 14353 14357
f 14352 14357 14356
f 14353 14351 14355
f 14353 14355 14357
f 14354 14356 14358
f 14356 14357 14358
f 14355 14354 14359
f 14355 14359 14360
f 14354 14358 14361
f 14354 14361 14359
f 14358 14357 14362
f 14358 14362 14361
f 14357 14355 14360
f 14357 14360 14362
f 14360 14359 14363
f 14360 14363 14364
f 14359 14361 14365
f 14359 14365 14363
f 14361 14362 14366
f 14361 14366 14365
f 14362 14360 14364
f 14362 14364 14366
f 14364 14363 14367
f 14364 14367 14368
f 14363 14365 14369
f 14363 14369 14367
f 14365 14366 14370
f 14365 14370 14369
f 14366 14364 14368
f 14366 14368 14370
f 14368 14367 14371
f 14368 14371 14372
f 14367 14369 14373
f 14367 14373 14371
f 14369 14370 14374
f 14369 14374 14373
f 14370 14368 14372
f 14370 14372 14374
f 14372 14371 14375
f 14372 14375 14376
f 14371 14373 14377
f 14371 14377 14375
f 14373 14374 14378
f 14373 14378 14377
f 14374 14372 14376
f 14374 14376 14378
f 14377 14378 14376
f 14375 14377 14376
f 14381 14380 14379
f 14381 14379 14382
f 14381 14382 14383
f 14381 14383 14384
f 14382 14379 14385
f 14382 14385 14383
f 14379 14380 14386
f 14379 14386 14385
f 14380 14381 14384
f 14380 14384 14386
f 14384 14383 14387
f 14384 14387 14388
f 14383 14385 14389
f 14383 14389 14387
f 14385 14386 14390
f 14385 14390 14389
f 14386 14384 14388
f 14386 14388 14390
f 14388 14387 14391
f 14388 14391 14392
f 14387 14389 14393
f 14387 14393 14391
f 14389 14390 14394
f 14389 14394 14393
f 14390 14388 14392
f 14390 14392 14394
f 14392 14391 14395
f 14392 14395 14396
f 14391 14393 14397
f 14391 14397 14395
f 14393 14394 14398
f 14393 14398 14397
f 14394 14392 14396
f 14394 14396 14398
f 14396 14395 14399
f 14396 14399 14400
f 14395 14397 14401
f 14395 14401 14399
f 14397 14398 14402
f 14397 14402 14401
f 14398 14396 14400
f 14398 14400 14402
f 14400 14399 14403
f 14400 14403 14404
f 14399 14401 14405
f 14399 14405 14403
f 14401 14402 14406
f 14401 14406 14405
f 14402 14400 14404
f 14402 14404 14406
f 14404 14403 14407
f 14404 14407 14408
f 14403 14405 14409
f 14403 14409 14407
f 14405 14406 14410
f 14405 14410 14409
f 14406 14404 14408
f 14406 14408 14410
f 14408 14407 14411
f 14408 14411 14412
f 14407 14409 14413
f 14407 14413 14411
f 14409 14410 14414
f 14409 14414 14413
f 14410 14408 14412
f 14410 14412 14414
f 14412 14411 14415
f 14412 14415 14416
f 14411 14413 14417
f 14411 14417 14415
f 14413 14414 14418
f 14413 14418 14417
f 14414 14412 14416
f 14414 14416 14418
f 14416 14415 14419
f 14416 14419 14420
f 14415 14417 14421
f 14415 14421 14419
f 14417 14418 14422
f 14417 14422 14421
f 14418 14416 14420
f 14418 14420 14422
f 14420 14419 14423
f 14420 14423 14424
f 14419 14421 14425
f 14419 14425 14423
f 14421 14422 14426
f 14421 14426 14425
f 14422 14420 14424
f 14422 14424 14426
f 14424 14423 14427
f 14424 14427 14428
f 14423 14425 14429
f 14423 14429 14427
f 14425 14426 14430
f 14425 14430 14429
f 14426 14424 14428
f 14426 14428 14430
f 14428 14427 14431
f 14428 14431 14432
f 14427 14429 14433
f 14427 14433 14431
f 14429 14430 14434
f 14429 14434 14433
f 14430 14428 14432
f 14430 14432 14434
f 14432 14431 14435
f 14432 14435 14436
f 14431 14433 14437
f 14431 14437 14435
f 14433 14434 14438
f 14433 14438 14437
f 14434 14432 14436
f 14434 14436 14438
f 14436 14435 14439
f 14436 14439 14440
f 14435 14437 14441
f 14435 14441 14439
f 14437 14438 14442
f 14437 14442 14441
f 14438 14436 14440
f 14438 14440 14442
f 14441 14442 14440
f 14439 14441 14440
