v -1.84 6.32 0.22
v -2.16 6.72 0.12
v -1.92 7.35 0.47
v -1.57 6.87 0.54
v -3.04 2.81 9.49
v -3.50 3.11 9.47
v -3.47 2.81 9.45
v -3.49 3.36 9.48
v -3.00 3.82 9.60
v -3.41 3.60 9.51
v -3.00 4.38 9.53
v -3.46 4.48 9.39
v -3.43 4.25 9.42
v -3.39 4.69 9.35
v -3.26 5.00 9.32
v -3.01 5.00 9.32
v -3.38 5.25 9.14
v -3.36 5.43 9.06
v -3.02 5.38 9.19
v -3.27 5.60 9.01
v -3.19 5.87 8.95
v -3.22 5.98 8.93
v -3.02 5.95 8.92
v -3.26 6.07 8.85
v -3.05 6.35 8.65
v -3.37 6.28 8.68
v -3.33 6.15 8.80
v -3.14 6.46 8.58
v -3.31 3.92 9.47
v -0.97 6.87 7.55
v -1.69 7.35 7.62
v -1.72 6.94 7.97
v -1.16 7.30 7.04
v -1.71 7.47 7.47
v -1.75 7.63 7.22
v -1.39 7.64 6.45
v -1.79 7.73 7.01
v -1.83 7.88 6.68
v -1.53 7.83 5.87
v -1.94 7.98 6.33
v -1.98 8.03 6.09
v -2.09 7.91 5.99
v -4.43 7.93 6.01
v -4.99 7.86 5.88
v -4.65 7.95 6.05
v -4.21 8.01 6.08
v -3.97 8.00 5.99
v -3.89 8.05 6.10
v -3.36 8.08 6.11
v -3.26 8.03 6.01
v -3.24 8.08 6.12
v -2.89 8.09 6.12
v -2.54 8.00 5.98
v -2.67 8.09 6.12
v -2.46 8.07 6.11
v -2.24 8.06 6.10
v -5.16 7.15 7.58
v -5.55 6.90 7.57
v -5.20 7.01 7.75
v -5.09 7.29 7.44
v -5.05 7.41 7.27
v -5.35 7.32 7.05
v -4.97 7.53 7.09
v -4.91 7.63 6.92
v -5.12 7.66 6.46
v -4.84 7.75 6.69
v -4.78 7.82 6.53
v -4.70 7.86 6.32
v -4.68 7.92 6.15
v -1.97 6.30 8.50
v -2.24 6.84 8.34
v -2.40 6.28 8.60
v -2.49 6.77 8.47
v -2.84 6.31 8.65
v -2.76 6.66 8.56
v -5.06 6.85 7.95
v -5.23 6.46 8.13
v -4.91 6.74 8.12
v -4.64 6.64 8.30
v -4.54 6.32 8.51
v -4.45 6.57 8.37
v -4.11 6.30 8.61
v -4.07 6.56 8.46
v -3.87 6.55 8.49
v -3.73 6.65 8.43
v -3.92 3.10 9.46
v -4.29 2.77 9.43
v -3.87 2.83 9.46
v -3.95 3.36 9.48
v -4.33 3.82 9.52
v -3.95 3.61 9.49
v -3.83 3.88 9.46
v -4.30 4.37 9.46
v -3.98 4.18 9.39
v -4.03 4.45 9.34
v -3.96 4.74 9.28
v -4.26 4.97 9.28
v -3.83 4.99 9.26
v -3.97 5.21 9.20
v -4.20 5.39 9.11
v -4.01 5.42 9.09
v -3.96 5.64 9.00
v -3.82 5.84 8.97
v -4.18 5.94 8.85
v -3.88 5.98 8.92
v -3.94 6.07 8.85
v -4.01 6.29 8.68
v -4.00 6.17 8.77
v -3.97 6.42 8.57
v -3.10 10.90 -4.81
v -3.27 10.92 -4.80
v -3.16 10.79 -4.50
v -3.49 10.90 -4.81
v -3.42 10.79 -4.51
v -2.97 9.66 -4.64
v -3.11 9.61 -4.80
v -3.12 9.76 -4.87
v -3.29 9.54 -4.71
v -3.30 9.75 -4.94
v -3.47 9.61 -4.79
v -3.62 9.66 -4.64
v -3.47 9.76 -4.87
v -7.52 3.77 7.18
v -7.97 3.61 7.18
v -7.83 3.72 7.51
v -7.37 3.91 7.19
v -3.78 8.98 2.45
v -3.94 8.78 2.75
v -3.85 8.85 2.72
v -3.63 8.97 2.75
v -6.61 3.99 2.60
v -6.29 4.13 2.86
v -6.03 4.29 2.67
v -6.91 3.89 3.26
v -6.47 4.06 3.26
v -7.33 3.81 3.23
v -6.47 4.29 2.82
v -6.28 4.39 2.54
v -6.54 4.13 3.31
v -6.52 4.01 3.71
v -6.59 4.08 3.68
v -6.52 3.99 4.06
v -6.59 4.07 4.02
v -6.41 4.15 4.53
v -6.53 4.22 4.42
v -6.33 4.49 4.76
v -6.48 4.54 4.66
v -6.37 4.14 4.58
v -6.24 4.86 4.74
v -6.38 4.88 4.68
v -6.20 5.03 4.69
v -6.32 5.03 4.65
v -6.19 5.26 4.51
v -6.26 5.22 4.47
v -6.19 5.36 4.32
v -6.25 5.31 4.28
v -6.19 5.40 4.09
v -6.27 5.30 4.10
v -6.13 5.04 4.66
v -6.10 4.79 4.73
v -6.05 4.47 4.69
v -6.13 4.16 4.52
v -5.96 5.09 2.16
v -5.95 4.76 2.19
v -6.14 4.75 2.17
v -6.12 5.08 2.13
v -6.03 5.34 2.25
v -6.06 5.36 2.23
v -6.04 5.52 2.57
v -6.15 5.35 2.28
v -6.23 5.15 2.16
v -6.33 4.92 2.17
v -6.01 4.58 2.34
v -6.18 4.59 2.30
v -6.36 4.69 2.34
v -6.37 4.46 2.57
v -6.28 5.10 2.95
v -6.23 5.07 2.54
v -6.39 4.74 3.00
v -6.38 4.60 2.81
v -6.45 4.41 3.02
v -6.52 4.29 3.40
v -6.55 4.19 3.73
v -6.54 4.18 4.04
v -6.54 4.31 4.35
v -6.50 4.58 4.50
v -6.45 4.86 4.50
v -6.40 5.00 4.44
v -6.34 5.14 4.30
v -6.33 5.22 4.22
v -6.33 5.23 4.12
v -6.27 5.23 3.86
v -6.31 5.14 3.94
v -6.23 5.05 3.69
v -6.27 4.96 3.79
v -6.25 4.91 3.65
v -6.38 4.80 3.74
v -6.29 4.78 3.50
v -6.36 4.64 3.58
v -6.26 4.83 3.48
v -6.22 4.78 3.35
v -6.33 4.62 3.48
v -6.19 4.79 3.37
v -6.29 4.64 3.35
v -6.24 4.74 3.16
v -6.18 4.82 3.18
v -6.46 4.58 4.44
v -6.41 4.82 4.44
v -6.38 4.94 4.39
v -6.33 5.08 4.25
v -6.31 5.13 4.15
v -6.33 5.14 4.10
v -6.46 4.58 3.27
v -6.46 4.51 3.48
v -6.49 4.32 3.41
v -6.49 4.25 3.75
v -6.50 4.23 4.01
v -6.45 4.32 4.25
v -6.34 4.55 4.39
v -6.25 4.74 4.40
v -6.19 4.88 4.35
v -6.14 4.98 4.23
v -6.15 5.01 4.13
v -6.30 4.90 3.91
v -6.30 4.86 4.03
v -6.43 4.66 3.71
v -6.32 4.79 4.05
v -6.38 4.70 4.09
v -6.44 4.63 4.11
v -6.47 4.47 4.09
v -6.18 5.40 3.70
v -6.29 5.18 3.71
v -6.18 5.38 3.31
v -6.32 5.10 3.59
v -6.38 4.97 3.46
v -6.40 4.95 3.36
v -6.39 4.93 3.27
v -6.36 4.97 3.19
v -6.34 5.01 3.13
v -6.12 5.41 2.98
v -6.16 6.12 4.70
v -6.22 5.18 4.91
v -6.17 5.98 4.15
v -6.26 6.08 5.46
v -6.10 6.40 5.10
v -6.27 5.53 5.13
v -6.02 6.75 5.32
v -6.22 6.44 5.66
v -5.79 7.24 5.60
v -6.04 6.96 6.01
v -6.17 6.04 3.81
v -6.14 6.30 3.38
v -6.05 5.95 2.83
v -5.99 5.75 2.37
v -5.91 5.51 1.89
v -5.91 5.16 1.90
v -5.89 5.41 1.71
v -5.56 4.40 1.62
v -5.79 4.85 1.75
v -5.65 5.17 1.18
v -5.84 5.33 1.57
v -5.47 5.88 0.85
v -5.31 5.31 0.59
v -5.44 4.95 0.93
v -5.06 5.87 0.44
v -5.14 5.64 0.32
v -4.28 6.54 -0.26
v -4.62 6.29 -0.12
v -4.74 6.32 0.23
v -4.42 6.73 0.12
v -3.88 6.74 -0.36
v -4.01 7.10 0.12
v -3.30 6.83 -0.40
v -3.29 7.10 -0.01
v -5.52 4.66 1.25
v -4.91 5.98 0.08
v -3.70 8.00 0.28
v -3.28 7.98 0.24
v -4.02 8.13 0.39
v -4.30 7.75 0.45
v -4.65 7.36 0.48
v -5.00 6.88 0.56
v -5.25 6.37 0.69
v -5.78 5.50 1.35
v -5.81 5.75 1.57
v -5.60 6.41 1.30
v -5.41 6.86 1.08
v -5.21 7.32 0.93
v -4.81 7.79 0.74
v -4.42 8.09 0.64
v -4.12 8.27 0.49
v -4.48 8.30 0.77
v -4.16 8.49 0.58
v -4.83 8.09 0.97
v -5.26 7.54 1.17
v -5.29 7.76 1.42
v -5.48 7.28 1.47
v -5.46 7.00 1.21
v -5.63 6.61 1.47
v -5.86 6.15 1.91
v -5.92 6.43 2.26
v -5.69 6.88 1.81
v -5.52 7.47 1.79
v -5.71 7.19 2.16
v -5.91 6.84 2.63
v -4.48 8.48 0.99
v -4.11 8.73 0.73
v -4.83 8.30 1.21
v -5.27 8.03 1.81
v -5.50 7.82 2.16
v -5.68 7.57 2.58
v -5.87 7.22 3.04
v -5.99 6.89 3.57
v -6.09 6.70 3.82
v -6.09 6.64 4.02
v -6.09 6.53 4.42
v -6.08 6.63 4.65
v -5.99 6.85 4.72
v -5.87 7.19 4.89
v -5.75 7.44 5.10
v -5.40 7.66 5.80
v -5.39 7.84 5.46
v -4.96 8.03 5.54
v -4.54 8.14 5.53
v -4.25 8.17 5.49
v -3.96 8.24 5.34
v -3.25 8.15 5.67
v -3.59 8.33 5.13
v -3.26 8.32 5.08
v -5.85 7.21 3.75
v -5.91 7.13 3.91
v -5.77 7.50 3.35
v -5.59 7.81 2.95
v -5.39 8.07 2.58
v -5.20 8.23 2.20
v -4.70 8.46 1.52
v -4.48 8.58 1.14
v -5.68 7.45 3.95
v -5.68 7.43 4.01
v -5.63 7.65 3.63
v -5.56 7.90 3.13
v -5.50 7.72 4.05
v -5.46 7.78 3.79
v -5.39 7.95 3.49
v -5.21 8.18 3.12
v -4.99 8.46 2.57
v -4.66 8.59 2.03
v -4.34 8.80 1.79
v -4.26 8.76 1.62
v -4.38 8.69 1.41
v -4.44 8.64 1.24
v -4.07 8.93 0.92
v -3.98 8.88 0.69
v -5.26 7.95 3.96
v -4.99 8.12 3.87
v -4.94 8.27 3.41
v -4.73 8.51 2.91
v -4.47 8.64 2.56
v -4.29 8.76 2.31
v -4.07 8.88 2.30
v -4.27 8.87 1.99
v -4.08 8.91 1.09
v -4.07 8.88 1.32
v -4.09 8.88 1.59
v -4.19 8.77 1.71
v -4.67 8.28 3.63
v -4.74 8.18 3.86
v -4.48 8.41 3.29
v -4.25 8.59 3.01
v -3.97 8.73 2.83
v -3.46 9.10 2.52
v -3.45 9.15 2.76
v -3.26 9.14 2.70
v -3.27 9.11 2.44
v -3.38 9.19 2.42
v -3.64 9.12 2.37
v -3.88 9.06 2.26
v -4.07 8.97 2.14
v -4.09 8.96 1.99
v -3.93 9.04 2.05
v -3.73 9.11 2.10
v -3.55 9.16 2.12
v -3.27 9.20 2.04
v -3.27 9.20 2.25
v -4.48 8.22 3.78
v -4.48 8.22 3.88
v -4.27 8.35 3.57
v -4.08 8.47 3.41
v -3.86 8.69 3.30
v -3.91 8.62 3.16
v -4.22 8.17 3.93
v -4.12 8.25 3.77
v -3.90 8.35 3.70
v -3.78 8.45 3.70
v -4.00 8.15 3.96
v -3.78 8.25 3.97
v -5.95 7.00 4.26
v -5.97 6.96 4.43
v -5.92 7.03 4.13
v -5.58 7.62 4.37
v -5.68 7.49 4.49
v -5.76 7.37 4.66
v -5.56 7.65 4.69
v -5.64 7.59 4.73
v -5.27 7.91 5.06
v -5.20 7.98 4.97
v -4.84 8.15 5.11
v -4.91 8.11 5.17
v -4.61 8.20 5.20
v -4.55 8.22 5.11
v -4.33 8.26 5.15
v -4.29 8.20 5.03
v -4.06 8.29 5.03
v -4.08 8.19 4.92
v -3.77 8.34 5.01
v -3.91 8.16 4.79
v -5.52 7.68 4.23
v -5.68 7.47 4.23
v -5.70 7.48 4.10
v -5.50 7.69 4.14
v -5.94 7.13 4.00
v -6.05 6.83 3.93
v -6.03 6.94 4.61
v -5.88 7.32 4.78
v -5.75 7.51 4.96
v -5.38 7.89 5.27
v -4.99 8.08 5.41
v -4.57 8.18 5.43
v -4.27 8.26 5.34
v -3.99 8.29 5.23
v -3.61 8.36 5.01
v -4.06 8.30 5.14
v -4.27 8.27 5.21
v -4.58 8.24 5.27
v -4.94 8.14 5.24
v -5.29 7.98 5.11
v -5.68 7.63 4.77
v -5.85 7.34 4.71
v -6.00 6.97 4.50
v -3.48 9.08 1.95
v -3.27 9.12 1.87
v -3.68 9.03 1.95
v -3.89 8.96 1.96
v -4.06 8.89 1.91
v -4.20 8.81 1.88
v -4.19 8.86 1.78
v -4.11 8.93 1.84
v -4.10 8.91 1.75
v -3.88 9.01 1.89
v -3.68 9.09 1.88
v -3.47 9.14 1.86
v -3.28 9.16 1.82
v -3.46 9.18 1.66
v -3.27 9.17 1.64
v -3.71 9.14 1.70
v -3.91 9.07 1.80
v -3.88 8.99 1.58
v -3.67 9.04 1.51
v -3.47 9.07 1.51
v -3.28 9.03 1.48
v -3.27 9.04 1.29
v -3.55 9.07 1.30
v -3.82 9.03 1.37
v -3.86 9.07 1.20
v -3.52 9.09 1.17
v -3.28 9.09 1.10
v -3.49 9.12 0.98
v -3.27 9.11 0.92
v -3.66 9.13 0.96
v -3.85 9.09 1.02
v -3.87 9.08 0.86
v -3.70 9.05 0.66
v -3.47 9.08 0.71
v -3.28 9.09 0.74
v -3.85 9.00 0.66
v -3.28 9.22 0.16
v -3.67 9.16 0.19
v -4.01 8.96 0.17
v -4.02 8.85 0.49
v -4.10 8.74 0.08
v -4.10 8.48 -0.03
v -3.89 8.29 -0.19
v -3.68 8.20 -0.16
v -3.28 8.19 -0.20
v -5.74 8.14 -9.81
v -6.16 8.10 -9.78
v -5.59 8.09 -9.08
v -6.34 8.13 -10.47
v -5.87 8.21 -10.53
v -6.54 8.08 -11.17
v -5.95 8.16 -11.27
v -6.53 8.01 -9.68
v -6.24 7.98 -9.03
v -5.96 8.01 -9.08
v -6.80 8.02 -10.34
v -7.06 7.99 -11.00
v -6.84 7.91 -9.60
v -6.50 7.90 -8.97
v -7.23 7.90 -10.21
v -7.59 7.87 -10.82
v -7.17 7.81 -9.44
v -6.74 7.87 -8.84
v -7.57 7.78 -10.06
v -8.03 7.75 -10.66
v -7.53 7.67 -9.28
v -7.02 7.75 -8.69
v -8.05 7.59 -9.82
v -8.60 7.52 -10.37
v -7.75 7.57 -9.04
v -7.23 7.65 -8.46
v -8.28 7.46 -9.62
v -8.87 7.42 -10.14
v -7.91 7.49 -8.91
v -8.53 7.35 -9.43
v -9.21 7.27 -9.91
v -8.14 7.37 -8.64
v -7.39 7.54 -8.22
v -8.91 7.23 -9.02
v -9.70 7.07 -9.36
v -8.29 7.22 -8.24
v -7.50 7.42 -7.80
v -9.12 7.08 -8.63
v -9.94 6.87 -8.99
v -8.40 7.13 -8.00
v -9.30 6.90 -8.19
v -10.20 6.68 -8.41
v -8.55 6.94 -7.44
v -7.67 7.14 -7.07
v -9.47 6.79 -7.70
v -10.36 6.56 -7.97
v -8.63 6.88 -7.20
v -9.61 6.66 -7.34
v -10.58 6.42 -7.52
v -8.78 6.64 -6.44
v -7.80 6.93 -6.29
v -9.76 6.42 -6.62
v -10.72 6.18 -6.81
v -8.91 6.35 -5.62
v -7.92 6.64 -5.47
v -9.90 6.13 -5.85
v -10.90 5.91 -6.06
v -8.99 5.99 -4.77
v -8.01 6.30 -4.54
v -9.98 5.76 -5.02
v -10.96 5.50 -5.28
v -9.05 5.62 -4.02
v -8.12 5.96 -3.83
v -10.00 5.36 -4.22
v -10.93 5.09 -4.45
v -9.23 5.07 -3.09
v -8.35 5.34 -2.82
v -10.13 4.82 -3.33
v -11.02 4.56 -3.56
v -9.31 4.75 -2.67
v -8.45 5.03 -2.53
v -10.16 4.50 -2.89
v -10.99 4.24 -3.16
v -9.43 4.43 -2.39
v -8.62 4.66 -2.10
v -10.24 4.20 -2.64
v -11.04 3.89 -2.83
v -9.59 4.04 -1.98
v -8.82 4.25 -1.75
v -10.30 3.78 -2.27
v -11.04 3.54 -2.55
v -9.74 3.42 -1.76
v -9.11 3.62 -1.39
v -10.39 3.30 -2.08
v -11.06 3.20 -2.40
v -9.90 2.94 -1.62
v -9.35 3.02 -1.25
v -10.48 2.89 -1.95
v -11.06 2.80 -2.27
v -10.08 2.43 -1.53
v -9.61 2.42 -1.16
v -10.58 2.38 -1.88
v -11.03 2.37 -2.28
v -5.33 8.21 -8.85
v -5.59 8.24 -8.91
v -5.27 7.86 -7.67
v -5.92 8.20 -8.92
v -6.16 8.12 -8.93
v -6.43 8.07 -8.87
v -6.68 8.03 -8.75
v -6.93 7.93 -8.60
v -7.12 7.84 -8.35
v -7.28 7.76 -8.15
v -7.50 7.59 -7.76
v -6.11 7.37 -6.06
v -5.29 7.41 -5.98
v -5.28 7.64 -6.81
v -6.08 7.64 -6.85
v -6.93 7.25 -6.12
v -6.85 7.51 -6.91
v -7.72 7.11 -6.24
v -7.63 7.33 -7.01
v -6.17 7.05 -5.19
v -5.32 7.08 -5.18
v -7.01 6.93 -5.30
v -7.86 6.85 -5.39
v -6.17 6.72 -4.28
v -5.28 6.71 -4.30
v -7.06 6.63 -4.36
v -7.94 6.49 -4.42
v -6.23 6.39 -3.51
v -5.30 6.37 -3.45
v -7.16 6.29 -3.61
v -8.08 6.20 -3.67
v -6.28 5.95 -2.57
v -5.25 5.92 -2.53
v -7.29 5.81 -2.68
v -8.30 5.74 -2.80
v -6.30 5.56 -1.99
v -5.24 5.62 -1.95
v -7.35 5.46 -2.13
v -8.39 5.32 -2.23
v -6.33 5.19 -1.49
v -5.20 5.34 -1.45
v -7.46 5.08 -1.63
v -8.59 4.94 -1.76
v -6.69 4.80 -1.14
v -5.66 4.97 -1.05
v -7.74 4.68 -1.28
v -8.80 4.59 -1.38
v -6.43 4.46 -0.69
v -5.16 4.86 -0.53
v -7.78 4.25 -0.83
v -9.11 4.12 -1.01
v -6.27 4.29 -0.46
v -5.65 4.43 -0.40
v -6.89 4.16 -0.53
v -7.53 4.05 -0.63
v -8.16 3.96 -0.71
v -8.80 3.91 -0.78
v -9.43 3.88 -0.87
v -6.03 4.16 -0.25
v -5.16 4.52 -0.10
v -6.94 3.95 -0.38
v -7.90 3.84 -0.49
v -8.85 3.76 -0.57
v -9.81 3.68 -0.61
v -10.73 3.48 -0.60
v -6.13 4.11 0.60
v -5.30 4.46 0.75
v -7.00 3.90 0.48
v -7.89 3.79 0.40
v -8.79 3.70 0.34
v -9.67 3.62 0.25
v -10.55 3.41 0.18
v -6.28 4.07 1.51
v -7.04 3.87 1.42
v -7.82 3.76 1.32
v -8.64 3.70 1.24
v -9.43 3.60 1.19
v -10.20 3.41 1.14
v -7.23 3.81 2.55
v -7.87 3.72 2.48
v -8.51 3.65 2.41
v -9.16 3.56 2.35
v -9.79 3.46 2.27
v -7.75 3.73 3.20
v -8.18 3.66 3.16
v -8.62 3.61 3.11
v -9.04 3.54 3.09
v -9.48 3.47 3.08
v -7.42 3.75 3.59
v -8.39 3.60 3.51
v -9.33 3.47 3.44
v -7.69 3.70 4.00
v -6.95 3.83 4.03
v -8.41 3.60 3.92
v -9.15 3.47 3.89
v -7.06 3.80 4.39
v -8.04 3.62 4.35
v -9.01 3.46 4.27
v -7.07 3.80 5.07
v -6.27 4.11 5.12
v -7.91 3.63 4.97
v -8.75 3.50 4.89
v -7.16 3.80 5.92
v -6.55 4.02 5.88
v -7.81 3.67 5.90
v -8.43 3.52 5.84
v -7.36 3.78 6.78
v -7.03 3.94 6.76
v -7.71 3.66 6.74
v -8.06 3.57 6.76
v -5.34 8.05 -9.00
v -10.76 2.35 -0.72
v -10.51 2.42 0.09
v -10.17 2.53 1.06
v -9.75 2.59 2.22
v -9.46 2.61 3.01
v -9.36 2.65 3.33
v -9.16 2.65 3.85
v -9.00 2.66 4.23
v -8.79 2.69 4.85
v -8.43 2.70 5.84
v -8.08 2.73 6.76
v -7.96 2.76 7.19
v -7.85 2.83 7.56
v -5.60 8.21 -11.44
v -5.53 7.74 -11.58
v -5.95 7.65 -11.49
v -6.50 7.58 -11.38
v -7.00 7.44 -11.20
v -7.53 7.34 -11.00
v -8.03 7.23 -10.85
v -8.54 6.97 -10.59
v -8.87 6.92 -10.38
v -9.21 6.81 -10.11
v -9.72 6.57 -9.54
v -9.98 6.46 -9.14
v -10.29 6.25 -8.54
v -10.45 6.08 -8.13
v -10.59 5.96 -7.70
v -10.76 5.70 -6.96
v -10.85 5.37 -6.33
v -10.95 5.06 -5.51
v -11.00 4.67 -4.72
v -11.05 4.21 -3.98
v -11.04 3.85 -3.57
v -11.02 3.52 -3.27
v -11.03 3.18 -3.05
v -11.01 2.91 -2.88
v -10.98 2.63 -2.74
v -11.04 2.33 -2.51
v -5.47 8.24 -10.18
v -4.34 8.33 -10.22
v -3.32 8.29 -10.28
v -3.34 8.45 -11.42
v -4.31 8.39 -11.42
v -4.23 8.17 -8.91
v -3.32 8.11 -9.00
v -4.21 7.79 -7.78
v -3.32 7.82 -7.84
v -5.19 7.76 -7.62
v -4.25 7.51 -6.96
v -3.32 7.45 -6.94
v -5.17 7.52 -6.87
v -4.17 7.19 -6.06
v -3.31 7.12 -6.09
v -5.17 7.23 -6.05
v -4.26 6.88 -5.36
v -3.31 6.85 -5.42
v -5.20 6.92 -5.23
v -4.29 6.52 -4.53
v -3.31 6.56 -4.64
v -5.16 6.47 -4.41
v -3.62 6.25 -3.86
v -3.31 6.29 -3.92
v -4.01 6.22 -3.82
v -4.40 6.20 -3.77
v -4.78 6.15 -3.67
v -5.13 6.04 -3.52
v -3.63 6.10 -3.84
v -3.31 6.12 -3.87
v -4.01 6.06 -3.81
v -4.38 6.01 -3.73
v -4.74 5.94 -3.62
v -5.08 5.87 -3.46
v -3.69 6.13 -3.18
v -3.30 6.14 -3.20
v -4.08 6.06 -3.12
v -4.45 5.93 -3.01
v -4.78 5.78 -2.85
v -5.06 5.58 -2.63
v -3.80 6.24 -2.41
v -3.30 6.32 -2.44
v -4.22 6.09 -2.25
v -4.56 5.88 -2.03
v -4.85 5.61 -1.77
v -5.07 5.30 -1.51
v -3.30 6.48 -1.62
v -3.76 6.43 -1.59
v -4.11 6.29 -1.47
v -4.41 6.09 -1.27
v -4.68 5.84 -1.07
v -4.88 5.54 -0.85
v -5.05 5.22 -0.66
v -3.30 6.67 -0.73
v -3.77 6.60 -0.69
v -4.12 6.45 -0.62
v -4.44 6.22 -0.51
v -4.73 5.95 -0.37
v -4.97 5.66 -0.20
v -5.15 5.35 -0.01
v -5.28 5.04 0.23
v -5.32 4.73 0.48
v -7.79 3.51 7.86
v -7.76 2.83 7.80
v -7.59 3.44 8.04
v -7.52 2.83 7.96
v -7.33 3.43 8.19
v -7.27 2.84 8.10
v -7.05 3.50 8.33
v -7.00 2.84 8.27
v -6.76 3.58 8.49
v -6.75 2.85 8.43
v -6.51 3.65 8.68
v -6.50 2.84 8.60
v -6.28 3.67 8.89
v -6.26 2.83 8.81
v -7.45 3.95 8.01
v -7.73 3.94 7.89
v -7.19 3.98 8.15
v -6.94 4.05 8.31
v -6.68 4.12 8.47
v -6.45 4.20 8.64
v -6.20 4.26 8.83
v -7.28 4.56 7.95
v -7.52 4.56 7.81
v -7.03 4.58 8.09
v -6.81 4.61 8.24
v -6.59 4.66 8.40
v -6.37 4.71 8.55
v -6.15 4.77 8.72
v -7.13 5.07 7.80
v -7.35 5.02 7.65
v -6.90 5.12 7.94
v -6.68 5.17 8.09
v -6.45 5.22 8.24
v -6.23 5.27 8.38
v -6.00 5.32 8.54
v -6.90 5.61 7.58
v -7.10 5.56 7.44
v -6.70 5.66 7.72
v -6.52 5.70 7.87
v -6.32 5.75 8.02
v -6.12 5.79 8.16
v -5.91 5.83 8.27
v -6.64 6.11 7.33
v -6.79 6.04 7.18
v -6.47 6.18 7.47
v -6.31 6.24 7.60
v -6.13 6.30 7.73
v -5.95 6.34 7.86
v -5.75 6.35 7.98
v -6.53 6.48 6.86
v -6.33 6.58 7.08
v -6.08 6.71 7.24
v -5.80 6.82 7.40
v -6.05 6.98 6.61
v -6.24 6.83 6.44
v -5.83 7.12 6.77
v -5.59 7.23 6.91
v -5.67 7.38 6.17
v -5.91 7.15 6.10
v -5.41 7.54 6.32
v -5.82 3.70 9.17
v -5.84 2.71 9.08
v -5.34 3.74 9.35
v -5.36 2.69 9.25
v -4.85 3.80 9.46
v -4.84 2.73 9.37
v -5.77 4.31 9.08
v -5.30 4.35 9.27
v -4.81 4.37 9.39
v -5.71 4.84 8.95
v -5.25 4.90 9.12
v -4.76 4.93 9.23
v -5.58 5.38 8.75
v -5.13 5.41 8.91
v -4.68 5.41 9.03
v -5.51 5.91 8.49
v -5.08 5.94 8.64
v -4.64 5.94 8.76
v -5.37 6.36 8.21
v -4.96 6.34 8.37
v -7.57 4.47 7.62
v -7.41 4.93 7.51
v -7.15 5.53 7.29
v -6.88 6.01 7.04
v -6.61 6.42 6.69
v -6.36 6.69 6.34
v -6.24 4.24 5.08
v -6.40 4.27 5.65
v -6.61 4.29 6.19
v -6.87 4.33 6.71
v -7.19 4.37 7.19
v -6.24 4.55 5.17
v -6.42 4.59 5.69
v -6.60 4.62 6.19
v -6.80 4.67 6.68
v -7.07 4.76 7.12
v -6.24 4.64 5.13
v -6.40 4.74 5.61
v -6.55 4.83 6.08
v -6.71 4.97 6.53
v -6.91 5.18 6.94
v -6.22 4.69 5.09
v -6.36 4.91 5.51
v -6.46 5.15 5.92
v -6.57 5.40 6.32
v -6.71 5.68 6.69
v -6.21 4.76 5.04
v -6.31 5.07 5.39
v -6.39 5.39 5.73
v -6.46 5.72 6.06
v -6.52 6.06 6.39
v -6.18 5.08 5.03
v -6.25 5.38 5.30
v -6.31 5.70 5.56
v -6.34 6.03 5.83
v -6.36 6.38 6.08
v -4.95 8.35 1.86
v -3.28 9.41 -0.47
v -3.67 9.37 -0.43
v -3.65 9.53 -1.06
v -3.28 9.60 -1.10
v -3.60 9.65 -1.68
v -3.28 9.78 -1.74
v -3.55 9.76 -2.31
v -3.29 9.94 -2.38
v -3.49 9.88 -2.95
v -3.29 10.09 -3.02
v -3.43 10.05 -3.60
v -3.29 10.19 -3.68
v -3.39 10.28 -4.27
v -3.95 9.12 -0.48
v -3.88 9.28 -1.13
v -3.83 9.43 -1.79
v -3.79 9.59 -2.44
v -3.76 9.76 -3.08
v -3.72 9.94 -3.73
v -3.71 10.17 -4.36
v -4.08 8.92 -0.58
v -4.02 9.10 -1.23
v -3.97 9.26 -1.87
v -3.91 9.44 -2.52
v -3.87 9.62 -3.17
v -3.83 9.81 -3.81
v -3.83 10.00 -4.46
v -4.06 8.68 -0.67
v -4.01 8.88 -1.31
v -3.96 9.06 -1.94
v -3.90 9.24 -2.58
v -3.86 9.43 -3.21
v -3.83 9.62 -3.86
v -3.81 9.82 -4.50
v -3.88 8.50 -0.84
v -3.85 8.71 -1.46
v -3.81 8.91 -2.09
v -3.75 9.10 -2.72
v -3.70 9.29 -3.36
v -3.65 9.48 -3.99
v -3.64 8.39 -0.82
v -3.61 8.60 -1.47
v -3.59 8.81 -2.14
v -3.55 9.03 -2.81
v -3.53 9.23 -3.46
v -3.49 9.42 -4.13
v -3.28 8.38 -0.84
v -3.29 8.58 -1.49
v -3.29 8.78 -2.14
v -3.29 8.98 -2.77
v -3.29 9.18 -3.43
v -3.30 9.36 -4.07
v -3.66 10.51 -4.52
v -3.42 10.58 -4.43
v -3.66 10.65 -4.58
v -3.70 10.73 -4.73
v -3.73 10.60 -4.86
v -3.51 10.70 -5.02
v -3.28 10.94 -4.81
v -3.29 10.68 -5.02
v -3.45 10.37 -5.09
v -3.73 10.42 -4.99
v -3.29 10.41 -5.02
v -3.78 10.08 -4.53
v -3.78 10.21 -4.62
v -3.77 10.46 -4.73
v -3.72 10.17 -4.89
v -3.74 9.91 -4.70
v -3.50 10.10 -5.02
v -3.30 10.08 -5.00
v -3.45 9.24 2.84
v -3.27 9.28 2.79
v -3.37 9.36 2.92
v -3.26 9.37 3.00
v -3.27 9.31 2.86
v -3.57 9.24 2.99
v -3.36 9.38 3.12
v -3.26 9.38 3.20
v -3.27 9.35 3.32
v -3.50 9.30 3.25
v -3.51 9.31 2.91
v -3.51 8.99 2.96
v -3.69 9.18 3.00
v -3.77 9.10 2.96
v -3.78 9.03 2.88
v -3.64 9.22 3.11
v -3.68 9.18 3.06
v -3.72 9.15 3.15
v -3.81 9.08 3.05
v -3.74 9.05 3.24
v -3.52 9.26 3.37
v -3.90 8.95 3.08
v -3.97 8.82 2.98
v -3.93 8.98 2.90
v -3.83 8.98 2.79
v -3.92 8.90 2.82
v -3.98 8.68 2.93
v -3.98 8.66 3.03
v -3.81 8.84 3.23
v -3.70 8.95 3.34
v -3.53 9.15 3.46
v -3.41 9.31 3.37
v -3.27 9.26 3.44
v -3.48 9.05 3.57
v -3.27 9.05 3.61
v -3.57 9.03 3.51
v -3.47 8.93 3.70
v -3.56 8.88 3.65
v -3.68 8.74 3.52
v -3.67 8.57 3.76
v -3.67 8.38 4.02
v -3.65 8.26 4.26
v -3.77 8.15 4.20
v -3.56 8.74 3.84
v -3.57 8.54 4.09
v -3.54 8.41 4.33
v -3.48 8.82 3.87
v -3.49 8.57 4.13
v -3.49 8.47 4.35
v -3.26 8.96 3.72
v -3.27 8.82 3.84
v -3.26 8.61 4.14
v -3.26 8.49 4.39
v -3.26 8.36 4.67
v -3.49 8.36 4.59
v -3.56 8.31 4.53
v -3.69 8.17 4.42
v -3.78 8.07 4.36
v -3.89 8.04 4.31
v -3.90 8.10 4.13
v -4.11 8.11 4.06
v -4.23 8.14 4.04
v -4.35 8.17 4.03
v -4.48 8.18 4.03
v -4.77 8.20 3.98
v -5.00 8.13 3.98
v -5.18 8.00 4.02
v -5.17 7.98 4.10
v -5.37 7.84 4.17
v -5.01 8.11 4.09
v -4.77 8.19 4.10
v -4.54 8.21 4.13
v -4.36 8.19 4.16
v -4.26 8.15 4.16
v -4.11 8.12 4.14
v -4.01 8.06 4.20
v -4.04 8.09 4.25
v -3.97 8.02 4.27
v -4.08 8.10 4.41
v -4.01 8.05 4.47
v -4.17 8.13 4.38
v -4.16 8.14 4.53
v -4.27 8.17 4.44
v -4.26 8.13 4.69
v -4.29 8.19 4.60
v -4.41 8.20 4.50
v -4.49 8.21 4.65
v -4.50 8.19 4.76
v -4.61 8.21 4.55
v -4.77 8.19 4.62
v -4.77 8.16 4.75
v -4.82 8.20 4.53
v -5.04 8.11 4.54
v -5.09 8.05 4.63
v -5.06 8.13 4.44
v -5.21 7.99 4.41
v -5.20 8.06 4.36
v -5.35 7.84 4.42
v -5.35 7.85 4.27
v -5.47 7.72 4.22
v -5.47 7.79 4.59
v -5.16 8.01 4.80
v -4.83 8.15 4.92
v -4.53 8.20 4.95
v -4.27 8.16 4.88
v -4.10 8.13 4.74
v -3.87 8.05 4.48
v -3.95 8.08 4.61
v -3.83 8.15 4.67
v -3.81 8.14 4.47
v -3.74 8.17 4.52
v -3.56 8.32 4.63
v -3.51 8.35 4.66
v -3.26 8.35 4.74
v -4.16 8.01 4.17
v -4.16 8.02 4.26
v -4.09 8.02 4.22
v -4.27 8.05 4.27
v -4.27 8.04 4.19
v -4.40 8.10 4.31
v -4.39 8.10 4.20
v -4.53 8.16 4.26
v -4.53 8.13 4.18
v -4.54 8.17 4.34
v -4.74 8.17 4.24
v -4.75 8.17 4.34
v -4.75 8.15 4.15
v -4.99 8.06 4.14
v -4.98 8.08 4.22
v -5.00 8.07 4.31
v -5.14 7.97 4.15
v -5.16 7.95 4.24
v -5.24 7.90 4.21
v -5.13 8.01 4.33
v -5.00 8.08 4.35
v -4.75 8.16 4.41
v -5.00 8.08 4.43
v -4.77 8.16 4.50
v -4.55 8.20 4.42
v -4.56 8.17 4.51
v -4.39 8.14 4.46
v -4.28 8.08 4.41
v -4.17 8.01 4.32
v -0.56 4.26 2.64
v -0.30 4.10 2.83
v 0.03 3.95 2.57
v -0.12 4.01 3.23
v 0.32 3.85 3.24
v 0.74 3.76 3.21
v -0.12 4.24 2.80
v -0.32 4.35 2.53
v -0.04 4.10 3.28
v 0.01 4.03 3.65
v -0.06 3.98 3.67
v 0.02 4.03 3.99
v -0.06 3.96 4.03
v -0.04 4.19 4.39
v -0.15 4.11 4.50
v -0.09 4.50 4.63
v -0.23 4.47 4.73
v -0.20 4.11 4.56
v -0.18 4.84 4.65
v -0.32 4.82 4.70
v -0.24 5.00 4.62
v -0.36 4.99 4.65
v -0.30 5.19 4.45
v -0.37 5.22 4.48
v -0.31 5.27 4.27
v -0.37 5.33 4.28
v -0.30 5.27 4.07
v -0.37 5.36 4.07
v -0.43 5.00 4.64
v -0.46 4.77 4.69
v -0.51 4.44 4.67
v -0.43 4.13 4.50
v -0.63 4.72 2.16
v -0.61 5.05 2.14
v -0.46 5.06 2.09
v -0.46 4.72 2.15
v -0.55 5.31 2.22
v -0.52 5.33 2.22
v -0.53 5.49 2.54
v -0.42 5.33 2.24
v -0.35 5.12 2.14
v -0.25 4.89 2.15
v -0.39 4.55 2.27
v -0.59 4.55 2.32
v -0.22 4.66 2.32
v -0.22 4.43 2.54
v -0.35 5.04 2.52
v -0.29 5.06 2.92
v -0.20 4.70 2.98
v -0.20 4.56 2.79
v -0.13 4.38 2.98
v -0.05 4.25 3.37
v -0.03 4.16 3.70
v -0.05 4.15 4.01
v -0.03 4.28 4.33
v -0.06 4.55 4.47
v -0.12 4.82 4.47
v -0.15 4.96 4.42
v -0.22 5.11 4.28
v -0.24 5.20 4.18
v -0.24 5.20 4.08
v -0.25 5.11 3.91
v -0.29 5.19 3.83
v -0.30 4.92 3.77
v -0.34 5.01 3.67
v -0.32 4.88 3.63
v -0.19 4.76 3.71
v -0.22 4.61 3.56
v -0.29 4.75 3.47
v -0.31 4.79 3.45
v -0.25 4.60 3.46
v -0.34 4.75 3.33
v -0.40 4.75 3.35
v -0.28 4.61 3.32
v -0.34 4.70 3.13
v -0.38 4.78 3.16
v -0.10 4.54 4.42
v -0.15 4.78 4.41
v -0.18 4.90 4.36
v -0.24 5.06 4.23
v -0.25 5.10 4.12
v -0.24 5.11 4.07
v -0.11 4.54 3.24
v -0.11 4.47 3.45
v -0.09 4.28 3.37
v -0.08 4.21 3.72
v -0.07 4.19 3.98
v -0.12 4.29 4.24
v -0.23 4.53 4.37
v -0.32 4.70 4.37
v -0.38 4.85 4.32
v -0.43 4.94 4.20
v -0.42 4.98 4.10
v -0.27 4.87 3.88
v -0.27 4.83 4.01
v -0.14 4.62 3.68
v -0.24 4.76 4.03
v -0.19 4.67 4.07
v -0.13 4.59 4.08
v -0.10 4.42 4.05
v -0.27 5.15 3.69
v -0.38 5.36 3.67
v -0.39 5.34 3.28
v -0.24 5.07 3.56
v -0.18 4.93 3.42
v -0.18 4.90 3.34
v -0.19 4.90 3.24
v -0.21 4.95 3.17
v -0.24 4.98 3.09
v -0.45 5.38 2.95
v -0.39 6.07 4.69
v -0.33 5.15 4.88
v -0.38 5.94 4.13
v -0.43 6.38 5.07
v -0.29 6.05 5.43
v -0.28 5.49 5.10
v -0.53 6.72 5.30
v -0.31 6.40 5.64
v -0.73 7.22 5.59
v -0.48 6.93 5.99
v -0.38 6.00 3.78
v -0.42 6.26 3.35
v -0.51 5.92 2.80
v -0.59 5.72 2.34
v -0.67 5.49 1.86
v -0.68 5.15 1.88
v -0.69 5.39 1.68
v -1.03 4.37 1.60
v -0.79 4.83 1.72
v -0.95 5.15 1.16
v -0.74 5.31 1.55
v -1.28 5.28 0.58
v -1.12 5.85 0.84
v -1.16 4.94 0.90
v -1.45 5.62 0.30
v -1.52 5.85 0.41
v -1.96 6.27 -0.13
v -2.32 6.54 -0.28
v -2.71 6.74 -0.37
v -2.56 7.09 0.12
v -1.09 4.63 1.23
v -1.68 5.96 0.07
v -2.86 7.99 0.28
v -2.55 8.12 0.39
v -2.27 7.73 0.43
v -1.32 6.34 0.67
v -0.81 5.48 1.32
v -0.77 5.71 1.54
v -0.98 6.38 1.28
v -1.16 6.84 1.06
v -1.37 7.30 0.91
v -1.75 7.77 0.73
v -2.14 8.08 0.62
v -2.45 8.26 0.49
v -2.40 8.48 0.57
v -2.08 8.29 0.76
v -1.73 8.07 0.96
v -1.27 7.73 1.40
v -1.31 7.52 1.15
v -1.07 7.25 1.45
v -1.10 6.97 1.18
v -0.94 6.59 1.45
v -0.70 6.13 1.89
v -0.65 6.40 2.24
v -0.88 6.85 1.80
v -1.05 7.45 1.77
v -0.85 7.16 2.14
v -0.64 6.81 2.61
v -2.44 8.72 0.72
v -2.07 8.46 0.97
v -1.72 8.28 1.19
v -1.28 8.00 1.79
v -1.05 7.79 2.15
v -0.86 7.54 2.57
v -0.68 7.20 3.02
v -0.56 6.86 3.55
v -0.45 6.68 3.80
v -0.46 6.61 4.00
v -0.46 6.51 4.39
v -0.46 6.61 4.63
v -0.55 6.82 4.69
v -0.66 7.17 4.86
v -0.78 7.41 5.07
v -1.13 7.82 5.45
v -1.13 7.65 5.79
v -1.56 8.01 5.52
v -1.98 8.12 5.52
v -2.27 8.16 5.49
v -2.57 8.24 5.34
v -2.94 8.32 5.13
v -0.69 7.19 3.73
v -0.62 7.10 3.89
v -0.77 7.47 3.33
v -0.94 7.79 2.93
v -1.16 8.05 2.56
v -1.35 8.21 2.18
v -1.84 8.44 1.51
v -2.08 8.57 1.13
v -0.86 7.42 3.93
v -0.85 7.40 3.98
v -0.91 7.63 3.61
v -0.99 7.88 3.11
v -1.04 7.69 4.04
v -1.08 7.76 3.77
v -1.14 7.93 3.47
v -1.33 8.16 3.10
v -1.55 8.44 2.56
v -1.88 8.57 2.02
v -2.20 8.79 1.78
v -2.17 8.67 1.40
v -2.28 8.74 1.61
v -2.11 8.63 1.24
v -2.49 8.92 0.91
v -2.57 8.88 0.69
v -1.27 7.92 3.94
v -1.53 8.10 3.85
v -1.59 8.25 3.40
v -1.80 8.50 2.90
v -2.06 8.63 2.54
v -2.25 8.75 2.30
v -2.47 8.87 2.30
v -2.27 8.86 1.99
v -2.47 8.90 1.08
v -2.48 8.88 1.31
v -2.45 8.87 1.58
v -2.35 8.77 1.72
v -1.87 8.26 3.61
v -1.80 8.17 3.85
v -2.05 8.40 3.27
v -2.27 8.57 2.99
v -2.57 8.72 2.83
v -2.60 8.77 2.74
v -2.76 8.97 2.44
v -3.08 9.09 2.52
v -2.90 8.97 2.75
v -3.09 9.14 2.75
v -3.14 9.19 2.41
v -2.89 9.13 2.37
v -2.66 9.06 2.25
v -2.47 8.96 2.13
v -2.46 8.95 1.99
v -2.61 9.03 2.04
v -2.82 9.11 2.09
v -3.00 9.16 2.12
v -2.05 8.22 3.77
v -2.05 8.21 3.87
v -2.26 8.33 3.58
v -2.45 8.46 3.40
v -2.62 8.60 3.15
v -2.68 8.68 3.29
v -2.32 8.16 3.91
v -2.41 8.24 3.77
v -2.62 8.34 3.69
v -2.75 8.45 3.69
v -2.53 8.14 3.95
v -2.75 8.24 3.97
v -0.59 6.97 4.24
v -0.58 6.92 4.41
v -0.63 7.00 4.11
v -0.94 7.59 4.35
v -0.85 7.46 4.46
v -0.77 7.34 4.63
v -0.97 7.62 4.65
v -0.89 7.57 4.70
v -1.25 7.88 5.03
v -1.32 7.96 4.95
v -1.69 8.14 5.10
v -1.60 8.09 5.16
v -1.92 8.18 5.19
v -1.97 8.20 5.10
v -2.24 8.19 5.01
v -2.18 8.23 5.15
v -2.46 8.28 5.03
v -2.44 8.19 4.91
v -2.60 8.15 4.77
v -2.75 8.33 5.00
v -0.86 7.44 4.21
v -1.02 7.65 4.22
v -0.85 7.45 4.07
v -1.03 7.66 4.13
v -0.60 7.09 3.97
v -0.49 6.80 3.91
v -0.51 6.91 4.59
v -0.65 7.28 4.76
v -0.78 7.49 4.94
v -1.16 7.87 5.25
v -1.53 8.05 5.39
v -1.94 8.16 5.42
v -2.25 8.24 5.33
v -2.53 8.28 5.24
v -2.90 8.36 5.00
v -2.46 8.29 5.13
v -2.24 8.26 5.21
v -1.94 8.22 5.26
v -1.58 8.13 5.22
v -1.22 7.95 5.09
v -0.86 7.60 4.75
v -0.68 7.32 4.69
v -0.55 6.94 4.46
v -3.06 9.07 1.95
v -2.86 9.02 1.95
v -2.65 8.96 1.95
v -2.48 8.88 1.90
v -2.33 8.80 1.87
v -2.36 8.85 1.77
v -2.43 8.90 1.74
v -2.42 8.92 1.82
v -2.65 9.01 1.89
v -2.86 9.08 1.86
v -3.08 9.13 1.86
v -3.08 9.17 1.66
v -2.83 9.14 1.70
v -2.63 9.05 1.80
v -2.66 8.98 1.58
v -2.87 9.04 1.50
v -3.08 9.06 1.51
v -2.98 9.05 1.29
v -2.72 9.02 1.37
v -2.69 9.07 1.19
v -3.02 9.09 1.16
v -3.05 9.11 0.97
v -2.87 9.13 0.96
v -2.69 9.08 1.02
v -2.68 9.08 0.85
v -2.86 9.04 0.65
v -3.08 9.07 0.71
v -2.71 8.99 0.66
v -2.88 9.16 0.18
v -2.55 8.95 0.16
v -2.53 8.84 0.48
v -2.47 8.73 0.07
v -2.46 8.48 -0.04
v -2.66 8.28 -0.20
v -2.89 8.19 -0.16
v -1.06 8.08 -9.10
v -0.49 8.07 -9.80
v -0.90 8.11 -9.82
v -0.32 8.09 -10.50
v -0.79 8.17 -10.55
v -0.13 8.04 -11.19
v -0.72 8.13 -11.30
v -0.69 7.98 -9.11
v -0.41 7.95 -9.05
v -0.12 7.97 -9.71
v 0.15 7.98 -10.37
v 0.39 7.94 -11.03
v -0.15 7.87 -9.00
v 0.18 7.86 -9.63
v 0.57 7.86 -10.25
v 0.92 7.82 -10.85
v 0.09 7.83 -8.85
v 0.51 7.77 -9.47
v 0.91 7.73 -10.10
v 1.37 7.69 -10.70
v 0.38 7.71 -8.72
v 0.87 7.61 -9.33
v 1.40 7.55 -9.87
v 1.93 7.47 -10.42
v 0.59 7.61 -8.50
v 1.09 7.52 -9.08
v 1.62 7.41 -9.67
v 2.21 7.35 -10.19
v 1.26 7.44 -8.95
v 1.87 7.29 -9.48
v 2.54 7.21 -9.96
v 0.75 7.50 -8.26
v 1.50 7.32 -8.68
v 2.25 7.16 -9.07
v 3.04 7.00 -9.42
v 0.87 7.37 -7.83
v 1.65 7.16 -8.28
v 2.47 7.01 -8.68
v 3.28 6.80 -9.05
v 1.75 7.07 -8.05
v 2.65 6.83 -8.25
v 3.54 6.60 -8.48
v 1.03 7.09 -7.11
v 1.90 6.89 -7.49
v 2.82 6.73 -7.76
v 3.71 6.49 -8.03
v 1.99 6.82 -7.25
v 2.96 6.58 -7.38
v 3.92 6.34 -7.59
v 1.17 6.88 -6.34
v 2.14 6.58 -6.50
v 3.11 6.35 -6.67
v 4.08 6.09 -6.89
v 1.29 6.59 -5.51
v 2.27 6.29 -5.67
v 3.26 6.06 -5.90
v 4.26 5.82 -6.12
v 1.38 6.25 -4.58
v 2.35 5.92 -4.82
v 3.34 5.68 -5.08
v 4.33 5.41 -5.34
v 1.49 5.90 -3.87
v 2.42 5.56 -4.07
v 3.36 5.29 -4.27
v 4.30 5.01 -4.52
v 1.72 5.28 -2.86
v 2.60 5.00 -3.13
v 3.50 4.74 -3.39
v 4.39 4.47 -3.63
v 1.83 4.98 -2.58
v 2.68 4.69 -2.72
v 3.53 4.41 -2.95
v 4.36 4.16 -3.23
v 2.00 4.60 -2.15
v 2.79 4.35 -2.45
v 3.62 4.13 -2.70
v 4.41 3.80 -2.91
v 2.20 4.19 -1.80
v 2.95 3.99 -2.04
v 3.67 3.71 -2.34
v 4.39 3.45 -2.61
v 2.49 3.56 -1.44
v 3.10 3.34 -1.81
v 3.76 3.21 -2.15
v 4.42 3.11 -2.46
v 2.71 2.96 -1.30
v 3.27 2.86 -1.67
v 3.84 2.82 -2.01
v 4.41 2.70 -2.33
v 2.97 2.34 -1.21
v 3.43 2.35 -1.59
v 3.93 2.30 -1.95
v 4.38 2.29 -2.34
v -1.37 7.83 -7.69
v -1.06 8.22 -8.93
v -1.31 8.19 -8.87
v -0.73 8.17 -8.94
v -0.48 8.08 -8.95
v -0.21 8.03 -8.90
v 0.04 8.00 -8.77
v 0.28 7.90 -8.63
v 0.48 7.80 -8.40
v 0.64 7.71 -8.18
v 0.86 7.54 -7.81
v -1.34 7.61 -6.83
v -1.34 7.39 -6.00
v -0.52 7.34 -6.08
v -0.56 7.61 -6.88
v 0.29 7.21 -6.15
v 0.22 7.47 -6.95
v 1.09 7.05 -6.28
v 0.99 7.28 -7.04
v -1.30 7.06 -5.20
v -0.45 7.01 -5.22
v 0.39 6.89 -5.33
v 1.23 6.80 -5.43
v -1.35 6.69 -4.31
v -0.45 6.68 -4.31
v 0.43 6.58 -4.39
v 1.32 6.44 -4.47
v -1.31 6.34 -3.46
v -0.38 6.36 -3.53
v 0.54 6.24 -3.64
v 1.46 6.14 -3.71
v -1.37 5.90 -2.55
v -0.34 5.91 -2.59
v 0.67 5.77 -2.71
v 1.68 5.68 -2.84
v -1.37 5.60 -1.96
v -0.31 5.52 -2.01
v 0.74 5.41 -2.16
v 1.77 5.26 -2.27
v -1.40 5.33 -1.47
v -0.28 5.16 -1.51
v 0.85 5.04 -1.66
v 1.97 4.89 -1.80
v -0.96 4.95 -1.07
v 0.09 4.77 -1.16
v 1.13 4.64 -1.32
v 2.18 4.53 -1.43
v -1.44 4.84 -0.55
v -0.17 4.42 -0.72
v 1.16 4.20 -0.86
v 2.49 4.06 -1.06
v -0.97 4.40 -0.42
v -0.35 4.25 -0.48
v 0.28 4.11 -0.56
v 0.91 4.01 -0.66
v 1.54 3.91 -0.75
v 2.17 3.85 -0.83
v 2.82 3.81 -0.93
v -1.44 4.50 -0.12
v -0.58 4.13 -0.27
v 0.32 3.90 -0.41
v 1.27 3.79 -0.53
v 2.24 3.70 -0.61
v 3.18 3.61 -0.66
v 4.11 3.40 -0.67
v -1.31 4.43 0.73
v -0.48 4.09 0.56
v 0.39 3.87 0.45
v 1.28 3.74 0.35
v 2.17 3.64 0.29
v 3.06 3.54 0.19
v 3.93 3.33 0.12
v -0.32 4.03 1.48
v 0.44 3.83 1.38
v 1.23 3.70 1.28
v 2.03 3.65 1.19
v 2.82 3.52 1.14
v 3.59 3.34 1.09
v 0.64 3.77 2.50
v 1.27 3.67 2.43
v 1.92 3.58 2.36
v 2.56 3.50 2.30
v 3.19 3.40 2.21
v 1.17 3.68 3.15
v 1.60 3.61 3.11
v 2.03 3.55 3.06
v 2.46 3.47 3.04
v 2.88 3.40 3.01
v 0.85 3.70 3.55
v 1.80 3.55 3.46
v 2.74 3.41 3.38
v 0.37 3.79 4.00
v 1.11 3.65 3.96
v 1.83 3.54 3.87
v 2.57 3.40 3.84
v 0.48 3.76 4.36
v 1.45 3.56 4.31
v 2.44 3.40 4.22
v -0.30 4.08 5.09
v 0.50 3.75 5.03
v 1.33 3.57 4.93
v 2.17 3.44 4.83
v -0.00 3.99 5.85
v 0.60 3.75 5.89
v 1.23 3.61 5.86
v 1.86 3.46 5.80
v 0.49 3.89 6.73
v 0.81 3.73 6.75
v 1.15 3.61 6.69
v 1.50 3.52 6.71
v 0.81 3.86 7.16
v 0.97 3.72 7.14
v 1.41 3.56 7.13
v -1.31 8.04 -9.02
v 4.13 2.27 -0.78
v 3.87 2.34 0.02
v 3.54 2.45 1.00
v 3.15 2.52 2.16
v 2.85 2.54 2.96
v 2.76 2.58 3.27
v 2.57 2.58 3.79
v 2.41 2.60 4.17
v 2.20 2.63 4.80
v 1.85 2.64 5.80
v 1.50 2.67 6.71
v 1.40 2.71 7.15
v 1.28 3.66 7.47
v 1.28 2.77 7.51
v -1.07 8.20 -11.46
v -0.73 7.62 -11.52
v -1.14 7.72 -11.60
v -0.17 7.55 -11.42
v 0.33 7.40 -11.22
v 0.86 7.29 -11.04
v 1.36 7.18 -10.89
v 1.89 6.96 -10.63
v 2.20 6.84 -10.43
v 2.52 6.72 -10.16
v 3.04 6.49 -9.59
v 3.31 6.35 -9.20
v 3.61 6.16 -8.62
v 3.78 6.01 -8.20
v 3.93 5.88 -7.76
v 4.11 5.61 -7.03
v 4.23 5.35 -6.36
v 4.32 5.00 -5.56
v 4.36 4.58 -4.78
v 4.38 4.08 -4.07
v 4.37 3.72 -3.67
v 4.38 3.40 -3.36
v 4.36 3.09 -3.11
v 4.37 2.83 -2.94
v 4.37 2.58 -2.80
v 4.39 2.24 -2.57
v -1.19 8.21 -10.21
v -2.31 8.32 -10.25
v -2.35 8.37 -11.42
v -2.41 8.16 -8.91
v -2.42 7.77 -7.79
v -1.45 7.73 -7.64
v -2.39 7.50 -6.96
v -1.46 7.49 -6.89
v -2.45 7.18 -6.06
v -1.46 7.21 -6.07
v -2.36 6.87 -5.36
v -1.42 6.89 -5.24
v -2.34 6.51 -4.54
v -1.48 6.45 -4.42
v -3.00 6.24 -3.86
v -2.62 6.21 -3.83
v -2.22 6.18 -3.77
v -1.84 6.13 -3.68
v -1.49 6.02 -3.53
v -2.99 6.09 -3.83
v -2.62 6.05 -3.81
v -2.25 6.00 -3.74
v -1.88 5.93 -3.63
v -1.55 5.84 -3.48
v -2.93 6.13 -3.18
v -2.54 6.04 -3.12
v -2.17 5.92 -3.02
v -1.85 5.76 -2.86
v -1.56 5.55 -2.64
v -2.81 6.24 -2.41
v -2.40 6.09 -2.26
v -2.05 5.87 -2.04
v -1.76 5.59 -1.79
v -1.54 5.27 -1.53
v -2.83 6.42 -1.59
v -2.49 6.29 -1.48
v -2.19 6.07 -1.28
v -1.93 5.83 -1.08
v -1.72 5.52 -0.86
v -1.56 5.19 -0.67
v -2.82 6.59 -0.70
v -2.46 6.45 -0.62
v -2.15 6.21 -0.52
v -1.86 5.94 -0.40
v -1.62 5.64 -0.22
v -1.45 5.32 -0.02
v -1.33 5.01 0.21
v -1.28 4.71 0.46
v 1.25 3.46 7.82
v 1.20 2.78 7.76
v 1.04 3.38 8.00
v 0.97 2.79 7.92
v 0.77 3.40 8.15
v 0.72 2.79 8.07
v 0.51 3.46 8.30
v 0.45 2.79 8.23
v 0.22 3.55 8.47
v 0.20 2.81 8.40
v -0.03 3.62 8.65
v -0.05 2.81 8.57
v -0.27 3.63 8.86
v -0.27 2.80 8.78
v 1.19 3.89 7.85
v 0.91 3.90 7.98
v 0.65 3.94 8.12
v 0.40 4.01 8.27
v 0.14 4.08 8.43
v -0.08 4.15 8.61
v -0.33 4.23 8.81
v 0.98 4.51 7.77
v 0.74 4.52 7.92
v 0.49 4.53 8.06
v 0.27 4.57 8.21
v 0.05 4.62 8.38
v -0.17 4.68 8.53
v -0.38 4.74 8.69
v 0.83 4.97 7.61
v 0.60 5.02 7.76
v 0.37 5.08 7.92
v 0.16 5.13 8.06
v -0.07 5.18 8.21
v -0.29 5.23 8.34
v -0.52 5.29 8.50
v 0.58 5.51 7.40
v 0.37 5.56 7.55
v 0.18 5.62 7.70
v -0.02 5.67 7.84
v -0.20 5.73 7.98
v -0.40 5.76 8.13
v -0.66 5.78 8.27
v 0.26 6.00 7.15
v 0.12 6.07 7.29
v -0.05 6.14 7.44
v -0.22 6.21 7.58
v -0.39 6.26 7.70
v -0.56 6.31 7.84
v -0.76 6.32 7.95
v 0.00 6.45 6.83
v -0.19 6.55 7.06
v -0.44 6.68 7.22
v -0.71 6.80 7.38
v -0.29 6.79 6.41
v -0.47 6.95 6.58
v -0.69 7.09 6.75
v -0.92 7.21 6.89
v -0.61 7.11 6.09
v -0.85 7.35 6.14
v -1.10 7.53 6.29
v -0.70 3.67 9.15
v -0.71 2.68 9.05
v -1.19 3.72 9.32
v -1.19 2.67 9.23
v -1.68 3.78 9.45
v -1.71 2.71 9.35
v -2.20 3.81 9.52
v -2.25 2.76 9.43
v -2.72 3.82 9.58
v -2.78 2.82 9.47
v -0.77 4.29 9.06
v -1.23 4.32 9.24
v -1.72 4.35 9.39
v -2.22 4.37 9.45
v -2.73 4.36 9.51
v -0.82 4.81 8.94
v -1.27 4.87 9.09
v -1.76 4.92 9.21
v -2.25 4.96 9.27
v -2.75 5.00 9.31
v -0.94 5.36 8.73
v -1.38 5.39 8.89
v -1.84 5.40 9.03
v -2.31 5.38 9.11
v -2.78 5.38 9.18
v -1.01 5.88 8.47
v -1.43 5.92 8.62
v -1.88 5.93 8.75
v -2.34 5.93 8.84
v -2.79 5.94 8.90
v -1.13 6.34 8.15
v -1.54 6.33 8.37
v 1.03 4.41 7.58
v 0.87 4.89 7.47
v 0.62 5.48 7.26
v 0.35 5.97 7.00
v 0.08 6.38 6.66
v -0.17 6.66 6.31
v -0.32 4.20 5.06
v -0.16 4.23 5.62
v 0.06 4.25 6.16
v 0.32 4.29 6.67
v 0.64 4.33 7.15
v -0.32 4.51 5.15
v -0.13 4.56 5.66
v 0.05 4.58 6.17
v 0.26 4.63 6.65
v 0.54 4.72 7.08
v -0.31 4.60 5.11
v -0.15 4.70 5.58
v 0.00 4.81 6.04
v 0.17 4.93 6.50
v 0.37 5.13 6.90
v -0.34 4.66 5.07
v -0.19 4.87 5.49
v -0.09 5.10 5.89
v 0.03 5.36 6.29
v 0.18 5.64 6.65
v -0.35 4.72 5.02
v -0.23 5.04 5.37
v -0.15 5.35 5.70
v -0.08 5.68 6.03
v -0.01 6.03 6.36
v -0.38 5.04 5.00
v -0.30 5.34 5.27
v -0.24 5.67 5.54
v -0.19 6.00 5.80
v -0.18 6.34 6.05
v -1.60 8.33 1.85
v -2.88 9.37 -0.44
v -2.91 9.53 -1.06
v -2.96 9.64 -1.68
v -3.03 9.75 -2.32
v -3.09 9.88 -2.96
v -3.14 10.05 -3.60
v -3.19 10.28 -4.28
v -2.61 9.11 -0.49
v -2.67 9.28 -1.14
v -2.73 9.42 -1.79
v -2.79 9.58 -2.44
v -2.82 9.75 -3.07
v -2.85 9.95 -3.73
v -2.86 10.17 -4.37
v -2.48 8.91 -0.59
v -2.54 9.09 -1.23
v -2.61 9.26 -1.88
v -2.66 9.44 -2.53
v -2.72 9.62 -3.17
v -2.74 9.80 -3.81
v -2.75 9.99 -4.46
v -2.52 8.67 -0.67
v -2.56 8.86 -1.31
v -2.62 9.06 -1.94
v -2.67 9.24 -2.57
v -2.71 9.43 -3.21
v -2.76 9.61 -3.86
v -2.78 9.81 -4.50
v -2.69 8.50 -0.84
v -2.72 8.71 -1.45
v -2.76 8.90 -2.09
v -2.83 9.10 -2.73
v -2.88 9.29 -3.36
v -2.94 9.48 -3.99
v -2.92 8.39 -0.82
v -2.96 8.60 -1.48
v -3.00 8.80 -2.15
v -3.03 9.02 -2.80
v -3.06 9.22 -3.46
v -3.09 9.43 -4.13
v -3.16 10.59 -4.43
v -2.92 10.51 -4.52
v -2.93 10.65 -4.58
v -2.88 10.73 -4.74
v -2.85 10.60 -4.86
v -3.07 10.70 -5.02
v -2.85 10.42 -4.99
v -3.14 10.37 -5.10
v -2.81 10.07 -4.54
v -2.81 10.20 -4.62
v -2.82 10.45 -4.74
v -2.85 10.17 -4.90
v -2.85 9.92 -4.70
v -3.09 10.11 -5.03
v -3.07 9.23 2.84
v -3.15 9.36 2.92
v -3.16 9.38 3.12
v -2.95 9.23 2.98
v -3.01 9.30 3.25
v -3.03 9.31 2.91
v -3.02 8.99 2.96
v -2.84 9.17 3.00
v -2.75 9.09 2.95
v -2.75 9.03 2.87
v -2.89 9.22 3.10
v -2.84 9.17 3.06
v -2.81 9.15 3.14
v -2.72 9.07 3.04
v -3.01 9.26 3.37
v -2.78 9.05 3.24
v -2.62 8.93 3.07
v -2.56 8.82 2.96
v -2.60 8.97 2.90
v -2.62 8.89 2.81
v -2.71 8.97 2.78
v -2.70 8.85 2.72
v -2.55 8.68 2.93
v -2.55 8.66 3.02
v -2.72 8.83 3.23
v -2.83 8.94 3.34
v -3.00 9.15 3.45
v -3.11 9.32 3.36
v -3.04 9.05 3.57
v -2.96 9.02 3.51
v -3.05 8.92 3.69
v -2.97 8.87 3.65
v -2.84 8.72 3.51
v -2.85 8.56 3.76
v -2.86 8.36 4.02
v -2.87 8.26 4.26
v -2.76 8.15 4.19
v -2.97 8.73 3.83
v -2.96 8.53 4.09
v -2.99 8.41 4.32
v -3.03 8.82 3.87
v -3.04 8.57 4.12
v -3.04 8.47 4.36
v -3.04 8.36 4.59
v -2.96 8.31 4.54
v -2.84 8.16 4.42
v -2.74 8.06 4.37
v -2.64 8.03 4.31
v -2.64 8.08 4.13
v -2.41 8.09 4.05
v -2.30 8.13 4.03
v -2.18 8.15 4.03
v -2.05 8.17 4.03
v -1.76 8.18 3.96
v -1.53 8.10 3.97
v -1.35 7.98 4.00
v -1.36 7.97 4.09
v -1.17 7.82 4.16
v -1.52 8.09 4.09
v -1.76 8.17 4.09
v -1.99 8.20 4.11
v -2.16 8.17 4.14
v -2.27 8.15 4.16
v -2.42 8.10 4.14
v -2.52 8.06 4.19
v -2.56 8.01 4.27
v -2.49 8.08 4.23
v -2.52 8.04 4.47
v -2.45 8.10 4.41
v -2.35 8.12 4.37
v -2.37 8.13 4.52
v -2.26 8.15 4.43
v -2.27 8.13 4.68
v -2.24 8.18 4.59
v -2.12 8.19 4.48
v -2.03 8.18 4.74
v -2.03 8.20 4.63
v -1.92 8.19 4.53
v -1.76 8.14 4.72
v -1.76 8.17 4.61
v -1.70 8.18 4.52
v -1.44 8.03 4.61
v -1.48 8.09 4.53
v -1.47 8.11 4.43
v -1.31 7.96 4.39
v -1.34 8.04 4.34
v -1.18 7.81 4.39
v -1.18 7.83 4.26
v -1.06 7.70 4.19
v -1.06 7.76 4.57
v -1.36 7.99 4.79
v -1.70 8.13 4.91
v -1.98 8.19 4.94
v -2.25 8.14 4.86
v -2.42 8.11 4.74
v -2.65 8.04 4.48
v -2.57 8.07 4.61
v -2.69 8.14 4.66
v -2.71 8.13 4.47
v -2.78 8.17 4.52
v -2.96 8.32 4.62
v -3.01 8.36 4.66
v -2.44 8.01 4.20
v -2.37 8.01 4.25
v -2.37 8.00 4.17
v -2.26 8.04 4.27
v -2.26 8.03 4.18
v -2.14 8.09 4.29
v -2.14 8.09 4.20
v -2.00 8.15 4.25
v -1.99 8.12 4.18
v -1.98 8.16 4.32
v -1.77 8.16 4.33
v -1.79 8.16 4.23
v -1.77 8.14 4.14
v -1.55 8.07 4.20
v -1.54 8.04 4.13
v -1.52 8.05 4.30
v -1.40 7.95 4.14
v -1.38 7.93 4.22
v -1.29 7.88 4.19
v -1.39 7.99 4.30
v -1.53 8.06 4.34
v -1.76 8.15 4.40
v -1.53 8.05 4.41
v -1.76 8.14 4.49
v -1.98 8.19 4.40
v -1.97 8.16 4.50
v -2.14 8.12 4.45
v -2.24 8.07 4.41
v -2.35 8.00 4.31
v -4.43 7.81 -11.64
v -3.34 7.88 -11.70
v -2.24 7.80 -11.66
v -4.64 7.15 8.19
v -4.35 7.10 8.34
v -4.54 7.21 8.14
v -3.92 8.39 6.75
v -3.91 8.36 7.03
v -3.43 8.38 7.03
v -3.44 8.42 6.70
v -3.92 8.32 6.48
v -3.42 8.38 6.53
v -3.90 8.19 6.31
v -3.40 8.28 6.40
v -3.88 8.05 6.26
v -3.38 8.07 6.33
v -3.36 8.07 6.50
v -3.43 7.99 6.73
v -3.42 7.92 6.90
v -3.38 8.07 7.13
v -3.37 8.27 7.38
v -3.32 8.07 7.29
v -3.24 8.02 7.40
v -3.30 8.11 7.71
v -3.31 7.05 8.27
v -3.25 7.11 8.12
v -3.52 7.35 8.74
v -3.45 7.14 8.52
v -3.24 7.73 7.70
v -3.23 7.91 8.00
v -3.20 7.71 7.82
v -3.25 7.92 6.89
v -3.22 7.54 7.54
v -3.15 7.59 8.00
v -3.22 7.25 8.17
v -3.32 7.51 8.51
v -3.13 7.48 8.12
v -3.21 7.71 8.25
v -3.09 7.10 8.18
v -2.87 7.20 8.14
v -2.88 7.32 8.16
v -3.19 7.00 8.24
v -2.98 8.03 7.30
v -2.95 7.99 7.52
v -2.85 7.81 7.78
v -2.91 8.03 7.90
v -2.48 8.33 6.40
v -2.47 8.08 6.26
v -2.69 8.08 6.25
v -2.70 8.35 6.38
v -2.48 8.45 6.62
v -2.68 8.49 6.65
v -2.47 8.52 6.83
v -2.65 8.54 6.87
v -2.42 8.47 7.09
v -2.63 8.49 7.07
v -2.41 8.33 7.27
v -2.60 8.36 7.29
v -2.38 8.15 7.59
v -2.56 8.17 7.60
v -2.35 8.04 7.80
v -2.52 8.06 7.86
v -2.35 8.06 7.85
v -2.36 8.12 7.90
v -2.51 8.50 8.17
v -2.37 8.56 8.19
v -2.50 8.72 8.20
v -2.16 8.14 7.93
v -2.15 8.03 7.82
v -2.15 7.95 7.70
v -2.17 8.03 7.48
v -2.20 8.20 7.23
v -2.20 8.33 7.02
v -2.22 8.37 6.84
v -2.24 8.33 6.68
v -2.22 8.21 6.52
v -2.21 8.05 6.37
v -2.05 7.95 6.73
v -2.12 7.79 7.10
v -2.13 7.66 7.31
v -2.06 7.65 7.57
v -2.03 7.56 7.99
v -2.07 7.85 8.12
v -2.01 7.56 8.20
v -2.05 7.73 8.37
v -2.07 7.91 8.38
v -2.09 8.06 8.15
v -2.47 8.72 8.39
v -2.28 8.50 8.36
v -2.47 8.63 8.49
v -2.36 8.44 8.51
v -2.46 8.44 8.55
v -2.09 7.40 7.68
v -2.11 7.51 7.55
v -2.17 7.31 7.80
v -2.39 7.27 7.91
v -2.47 7.51 8.30
v -2.54 7.30 7.97
v -2.46 7.76 8.43
v -2.46 8.19 8.56
v -2.30 8.22 8.43
v -2.21 8.24 8.21
v -2.23 8.26 7.99
v -2.15 7.33 7.81
v -2.72 7.38 8.07
v -2.95 7.54 8.17
v -3.05 6.65 8.45
v -4.36 8.37 6.69
v -4.33 8.29 6.95
v -4.33 8.29 6.42
v -4.32 8.18 6.30
v -3.90 8.19 6.35
v -4.22 8.00 6.22
v -3.96 6.27 8.88
v -3.94 6.40 8.79
v -3.88 6.15 8.95
v -3.80 6.02 9.00
v -3.75 5.90 9.02
v -3.71 6.32 9.00
v -3.68 6.43 8.87
v -3.64 6.20 9.05
v -3.56 6.08 9.11
v -3.51 5.97 9.17
v -3.48 6.22 8.88
v -3.47 6.34 8.77
v -3.42 6.13 8.96
v -3.36 6.02 9.03
v -3.28 5.92 9.03
v -3.87 5.70 9.13
v -3.91 5.50 9.25
v -3.87 5.28 9.33
v -3.73 5.02 9.36
v -3.64 5.73 9.28
v -3.71 5.56 9.34
v -3.69 5.36 9.42
v -3.55 5.07 9.49
v -3.37 5.70 9.11
v -3.45 5.49 9.18
v -3.46 5.28 9.26
v -3.35 5.00 9.40
v -3.85 4.77 9.43
v -3.88 4.51 9.50
v -3.83 4.23 9.54
v -3.73 3.93 9.58
v -3.64 4.78 9.52
v -3.71 4.54 9.57
v -3.70 4.28 9.61
v -3.56 3.97 9.70
v -3.48 4.74 9.45
v -3.53 4.49 9.48
v -3.51 4.23 9.53
v -3.40 3.94 9.61
v -3.85 3.63 9.66
v -3.92 3.40 9.64
v -3.91 3.16 9.59
v -3.81 2.90 9.53
v -3.67 3.68 9.72
v -3.73 3.42 9.71
v -3.73 3.18 9.67
v -3.65 2.88 9.59
v -3.50 3.66 9.62
v -3.56 3.38 9.63
v -3.61 3.11 9.59
v -3.61 2.82 9.51
v -3.68 6.71 8.56
v -3.57 6.81 8.53
v -3.61 6.75 8.36
v -3.77 6.60 8.63
v -3.87 6.51 8.72
v -3.30 6.89 8.47
v -3.38 6.74 8.61
v -3.52 6.59 8.72
v -3.16 6.87 8.38
v -3.21 6.70 8.54
v -3.31 6.52 8.65
v -3.02 6.82 8.24
v -2.90 7.95 7.85
v -3.01 8.16 7.11
v -3.25 8.00 6.66
v -3.20 8.03 6.49
v -3.22 8.10 6.28
v -2.93 8.08 6.30
v -3.16 8.22 6.62
v -4.34 7.96 6.34
v -4.30 7.95 6.63
v -4.24 7.92 6.78
v -4.24 7.80 6.98
v -4.36 7.68 7.17
v -4.74 7.45 7.35
v -4.96 7.29 7.49
v -5.04 7.16 7.65
v -5.05 7.06 7.79
v -4.94 6.88 7.98
v -4.79 6.78 8.13
v -4.53 6.72 8.24
v -4.38 6.69 8.31
v -3.94 6.70 8.33
v -4.20 8.05 6.59
v -4.18 8.01 6.76
v -4.47 8.18 7.31
v -4.23 7.89 7.04
v -4.57 8.02 7.64
v -4.36 7.74 7.29
v -4.70 7.56 7.54
v -4.57 7.60 7.69
v -4.88 7.43 7.67
v -4.78 7.48 7.80
v -4.63 7.80 7.93
v -4.67 7.58 8.18
v -4.58 7.36 7.91
v -4.55 7.43 8.43
v -4.34 7.29 8.68
v -4.95 7.35 7.73
v -4.96 7.23 7.86
v -4.87 7.09 8.02
v -4.74 6.98 8.18
v -4.48 6.88 8.32
v -4.31 6.88 8.35
v -3.91 6.78 8.35
v -3.91 6.70 8.32
v -3.90 6.84 8.39
v -3.90 6.84 8.49
v -4.25 6.96 8.44
v -4.80 7.34 7.91
v -2.92 8.33 6.46
v -2.87 8.44 6.67
v -2.83 8.51 6.87
v -2.82 8.46 7.14
v -2.79 8.33 7.32
v -2.74 8.15 7.64
v -2.73 8.04 7.85
v -2.71 8.06 7.89
v -2.68 8.13 7.94
v -2.62 8.56 8.22
v -2.87 8.13 8.01
v -3.05 8.32 6.92
v -3.09 8.33 6.79
v -2.92 7.85 8.22
v -2.87 7.72 8.47
v -2.85 7.90 8.48
v -2.90 8.06 8.25
v -2.67 8.50 8.40
v -2.55 8.44 8.53
v -2.63 8.21 8.48
v -2.78 8.22 8.28
v -2.80 8.25 8.05
v -4.28 6.95 8.80
v -3.91 6.86 8.86
v -4.28 7.01 9.00
v -4.30 7.18 9.19
v -4.29 7.35 8.77
v -3.93 6.95 9.02
v -3.95 7.10 9.20
v -4.27 7.29 9.25
v -3.97 7.27 9.29
v -3.95 7.50 8.50
v -3.95 7.36 8.73
v -4.21 7.50 9.36
v -4.00 7.46 9.37
v -3.94 7.68 8.27
v -4.23 7.54 8.91
v -4.19 7.61 9.37
v -4.00 7.59 9.39
v -4.17 7.55 9.23
v -4.12 7.76 9.33
v -4.16 7.76 9.20
v -4.12 7.84 9.04
v -3.95 7.91 8.02
v -3.95 8.08 7.74
v -3.94 8.24 7.40
v -4.02 7.82 9.34
v -4.09 7.81 9.33
v -4.10 7.88 9.18
v -4.06 7.91 9.13
v -4.02 7.89 9.20
v -4.02 7.90 9.13
v -3.96 7.53 8.87
v -3.99 7.79 9.00
v -4.22 7.42 9.25
v -3.54 7.02 8.57
v -3.57 7.00 8.84
v -3.59 7.05 9.05
v -3.63 7.24 9.23
v -3.61 7.40 8.80
v -3.69 7.34 9.29
v -3.81 7.56 9.32
v -3.73 7.58 8.94
v -3.81 7.64 9.40
v -3.86 7.79 9.23
v -3.91 7.77 9.35
v -3.89 7.86 9.07
v -3.96 7.81 9.34
v -3.94 7.89 9.19
v -3.97 7.91 9.12
v -3.55 7.35 8.75
v -3.77 7.46 9.28
v -1.43 6.65 8.07
f 1 2 3
f 3 4 1
f 5 6 7
f 5 8 6
f 9 8 5
f 9 10 8
f 11 12 13
f 11 14 12
f 11 15 14
f 16 15 11
f 16 17 15
f 16 18 17
f 19 18 16
f 19 20 18
f 21 22 19
f 23 24 22
f 25 26 27
f 25 28 26
f 29 10 9
f 13 29 11
f 11 29 9
f 21 20 19
f 19 23 21
f 21 23 22
f 27 24 23
f 23 25 27
f 30 31 32
f 33 31 30
f 33 34 31
f 33 35 34
f 36 35 33
f 36 37 35
f 36 38 37
f 39 38 36
f 39 40 38
f 39 41 40
f 39 42 41
f 43 44 45
f 46 43 45
f 47 43 46
f 48 47 46
f 49 47 48
f 50 47 49
f 51 50 49
f 52 50 51
f 53 50 52
f 54 53 52
f 55 53 54
f 42 53 55
f 56 42 55
f 41 42 56
f 57 58 59
f 60 58 57
f 61 58 60
f 62 58 61
f 63 62 61
f 64 62 63
f 65 62 64
f 66 65 64
f 67 65 66
f 68 65 67
f 44 65 68
f 69 44 68
f 45 44 69
f 70 32 71
f 70 71 72
f 72 71 73
f 72 73 74
f 74 73 75
f 75 28 25
f 25 74 75
f 76 59 58
f 58 77 76
f 76 77 78
f 78 77 79
f 77 80 81
f 81 79 77
f 81 80 82
f 82 83 81
f 83 84 85
f 86 87 88
f 89 87 86
f 90 87 89
f 91 90 89
f 92 90 91
f 93 90 92
f 94 93 92
f 95 93 94
f 96 93 95
f 97 93 96
f 98 97 96
f 99 97 98
f 100 97 99
f 101 100 99
f 102 100 101
f 103 100 102
f 104 100 103
f 105 104 103
f 106 104 105
f 107 82 108
f 83 82 107
f 109 83 107
f 84 83 109
f 108 82 104
f 104 106 108
f 110 111 112
f 111 113 114
f 111 114 112
f 115 116 117
f 116 118 119
f 119 117 116
f 120 121 122
f 120 122 119
f 119 118 120
f 123 124 125
f 123 125 126
f 127 128 129
f 127 129 130
f 131 132 133
f 134 135 132
f 136 134 132
f 132 131 136
f 132 137 138
f 138 133 132
f 135 139 137
f 137 132 135
f 140 141 139
f 139 135 140
f 142 143 141
f 141 140 142
f 144 145 143
f 143 142 144
f 146 147 145
f 145 148 146
f 149 150 147
f 147 146 149
f 151 152 150
f 150 149 151
f 153 154 152
f 152 151 153
f 155 156 154
f 154 153 155
f 157 158 156
f 156 155 157
f 151 159 153
f 160 159 151
f 151 149 160
f 161 160 149
f 149 146 161
f 162 161 146
f 146 144 162
f 142 162 144
f 163 164 165
f 165 166 163
f 167 163 166
f 166 168 167
f 169 167 168
f 168 170 169
f 171 170 168
f 168 166 171
f 172 171 166
f 166 165 172
f 173 174 165
f 165 164 173
f 133 138 174
f 174 173 133
f 174 175 172
f 172 165 174
f 138 176 175
f 175 174 138
f 138 137 176
f 177 169 178
f 179 177 178
f 180 179 178
f 176 180 178
f 175 176 178
f 172 175 178
f 171 172 178
f 170 171 178
f 169 170 178
f 137 181 180
f 180 176 137
f 139 182 181
f 181 137 139
f 141 183 182
f 182 139 141
f 143 184 183
f 183 141 143
f 145 185 184
f 184 143 145
f 147 186 185
f 185 145 147
f 150 187 186
f 186 147 150
f 152 188 187
f 187 150 152
f 154 189 188
f 188 152 154
f 156 190 189
f 189 154 156
f 158 191 190
f 190 156 158
f 192 193 191
f 191 158 192
f 194 195 193
f 193 192 194
f 194 196 195
f 197 195 196
f 198 199 197
f 196 200 198
f 198 197 196
f 201 202 199
f 199 198 201
f 203 201 198
f 198 200 203
f 201 204 202
f 205 204 201
f 201 206 205
f 201 203 206
f 179 205 206
f 206 177 179
f 186 207 185
f 208 207 186
f 186 187 208
f 209 208 187
f 187 188 209
f 210 209 188
f 188 189 210
f 211 210 189
f 189 190 211
f 212 211 190
f 190 191 212
f 212 191 193
f 213 179 180
f 180 181 213
f 214 213 181
f 181 215 214
f 181 182 215
f 183 216 215
f 215 182 183
f 217 216 183
f 183 184 217
f 218 217 184
f 184 185 218
f 219 218 185
f 185 207 219
f 220 219 207
f 207 208 220
f 221 220 208
f 208 209 221
f 222 221 209
f 209 210 222
f 223 222 210
f 210 211 223
f 212 223 211
f 193 223 212
f 195 223 193
f 197 224 195
f 225 224 197
f 197 226 225
f 227 225 226
f 228 227 226
f 229 228 226
f 226 230 229
f 217 230 226
f 226 216 217
f 215 216 226
f 226 214 215
f 218 230 217
f 229 230 218
f 218 219 229
f 228 229 219
f 219 220 228
f 227 228 220
f 220 221 227
f 225 227 221
f 221 222 225
f 224 225 222
f 222 223 224
f 195 224 223
f 213 204 205
f 205 179 213
f 202 204 213
f 213 214 202
f 199 202 214
f 214 226 199
f 197 199 226
f 192 158 157
f 231 232 192
f 192 157 231
f 233 232 231
f 234 232 233
f 233 235 234
f 236 235 233
f 233 237 236
f 238 237 233
f 233 239 238
f 177 239 233
f 233 240 177
f 169 177 240
f 206 239 177
f 203 239 206
f 203 238 239
f 203 237 238
f 200 237 203
f 200 236 237
f 200 235 236
f 196 235 200
f 196 234 235
f 196 232 234
f 194 232 196
f 194 192 232
f 241 159 160
f 160 242 241
f 241 153 159
f 241 155 153
f 157 155 241
f 241 243 157
f 244 245 241
f 241 246 244
f 241 242 246
f 247 245 244
f 244 248 247
f 249 247 248
f 248 250 249
f 231 157 243
f 243 251 231
f 233 231 251
f 251 252 233
f 253 233 252
f 240 233 253
f 254 169 240
f 240 253 254
f 167 169 254
f 254 255 167
f 163 167 255
f 255 256 163
f 255 257 256
f 164 163 256
f 258 133 164
f 164 259 258
f 164 256 259
f 260 259 256
f 256 261 260
f 256 257 261
f 262 263 264
f 264 260 262
f 265 266 263
f 267 268 269
f 269 270 267
f 271 267 270
f 270 272 271
f 273 271 272
f 272 274 273
f 264 275 260
f 275 258 259
f 259 260 275
f 268 276 269
f 269 276 265
f 265 276 266
f 277 278 274
f 274 272 277
f 279 277 272
f 272 280 279
f 270 281 280
f 280 272 270
f 269 282 281
f 281 270 269
f 282 269 265
f 265 283 282
f 263 262 283
f 283 265 263
f 261 284 260
f 285 284 261
f 261 257 285
f 255 285 257
f 262 260 284
f 285 286 262
f 262 284 285
f 287 283 262
f 262 286 287
f 282 283 287
f 287 288 282
f 281 282 288
f 288 289 281
f 280 281 289
f 289 290 280
f 279 280 290
f 290 291 279
f 292 293 291
f 291 290 292
f 292 290 289
f 289 294 292
f 295 296 294
f 294 289 295
f 288 295 289
f 297 295 288
f 288 298 297
f 288 287 298
f 286 299 298
f 298 287 286
f 285 300 299
f 299 286 285
f 301 300 254
f 254 253 301
f 299 300 301
f 301 302 299
f 298 299 302
f 302 297 298
f 303 296 295
f 295 297 303
f 304 303 297
f 297 302 304
f 305 304 302
f 302 301 305
f 305 301 253
f 253 252 305
f 306 307 293
f 293 292 306
f 308 306 292
f 292 294 308
f 309 308 294
f 294 296 309
f 310 309 296
f 296 303 310
f 311 310 303
f 303 304 311
f 312 311 304
f 304 305 312
f 313 312 305
f 305 252 313
f 314 313 252
f 252 315 314
f 251 315 252
f 243 315 251
f 241 316 243
f 243 316 315
f 241 245 316
f 245 317 316
f 318 317 245
f 245 247 318
f 319 318 247
f 249 320 319
f 319 247 249
f 321 322 320
f 320 249 321
f 44 323 322
f 322 321 44
f 44 43 324
f 324 323 44
f 47 325 324
f 324 43 47
f 50 326 325
f 325 47 50
f 327 328 326
f 326 50 327
f 327 329 328
f 330 313 314
f 314 331 330
f 312 313 330
f 330 332 312
f 311 312 332
f 332 333 311
f 310 311 333
f 333 334 310
f 309 310 334
f 334 335 309
f 308 309 336
f 337 306 308
f 308 336 337
f 307 306 337
f 338 330 331
f 331 339 338
f 340 332 330
f 330 338 340
f 333 332 340
f 340 341 333
f 334 333 341
f 342 338 339
f 340 338 342
f 342 343 340
f 341 340 343
f 343 344 341
f 345 341 344
f 334 341 345
f 345 346 334
f 346 335 334
f 347 335 346
f 348 336 347
f 349 350 336
f 336 348 349
f 350 351 336
f 337 336 351
f 352 307 337
f 353 307 352
f 354 343 342
f 344 343 354
f 354 355 344
f 345 344 355
f 355 356 345
f 357 345 356
f 346 345 357
f 357 358 346
f 347 346 358
f 358 359 347
f 359 360 347
f 360 361 347
f 348 347 361
f 362 352 337
f 337 351 362
f 363 362 351
f 351 350 363
f 349 363 350
f 364 363 349
f 349 365 364
f 349 348 365
f 366 356 355
f 355 367 366
f 368 357 356
f 356 366 368
f 369 358 357
f 357 368 369
f 369 370 358
f 359 358 370
f 370 128 359
f 360 359 128
f 128 127 360
f 130 371 127
f 372 371 130
f 373 371 372
f 374 371 373
f 375 371 374
f 376 371 375
f 127 371 376
f 376 377 127
f 377 360 127
f 378 360 377
f 361 360 378
f 378 379 361
f 380 379 378
f 377 381 380
f 376 381 377
f 382 381 376
f 376 375 382
f 378 377 380
f 383 382 375
f 375 384 383
f 374 384 375
f 385 366 367
f 367 386 385
f 387 368 366
f 366 385 387
f 388 369 368
f 368 387 388
f 389 390 369
f 369 388 389
f 391 385 386
f 387 385 391
f 391 392 387
f 388 387 392
f 392 393 388
f 389 388 393
f 393 394 389
f 395 392 391
f 393 392 395
f 395 396 393
f 394 393 396
f 397 315 316
f 316 398 397
f 397 399 315
f 400 399 397
f 397 401 400
f 401 397 398
f 398 402 401
f 403 401 402
f 402 404 403
f 404 405 406
f 406 403 404
f 407 406 405
f 405 408 407
f 408 409 410
f 410 407 408
f 411 412 410
f 410 409 411
f 411 413 414
f 414 412 411
f 415 416 414
f 414 413 415
f 417 418 400
f 419 418 417
f 417 420 419
f 418 399 400
f 421 399 418
f 418 419 421
f 422 315 399
f 399 421 422
f 314 315 422
f 421 331 314
f 314 422 421
f 339 331 421
f 421 419 339
f 342 339 419
f 419 420 342
f 317 423 316
f 318 423 317
f 424 423 318
f 318 319 424
f 425 424 319
f 319 320 425
f 426 425 320
f 320 322 426
f 427 426 322
f 322 323 427
f 428 427 323
f 323 324 428
f 429 428 324
f 324 325 429
f 430 429 325
f 325 326 430
f 431 430 326
f 326 328 431
f 432 430 431
f 431 415 432
f 415 413 432
f 429 430 432
f 432 433 429
f 413 411 433
f 433 432 413
f 434 428 429
f 429 433 434
f 409 434 433
f 433 411 409
f 435 427 428
f 428 434 435
f 436 426 427
f 427 435 436
f 409 408 435
f 435 434 409
f 405 436 435
f 435 408 405
f 437 425 426
f 426 436 437
f 405 404 437
f 437 436 405
f 438 424 425
f 425 437 438
f 402 438 437
f 437 404 402
f 439 423 424
f 424 438 439
f 398 439 438
f 438 402 398
f 439 316 423
f 398 316 439
f 440 382 383
f 383 441 440
f 442 381 382
f 382 440 442
f 443 380 381
f 381 442 443
f 444 379 380
f 380 443 444
f 445 361 379
f 379 444 445
f 445 348 361
f 446 348 445
f 365 348 446
f 447 448 446
f 446 445 447
f 444 447 445
f 449 447 444
f 444 443 449
f 450 449 443
f 443 442 450
f 451 450 442
f 442 440 451
f 452 451 440
f 440 441 452
f 453 451 452
f 452 454 453
f 455 450 451
f 451 453 455
f 456 449 450
f 450 455 456
f 456 447 449
f 457 448 447
f 447 456 457
f 458 457 456
f 456 455 458
f 459 458 455
f 455 453 459
f 460 459 453
f 453 454 460
f 461 459 460
f 462 459 461
f 458 459 462
f 462 463 458
f 463 457 458
f 364 457 463
f 448 457 364
f 365 446 448
f 448 364 365
f 464 363 364
f 364 463 464
f 465 464 463
f 463 462 465
f 466 465 462
f 462 461 466
f 467 465 466
f 466 468 467
f 467 469 465
f 464 465 469
f 469 470 464
f 362 363 464
f 464 470 362
f 352 362 470
f 470 471 352
f 470 469 471
f 469 472 471
f 473 472 469
f 467 473 469
f 474 473 467
f 467 468 474
f 353 352 471
f 471 475 353
f 471 472 475
f 476 473 474
f 477 473 476
f 477 472 473
f 475 472 477
f 477 478 475
f 353 475 478
f 478 479 353
f 307 353 479
f 479 293 307
f 480 293 479
f 479 478 480
f 481 291 293
f 293 480 481
f 482 279 291
f 291 481 482
f 483 277 279
f 279 482 483
f 484 278 277
f 277 483 484
f 485 486 487
f 488 486 485
f 489 488 485
f 490 488 489
f 491 490 489
f 492 493 494
f 486 492 494
f 495 492 486
f 488 495 486
f 496 495 488
f 490 496 488
f 497 498 493
f 492 497 493
f 499 497 492
f 495 499 492
f 500 499 495
f 496 500 495
f 501 502 498
f 497 501 498
f 503 501 497
f 499 503 497
f 504 503 499
f 500 504 499
f 505 506 502
f 501 505 502
f 507 505 501
f 503 507 501
f 508 507 503
f 504 508 503
f 509 510 506
f 505 509 506
f 511 509 505
f 507 511 505
f 512 511 507
f 508 512 507
f 509 513 510
f 514 513 509
f 511 514 509
f 515 514 511
f 512 515 511
f 516 517 510
f 513 516 510
f 518 516 513
f 514 518 513
f 519 518 514
f 515 519 514
f 520 521 517
f 516 520 517
f 522 520 516
f 518 522 516
f 523 522 518
f 519 523 518
f 520 524 521
f 525 524 520
f 522 525 520
f 526 525 522
f 523 526 522
f 527 528 521
f 524 527 521
f 529 527 524
f 525 529 524
f 530 529 525
f 526 530 525
f 527 531 528
f 532 531 527
f 529 532 527
f 533 532 529
f 530 533 529
f 534 535 528
f 531 534 528
f 536 534 531
f 532 536 531
f 537 536 532
f 533 537 532
f 538 539 535
f 534 538 535
f 540 538 534
f 536 540 534
f 541 540 536
f 537 541 536
f 542 543 539
f 538 542 539
f 544 542 538
f 540 544 538
f 545 544 540
f 541 545 540
f 546 547 543
f 542 546 543
f 548 546 542
f 544 548 542
f 549 548 544
f 545 549 544
f 550 551 547
f 546 550 547
f 552 550 546
f 548 552 546
f 553 552 548
f 549 553 548
f 554 555 551
f 550 554 551
f 556 554 550
f 552 556 550
f 557 556 552
f 553 557 552
f 558 559 555
f 554 558 555
f 560 558 554
f 556 560 554
f 561 560 556
f 557 561 556
f 562 563 559
f 558 562 559
f 564 562 558
f 560 564 558
f 565 564 560
f 561 565 560
f 566 567 563
f 562 566 563
f 568 566 562
f 564 568 562
f 569 568 564
f 565 569 564
f 570 571 567
f 566 570 567
f 572 570 566
f 568 572 566
f 573 572 568
f 569 573 568
f 574 575 571
f 570 574 571
f 576 574 570
f 572 576 570
f 577 576 572
f 573 577 572
f 578 579 580
f 579 581 580
f 581 582 580
f 582 583 580
f 583 584 580
f 584 585 580
f 585 586 580
f 586 587 580
f 587 588 580
f 589 590 591
f 592 589 591
f 593 589 592
f 594 593 592
f 595 593 594
f 596 595 594
f 597 598 590
f 589 597 590
f 599 597 589
f 593 599 589
f 600 599 593
f 595 600 593
f 601 602 598
f 597 601 598
f 603 601 597
f 599 603 597
f 604 603 599
f 600 604 599
f 605 606 602
f 601 605 602
f 607 605 601
f 603 607 601
f 608 607 603
f 604 608 603
f 609 610 606
f 605 609 606
f 611 609 605
f 607 611 605
f 612 611 607
f 608 612 607
f 613 614 610
f 609 613 610
f 615 613 609
f 611 615 609
f 616 615 611
f 612 616 611
f 617 618 614
f 613 617 614
f 619 617 613
f 615 619 613
f 620 619 615
f 616 620 615
f 621 622 618
f 617 621 618
f 623 621 617
f 619 623 617
f 624 623 619
f 620 624 619
f 625 626 622
f 621 625 622
f 627 625 621
f 623 627 621
f 628 627 623
f 624 628 623
f 626 629 630
f 625 629 626
f 625 631 629
f 625 632 631
f 627 632 625
f 627 633 632
f 627 634 633
f 628 634 627
f 628 635 634
f 636 637 630
f 629 636 630
f 638 636 629
f 631 638 629
f 639 638 631
f 632 639 631
f 640 639 632
f 633 640 632
f 641 640 633
f 634 641 633
f 642 641 634
f 635 642 634
f 643 644 637
f 636 643 637
f 645 643 636
f 638 645 636
f 646 645 638
f 639 646 638
f 647 646 639
f 640 647 639
f 648 647 640
f 641 648 640
f 649 648 641
f 642 649 641
f 650 258 644
f 643 650 644
f 651 650 643
f 645 651 643
f 652 651 645
f 646 652 645
f 653 652 646
f 647 653 646
f 654 653 647
f 648 654 647
f 655 654 648
f 649 655 648
f 131 133 258
f 650 131 258
f 656 131 650
f 651 656 650
f 657 656 651
f 652 657 651
f 658 657 652
f 653 658 652
f 659 658 653
f 654 659 653
f 660 659 654
f 655 660 654
f 661 136 131
f 656 661 131
f 662 661 656
f 657 662 656
f 663 662 657
f 658 663 657
f 664 663 658
f 659 664 658
f 665 664 659
f 660 665 659
f 136 140 134
f 666 140 136
f 661 666 136
f 662 666 661
f 667 666 662
f 663 667 662
f 664 667 663
f 668 667 664
f 665 668 664
f 669 670 140
f 666 669 140
f 671 669 666
f 667 671 666
f 672 671 667
f 668 672 667
f 673 162 670
f 669 673 670
f 674 673 669
f 671 674 669
f 675 674 671
f 672 675 671
f 676 677 162
f 673 676 162
f 678 676 673
f 674 678 673
f 679 678 674
f 675 679 674
f 680 681 677
f 676 680 677
f 682 680 676
f 678 682 676
f 683 682 678
f 679 683 678
f 684 685 681
f 680 684 681
f 686 684 680
f 682 686 680
f 687 686 682
f 683 687 682
f 123 126 685
f 684 123 685
f 686 123 684
f 124 123 686
f 687 124 686
f 580 592 591
f 580 588 594
f 594 592 580
f 594 588 596
f 487 579 578
f 578 688 487
f 487 494 581
f 581 579 487
f 494 493 582
f 582 581 494
f 493 498 583
f 583 582 493
f 506 585 584
f 584 502 506
f 502 584 583
f 583 498 502
f 506 510 586
f 586 585 506
f 510 517 587
f 587 586 510
f 517 521 588
f 588 587 517
f 521 528 596
f 596 588 521
f 528 535 595
f 595 596 528
f 535 539 600
f 600 595 535
f 539 543 604
f 604 600 539
f 543 547 608
f 608 604 543
f 547 551 612
f 612 608 547
f 551 555 616
f 616 612 551
f 555 559 620
f 620 616 555
f 559 563 624
f 624 620 559
f 563 567 628
f 628 624 563
f 571 575 635
f 635 628 571
f 575 689 642
f 642 635 575
f 649 642 689
f 689 690 649
f 655 649 690
f 690 691 655
f 660 655 691
f 691 692 660
f 665 660 692
f 692 693 665
f 668 665 693
f 693 694 668
f 672 668 694
f 694 695 672
f 675 672 695
f 695 696 675
f 679 675 696
f 696 697 679
f 683 679 697
f 697 698 683
f 687 683 698
f 698 699 687
f 124 687 699
f 699 700 124
f 125 124 700
f 700 701 125
f 491 702 703
f 703 704 491
f 490 491 704
f 704 705 490
f 496 490 705
f 705 706 496
f 500 496 706
f 706 707 500
f 504 500 707
f 707 708 504
f 508 504 708
f 708 709 508
f 512 508 709
f 709 710 512
f 515 512 710
f 710 711 515
f 519 515 711
f 711 712 519
f 523 519 712
f 712 713 523
f 526 523 713
f 713 714 526
f 530 526 714
f 714 715 530
f 533 530 715
f 715 716 533
f 537 533 716
f 716 717 537
f 541 537 717
f 717 718 541
f 545 541 718
f 718 719 545
f 549 545 719
f 719 720 549
f 553 549 720
f 720 721 553
f 557 553 721
f 721 722 557
f 561 557 722
f 722 723 561
f 565 561 723
f 723 724 565
f 569 565 724
f 724 725 569
f 573 569 725
f 725 726 573
f 577 573 726
f 726 727 577
f 728 487 688
f 702 491 489
f 489 728 702
f 728 489 485
f 728 485 487
f 729 730 731
f 732 729 731
f 728 729 732
f 702 728 732
f 733 734 730
f 729 733 730
f 688 733 729
f 728 688 729
f 735 736 734
f 733 735 734
f 737 735 733
f 688 737 733
f 738 739 736
f 735 738 736
f 740 738 735
f 737 740 735
f 741 742 739
f 738 741 739
f 743 741 738
f 740 743 738
f 744 745 742
f 741 744 742
f 746 744 741
f 743 746 741
f 747 748 745
f 744 747 745
f 749 747 744
f 746 749 744
f 748 750 751
f 747 750 748
f 747 752 750
f 747 753 752
f 749 753 747
f 749 754 753
f 749 755 754
f 756 757 751
f 750 756 751
f 758 756 750
f 752 758 750
f 759 758 752
f 753 759 752
f 760 759 753
f 754 760 753
f 761 760 754
f 755 761 754
f 762 763 757
f 756 762 757
f 764 762 756
f 758 764 756
f 765 764 758
f 759 765 758
f 766 765 759
f 760 766 759
f 767 766 760
f 761 767 760
f 768 769 763
f 762 768 763
f 770 768 762
f 764 770 762
f 771 770 764
f 765 771 764
f 772 771 765
f 766 772 765
f 773 772 766
f 767 773 766
f 768 774 769
f 768 775 774
f 768 776 775
f 770 776 768
f 770 777 776
f 771 777 770
f 771 778 777
f 772 778 771
f 772 779 778
f 772 780 779
f 773 780 772
f 773 626 780
f 775 781 774
f 775 782 781
f 775 783 782
f 776 783 775
f 776 784 783
f 777 784 776
f 777 785 784
f 778 785 777
f 778 786 785
f 779 786 778
f 779 787 786
f 779 788 787
f 780 788 779
f 780 789 788
f 626 789 780
f 626 644 789
f 271 273 781
f 782 271 781
f 267 271 782
f 783 267 782
f 268 267 783
f 784 268 783
f 276 268 784
f 785 276 784
f 266 276 785
f 786 266 785
f 263 266 786
f 787 263 786
f 264 263 787
f 788 264 787
f 275 264 788
f 789 275 788
f 258 275 789
f 644 258 789
f 580 737 688
f 688 578 580
f 591 740 737
f 737 580 591
f 743 740 591
f 591 590 743
f 746 743 590
f 590 598 746
f 749 746 598
f 598 602 749
f 755 749 602
f 602 606 755
f 606 610 755
f 610 767 761
f 761 755 610
f 610 614 767
f 614 773 767
f 614 618 773
f 618 626 773
f 622 626 618
f 630 637 626
f 140 135 134
f 670 142 140
f 162 142 670
f 790 125 701
f 701 791 790
f 792 790 791
f 793 792 791
f 794 792 793
f 795 794 793
f 796 794 795
f 797 796 795
f 798 796 797
f 799 798 797
f 800 798 799
f 801 800 799
f 802 800 801
f 803 802 801
f 804 805 790
f 792 804 790
f 806 804 792
f 794 806 792
f 807 806 794
f 796 807 794
f 808 807 796
f 798 808 796
f 809 808 798
f 800 809 798
f 810 809 800
f 802 810 800
f 811 812 805
f 804 811 805
f 813 811 804
f 806 813 804
f 814 813 806
f 807 814 806
f 815 814 807
f 808 815 807
f 816 815 808
f 809 816 808
f 817 816 809
f 810 817 809
f 818 819 812
f 811 818 812
f 820 818 811
f 813 820 811
f 821 820 813
f 814 821 813
f 822 821 814
f 815 822 814
f 823 822 815
f 816 823 815
f 824 823 816
f 817 824 816
f 825 826 819
f 818 825 819
f 827 825 818
f 820 827 818
f 828 827 820
f 821 828 820
f 829 828 821
f 822 829 821
f 830 829 822
f 823 830 822
f 831 830 823
f 824 831 823
f 832 833 826
f 825 832 826
f 834 832 825
f 827 834 825
f 835 834 827
f 828 835 827
f 836 835 828
f 829 836 828
f 837 836 829
f 830 837 829
f 838 837 830
f 831 838 830
f 832 839 833
f 840 839 832
f 834 840 832
f 841 840 834
f 835 841 834
f 842 841 835
f 836 842 835
f 837 842 836
f 58 842 837
f 838 58 837
f 843 844 839
f 840 843 839
f 845 843 840
f 841 845 840
f 846 845 841
f 842 846 841
f 62 846 842
f 58 62 842
f 847 848 844
f 843 847 844
f 845 847 843
f 849 847 845
f 846 849 845
f 65 849 846
f 62 65 846
f 850 802 803
f 851 850 803
f 852 850 851
f 853 852 851
f 854 852 853
f 855 854 853
f 90 854 855
f 87 90 855
f 856 810 802
f 850 856 802
f 857 856 850
f 852 857 850
f 858 857 852
f 854 858 852
f 93 858 854
f 90 93 854
f 859 817 810
f 856 859 810
f 860 859 856
f 857 860 856
f 861 860 857
f 858 861 857
f 97 861 858
f 93 97 858
f 862 824 817
f 859 862 817
f 863 862 859
f 860 863 859
f 864 863 860
f 861 864 860
f 100 864 861
f 97 100 861
f 865 831 824
f 862 865 824
f 866 865 862
f 863 866 862
f 867 866 863
f 864 867 863
f 104 867 864
f 100 104 864
f 868 838 831
f 865 868 831
f 869 868 865
f 866 869 865
f 80 869 866
f 867 80 866
f 82 80 867
f 104 82 867
f 58 838 77
f 869 80 77
f 868 869 77
f 838 868 77
f 790 805 125
f 812 870 125
f 125 805 812
f 870 812 819
f 819 871 870
f 826 872 871
f 871 819 826
f 833 873 872
f 872 826 833
f 839 874 873
f 873 833 839
f 844 875 874
f 874 839 844
f 848 250 875
f 875 844 848
f 321 249 250
f 250 848 321
f 847 849 44
f 44 321 847
f 44 849 65
f 321 848 847
f 677 876 162
f 681 876 677
f 681 877 876
f 681 878 877
f 685 878 681
f 685 879 878
f 126 879 685
f 126 880 879
f 125 880 126
f 125 870 880
f 881 161 162
f 876 881 162
f 882 881 876
f 877 882 876
f 883 882 877
f 878 883 877
f 884 883 878
f 879 884 878
f 885 884 879
f 880 885 879
f 871 885 880
f 870 871 880
f 881 886 161
f 887 886 881
f 882 887 881
f 888 887 882
f 883 888 882
f 889 888 883
f 884 889 883
f 890 889 884
f 885 890 884
f 872 890 885
f 871 872 885
f 886 891 161
f 892 891 886
f 887 892 886
f 893 892 887
f 888 893 887
f 894 893 888
f 889 894 888
f 895 894 889
f 890 895 889
f 873 895 890
f 872 873 890
f 891 896 161
f 897 896 891
f 892 897 891
f 898 897 892
f 893 898 892
f 899 898 893
f 894 899 893
f 900 899 894
f 895 900 894
f 874 900 895
f 873 874 895
f 901 160 161
f 896 901 161
f 902 901 896
f 897 902 896
f 903 902 897
f 898 903 897
f 904 903 898
f 899 904 898
f 905 904 899
f 900 905 899
f 875 905 900
f 874 875 900
f 901 242 160
f 246 242 901
f 902 246 901
f 903 246 902
f 244 246 903
f 904 244 903
f 248 244 904
f 905 248 904
f 250 248 905
f 875 250 905
f 336 906 347
f 347 906 335
f 906 309 335
f 309 906 336
f 907 908 476
f 909 908 907
f 910 909 907
f 911 909 910
f 912 911 910
f 913 911 912
f 914 913 912
f 915 913 914
f 916 915 914
f 917 915 916
f 918 917 916
f 919 917 918
f 908 920 477
f 921 920 908
f 909 921 908
f 922 921 909
f 911 922 909
f 923 922 911
f 913 923 911
f 924 923 913
f 915 924 913
f 925 924 915
f 917 925 915
f 926 925 917
f 919 926 917
f 920 927 478
f 928 927 920
f 921 928 920
f 929 928 921
f 922 929 921
f 930 929 922
f 923 930 922
f 931 930 923
f 924 931 923
f 932 931 924
f 925 932 924
f 933 932 925
f 926 933 925
f 927 934 480
f 935 934 927
f 928 935 927
f 936 935 928
f 929 936 928
f 937 936 929
f 930 937 929
f 938 937 930
f 931 938 930
f 939 938 931
f 932 939 931
f 940 939 932
f 933 940 932
f 941 482 481
f 934 941 481
f 942 941 934
f 935 942 934
f 943 942 935
f 936 943 935
f 944 943 936
f 937 944 936
f 945 944 937
f 938 945 937
f 946 945 938
f 939 946 938
f 121 946 939
f 940 121 939
f 947 483 482
f 941 947 482
f 948 947 941
f 942 948 941
f 949 948 942
f 943 949 942
f 950 949 943
f 944 950 943
f 951 950 944
f 945 951 944
f 952 951 945
f 946 952 945
f 120 952 946
f 121 120 946
f 953 484 483
f 947 953 483
f 954 953 947
f 948 954 947
f 955 954 948
f 949 955 948
f 956 955 949
f 950 956 949
f 957 956 950
f 951 957 950
f 958 957 951
f 952 958 951
f 118 958 952
f 120 118 952
f 959 926 919
f 919 960 959
f 961 959 960
f 960 114 961
f 962 961 114
f 114 113 962
f 963 962 113
f 113 964 963
f 965 966 964
f 964 113 965
f 967 968 963
f 963 964 967
f 969 967 964
f 964 966 969
f 970 933 926
f 926 971 970
f 972 971 926
f 926 959 972
f 961 972 959
f 962 972 961
f 963 972 962
f 968 972 963
f 971 972 968
f 968 973 971
f 974 971 973
f 970 971 974
f 940 933 970
f 970 974 940
f 975 973 968
f 968 967 975
f 976 975 967
f 967 969 976
f 119 122 975
f 975 976 119
f 974 973 975
f 975 122 974
f 940 974 122
f 122 121 940
f 908 477 476
f 477 920 478
f 478 927 480
f 934 481 480
f 494 487 486
f 567 571 628
f 637 644 626
f 977 978 373
f 373 372 977
f 979 980 981
f 982 983 980
f 980 979 982
f 983 984 980
f 985 984 983
f 983 986 985
f 983 982 986
f 979 981 978
f 978 977 979
f 979 987 982
f 987 979 977
f 977 372 988
f 987 977 988
f 982 987 988
f 989 982 988
f 990 989 988
f 991 990 988
f 130 991 988
f 372 130 988
f 982 992 986
f 993 992 982
f 982 989 993
f 990 993 989
f 992 994 986
f 993 994 992
f 995 994 993
f 993 990 995
f 996 997 986
f 986 994 996
f 998 996 994
f 994 995 998
f 999 998 995
f 995 1000 999
f 990 991 1000
f 1000 995 990
f 1001 1002 1000
f 1000 991 1001
f 130 1001 991
f 129 1001 130
f 1002 1001 129
f 129 128 1002
f 370 1002 128
f 1000 1002 370
f 1003 999 1000
f 1000 370 1003
f 1004 999 1003
f 998 999 1004
f 1004 390 998
f 996 998 390
f 390 1005 996
f 390 389 1005
f 1004 369 390
f 1003 369 1004
f 370 369 1003
f 1006 1005 389
f 996 1005 1006
f 1006 997 996
f 1006 1007 997
f 1008 985 986
f 986 997 1008
f 1009 1008 997
f 997 1007 1009
f 985 1008 1009
f 1010 1011 1009
f 1009 1007 1010
f 1012 1010 1007
f 1007 1006 1012
f 1013 1010 1012
f 1012 1014 1013
f 1006 1015 1014
f 1014 1012 1006
f 1006 389 1015
f 1016 1015 389
f 389 394 1016
f 1017 1016 394
f 394 396 1017
f 1018 1017 396
f 396 1019 1018
f 1020 1014 1015
f 1015 1016 1020
f 1021 1020 1016
f 1016 1017 1021
f 1022 1021 1017
f 1017 1018 1022
f 1023 1013 1014
f 1014 1020 1023
f 1024 1023 1020
f 1020 1021 1024
f 1025 1024 1021
f 1021 1022 1025
f 1026 1011 1010
f 1010 1013 1026
f 1027 1026 1013
f 1013 1023 1027
f 1028 1027 1023
f 1023 1024 1028
f 1029 1028 1024
f 1024 1025 1029
f 1030 1029 1025
f 1025 1031 1030
f 1032 1031 1025
f 1025 1022 1032
f 1033 1032 1022
f 1022 1018 1033
f 1034 1033 1018
f 1018 1019 1034
f 1035 1034 1019
f 1019 1036 1035
f 1019 396 1036
f 395 1036 396
f 1037 1036 395
f 395 391 1037
f 391 1038 1037
f 1039 1038 391
f 391 386 1039
f 386 1040 1039
f 1041 1040 386
f 386 367 1041
f 355 1042 1041
f 1041 367 355
f 354 1043 1042
f 1042 355 354
f 342 420 1043
f 1043 354 342
f 1044 1043 420
f 420 1045 1044
f 1046 1042 1043
f 1043 1044 1046
f 1047 1041 1042
f 1042 1046 1047
f 1048 1040 1041
f 1041 1047 1048
f 1049 1039 1040
f 1040 1048 1049
f 1050 1038 1039
f 1039 1049 1050
f 1051 1037 1038
f 1038 1050 1051
f 1052 1036 1037
f 1037 1051 1052
f 1053 1054 1036
f 1036 1052 1053
f 1054 1035 1036
f 1055 1056 1035
f 1035 1054 1055
f 1057 1055 1054
f 1054 1053 1057
f 1055 1058 1056
f 1059 1058 1055
f 1055 1057 1059
f 1058 1060 1056
f 1061 1060 1058
f 1059 1062 1061
f 1061 1058 1059
f 1063 1064 1060
f 1060 1061 1063
f 1065 1063 1061
f 1061 1062 1065
f 1066 1067 1064
f 1064 1063 1066
f 1068 1066 1063
f 1063 1065 1068
f 1069 1070 1067
f 1067 1066 1069
f 1071 1069 1066
f 1066 1068 1071
f 1069 1072 1070
f 1073 1072 1069
f 1069 1071 1073
f 1072 1074 1070
f 1075 1074 1072
f 1073 1045 1075
f 1075 1072 1073
f 1074 1076 420
f 420 1075 1074
f 1045 420 1075
f 417 1074 1075
f 1075 420 417
f 1077 1074 417
f 417 400 1077
f 403 1077 400
f 400 401 403
f 1077 1070 1074
f 1078 1070 1077
f 1078 1077 403
f 403 406 1078
f 1079 1078 406
f 406 407 1079
f 1070 1078 1079
f 1079 1067 1070
f 1080 1064 1067
f 1067 1079 1080
f 410 1080 1079
f 1079 407 410
f 1081 1060 1064
f 1064 1080 1081
f 412 1081 1080
f 1080 410 412
f 1081 1082 1060
f 414 1082 1081
f 1081 412 414
f 1056 1060 1082
f 1083 1035 1056
f 1056 1084 1083
f 1056 1082 1084
f 416 1084 1082
f 1082 414 416
f 416 1083 1084
f 1085 1083 416
f 1086 1034 1035
f 1083 1086 1035
f 1085 1086 1083
f 1087 1086 1085
f 1034 1086 1087
f 1087 1033 1034
f 415 1085 416
f 1087 1085 415
f 415 1088 1087
f 1033 1087 1088
f 1088 1032 1033
f 1089 1031 1032
f 1032 1088 1089
f 415 1089 1088
f 1090 1089 415
f 415 431 1090
f 328 1090 431
f 329 1090 328
f 1031 1089 1090
f 1090 1030 1031
f 1091 1092 1093
f 1094 1092 1091
f 1091 1095 1094
f 1096 1094 1095
f 1095 1097 1096
f 1098 1096 1097
f 1097 1099 1098
f 1100 1096 1098
f 1101 1102 1100
f 1100 1098 1101
f 1103 1101 1098
f 1098 1099 1103
f 1104 1105 1101
f 1101 1103 1104
f 1105 1106 1102
f 1102 1101 1105
f 1104 1107 1105
f 1107 1108 1105
f 1109 1108 1107
f 1110 1108 1109
f 1111 1108 1110
f 1106 1108 1111
f 1112 1102 1106
f 1106 1111 1112
f 1110 1113 1111
f 1112 1111 1113
f 1113 1114 1112
f 1100 1102 1112
f 1112 1115 1100
f 1114 1116 1115
f 1115 1112 1114
f 1096 1100 1115
f 1117 1096 1115
f 1115 1116 1117
f 1118 1094 1096
f 1096 1117 1118
f 1119 1092 1094
f 1094 1118 1119
f 1093 1092 1119
f 1119 1052 1093
f 1119 1053 1052
f 1118 1053 1119
f 1118 1057 1053
f 1117 1057 1118
f 1117 1059 1057
f 1117 1062 1059
f 1116 1062 1117
f 1116 1065 1062
f 1114 1065 1116
f 1114 1068 1065
f 1113 1068 1114
f 1113 1071 1068
f 1110 1071 1113
f 1110 1073 1071
f 1109 1073 1110
f 1109 1045 1073
f 1044 1045 1109
f 1107 1044 1109
f 1046 1044 1107
f 1104 1046 1107
f 1047 1046 1104
f 1103 1047 1104
f 1048 1047 1103
f 1099 1048 1103
f 1049 1048 1099
f 1097 1049 1099
f 1050 1049 1097
f 1095 1050 1097
f 1051 1050 1095
f 1091 1051 1095
f 1052 1051 1091
f 1093 1052 1091
f 1105 1108 1106
f 1120 1121 1122
f 1121 1123 1124
f 1124 1125 1122
f 1122 1121 1124
f 1126 1121 1120
f 1120 1127 1126
f 1128 1123 1121
f 1121 1126 1128
f 1129 1130 1123
f 1123 1128 1129
f 1131 1132 1130
f 1130 1129 1131
f 1133 1134 1132
f 1132 1131 1133
f 1135 1136 1137
f 1137 1133 1135
f 1138 1139 1136
f 1136 1135 1138
f 1140 1141 1139
f 1139 1138 1140
f 1142 1143 1141
f 1141 1140 1142
f 1144 1145 1143
f 1143 1142 1144
f 1146 1147 1145
f 1145 1144 1146
f 1143 1148 1141
f 1148 1149 1139
f 1139 1141 1148
f 1149 1150 1136
f 1136 1139 1149
f 1150 1151 1134
f 1134 1136 1150
f 1134 1151 1132
f 1152 1153 1154
f 1154 1155 1152
f 1153 1156 1157
f 1157 1154 1153
f 1157 1156 1158
f 1158 1159 1157
f 1159 1160 1154
f 1154 1157 1159
f 1160 1161 1155
f 1155 1154 1160
f 1162 1163 1152
f 1152 1155 1162
f 1127 1120 1163
f 1163 1162 1127
f 1164 1162 1155
f 1155 1161 1164
f 1165 1127 1162
f 1162 1164 1165
f 1165 1126 1127
f 1166 1158 1167
f 1166 1167 1168
f 1166 1168 1169
f 1166 1169 1165
f 1166 1165 1164
f 1166 1164 1161
f 1166 1161 1160
f 1166 1160 1159
f 1166 1159 1158
f 1170 1126 1165
f 1165 1169 1170
f 1171 1128 1126
f 1126 1170 1171
f 1172 1129 1128
f 1128 1171 1172
f 1173 1131 1129
f 1129 1172 1173
f 1174 1133 1131
f 1131 1173 1174
f 1175 1135 1133
f 1133 1174 1175
f 1176 1138 1135
f 1135 1175 1176
f 1177 1140 1138
f 1138 1176 1177
f 1178 1142 1140
f 1140 1177 1178
f 1179 1144 1142
f 1142 1178 1179
f 1180 1146 1144
f 1144 1179 1180
f 1181 1182 1146
f 1146 1180 1181
f 1183 1184 1182
f 1182 1181 1183
f 1183 1185 1184
f 1185 1183 1186
f 1186 1187 1188
f 1189 1185 1186
f 1186 1188 1189
f 1190 1191 1188
f 1188 1187 1190
f 1191 1192 1189
f 1189 1188 1191
f 1190 1193 1191
f 1193 1194 1195
f 1195 1191 1193
f 1195 1192 1191
f 1194 1168 1167
f 1167 1195 1194
f 1174 1196 1175
f 1196 1197 1176
f 1176 1175 1196
f 1197 1198 1177
f 1177 1176 1197
f 1198 1199 1178
f 1178 1177 1198
f 1199 1200 1179
f 1179 1178 1199
f 1200 1201 1180
f 1180 1179 1200
f 1181 1180 1201
f 1168 1202 1170
f 1170 1169 1168
f 1202 1203 1204
f 1204 1170 1202
f 1204 1171 1170
f 1205 1172 1171
f 1171 1204 1205
f 1205 1206 1173
f 1173 1172 1205
f 1206 1207 1174
f 1174 1173 1206
f 1207 1208 1196
f 1196 1174 1207
f 1208 1209 1197
f 1197 1196 1208
f 1209 1210 1198
f 1198 1197 1209
f 1210 1211 1199
f 1199 1198 1210
f 1211 1212 1200
f 1200 1199 1211
f 1200 1212 1201
f 1201 1212 1181
f 1181 1212 1183
f 1183 1213 1186
f 1213 1214 1215
f 1215 1186 1213
f 1215 1214 1216
f 1215 1216 1217
f 1215 1217 1218
f 1218 1219 1215
f 1215 1219 1206
f 1206 1205 1215
f 1205 1204 1203
f 1203 1215 1205
f 1206 1219 1207
f 1207 1219 1218
f 1218 1208 1207
f 1218 1217 1209
f 1209 1208 1218
f 1217 1216 1210
f 1210 1209 1217
f 1216 1214 1211
f 1211 1210 1216
f 1214 1213 1212
f 1212 1211 1214
f 1212 1213 1183
f 1193 1202 1168
f 1168 1194 1193
f 1193 1190 1203
f 1203 1202 1193
f 1190 1187 1215
f 1215 1203 1190
f 1215 1187 1186
f 1147 1146 1182
f 1220 1221 1147
f 1147 1182 1220
f 1221 1220 1222
f 1222 1220 1223
f 1223 1224 1222
f 1222 1224 1225
f 1225 1226 1222
f 1222 1226 1227
f 1227 1228 1222
f 1228 1167 1229
f 1229 1222 1228
f 1229 1167 1158
f 1167 1228 1195
f 1195 1228 1192
f 1228 1227 1192
f 1227 1226 1192
f 1192 1226 1189
f 1226 1225 1189
f 1225 1224 1189
f 1189 1224 1185
f 1224 1223 1185
f 1223 1220 1185
f 1185 1220 1184
f 1220 1182 1184
f 1148 1230 1231
f 1231 1149 1148
f 1148 1143 1230
f 1143 1145 1230
f 1145 1147 1232
f 1232 1230 1145
f 1233 1234 1235
f 1235 1230 1233
f 1235 1231 1230
f 1233 1236 1237
f 1237 1234 1233
f 1236 1238 1239
f 1239 1237 1236
f 1147 1221 1240
f 1240 1232 1147
f 1221 1222 1241
f 1241 1240 1221
f 1241 1222 1242
f 1242 1222 1229
f 1158 1243 1242
f 1242 1229 1158
f 1158 1156 1244
f 1244 1243 1158
f 1156 1153 1245
f 1245 1244 1156
f 1245 1246 1244
f 1245 1153 1152
f 1120 1247 1248
f 1248 1152 1120
f 1248 1245 1152
f 1248 1249 1250
f 1250 1245 1248
f 1250 1246 1245
f 1251 1252 1249
f 1249 1253 1251
f 1251 1254 1255
f 1256 1257 2
f 2 1 1256
f 1257 1258 1259
f 1259 2 1257
f 1258 273 274
f 274 1259 1258
f 1249 1260 1253
f 1247 1260 1249
f 1249 1248 1247
f 1 1261 1256
f 1255 1261 1
f 1254 1261 1255
f 278 1262 1259
f 1259 274 278
f 1262 1263 1264
f 1264 1259 1262
f 3 2 1259
f 1259 1264 3
f 1 4 1265
f 1265 1255 1
f 1252 1251 1255
f 1255 1265 1252
f 1249 1266 1250
f 1266 1267 1246
f 1246 1250 1266
f 1246 1267 1244
f 1266 1249 1252
f 1268 1267 1266
f 1266 1252 1268
f 1265 1269 1268
f 1268 1252 1265
f 1265 4 1270
f 1270 1269 1265
f 4 3 1271
f 1271 1270 4
f 3 1264 1272
f 1272 1271 3
f 1264 1263 1273
f 1273 1272 1264
f 1274 1275 1272
f 1272 1273 1274
f 1272 1275 1276
f 1276 1271 1272
f 1277 1278 1271
f 1271 1276 1277
f 1271 1278 1270
f 1278 1279 1280
f 1280 1270 1278
f 1280 1269 1270
f 1281 1268 1269
f 1269 1280 1281
f 1282 1267 1268
f 1268 1281 1282
f 1243 1244 1267
f 1267 1282 1243
f 1282 1283 1242
f 1242 1243 1282
f 1282 1281 1284
f 1284 1283 1282
f 1281 1280 1279
f 1279 1284 1281
f 1277 1285 1279
f 1279 1278 1277
f 1285 1286 1284
f 1284 1279 1285
f 1286 1287 1283
f 1283 1284 1286
f 1283 1287 1241
f 1241 1242 1283
f 1288 1289 1275
f 1275 1274 1288
f 1289 1290 1276
f 1276 1275 1289
f 1290 1291 1277
f 1277 1276 1290
f 1291 1292 1285
f 1285 1277 1291
f 1292 1293 1286
f 1286 1285 1292
f 1293 1294 1287
f 1287 1286 1293
f 1294 1295 1241
f 1241 1287 1294
f 1241 1295 1296
f 1296 1297 1241
f 1241 1297 1240
f 1240 1297 1232
f 1232 1298 1230
f 1297 1298 1232
f 1298 1233 1230
f 1298 1299 1233
f 1233 1299 1300
f 1300 1236 1233
f 1236 1300 1301
f 1302 1238 1236
f 1236 1301 1302
f 1303 1304 1238
f 1238 1302 1303
f 1305 39 1304
f 1304 1303 1305
f 42 39 1305
f 1305 1306 42
f 1307 53 42
f 42 1306 1307
f 1308 50 53
f 53 1307 1308
f 1309 327 50
f 50 1308 1309
f 1309 329 327
f 1295 1310 1311
f 1311 1296 1295
f 1295 1294 1312
f 1312 1310 1295
f 1294 1293 1313
f 1313 1312 1294
f 1293 1292 1314
f 1314 1313 1293
f 1292 1291 1315
f 1315 1314 1292
f 1316 1291 1290
f 1289 1317 1316
f 1316 1290 1289
f 1317 1289 1288
f 1310 1318 1319
f 1319 1311 1310
f 1312 1320 1318
f 1318 1310 1312
f 1312 1313 1321
f 1321 1320 1312
f 1321 1313 1314
f 1319 1318 1322
f 1318 1320 1323
f 1323 1322 1318
f 1320 1321 1324
f 1324 1323 1320
f 1324 1321 1325
f 1325 1321 1314
f 1314 1326 1325
f 1314 1315 1326
f 1326 1315 1327
f 1327 1316 1328
f 1329 1330 1328
f 1328 1316 1329
f 1316 1331 1329
f 1331 1316 1317
f 1317 1288 1332
f 1332 1288 1333
f 1322 1323 1334
f 1323 1324 1335
f 1335 1334 1323
f 1324 1325 1336
f 1336 1335 1324
f 1336 1325 1337
f 1337 1325 1326
f 1326 1338 1337
f 1338 1326 1327
f 1327 1339 1338
f 1327 1340 1339
f 1327 1341 1340
f 1341 1327 1328
f 1332 1342 1331
f 1331 1317 1332
f 1342 1343 1329
f 1329 1331 1342
f 1329 1343 1330
f 1343 1344 1345
f 1345 1330 1343
f 1345 1328 1330
f 1336 1346 1347
f 1347 1335 1336
f 1337 1348 1346
f 1346 1336 1337
f 1338 1349 1348
f 1348 1337 1338
f 1338 1350 1349
f 1338 1339 1351
f 1351 1350 1338
f 1339 1340 1352
f 1352 1351 1339
f 1352 1353 1354
f 1354 1353 1355
f 1355 1353 373
f 373 1353 374
f 374 1353 1356
f 1356 1353 1357
f 1357 1353 1352
f 1352 1358 1357
f 1352 1340 1358
f 1358 1340 1359
f 1359 1340 1341
f 1341 1360 1359
f 1359 1360 1361
f 1361 1362 1358
f 1358 1362 1357
f 1357 1362 1363
f 1363 1356 1357
f 1361 1358 1359
f 1356 1363 383
f 383 384 1356
f 1356 384 374
f 1346 1364 1365
f 1365 1347 1346
f 1348 1366 1364
f 1364 1346 1348
f 1349 1367 1366
f 1366 1348 1349
f 1368 1369 1367
f 1367 1349 1368
f 1365 1364 1370
f 1364 1366 1371
f 1371 1370 1364
f 1366 1367 1372
f 1372 1371 1366
f 1367 1369 1373
f 1373 1372 1367
f 1370 1371 1374
f 1371 1372 1375
f 1375 1374 1371
f 1375 1372 1373
f 1297 1376 1377
f 1377 1298 1297
f 1297 1378 1376
f 1378 1379 1380
f 1380 1376 1378
f 1376 1380 1381
f 1381 1377 1376
f 1380 1382 1383
f 1383 1381 1380
f 1384 1383 1382
f 1382 1385 1384
f 1385 1386 1387
f 1387 1384 1385
f 1388 1387 1386
f 1386 1389 1388
f 1390 1391 1388
f 1388 1389 1390
f 1392 1391 1390
f 1390 1393 1392
f 1394 1395 1392
f 1392 1393 1394
f 1379 1396 1397
f 1396 1398 1399
f 1399 1397 1396
f 1379 1378 1396
f 1378 1400 1398
f 1398 1396 1378
f 1297 1401 1400
f 1400 1378 1297
f 1401 1297 1296
f 1311 1400 1401
f 1401 1296 1311
f 1311 1319 1398
f 1398 1400 1311
f 1319 1322 1399
f 1399 1398 1319
f 1298 1402 1299
f 1299 1402 1300
f 1402 1403 1301
f 1301 1300 1402
f 1403 1404 1302
f 1302 1301 1403
f 1404 1405 1303
f 1303 1302 1404
f 1405 1406 1305
f 1305 1303 1405
f 1406 1407 1306
f 1306 1305 1406
f 1407 1408 1307
f 1307 1306 1407
f 1408 1409 1308
f 1308 1307 1408
f 1409 1410 1309
f 1309 1308 1409
f 1409 1411 1395
f 1395 1410 1409
f 1411 1392 1395
f 1409 1408 1412
f 1412 1411 1409
f 1391 1392 1411
f 1411 1412 1391
f 1407 1413 1412
f 1412 1408 1407
f 1413 1388 1391
f 1391 1412 1413
f 1406 1414 1413
f 1413 1407 1406
f 1405 1415 1414
f 1414 1406 1405
f 1387 1388 1413
f 1413 1414 1387
f 1415 1384 1387
f 1387 1414 1415
f 1404 1416 1415
f 1415 1405 1404
f 1383 1384 1415
f 1415 1416 1383
f 1403 1417 1416
f 1416 1404 1403
f 1417 1381 1383
f 1383 1416 1417
f 1402 1418 1417
f 1417 1403 1402
f 1418 1377 1381
f 1381 1417 1418
f 1402 1298 1418
f 1418 1298 1377
f 1363 1419 441
f 441 383 1363
f 1362 1420 1419
f 1419 1363 1362
f 1361 1421 1420
f 1420 1362 1361
f 1360 1422 1421
f 1421 1361 1360
f 1341 1423 1422
f 1422 1360 1341
f 1341 1328 1423
f 1423 1328 1424
f 1424 1328 1345
f 1424 1425 1426
f 1426 1423 1424
f 1423 1426 1422
f 1426 1427 1421
f 1421 1422 1426
f 1427 1428 1420
f 1420 1421 1427
f 1428 1429 1419
f 1419 1420 1428
f 1429 452 441
f 441 1419 1429
f 1429 1430 454
f 454 452 1429
f 1428 1431 1430
f 1430 1429 1428
f 1427 1432 1431
f 1431 1428 1427
f 1427 1426 1432
f 1425 1433 1432
f 1432 1426 1425
f 1433 1434 1431
f 1431 1432 1433
f 1434 1435 1430
f 1430 1431 1434
f 1435 460 454
f 454 1430 1435
f 460 1435 461
f 461 1435 1436
f 1436 1435 1434
f 1434 1437 1436
f 1434 1433 1437
f 1437 1433 1344
f 1344 1433 1425
f 1424 1345 1344
f 1344 1425 1424
f 1343 1438 1437
f 1437 1344 1343
f 1438 1439 1436
f 1436 1437 1438
f 1439 466 461
f 461 1436 1439
f 1439 1440 468
f 468 466 1439
f 1439 1441 1440
f 1441 1439 1438
f 1438 1442 1441
f 1343 1342 1442
f 1442 1438 1343
f 1342 1332 1443
f 1443 1442 1342
f 1443 1441 1442
f 1443 1444 1441
f 1441 1444 1445
f 1441 1445 1440
f 1445 474 468
f 468 1440 1445
f 1332 1333 1446
f 1446 1443 1332
f 1446 1444 1443
f 474 1445 476
f 476 1445 1447
f 1445 1444 1447
f 1447 1444 1446
f 1446 1448 1447
f 1446 1333 1449
f 1449 1448 1446
f 1449 1333 1288
f 1288 1274 1449
f 1449 1274 1450
f 1450 1448 1449
f 1273 1451 1450
f 1450 1274 1273
f 1263 1452 1451
f 1451 1273 1263
f 1262 1453 1452
f 1452 1263 1262
f 278 484 1453
f 1453 1262 278
f 1454 1455 1456
f 1456 1455 1457
f 1456 1457 1458
f 1458 1457 1459
f 1458 1459 1460
f 1461 1462 1463
f 1461 1463 1455
f 1455 1463 1464
f 1455 1464 1457
f 1457 1464 1465
f 1457 1465 1459
f 1462 1466 1467
f 1462 1467 1463
f 1463 1467 1468
f 1463 1468 1464
f 1464 1468 1469
f 1464 1469 1465
f 1466 1470 1471
f 1466 1471 1467
f 1467 1471 1472
f 1467 1472 1468
f 1468 1472 1473
f 1468 1473 1469
f 1470 1474 1475
f 1470 1475 1471
f 1471 1475 1476
f 1471 1476 1472
f 1472 1476 1477
f 1472 1477 1473
f 1474 1478 1479
f 1474 1479 1475
f 1475 1479 1480
f 1475 1480 1476
f 1476 1480 1481
f 1476 1481 1477
f 1478 1482 1479
f 1479 1482 1483
f 1479 1483 1480
f 1480 1483 1484
f 1480 1484 1481
f 1478 1485 1486
f 1478 1486 1482
f 1482 1486 1487
f 1482 1487 1483
f 1483 1487 1488
f 1483 1488 1484
f 1485 1489 1490
f 1485 1490 1486
f 1486 1490 1491
f 1486 1491 1487
f 1487 1491 1492
f 1487 1492 1488
f 1489 1493 1490
f 1490 1493 1494
f 1490 1494 1491
f 1491 1494 1495
f 1491 1495 1492
f 1489 1496 1497
f 1489 1497 1493
f 1493 1497 1498
f 1493 1498 1494
f 1494 1498 1499
f 1494 1499 1495
f 1496 1500 1497
f 1497 1500 1501
f 1497 1501 1498
f 1498 1501 1502
f 1498 1502 1499
f 1496 1503 1504
f 1496 1504 1500
f 1500 1504 1505
f 1500 1505 1501
f 1501 1505 1506
f 1501 1506 1502
f 1503 1507 1508
f 1503 1508 1504
f 1504 1508 1509
f 1504 1509 1505
f 1505 1509 1510
f 1505 1510 1506
f 1507 1511 1512
f 1507 1512 1508
f 1508 1512 1513
f 1508 1513 1509
f 1509 1513 1514
f 1509 1514 1510
f 1511 1515 1516
f 1511 1516 1512
f 1512 1516 1517
f 1512 1517 1513
f 1513 1517 1518
f 1513 1518 1514
f 1515 1519 1520
f 1515 1520 1516
f 1516 1520 1521
f 1516 1521 1517
f 1517 1521 1522
f 1517 1522 1518
f 1519 1523 1524
f 1519 1524 1520
f 1520 1524 1525
f 1520 1525 1521
f 1521 1525 1526
f 1521 1526 1522
f 1523 1527 1528
f 1523 1528 1524
f 1524 1528 1529
f 1524 1529 1525
f 1525 1529 1530
f 1525 1530 1526
f 1527 1531 1532
f 1527 1532 1528
f 1528 1532 1533
f 1528 1533 1529
f 1529 1533 1534
f 1529 1534 1530
f 1531 1535 1536
f 1531 1536 1532
f 1532 1536 1537
f 1532 1537 1533
f 1533 1537 1538
f 1533 1538 1534
f 1535 1539 1540
f 1535 1540 1536
f 1536 1540 1541
f 1536 1541 1537
f 1537 1541 1542
f 1537 1542 1538
f 1539 1543 1544
f 1539 1544 1540
f 1540 1544 1545
f 1540 1545 1541
f 1541 1545 1546
f 1541 1546 1542
f 1547 1548 1549
f 1547 1550 1548
f 1547 1551 1550
f 1547 1552 1551
f 1547 1553 1552
f 1547 1554 1553
f 1547 1555 1554
f 1547 1556 1555
f 1547 1557 1556
f 1558 1559 1560
f 1558 1560 1561
f 1561 1560 1562
f 1561 1562 1563
f 1563 1562 1564
f 1563 1564 1565
f 1559 1566 1567
f 1559 1567 1560
f 1560 1567 1568
f 1560 1568 1562
f 1562 1568 1569
f 1562 1569 1564
f 1566 1570 1571
f 1566 1571 1567
f 1567 1571 1572
f 1567 1572 1568
f 1568 1572 1573
f 1568 1573 1569
f 1570 1574 1575
f 1570 1575 1571
f 1571 1575 1576
f 1571 1576 1572
f 1572 1576 1577
f 1572 1577 1573
f 1574 1578 1579
f 1574 1579 1575
f 1575 1579 1580
f 1575 1580 1576
f 1576 1580 1581
f 1576 1581 1577
f 1578 1582 1583
f 1578 1583 1579
f 1579 1583 1584
f 1579 1584 1580
f 1580 1584 1585
f 1580 1585 1581
f 1582 1586 1587
f 1582 1587 1583
f 1583 1587 1588
f 1583 1588 1584
f 1584 1588 1589
f 1584 1589 1585
f 1586 1590 1591
f 1586 1591 1587
f 1587 1591 1592
f 1587 1592 1588
f 1588 1592 1593
f 1588 1593 1589
f 1590 1594 1595
f 1590 1595 1591
f 1591 1595 1596
f 1591 1596 1592
f 1592 1596 1597
f 1592 1597 1593
f 1598 1599 1594
f 1594 1599 1595
f 1599 1600 1595
f 1600 1601 1595
f 1595 1601 1596
f 1601 1602 1596
f 1602 1603 1596
f 1596 1603 1597
f 1603 1604 1597
f 1598 1605 1606
f 1598 1606 1599
f 1599 1606 1607
f 1599 1607 1600
f 1600 1607 1608
f 1600 1608 1601
f 1601 1608 1609
f 1601 1609 1602
f 1602 1609 1610
f 1602 1610 1603
f 1603 1610 1611
f 1603 1611 1604
f 1605 1612 1613
f 1605 1613 1606
f 1606 1613 1614
f 1606 1614 1607
f 1607 1614 1615
f 1607 1615 1608
f 1608 1615 1616
f 1608 1616 1609
f 1609 1616 1617
f 1609 1617 1610
f 1610 1617 1618
f 1610 1618 1611
f 1612 1247 1619
f 1612 1619 1613
f 1613 1619 1620
f 1613 1620 1614
f 1614 1620 1621
f 1614 1621 1615
f 1615 1621 1622
f 1615 1622 1616
f 1616 1622 1623
f 1616 1623 1617
f 1617 1623 1624
f 1617 1624 1618
f 1247 1120 1122
f 1247 1122 1619
f 1619 1122 1625
f 1619 1625 1620
f 1620 1625 1626
f 1620 1626 1621
f 1621 1626 1627
f 1621 1627 1622
f 1622 1627 1628
f 1622 1628 1623
f 1623 1628 1629
f 1623 1629 1624
f 1122 1125 1630
f 1122 1630 1625
f 1625 1630 1631
f 1625 1631 1626
f 1626 1631 1632
f 1626 1632 1627
f 1627 1632 1633
f 1627 1633 1628
f 1628 1633 1634
f 1628 1634 1629
f 1124 1130 1125
f 1125 1130 1635
f 1125 1635 1630
f 1630 1635 1631
f 1631 1635 1636
f 1631 1636 1632
f 1632 1636 1633
f 1633 1636 1637
f 1633 1637 1634
f 1130 1638 1639
f 1130 1639 1635
f 1635 1639 1640
f 1635 1640 1636
f 1636 1640 1641
f 1636 1641 1637
f 1638 1151 1642
f 1638 1642 1639
f 1639 1642 1643
f 1639 1643 1640
f 1640 1643 1644
f 1640 1644 1641
f 1151 1645 1646
f 1151 1646 1642
f 1642 1646 1647
f 1642 1647 1643
f 1643 1647 1648
f 1643 1648 1644
f 1645 1649 1650
f 1646 1650 1651
f 1646 1651 1647
f 1647 1651 1652
f 1647 1652 1648
f 1649 1653 1654
f 1649 1654 1650
f 1650 1654 1655
f 1650 1655 1651
f 1651 1655 1656
f 1651 1656 1652
f 1653 1657 1658
f 1653 1658 1654
f 1654 1658 1655
f 1655 1658 1659
f 1655 1659 1656
f 1558 1561 1547
f 1557 1547 1561
f 1561 1563 1557
f 1565 1557 1563
f 1548 1454 1660
f 1660 1549 1548
f 1461 1454 1548
f 1548 1550 1461
f 1462 1461 1550
f 1550 1551 1462
f 1466 1462 1551
f 1551 1552 1466
f 1554 1474 1470
f 1470 1553 1554
f 1553 1470 1466
f 1466 1552 1553
f 1478 1474 1554
f 1554 1555 1478
f 1485 1478 1555
f 1555 1556 1485
f 1489 1485 1556
f 1556 1557 1489
f 1496 1489 1557
f 1557 1565 1496
f 1503 1496 1565
f 1565 1564 1503
f 1507 1503 1564
f 1564 1569 1507
f 1511 1507 1569
f 1569 1573 1511
f 1515 1511 1573
f 1573 1577 1515
f 1519 1515 1577
f 1577 1581 1519
f 1523 1519 1581
f 1581 1585 1523
f 1527 1523 1585
f 1585 1589 1527
f 1531 1527 1589
f 1589 1593 1531
f 1535 1531 1593
f 1593 1597 1535
f 1543 1539 1597
f 1597 1604 1543
f 1661 1543 1604
f 1604 1611 1661
f 1611 1618 1662
f 1662 1661 1611
f 1618 1624 1663
f 1663 1662 1618
f 1624 1629 1664
f 1664 1663 1624
f 1629 1634 1665
f 1665 1664 1629
f 1634 1637 1666
f 1666 1665 1634
f 1637 1641 1667
f 1667 1666 1637
f 1641 1644 1668
f 1668 1667 1641
f 1644 1648 1669
f 1669 1668 1644
f 1648 1652 1670
f 1670 1669 1648
f 1652 1656 1671
f 1671 1670 1652
f 1656 1659 1672
f 1672 1671 1656
f 1659 1673 1674
f 1674 1672 1659
f 1675 1460 1676
f 1676 1677 1675
f 1460 1459 1678
f 1678 1676 1460
f 1459 1465 1679
f 1679 1678 1459
f 1465 1469 1680
f 1680 1679 1465
f 1469 1473 1681
f 1681 1680 1469
f 1473 1477 1682
f 1682 1681 1473
f 1477 1481 1683
f 1683 1682 1477
f 1481 1484 1684
f 1684 1683 1481
f 1484 1488 1685
f 1685 1684 1484
f 1488 1492 1686
f 1686 1685 1488
f 1492 1495 1687
f 1687 1686 1492
f 1495 1499 1688
f 1688 1687 1495
f 1499 1502 1689
f 1689 1688 1499
f 1502 1506 1690
f 1690 1689 1502
f 1506 1510 1691
f 1691 1690 1506
f 1510 1514 1692
f 1692 1691 1510
f 1514 1518 1693
f 1693 1692 1514
f 1518 1522 1694
f 1694 1693 1518
f 1522 1526 1695
f 1695 1694 1522
f 1526 1530 1696
f 1696 1695 1526
f 1530 1534 1697
f 1697 1696 1530
f 1534 1538 1698
f 1698 1697 1534
f 1538 1542 1699
f 1699 1698 1538
f 1542 1546 1700
f 1700 1699 1542
f 1660 1454 1701
f 1460 1675 1701
f 1701 1458 1460
f 1456 1458 1701
f 1456 1701 1660
f 1660 1454 1456
f 731 730 1702
f 731 1702 1703
f 1703 1702 1701
f 1703 1701 1675
f 730 734 1704
f 730 1704 1702
f 1702 1704 1660
f 1702 1660 1701
f 734 736 1705
f 734 1705 1704
f 1704 1705 1706
f 1704 1706 1660
f 736 739 1707
f 736 1707 1705
f 1705 1707 1708
f 1705 1708 1706
f 739 742 1709
f 739 1709 1707
f 1707 1709 1710
f 1707 1710 1708
f 742 745 1711
f 742 1711 1709
f 1709 1711 1712
f 1709 1712 1710
f 745 748 1713
f 745 1713 1711
f 1711 1713 1714
f 1711 1714 1712
f 751 1715 748
f 748 1715 1713
f 1715 1716 1713
f 1716 1717 1713
f 1713 1717 1714
f 1717 1718 1714
f 1718 1719 1714
f 751 757 1720
f 751 1720 1715
f 1715 1720 1721
f 1715 1721 1716
f 1716 1721 1722
f 1716 1722 1717
f 1717 1722 1723
f 1717 1723 1718
f 1718 1723 1724
f 1718 1724 1719
f 757 763 1725
f 757 1725 1720
f 1720 1725 1726
f 1720 1726 1721
f 1721 1726 1727
f 1721 1727 1722
f 1722 1727 1728
f 1722 1728 1723
f 1723 1728 1729
f 1723 1729 1724
f 763 769 1730
f 763 1730 1725
f 1725 1730 1731
f 1725 1731 1726
f 1726 1731 1732
f 1726 1732 1727
f 1727 1732 1733
f 1727 1733 1728
f 1728 1733 1734
f 1728 1734 1729
f 769 774 1730
f 774 1735 1730
f 1735 1736 1730
f 1730 1736 1731
f 1736 1737 1731
f 1731 1737 1732
f 1737 1738 1732
f 1732 1738 1733
f 1738 1739 1733
f 1739 1740 1733
f 1733 1740 1734
f 1740 1594 1734
f 774 781 1735
f 781 1741 1735
f 1741 1742 1735
f 1735 1742 1736
f 1742 1743 1736
f 1736 1743 1737
f 1743 1744 1737
f 1737 1744 1738
f 1744 1745 1738
f 1738 1745 1739
f 1745 1746 1739
f 1746 1747 1739
f 1739 1747 1740
f 1747 1748 1740
f 1740 1748 1594
f 1748 1612 1594
f 781 273 1258
f 781 1258 1741
f 1741 1258 1257
f 1741 1257 1742
f 1742 1257 1256
f 1742 1256 1743
f 1743 1256 1261
f 1743 1261 1744
f 1744 1261 1254
f 1744 1254 1745
f 1745 1254 1251
f 1745 1251 1746
f 1746 1251 1253
f 1746 1253 1747
f 1747 1253 1260
f 1747 1260 1748
f 1748 1260 1247
f 1748 1247 1612
f 1706 1547 1549
f 1549 1660 1706
f 1708 1558 1547
f 1547 1706 1708
f 1708 1710 1559
f 1559 1558 1708
f 1710 1712 1566
f 1566 1559 1710
f 1712 1714 1570
f 1570 1566 1712
f 1714 1719 1574
f 1574 1570 1714
f 1719 1578 1574
f 1729 1578 1719
f 1719 1724 1729
f 1729 1582 1578
f 1729 1734 1582
f 1734 1586 1582
f 1734 1594 1586
f 1586 1594 1590
f 1594 1605 1598
f 1124 1123 1130
f 1130 1132 1638
f 1638 1132 1151
f 1673 1749 1750
f 1750 1674 1673
f 1750 1749 1751
f 1750 1751 1752
f 1752 1751 1753
f 1752 1753 1754
f 1754 1753 1755
f 1754 1755 1756
f 1756 1755 1757
f 1756 1757 1758
f 1758 1757 1759
f 1758 1759 1760
f 1760 1759 1761
f 1760 1761 1762
f 1749 1763 1764
f 1749 1764 1751
f 1751 1764 1765
f 1751 1765 1753
f 1753 1765 1766
f 1753 1766 1755
f 1755 1766 1767
f 1755 1767 1757
f 1757 1767 1768
f 1757 1768 1759
f 1759 1768 1769
f 1759 1769 1761
f 1763 1770 1771
f 1763 1771 1764
f 1764 1771 1772
f 1764 1772 1765
f 1765 1772 1773
f 1765 1773 1766
f 1766 1773 1774
f 1766 1774 1767
f 1767 1774 1775
f 1767 1775 1768
f 1768 1775 1776
f 1768 1776 1769
f 1770 1777 1778
f 1770 1778 1771
f 1771 1778 1779
f 1771 1779 1772
f 1772 1779 1780
f 1772 1780 1773
f 1773 1780 1781
f 1773 1781 1774
f 1774 1781 1782
f 1774 1782 1775
f 1775 1782 1783
f 1775 1783 1776
f 1777 1784 1785
f 1777 1785 1778
f 1778 1785 1786
f 1778 1786 1779
f 1779 1786 1787
f 1779 1787 1780
f 1780 1787 1788
f 1780 1788 1781
f 1781 1788 1789
f 1781 1789 1782
f 1782 1789 1790
f 1782 1790 1783
f 1784 1791 1792
f 1784 1792 1785
f 1785 1792 1793
f 1785 1793 1786
f 1786 1793 1794
f 1786 1794 1787
f 1787 1794 1795
f 1787 1795 1788
f 1788 1795 1796
f 1788 1796 1789
f 1789 1796 1797
f 1789 1797 1790
f 1791 1798 1792
f 1792 1798 1799
f 1792 1799 1793
f 1793 1799 1800
f 1793 1800 1794
f 1794 1800 1801
f 1794 1801 1795
f 1795 1801 1796
f 1796 1801 30
f 1796 30 1797
f 1798 1802 1803
f 1798 1803 1799
f 1799 1803 1804
f 1799 1804 1800
f 1800 1804 1805
f 1800 1805 1801
f 1801 1805 33
f 1801 33 30
f 1802 1806 1807
f 1802 1807 1803
f 1803 1807 1804
f 1804 1807 1808
f 1804 1808 1805
f 1805 1808 36
f 1805 36 33
f 1762 1761 1809
f 1762 1809 1810
f 1810 1809 1811
f 1810 1811 1812
f 1812 1811 1813
f 1812 1813 1814
f 1814 1813 1815
f 1814 1815 1816
f 1816 1815 1817
f 1816 1817 1818
f 1761 1769 1819
f 1761 1819 1809
f 1809 1819 1820
f 1809 1820 1811
f 1811 1820 1821
f 1811 1821 1813
f 1813 1821 1822
f 1813 1822 1815
f 1815 1822 1823
f 1815 1823 1817
f 1769 1776 1824
f 1769 1824 1819
f 1819 1824 1825
f 1819 1825 1820
f 1820 1825 1826
f 1820 1826 1821
f 1821 1826 1827
f 1821 1827 1822
f 1822 1827 1828
f 1822 1828 1823
f 1776 1783 1829
f 1776 1829 1824
f 1824 1829 1830
f 1824 1830 1825
f 1825 1830 1831
f 1825 1831 1826
f 1826 1831 1832
f 1826 1832 1827
f 1827 1832 1833
f 1827 1833 1828
f 1783 1790 1834
f 1783 1834 1829
f 1829 1834 1835
f 1829 1835 1830
f 1830 1835 1836
f 1830 1836 1831
f 1831 1836 1837
f 1831 1837 1832
f 1832 1837 1838
f 1832 1838 1833
f 1790 1797 1839
f 1790 1839 1834
f 1834 1839 1840
f 1834 1840 1835
f 1835 1840 70
f 1835 70 1836
f 1836 70 72
f 1836 72 1837
f 1837 72 74
f 1837 74 1838
f 1673 1763 1749
f 1841 1770 1763
f 1763 1673 1841
f 1770 1841 1842
f 1842 1777 1770
f 1843 1784 1777
f 1777 1842 1843
f 1844 1791 1784
f 1784 1843 1844
f 1845 1798 1791
f 1791 1844 1845
f 1846 1802 1798
f 1798 1845 1846
f 1239 1806 1802
f 1802 1846 1239
f 1238 1304 1806
f 1806 1239 1238
f 1808 1807 1304
f 1304 39 1808
f 36 1808 39
f 1807 1806 1304
f 1151 1847 1645
f 1645 1847 1649
f 1847 1848 1649
f 1848 1849 1649
f 1649 1849 1653
f 1849 1850 1653
f 1653 1850 1657
f 1850 1851 1657
f 1657 1851 1673
f 1851 1841 1673
f 1151 1150 1852
f 1151 1852 1847
f 1847 1852 1853
f 1847 1853 1848
f 1848 1853 1854
f 1848 1854 1849
f 1849 1854 1855
f 1849 1855 1850
f 1850 1855 1856
f 1850 1856 1851
f 1851 1856 1842
f 1851 1842 1841
f 1150 1857 1852
f 1852 1857 1858
f 1852 1858 1853
f 1853 1858 1859
f 1853 1859 1854
f 1854 1859 1860
f 1854 1860 1855
f 1855 1860 1861
f 1855 1861 1856
f 1856 1861 1843
f 1856 1843 1842
f 1150 1862 1857
f 1857 1862 1863
f 1857 1863 1858
f 1858 1863 1864
f 1858 1864 1859
f 1859 1864 1865
f 1859 1865 1860
f 1860 1865 1866
f 1860 1866 1861
f 1861 1866 1844
f 1861 1844 1843
f 1150 1867 1862
f 1862 1867 1868
f 1862 1868 1863
f 1863 1868 1869
f 1863 1869 1864
f 1864 1869 1870
f 1864 1870 1865
f 1865 1870 1871
f 1865 1871 1866
f 1866 1871 1845
f 1866 1845 1844
f 1150 1149 1872
f 1150 1872 1867
f 1867 1872 1873
f 1867 1873 1868
f 1868 1873 1874
f 1868 1874 1869
f 1869 1874 1875
f 1869 1875 1870
f 1870 1875 1876
f 1870 1876 1871
f 1871 1876 1846
f 1871 1846 1845
f 1149 1231 1872
f 1872 1231 1235
f 1872 1235 1873
f 1873 1235 1874
f 1874 1235 1234
f 1874 1234 1875
f 1875 1234 1237
f 1875 1237 1876
f 1876 1237 1239
f 1876 1239 1846
f 1327 1877 1316
f 1315 1877 1327
f 1315 1291 1877
f 1316 1877 1291
f 476 1878 907
f 907 1878 1879
f 907 1879 910
f 910 1879 1880
f 910 1880 912
f 912 1880 1881
f 912 1881 914
f 914 1881 1882
f 914 1882 916
f 916 1882 1883
f 916 1883 918
f 918 1883 1884
f 918 1884 919
f 1447 1885 1878
f 1878 1885 1886
f 1878 1886 1879
f 1879 1886 1887
f 1879 1887 1880
f 1880 1887 1888
f 1880 1888 1881
f 1881 1888 1889
f 1881 1889 1882
f 1882 1889 1890
f 1882 1890 1883
f 1883 1890 1891
f 1883 1891 1884
f 1448 1892 1885
f 1885 1892 1893
f 1885 1893 1886
f 1886 1893 1894
f 1886 1894 1887
f 1887 1894 1895
f 1887 1895 1888
f 1888 1895 1896
f 1888 1896 1889
f 1889 1896 1897
f 1889 1897 1890
f 1890 1897 1898
f 1890 1898 1891
f 1450 1899 1892
f 1892 1899 1900
f 1892 1900 1893
f 1893 1900 1901
f 1893 1901 1894
f 1894 1901 1902
f 1894 1902 1895
f 1895 1902 1903
f 1895 1903 1896
f 1896 1903 1904
f 1896 1904 1897
f 1897 1904 1905
f 1897 1905 1898
f 1451 1452 1906
f 1451 1906 1899
f 1899 1906 1907
f 1899 1907 1900
f 1900 1907 1908
f 1900 1908 1901
f 1901 1908 1909
f 1901 1909 1902
f 1902 1909 1910
f 1902 1910 1903
f 1903 1910 1911
f 1903 1911 1904
f 1904 1911 115
f 1904 115 1905
f 1452 1453 1912
f 1452 1912 1906
f 1906 1912 1913
f 1906 1913 1907
f 1907 1913 1914
f 1907 1914 1908
f 1908 1914 1915
f 1908 1915 1909
f 1909 1915 1916
f 1909 1916 1910
f 1910 1916 1917
f 1910 1917 1911
f 1911 1917 116
f 1911 116 115
f 1453 484 953
f 1453 953 1912
f 1912 953 954
f 1912 954 1913
f 1913 954 955
f 1913 955 1914
f 1914 955 956
f 1914 956 1915
f 1915 956 957
f 1915 957 1916
f 1916 957 958
f 1916 958 1917
f 1917 958 118
f 1917 118 116
f 1884 1918 960
f 960 919 1884
f 1891 1919 1918
f 1918 1884 1891
f 1919 1920 112
f 112 1918 1919
f 114 960 1918
f 1918 112 114
f 1920 1921 110
f 110 112 1920
f 1921 1922 1923
f 1923 110 1921
f 966 965 110
f 110 1923 966
f 1924 1925 1923
f 1923 1922 1924
f 1925 969 966
f 966 1923 1925
f 1891 1898 1926
f 1926 1927 1891
f 1927 1928 1919
f 1919 1891 1927
f 1919 1928 1920
f 1920 1928 1921
f 1921 1928 1922
f 1922 1928 1924
f 1928 1927 1929
f 1929 1924 1928
f 1929 1927 1930
f 1930 1927 1926
f 1898 1905 1930
f 1930 1926 1898
f 1929 1931 1925
f 1925 1924 1929
f 1931 976 969
f 969 1925 1931
f 117 119 976
f 976 1931 117
f 1929 1930 117
f 117 1931 1929
f 1930 1905 115
f 115 117 1930
f 476 1447 1878
f 1448 1885 1447
f 1450 1892 1448
f 1450 1451 1899
f 1455 1454 1461
f 1597 1539 1535
f 1594 1612 1605
f 978 1932 1355
f 1355 373 978
f 981 980 1933
f 1934 1935 1933
f 1933 980 1934
f 980 984 1934
f 984 985 1936
f 1936 1934 984
f 1936 1935 1934
f 981 1933 1932
f 1932 978 981
f 1935 1937 1933
f 1932 1933 1937
f 1938 1355 1932
f 1938 1932 1937
f 1938 1937 1935
f 1938 1935 1939
f 1938 1939 1940
f 1938 1940 1941
f 1938 1941 1354
f 1938 1354 1355
f 1936 1942 1935
f 1942 1943 1939
f 1939 1935 1942
f 1939 1943 1940
f 1936 1944 1942
f 1942 1944 1943
f 1944 1945 1940
f 1940 1943 1944
f 1946 1947 1944
f 1944 1936 1946
f 1947 1948 1945
f 1945 1944 1947
f 1948 1949 1950
f 1950 1945 1948
f 1941 1940 1945
f 1945 1950 1941
f 1951 1952 1941
f 1941 1950 1951
f 1941 1952 1354
f 1354 1952 1953
f 1952 1951 1351
f 1351 1953 1952
f 1351 1951 1350
f 1350 1951 1950
f 1949 1954 1350
f 1350 1950 1949
f 1954 1949 1955
f 1949 1948 1368
f 1368 1955 1949
f 1948 1947 1956
f 1956 1368 1948
f 1956 1369 1368
f 1368 1349 1955
f 1955 1349 1954
f 1954 1349 1350
f 1369 1956 1957
f 1956 1947 1946
f 1946 1957 1956
f 1946 1958 1957
f 1936 985 1959
f 1959 1946 1936
f 1959 1009 1958
f 1958 1946 1959
f 1009 1959 985
f 1011 1960 1958
f 1958 1009 1011
f 1958 1960 1961
f 1961 1957 1958
f 1960 1962 1963
f 1963 1961 1960
f 1964 1957 1961
f 1961 1963 1964
f 1964 1369 1957
f 1964 1965 1373
f 1373 1369 1964
f 1965 1966 1375
f 1375 1373 1965
f 1966 1967 1968
f 1968 1375 1966
f 1963 1969 1965
f 1965 1964 1963
f 1969 1970 1966
f 1966 1965 1969
f 1970 1971 1967
f 1967 1966 1970
f 1962 1972 1969
f 1969 1963 1962
f 1972 1973 1970
f 1970 1969 1972
f 1973 1974 1971
f 1971 1970 1973
f 1011 1026 1962
f 1962 1960 1011
f 1026 1027 1972
f 1972 1962 1026
f 1027 1028 1973
f 1973 1972 1027
f 1028 1029 1974
f 1974 1973 1028
f 1029 1030 1975
f 1975 1974 1029
f 1975 1976 1971
f 1971 1974 1975
f 1976 1977 1967
f 1967 1971 1976
f 1977 1978 1968
f 1968 1967 1977
f 1978 1979 1980
f 1980 1968 1978
f 1980 1375 1968
f 1375 1980 1374
f 1374 1980 1981
f 1981 1370 1374
f 1981 1982 1370
f 1370 1982 1983
f 1983 1365 1370
f 1983 1984 1365
f 1365 1984 1985
f 1985 1347 1365
f 1986 1335 1347
f 1347 1985 1986
f 1987 1334 1335
f 1335 1986 1987
f 1399 1322 1334
f 1334 1987 1399
f 1987 1988 1989
f 1989 1399 1987
f 1986 1990 1988
f 1988 1987 1986
f 1985 1991 1990
f 1990 1986 1985
f 1984 1992 1991
f 1991 1985 1984
f 1983 1993 1992
f 1992 1984 1983
f 1982 1994 1993
f 1993 1983 1982
f 1981 1995 1994
f 1994 1982 1981
f 1980 1996 1995
f 1995 1981 1980
f 1997 1998 1996
f 1996 1980 1997
f 1980 1979 1997
f 1999 2000 1997
f 1997 1979 1999
f 2000 2001 1998
f 1998 1997 2000
f 1999 2002 2000
f 2002 2003 2001
f 2001 2000 2002
f 1999 2004 2002
f 2002 2004 2005
f 2006 2003 2002
f 2002 2005 2006
f 2007 2008 2005
f 2005 2004 2007
f 2008 2009 2006
f 2006 2005 2008
f 2010 2011 2008
f 2008 2007 2010
f 2011 2012 2009
f 2009 2008 2011
f 2013 2014 2011
f 2011 2010 2013
f 2014 2015 2012
f 2012 2011 2014
f 2013 2016 2014
f 2016 2017 2015
f 2015 2014 2016
f 2013 2018 2016
f 2016 2018 2019
f 1989 2017 2016
f 2016 2019 1989
f 2019 1399 2020
f 2020 2018 2019
f 2019 1399 1989
f 2018 1397 1399
f 1399 2019 2018
f 2018 2021 1379
f 1379 1397 2018
f 2021 1382 1380
f 1380 1379 2021
f 2018 2013 2021
f 2021 2013 2022
f 2021 2022 1385
f 1385 1382 2021
f 2022 2023 1386
f 1386 1385 2022
f 2022 2013 2010
f 2010 2023 2022
f 2007 2024 2023
f 2023 2010 2007
f 2024 1389 1386
f 1386 2023 2024
f 2004 2025 2024
f 2024 2007 2004
f 2025 1390 1389
f 1389 2024 2025
f 2004 2026 2025
f 2026 1393 1390
f 1390 2025 2026
f 2026 2004 1999
f 1979 2027 2028
f 2028 1999 1979
f 2028 2026 1999
f 2028 1394 1393
f 1393 2026 2028
f 2028 2027 1394
f 1394 2027 2029
f 1979 1978 2030
f 1979 2030 2027
f 2027 2030 2029
f 2029 2030 2031
f 2030 1978 1977
f 1977 2031 2030
f 1394 2029 1395
f 2029 2031 2032
f 2032 1395 2029
f 2031 1977 1976
f 1976 2032 2031
f 1975 2033 2032
f 2032 1976 1975
f 2032 2033 1395
f 2033 1090 1410
f 1410 1395 2033
f 1410 1090 1309
f 1309 1090 329
f 2033 1975 1030
f 1030 1090 2033
f 2034 2035 2036
f 2035 2037 2038
f 2038 2036 2035
f 2037 2039 2040
f 2040 2038 2037
f 2040 2039 2041
f 2041 2042 2040
f 2041 2039 2043
f 2044 2045 2041
f 2041 2043 2044
f 2045 2046 2042
f 2042 2041 2045
f 2047 2048 2046
f 2046 2045 2047
f 2049 2047 2045
f 2045 2044 2049
f 2047 2050 2048
f 2047 2051 2050
f 2050 2051 2052
f 2052 2051 2053
f 2053 2051 2054
f 2054 2051 2049
f 2044 2055 2054
f 2054 2049 2044
f 2054 2056 2053
f 2054 2055 2057
f 2057 2056 2054
f 2044 2043 2058
f 2058 2055 2044
f 2059 2057 2055
f 2055 2058 2059
f 2058 2043 2039
f 2058 2039 2060
f 2060 2059 2058
f 2037 2061 2060
f 2060 2039 2037
f 2035 2062 2061
f 2061 2037 2035
f 2062 2035 2034
f 2034 1996 2062
f 1996 1998 2062
f 2062 1998 2061
f 1998 2001 2061
f 2061 2001 2060
f 2001 2003 2060
f 2003 2006 2060
f 2060 2006 2059
f 2006 2009 2059
f 2059 2009 2057
f 2009 2012 2057
f 2057 2012 2056
f 2012 2015 2056
f 2056 2015 2053
f 2015 2017 2053
f 2053 2017 2052
f 2017 1989 2052
f 2052 1989 1988
f 2052 1988 2050
f 2050 1988 1990
f 2050 1990 2048
f 2048 1990 1991
f 2048 1991 2046
f 2046 1991 1992
f 2046 1992 2042
f 2042 1992 1993
f 2042 1993 2040
f 2040 1993 1994
f 2040 1994 2038
f 2038 1994 1995
f 2038 1995 2036
f 2036 1995 1996
f 2036 1996 2034
f 2049 2051 2047
f 1953 1351 1352
f 1354 1953 1352
f 1673 1659 1658
f 1657 1673 1658
f 703 702 732
f 732 2063 703
f 2063 732 731
f 731 2064 2063
f 2064 731 1703
f 1703 2065 2064
f 2065 1703 1675
f 1675 1677 2065
f 2066 2067 2068
f 2069 2070 2071
f 2071 2072 2069
f 2073 2069 2072
f 2072 2074 2073
f 2075 2073 2074
f 2074 2076 2075
f 2077 2075 2076
f 2076 2078 2077
f 2076 2074 2079
f 2079 2078 2076
f 2074 2072 2079
f 2080 2079 2072
f 2072 2071 2080
f 2081 2080 2071
f 2071 2082 2081
f 2071 2083 2082
f 2083 2084 2082
f 2085 2084 2083
f 2083 2086 2085
f 2087 2088 2089
f 2089 2090 2087
f 2085 2086 2091
f 2091 2086 2092
f 2092 2093 2091
f 2081 2082 2094
f 2095 2091 2093
f 2095 2093 2096
f 2088 2097 2098
f 2098 2089 2088
f 2097 2099 2100
f 2100 2098 2097
f 2101 2102 2103
f 2103 2097 2101
f 2087 2104 2088
f 2100 2099 2096
f 2100 2096 2092
f 2105 2085 2106
f 2107 2108 2096
f 2109 2110 2111
f 2111 2112 2109
f 2113 2109 2112
f 2112 2114 2113
f 2115 2113 2114
f 2114 2116 2115
f 2117 2115 2116
f 2116 2118 2117
f 2119 2117 2118
f 2118 2120 2119
f 2121 2119 2120
f 2120 2122 2121
f 2123 2121 2122
f 2122 2124 2123
f 2125 2123 2124
f 2124 2126 2125
f 2127 2126 2124
f 2128 2127 2129
f 2125 2126 2130
f 2130 2131 2125
f 2123 2125 2131
f 2131 2132 2123
f 2121 2123 2132
f 2132 2133 2121
f 2119 2121 2133
f 2133 2134 2119
f 2117 2119 2134
f 2134 2135 2117
f 2115 2117 2135
f 2135 2136 2115
f 2113 2115 2136
f 2136 2137 2113
f 2109 2113 2137
f 2137 2138 2109
f 2110 2109 2138
f 2138 2139 2110
f 2138 2140 2139
f 2137 2140 2138
f 2136 2140 2137
f 2135 2140 2136
f 2141 2140 2135
f 2135 2134 2141
f 2142 2141 2134
f 2134 2133 2142
f 2143 2142 2133
f 2133 2132 2143
f 2144 2143 2132
f 2132 2131 2144
f 2144 2131 2145
f 2146 2144 2145
f 2147 2146 2145
f 2148 2147 2145
f 2149 2148 2145
f 2130 2149 2145
f 2131 2130 2145
f 2150 2151 2128
f 2128 2129 2150
f 2152 2153 2151
f 2151 2150 2152
f 2154 2153 2152
f 2143 2144 2155
f 2155 2156 2143
f 2142 2143 2156
f 2155 2144 2146
f 2146 2157 2155
f 2157 2146 2158
f 2146 2159 2160
f 2160 2158 2146
f 2147 2161 2159
f 2159 2146 2147
f 2147 2162 2161
f 2148 2163 2162
f 2162 2147 2148
f 2153 2154 2162
f 2162 2163 2153
f 2151 2153 2163
f 2163 2164 2151
f 2148 2149 2164
f 2164 2163 2148
f 2130 2165 2164
f 2164 2149 2130
f 2164 2165 2128
f 2128 2151 2164
f 2127 2128 2165
f 2165 2130 2126
f 2165 2126 2127
f 55 54 2111
f 2111 2110 55
f 56 55 2110
f 2110 2139 56
f 41 56 2139
f 2139 40 41
f 40 2139 2140
f 2140 38 40
f 38 2140 2141
f 2141 37 38
f 2142 35 37
f 37 2141 2142
f 34 35 2142
f 2142 2156 34
f 31 34 2156
f 2156 2155 31
f 32 31 2155
f 2155 2166 32
f 32 2166 2158
f 2158 71 32
f 2160 73 71
f 71 2158 2160
f 75 73 2160
f 2160 2102 75
f 2103 2102 2160
f 2160 2167 2103
f 2168 2103 2167
f 2097 2103 2168
f 2168 2099 2097
f 2101 2097 2088
f 2104 2102 2101
f 28 75 2169
f 2101 2088 2104
f 2160 2159 2167
f 2170 2171 2070
f 2070 2069 2170
f 2172 2170 2069
f 2069 2073 2172
f 2173 2172 2073
f 2073 2174 2173
f 2175 2173 2174
f 2174 2077 2175
f 2176 2177 107
f 108 2176 107
f 2178 2176 108
f 106 2178 108
f 2179 2178 106
f 105 2179 106
f 2180 2179 105
f 103 2180 105
f 2181 2182 2177
f 2176 2181 2177
f 2183 2181 2176
f 2178 2183 2176
f 2184 2183 2178
f 2179 2184 2178
f 2185 2184 2179
f 2180 2185 2179
f 2186 2187 2182
f 2181 2186 2182
f 2188 2186 2181
f 2183 2188 2181
f 2189 2188 2183
f 2184 2189 2183
f 2190 2189 2184
f 2185 2190 2184
f 27 26 2187
f 2186 27 2187
f 24 27 2186
f 2188 24 2186
f 22 24 2188
f 2189 22 2188
f 21 22 2189
f 2190 21 2189
f 2191 2180 103
f 102 2191 103
f 2192 2191 102
f 101 2192 102
f 2193 2192 101
f 99 2193 101
f 2194 2193 99
f 98 2194 99
f 2195 2185 2180
f 2191 2195 2180
f 2196 2195 2191
f 2192 2196 2191
f 2197 2196 2192
f 2193 2197 2192
f 2198 2197 2193
f 2194 2198 2193
f 2199 2190 2185
f 2195 2199 2185
f 2200 2199 2195
f 2196 2200 2195
f 2201 2200 2196
f 2197 2201 2196
f 2202 2201 2197
f 2198 2202 2197
f 20 21 2190
f 2199 20 2190
f 18 20 2199
f 2200 18 2199
f 17 18 2200
f 2201 17 2200
f 15 17 2201
f 2202 15 2201
f 2203 2194 98
f 96 2203 98
f 2204 2203 96
f 95 2204 96
f 2205 2204 95
f 94 2205 95
f 2206 2205 94
f 92 2206 94
f 2207 2198 2194
f 2203 2207 2194
f 2208 2207 2203
f 2204 2208 2203
f 2209 2208 2204
f 2205 2209 2204
f 2210 2209 2205
f 2206 2210 2205
f 2211 2202 2198
f 2207 2211 2198
f 2212 2211 2207
f 2208 2212 2207
f 2213 2212 2208
f 2209 2213 2208
f 2214 2213 2209
f 2210 2214 2209
f 14 15 2202
f 2211 14 2202
f 12 14 2211
f 2212 12 2211
f 13 12 2212
f 2213 13 2212
f 29 13 2213
f 2214 29 2213
f 2215 2206 92
f 91 2215 92
f 2216 2215 91
f 89 2216 91
f 2217 2216 89
f 86 2217 89
f 2218 2217 86
f 88 2218 86
f 2219 2210 2206
f 2215 2219 2206
f 2220 2219 2215
f 2216 2220 2215
f 2221 2220 2216
f 2217 2221 2216
f 2222 2221 2217
f 2218 2222 2217
f 2223 2214 2210
f 2219 2223 2210
f 2224 2223 2219
f 2220 2224 2219
f 2225 2224 2220
f 2221 2225 2220
f 2226 2225 2221
f 2222 2226 2221
f 10 29 2214
f 2223 10 2214
f 8 10 2223
f 2224 8 2223
f 6 8 2224
f 2225 6 2224
f 7 6 2225
f 2226 7 2225
f 2227 2228 2229
f 85 2227 2229
f 2230 2227 85
f 84 2230 85
f 2231 2230 84
f 109 2231 84
f 2177 2231 109
f 107 2177 109
f 2232 2087 2228
f 2227 2232 2228
f 2233 2232 2227
f 2230 2233 2227
f 2234 2233 2230
f 2231 2234 2230
f 2182 2234 2231
f 2177 2182 2231
f 2235 2104 2087
f 2232 2235 2087
f 2236 2235 2232
f 2233 2236 2232
f 2237 2236 2233
f 2234 2237 2233
f 2187 2237 2234
f 2182 2187 2234
f 2235 2238 2104
f 2169 2238 2235
f 2236 2169 2235
f 28 2169 2236
f 2237 28 2236
f 26 28 2237
f 2187 26 2237
f 2169 75 2238
f 2238 75 2102
f 2238 2102 2104
f 2085 2091 2095
f 2106 2085 2095
f 2239 2106 2095
f 2096 2239 2095
f 2094 2082 2240
f 2081 2094 2241
f 2241 2080 2081
f 2242 2079 2080
f 2080 2241 2242
f 2243 2078 2079
f 2079 2242 2243
f 54 52 2244
f 2244 2111 54
f 46 2175 2077
f 2077 48 46
f 49 48 2077
f 2077 2078 49
f 2094 2245 2241
f 2242 2241 2245
f 2243 2242 2244
f 45 69 2175
f 2175 46 45
f 68 2246 2175
f 2175 69 68
f 2247 2246 68
f 68 67 2247
f 2248 2247 67
f 67 66 2248
f 2249 2248 66
f 66 64 2249
f 2250 2249 64
f 64 63 2250
f 2251 2250 63
f 63 61 2251
f 2252 2251 61
f 61 60 2252
f 2253 2252 60
f 60 57 2253
f 2254 2253 57
f 57 59 2254
f 2255 2254 59
f 59 76 2255
f 2256 2255 76
f 76 78 2256
f 2257 2256 78
f 78 79 2257
f 2258 2257 79
f 79 81 2258
f 2259 2258 81
f 81 83 2259
f 2246 2173 2175
f 2260 2173 2246
f 2172 2173 2260
f 2170 2172 2260
f 2261 2171 2170
f 2170 2260 2261
f 2262 2171 2261
f 2261 2263 2262
f 2264 2262 2263
f 2263 2265 2264
f 2249 2250 2265
f 2265 2263 2249
f 2248 2249 2263
f 2263 2261 2248
f 2247 2248 2261
f 2261 2260 2247
f 2251 2265 2250
f 2251 2266 2265
f 2267 2265 2266
f 2268 2269 2267
f 2267 2266 2268
f 2252 2268 2266
f 2266 2251 2252
f 2270 2264 2265
f 2265 2267 2270
f 2271 2270 2267
f 2267 2272 2271
f 2273 2271 2272
f 2272 2068 2273
f 2274 2273 2068
f 2068 2067 2274
f 2268 2275 2269
f 2253 2275 2268
f 2268 2252 2253
f 2254 2276 2275
f 2275 2253 2254
f 2255 2277 2276
f 2276 2254 2255
f 2256 2278 2277
f 2277 2255 2256
f 2257 2279 2278
f 2278 2256 2257
f 2258 2280 2279
f 2279 2257 2258
f 2281 2280 2258
f 2258 2259 2281
f 2229 2281 2282
f 2282 2283 2229
f 2280 2281 2284
f 2284 2285 2280
f 2279 2280 2285
f 2285 2067 2279
f 2278 2279 2067
f 2067 2066 2278
f 2277 2278 2066
f 2066 2286 2277
f 2276 2277 2286
f 2286 2275 2276
f 2286 2066 2068
f 2068 2272 2286
f 2269 2286 2272
f 2272 2267 2269
f 2246 2247 2260
f 2275 2286 2269
f 2244 2287 2112
f 2112 2111 2244
f 2287 2288 2114
f 2114 2112 2287
f 2288 2289 2116
f 2116 2114 2288
f 2289 2290 2118
f 2118 2116 2289
f 2290 2291 2120
f 2120 2118 2290
f 2291 2292 2122
f 2122 2120 2291
f 2292 2293 2124
f 2124 2122 2292
f 2124 2293 2294
f 2294 2295 2124
f 2127 2124 2295
f 2129 2127 2296
f 2295 2294 2239
f 2239 2297 2295
f 2294 2293 2239
f 2293 2292 2106
f 2106 2239 2293
f 2292 2291 2105
f 2105 2106 2292
f 2291 2290 2240
f 2240 2105 2291
f 2290 2289 2298
f 2298 2240 2290
f 2289 2288 2299
f 2299 2298 2289
f 2288 2287 2245
f 2245 2299 2288
f 2287 2244 2242
f 2242 2245 2287
f 2300 2239 2168
f 2300 2168 2301
f 2300 2301 2302
f 2300 2302 2303
f 2300 2303 2297
f 2300 2297 2239
f 2304 2150 2129
f 2129 2296 2304
f 2305 2152 2150
f 2150 2304 2305
f 2152 2305 2154
f 2161 2162 2301
f 2306 2302 2301
f 2301 2162 2306
f 2154 2305 2306
f 2306 2162 2154
f 2305 2304 2307
f 2307 2306 2305
f 2303 2302 2306
f 2306 2307 2303
f 2308 2297 2303
f 2303 2307 2308
f 2308 2307 2304
f 2304 2296 2308
f 2308 2296 2127
f 2295 2297 2308
f 2127 2295 2308
f 2309 2285 2284
f 2284 2310 2309
f 2285 2309 2274
f 2274 2067 2285
f 2309 2311 2274
f 2311 2312 2313
f 2313 2274 2311
f 2312 2311 2314
f 2314 2315 2312
f 2311 2309 2310
f 2310 2314 2311
f 2316 2312 2315
f 2315 2317 2316
f 2318 2273 2274
f 2274 2319 2318
f 2320 2316 2317
f 2317 2321 2320
f 2271 2273 2318
f 2318 2322 2271
f 2313 2312 2316
f 2316 2323 2313
f 2324 2320 2321
f 2321 2325 2324
f 2326 2324 2327
f 2327 2328 2326
f 2329 2323 2326
f 2326 2328 2329
f 2270 2271 2322
f 2322 2330 2270
f 2264 2270 2330
f 2330 2331 2264
f 2262 2264 2331
f 2331 2332 2262
f 2171 2262 2332
f 2332 2070 2171
f 2327 2324 2325
f 2325 2333 2334
f 2327 2334 2335
f 2335 2328 2327
f 2335 2329 2328
f 2335 2336 2329
f 2335 2337 2338
f 2338 2336 2335
f 2337 2335 2334
f 2334 2333 2337
f 2274 2313 2319
f 2313 2323 2339
f 2339 2319 2313
f 2339 2323 2329
f 2329 2340 2339
f 2329 2336 2340
f 2340 2336 2338
f 2327 2325 2334
f 2320 2341 2316
f 2320 2324 2326
f 2326 2341 2320
f 2326 2323 2341
f 2341 2323 2316
f 2342 2343 2310
f 2310 2284 2342
f 2343 2342 2090
f 2090 2089 2343
f 2089 2344 2343
f 2345 2344 2089
f 2089 2346 2345
f 2344 2345 2315
f 2315 2314 2344
f 2343 2344 2314
f 2314 2310 2343
f 2345 2347 2317
f 2317 2315 2345
f 2098 2318 2319
f 2319 2089 2098
f 2347 2348 2321
f 2321 2317 2347
f 2098 2100 2322
f 2322 2318 2098
f 2345 2346 2349
f 2349 2347 2345
f 2348 2350 2325
f 2325 2321 2348
f 2350 2348 2351
f 2351 2352 2350
f 2349 2353 2351
f 2351 2348 2349
f 2100 2092 2330
f 2330 2322 2100
f 2092 2086 2331
f 2331 2330 2092
f 2086 2083 2332
f 2332 2331 2086
f 2083 2071 2070
f 2070 2332 2083
f 2325 2350 2352
f 2354 2333 2325
f 2354 2352 2351
f 2351 2355 2354
f 2351 2353 2355
f 2353 2356 2355
f 2337 2355 2356
f 2356 2338 2337
f 2355 2337 2333
f 2333 2354 2355
f 2319 2346 2357
f 2349 2346 2319
f 2319 2339 2349
f 2349 2339 2340
f 2340 2353 2349
f 2340 2356 2353
f 2338 2356 2340
f 2354 2325 2352
f 2348 2358 2347
f 2240 2094 2298
f 2298 2094 2299
f 2299 2094 2245
f 2087 2090 2342
f 2342 2228 2087
f 2347 2349 2348
f 2281 2228 2342
f 2281 2342 2284
f 2239 2168 2099
f 2099 2096 2239
f 2092 2096 2093
f 2084 2082 2240
f 2105 2084 2240
f 2085 2084 2105
f 2168 2103 2097
f 2281 2259 2229
f 2229 2228 2281
f 83 85 2229
f 2229 2259 83
f 2168 2301 2161
f 2161 2159 2168
f 2168 2159 2167
f 51 2243 2244
f 2244 52 51
f 49 2078 2243
f 2243 51 49
f 9 5 1818
f 1817 9 1818
f 11 9 1817
f 1823 11 1817
f 16 11 1823
f 1828 16 1823
f 19 16 1828
f 1833 19 1828
f 23 19 1833
f 1838 23 1833
f 25 23 1838
f 74 25 1838
f 1797 2359 1839
f 1839 2359 1840
f 1840 2359 70
f 2359 32 70
f 2359 30 32
f 30 2359 1797
f 1646 1650 1645
f 255 254 300
f 300 285 255
