v 65.60 254.80 359.71
v 205.58 372.26 141.93
v 388.32 154.48 141.93
v 248.34 37.02 359.71
v 38.76 232.27 -40.81
v -101.23 114.81 176.97
v 81.51 -102.97 176.97
v 221.49 14.49 -40.81
v 284.26 168.65 97.07
v 292.64 172.49 90.14
v 232.15 187.02 59.09
v 261.45 167.82 97.45
v 224.85 179.31 73.49
v 225.62 175.97 79.93
v 204.85 193.58 45.08
v 169.44 202.09 26.91
v 165.90 197.53 35.46
v 198.59 188.33 54.83
v 166.50 189.27 51.32
v 188.32 184.48 61.65
v 187.81 111.60 201.33
v 154.14 125.55 172.82
v 114.32 97.71 224.08
v 154.09 84.10 252.27
v 154.92 190.70 47.97
v 110.57 152.69 118.50
v 147.68 142.42 140.13
v 188.57 179.92 70.42
v 73.18 112.55 193.46
v 51.53 98.37 219.50
v 5.29 -13.48 431.49
v 21.48 1.50 403.62
v 14.20 4.15 398.16
v -53.99 -2.91 408.08
v -55.99 -14.14 429.51
v -33.95 -21.13 444.06
v -41.24 6.20 391.30
v -15.73 10.89 383.66
v -15.32 -23.01 448.66
v -7.79 17.54 371.32
v 21.20 9.22 388.79
v -20.30 75.52 259.52
v 132.63 37.43 340.60
v 160.44 79.88 260.71
v -25.95 72.37 265.26
v 71.18 5.78 398.03
v 61.52 4.04 400.85
v -33.15 31.29 343.62
v 286.85 69.34 256.70
v 240.42 30.37 232.74
v 276.70 60.82 272.49
v 262.66 49.04 230.20
v 293.11 74.59 182.83
v 317.30 94.88 209.33
v 327.45 103.40 193.54
v 291.16 72.95 153.80
v 279.07 62.80 140.55
v 228.32 20.22 219.49
v 266.97 52.65 127.30
v 246.68 35.62 158.88
v 234.58 25.47 145.63
v 254.88 42.51 114.05
v 242.78 32.36 100.80
v 230.69 22.21 87.55
v 179.94 -20.37 166.50
v 204.13 -0.07 193.00
v 192.04 -10.22 179.75
v 224.43 16.96 161.42
v 236.53 27.11 174.67
v 216.23 10.08 206.24
v 218.59 12.06 74.31
v 186.20 -15.12 92.63
v 198.30 -4.97 105.88
v 206.50 1.91 61.06
v 194.40 -8.24 47.81
v 143.66 -50.82 126.75
v 155.75 -40.67 140.00
v 188.15 -13.49 121.67
v 176.05 -23.64 108.42
v 167.85 -30.52 153.25
v -137.10 -100.85 730.17
v -155.34 -116.15 734.99
v -136.43 -100.28 737.15
v -147.53 -109.60 668.48
v -162.78 -122.40 656.53
v -160.40 -120.40 691.18
v -147.46 -109.54 687.60
v -144.60 -107.14 645.99
v -117.52 -84.41 734.99
v -123.73 -89.63 723.29
v -109.96 -78.08 713.06
v -99.18 -69.03 728.58
v -98.63 -68.56 700.36
v -81.98 -54.59 718.11
v -88.47 -60.04 683.82
v -66.43 -41.55 703.90
v -80.38 -53.25 666.85
v -53.01 -30.29 686.37
v -42.13 -21.15 666.08
v -75.77 -49.39 646.60
v -34.10 -14.42 643.62
v -77.46 -50.80 626.39
v -29.19 -10.30 619.69
v -27.54 -8.91 595.01
v -84.74 -56.91 610.79
v -29.19 -10.30 570.32
v -34.10 -14.42 546.39
v -42.13 -21.15 523.93
v -98.20 -68.20 601.21
v -205.52 -158.25 669.39
v -206.42 -159.01 703.90
v -180.54 -137.30 696.74
v -173.47 -131.36 614.36
v -177.59 -134.82 683.97
v -196.39 -150.60 663.38
v -171.74 -129.91 671.93
v -188.33 -143.83 653.76
v -135.04 -99.12 625.43
v -159.62 -119.74 598.51
v -145.49 -107.89 564.17
v -123.08 -89.08 609.63
v -111.59 -79.44 601.31
v -53.01 -30.29 503.64
v -66.43 -41.55 486.12
v -243.66 -190.26 619.69
v -238.75 -186.14 643.62
v -238.28 -185.74 619.34
v -189.93 -145.17 622.04
v -204.37 -157.29 625.27
v -204.82 -157.67 642.53
v -178.26 -135.39 639.57
v -245.32 -191.65 595.01
v -235.41 -183.34 600.96
v -230.08 -178.87 581.49
v -243.66 -190.26 570.32
v -222.47 -172.48 564.71
v -238.75 -186.14 546.39
v -211.76 -163.49 548.77
v -230.73 -179.41 523.93
v -200.36 -153.92 535.43
v -219.84 -170.27 503.64
v -206.42 -159.01 486.12
v -185.88 -141.78 525.99
v -190.87 -145.96 471.90
v -170.34 -128.74 524.65
v -173.67 -131.53 461.43
v -155.34 -116.15 455.02
v -157.31 -117.81 531.30
v -136.43 -100.28 452.86
v -117.52 -84.41 455.02
v -99.18 -69.03 461.43
v -147.75 -109.78 546.94
v -149.77 -111.48 580.38
v -81.98 -54.59 471.90
v 19.54 5.38 7.19
v 23.72 3.27 3.42
v 23.19 1.69 5.05
v 20.22 7.17 5.19
v 23.72 5.05 1.78
v 20.28 8.81 3.89
v 22.50 7.09 0.43
v 19.70 10.18 3.36
v 21.30 9.67 -0.72
v 19.60 12.09 -1.02
v 18.87 11.47 3.13
v 25.57 -6.53 -3.51
v 25.00 -7.57 -4.77
v 23.91 -9.32 -2.17
v 25.63 -6.06 -2.33
v 25.37 -6.80 -1.39
v 26.41 -4.95 -5.48
v 25.98 -6.21 -6.71
v 26.72 -3.99 -4.18
v 26.85 -3.39 -2.66
v 26.67 -3.55 -1.44
v 26.14 -4.47 0.16
v 27.09 -3.07 -6.57
v 26.37 -4.49 -8.38
v 27.47 -1.81 -4.69
v 27.07 -1.23 -2.23
v 27.14 -1.43 -0.51
v 26.79 -2.29 1.40
v 26.02 -0.25 -7.13
v 25.06 -1.70 -9.32
v 26.66 0.84 -4.80
v 26.78 1.13 -2.14
v 26.79 0.70 0.10
v 26.34 -0.26 1.90
v 24.59 2.07 -7.39
v 23.54 0.65 -9.73
v 24.88 3.52 -4.81
v 24.93 3.76 -1.90
v 25.27 2.84 0.50
v 25.05 1.55 2.39
v 24.69 -8.19 0.14
v 25.49 -5.97 1.86
v 25.99 -3.91 3.38
v 24.73 -1.02 4.20
v 23.38 -10.39 -1.29
v 25.40 -7.80 -8.03
v 24.44 -9.26 -6.04
v 26.08 -6.73 -9.48
v 24.53 -2.87 -11.01
v 25.81 -5.21 -10.39
v 26.09 -6.05 -10.00
v 22.81 -0.26 -11.45
v 24.83 -9.33 -9.37
v 23.71 -10.71 -7.29
v 26.21 -8.59 -11.19
v 24.15 -4.04 -12.80
v 25.99 -6.70 -12.44
v 22.13 -0.93 -13.34
v 23.94 -10.59 -10.62
v 22.85 -12.00 -8.54
v 25.67 -10.09 -12.58
v 23.44 -5.24 -14.26
v 25.51 -8.19 -13.89
v 26.43 -7.88 -11.94
v 21.22 -1.70 -14.94
v 22.95 -11.79 -11.91
v 21.80 -13.15 -9.83
v 24.78 -11.28 -13.97
v 22.70 -6.58 -15.67
v 24.62 -9.27 -15.37
v 25.96 -9.33 -13.42
v 20.08 -2.66 -16.28
v 25.13 -10.51 -14.87
v 23.68 -10.89 -4.04
v 23.10 -12.22 -5.68
v 22.46 -13.32 -7.24
v 21.51 -14.39 -8.60
v 11.18 3.03 16.94
v 10.10 4.11 17.12
v 13.53 6.99 12.47
v 12.40 2.20 16.44
v 13.67 1.67 15.63
v 14.90 1.48 14.58
v 16.04 1.68 13.22
v 16.92 2.15 12.05
v 18.41 3.67 9.53
v 8.20 -1.33 20.24
v 6.10 0.76 20.57
v 10.79 -3.01 19.09
v 12.83 -3.86 17.80
v 15.53 -4.19 15.16
v 17.63 -3.95 13.07
v 21.30 -2.46 8.55
v 19.76 -2.94 10.34
v 22.94 -1.22 6.84
v 5.13 -5.57 21.56
v 1.97 -2.71 22.29
v 8.30 -7.57 20.13
v 11.11 -8.91 18.51
v 15.02 -7.28 15.60
v 14.50 -10.37 16.04
v 13.60 -9.71 16.49
v 1.55 -9.72 21.67
v -2.44 -6.41 22.81
v 5.30 -12.13 20.03
v 8.90 -13.53 17.74
v 10.00 -11.22 18.12
v 11.08 -14.24 15.97
v 10.47 -14.15 16.62
v 11.66 -12.49 16.46
v 14.24 -12.72 16.07
v 13.11 -11.88 16.66
v -2.28 -13.70 20.71
v -6.75 -10.02 22.00
v -4.87 -8.45 22.85
v -0.54 -12.03 21.60
v 2.01 -16.13 18.62
v 3.58 -14.51 19.69
v 5.70 -17.98 15.62
v 7.50 -16.01 17.19
v 11.03 -18.85 12.30
v 9.56 -20.11 10.31
v 8.60 -19.48 11.65
v -5.43 -16.60 17.69
v -10.05 -12.80 18.99
v -0.98 -19.05 15.50
v 4.43 -19.30 14.76
v 3.06 -20.30 12.77
v 7.79 -20.49 10.99
v 8.90 -20.96 9.69
v 9.52 -16.94 13.93
v 7.78 -18.63 12.55
v 7.32 -18.57 13.75
v 23.14 -5.73 6.55
v 21.90 -6.57 7.93
v 23.06 -8.46 4.56
v 21.71 -9.43 5.56
v 21.45 -10.18 4.00
v 21.36 -10.74 2.22
v 20.84 -11.11 2.89
v 18.60 -12.26 3.53
v 19.54 -11.62 4.35
v 20.04 -11.74 4.02
v 18.34 -12.71 1.57
v 19.44 -12.10 0.26
v 16.44 -13.52 0.25
v 24.75 -5.11 5.08
v 24.35 -7.18 3.25
v 23.04 -9.62 1.09
v 21.94 -10.87 -0.29
v 17.42 -10.13 13.20
v 16.75 -10.86 14.38
v 15.61 -11.00 15.51
v 17.14 -12.36 13.13
v 16.99 -12.86 13.70
v 16.55 -13.45 12.34
v 16.74 -14.08 12.64
v 15.62 -13.16 15.29
v 16.47 -13.06 14.34
v 15.23 -15.06 14.76
v 13.97 -14.48 15.56
v 16.09 -15.51 12.05
v 15.89 -14.87 11.74
v 14.11 -16.56 9.78
v 13.35 -16.65 8.52
v 13.72 -17.43 8.73
v 14.65 -16.48 13.99
v 16.12 -15.02 13.88
v 12.53 -18.09 12.65
v 13.93 -17.62 13.06
v 13.46 -18.45 11.89
v 13.49 -15.89 14.70
v 9.05 -16.62 15.26
v 10.25 -15.92 14.96
v 13.29 -16.45 6.26
v 14.04 -16.15 7.60
v 13.47 -16.17 5.95
v 11.56 -20.47 6.67
v 10.62 -21.43 6.73
v 11.24 -20.80 7.39
v 13.66 -18.81 9.71
v 12.05 -19.38 7.28
v 11.90 -19.96 7.84
v 9.42 -21.54 7.91
v 10.10 -20.88 8.57
v 12.36 -18.97 11.28
v 8.22 -21.56 9.02
v 16.27 -15.46 -1.64
v 18.16 -15.34 -2.30
v 17.33 -16.28 -3.34
v 15.88 -16.00 -2.23
v 18.91 -14.29 -1.26
v 16.47 -14.84 -0.92
v 19.31 -13.17 -0.39
v 19.92 -14.83 -3.63
v 19.88 -15.09 -3.85
v 21.28 -13.12 -1.82
v 20.91 -13.99 -2.68
v 20.19 -14.72 -3.53
v 21.54 -12.64 -1.60
v 21.30 -12.86 -1.72
v 21.49 -14.39 -5.10
v 21.56 -14.56 -5.31
v 18.97 -16.07 -5.00
v 22.74 -12.70 -3.26
v 22.43 -13.45 -4.07
v 21.82 -14.08 -4.86
v 23.00 -12.00 -2.72
v 22.60 -12.39 -2.84
v 23.23 -11.00 -1.79
v 12.32 -19.08 5.49
v 11.98 -19.54 5.58
v 11.88 -19.62 6.23
v 13.80 -18.14 9.16
v 12.10 -18.82 6.84
v 13.14 -19.07 10.45
v 10.78 -20.06 9.11
v 6.22 -19.89 13.00
v 20.83 -4.75 9.13
v 19.44 -10.68 9.58
v 19.65 -10.69 8.75
v 19.12 -11.71 8.80
v 14.48 -16.50 9.52
v 13.67 -16.68 8.21
v 20.27 -7.93 9.79
v 19.73 -8.38 10.41
v 18.68 -6.17 11.74
v 20.10 -10.89 5.20
v 20.36 -10.16 6.26
v 20.87 -10.23 6.12
v 20.12 -10.96 7.85
v 19.81 -10.00 9.01
v 16.90 -13.48 12.06
v 18.14 -10.14 12.65
v 19.69 -11.93 2.03
v 18.30 -13.00 1.98
v 14.57 -18.25 3.14
v 13.08 -15.41 3.78
v 13.87 -15.49 3.21
v 12.82 -16.17 4.34
v 16.35 -14.95 7.60
v 15.53 -15.09 6.66
v 15.14 -14.99 6.71
v 21.24 -8.96 7.74
v 21.29 -8.43 7.70
v 19.53 -12.18 6.28
v 19.78 -11.58 7.10
v 20.10 -11.47 6.93
v 15.22 -14.87 4.00
v 15.31 -15.08 5.25
v 15.73 -14.83 5.15
v 17.00 -14.70 7.18
v 17.72 -14.07 7.56
v 17.15 -14.38 6.99
v 18.19 -12.70 9.66
v 17.91 -12.42 9.90
v 18.86 -10.23 10.40
v 20.79 -9.51 7.75
v 20.39 -10.76 6.51
v 19.84 -12.10 6.05
v 19.10 -12.67 5.52
v 16.57 -13.80 2.70
v 16.48 -13.74 2.03
v 15.21 -14.43 2.23
v 17.47 -13.56 9.40
v 17.47 -12.85 3.09
v 17.69 -13.28 3.47
v 18.86 -10.19 11.26
v 14.76 -15.08 5.38
v 14.47 -15.52 5.37
v 11.40 -20.22 5.09
v 11.11 -20.52 5.59
v 15.56 -14.47 3.19
v 14.29 -14.68 2.40
v 15.77 -14.38 4.15
v 16.43 -13.47 1.28
v 16.28 -13.60 1.59
v 16.43 -17.38 -1.68
v 17.56 -18.21 0.14
v 16.94 -18.70 -1.13
v 16.89 -19.08 -0.79
v 17.40 -16.72 1.47
v 15.77 -13.90 1.79
v 17.17 -16.46 -0.55
v 17.70 -16.41 1.08
v 17.69 -16.18 0.68
v 12.64 -19.75 3.60
v 13.16 -19.08 4.16
v 15.92 -17.92 1.89
v 14.42 -18.55 2.86
v 16.68 -17.17 1.95
v 13.37 -18.72 4.42
v 12.33 -16.45 5.04
v 13.87 -19.28 2.11
v 15.19 -19.36 0.97
v 15.81 -18.39 1.64
v 15.87 -17.41 2.04
v 16.63 -19.38 -0.33
v 16.59 -18.73 1.29
v 17.27 -18.47 0.57
v 16.03 -19.63 0.41
v 17.64 -17.81 -0.19
v 17.78 -17.05 0.29
v 17.81 -17.37 0.70
v 17.49 -17.63 1.11
v 16.78 -17.99 1.69
v 23.43 -10.97 -3.79
v 23.37 -9.31 -1.85
v 22.86 -12.31 -5.35
v 23.03 -10.81 -3.58
v 22.23 -13.48 -6.87
v 22.44 -12.14 -5.03
v 21.24 -14.56 -8.22
v 21.71 -13.33 -6.47
v 21.66 -14.25 -5.61
v 20.51 -15.04 -7.19
v 20.52 -15.37 -6.95
v 21.77 -14.04 -5.35
v 21.58 -13.91 -5.79
v 22.78 -12.25 -3.88
v 23.14 -11.56 -3.08
v 22.89 -12.58 -3.61
v 23.19 -11.87 -2.94
v 23.57 -9.99 -1.62
v 12.06 -15.15 15.48
v 12.81 -17.36 6.70
v 12.41 -17.52 5.18
v 6.95 -21.29 9.97
v 11.81 -19.91 6.95
v 18.20 -13.46 8.15
v 17.65 -14.33 7.80
v 15.93 -15.27 8.00
v 16.71 -14.66 8.96
v 16.77 -14.33 8.70
v 18.46 -13.17 4.95
v 19.39 -12.65 5.26
v 20.61 -10.96 4.94
v 14.43 -17.24 10.05
v 15.02 -15.89 10.92
v 17.44 -13.87 9.72
v 15.24 -16.54 11.21
v 14.73 -17.53 12.41
v 15.52 -16.44 13.30
v 12.96 -17.14 13.75
v 11.04 -17.69 13.42
v 9.00 -18.37 12.72
v 14.97 -15.99 8.89
v 15.85 -14.89 9.78
v 14.96 -15.57 8.63
v 16.65 -14.02 10.55
v 15.86 -15.31 9.99
v 17.30 -12.67 11.08
v 17.59 -12.84 10.94
v 18.50 -9.71 12.11
v 17.31 -13.08 11.42
v 14.02 -15.73 5.47
v 13.49 -15.71 5.59
v 14.45 -15.85 7.23
v 15.42 -15.58 8.48
v 14.07 -15.66 7.29
v 12.20 -19.17 6.35
v 12.20 -18.64 6.16
v 15.18 -17.12 11.71
v 14.18 -18.31 11.22
v 16.64 -14.65 13.15
v 20.12 -8.62 9.53
v 17.95 -12.66 10.23
v 12.69 -9.05 16.93
v 6.84 -19.95 11.92
v 5.73 -20.76 10.68
v 4.98 -20.79 11.39
v 14.83 -16.35 9.28
v 13.89 -16.49 7.89
v 16.56 -14.73 11.08
v 15.73 -15.65 10.28
v 15.39 -15.84 10.63
v 16.69 -14.40 10.77
v 16.23 -14.88 11.44
v 17.26 -14.09 10.02
v 16.53 -14.89 9.25
v 16.22 -14.96 9.55
v 15.73 -15.52 8.25
v 14.77 -15.77 7.03
v 16.98 -14.13 10.35
v 17.96 -13.81 8.80
v 17.39 -14.53 8.16
v 17.07 -14.54 8.43
v 17.68 -13.76 9.10
v 18.16 -13.67 8.43
v 16.70 -14.92 7.43
v 18.44 -12.81 9.32
v 18.58 -12.73 8.94
v 18.69 -12.59 8.58
v 17.86 -12.82 10.60
v 17.19 -13.39 11.75
v 16.98 -11.79 12.77
v 13.08 -16.65 6.51
v 12.75 -16.63 6.84
v 16.01 -14.88 7.85
v 15.00 -15.47 6.81
v 15.89 -14.95 6.55
v 16.60 -14.52 6.31
v 16.25 -14.81 6.44
v 15.98 -14.53 5.17
v 14.60 -15.04 3.99
v 12.48 -18.59 5.31
v 16.01 -16.07 12.57
v 14.45 -17.84 10.54
v 12.66 -17.87 6.59
v 17.86 -13.07 2.75
v 19.04 -12.42 3.19
v 20.69 -11.48 3.29
v 19.96 -9.31 9.27
v 19.60 -12.13 4.68
v 21.29 -10.60 4.34
v 18.67 -13.19 4.63
v 17.78 -13.63 4.14
v 19.59 -12.26 2.44
v 21.54 -9.86 5.77
v 18.74 -12.73 3.92
v 20.13 -11.46 5.51
v 20.42 -10.18 7.79
v 16.70 -13.96 3.33
v 21.03 -10.88 4.64
v 21.29 -10.14 5.95
v 20.44 -11.71 3.66
v 19.40 -12.44 2.82
v 18.16 -13.13 2.37
v 17.82 -13.55 3.80
v 16.82 -14.06 4.14
v 18.79 -13.06 4.28
v 19.58 -12.49 4.97
v 20.07 -11.88 5.78
v 20.33 -11.22 6.72
v 20.35 -10.67 7.82
v 11.46 -16.58 14.53
v 12.35 -10.98 16.81
v 11.69 -19.96 6.20
v 10.96 -21.08 6.15
v 12.50 -13.56 16.29
v 11.52 -11.94 17.22
v 17.71 -13.70 4.36
v 19.81 -11.06 7.90
v 20.37 -15.61 -6.63
v 20.74 -14.41 -7.89
v 2.44 -15.72 -17.68
v 2.92 -14.18 -19.36
v -2.44 -13.07 -16.88
v 3.13 -12.23 -20.78
v -1.76 -11.27 -18.89
v 2.59 -9.61 -21.38
v -1.70 -9.63 -20.19
v 1.59 -6.87 -22.30
v -2.28 -8.26 -20.72
v -0.10 -4.45 -22.61
v -3.11 -6.97 -20.95
v 14.47 -17.24 -12.50
v 15.76 -15.32 -14.89
v 14.39 -15.91 -15.76
v 13.25 -16.46 -15.90
v 12.88 -17.28 -15.07
v 16.75 -13.96 -16.83
v 15.22 -14.33 -17.73
v 13.78 -14.84 -18.35
v 12.33 -15.58 -18.56
v 11.44 -16.32 -18.11
v 10.61 -17.50 -16.85
v 17.13 -12.24 -18.50
v 15.17 -13.07 -19.62
v 13.14 -13.83 -20.38
v 10.82 -14.86 -20.02
v 9.66 -16.09 -19.65
v 8.61 -17.54 -18.51
v 15.82 -9.45 -19.43
v 13.63 -10.64 -20.70
v 11.44 -11.93 -21.47
v 9.30 -13.54 -21.28
v 7.87 -15.18 -20.63
v 6.92 -16.55 -19.37
v 14.30 -7.10 -19.85
v 12.04 -8.46 -21.14
v 9.34 -9.51 -21.82
v 7.02 -11.26 -21.51
v 5.85 -13.45 -20.77
v 5.10 -15.19 -19.45
v 12.32 -18.57 -13.40
v 9.99 -18.98 -15.12
v 7.81 -19.17 -16.54
v 5.12 -17.47 -17.27
v 14.26 -18.04 -11.28
v 17.52 -15.06 -13.61
v 18.48 -13.61 -15.61
v 19.17 -12.53 -17.06
v 18.89 -11.01 -17.97
v 17.61 -8.68 -18.59
v 19.17 -11.85 -17.58
v 15.90 -6.06 -19.03
v 19.08 -14.60 -12.36
v 20.20 -13.22 -14.45
v 21.57 -12.47 -16.27
v 21.36 -10.59 -17.52
v 19.51 -7.93 -17.87
v 17.50 -4.82 -18.41
v 20.50 -13.98 -11.11
v 21.59 -12.56 -13.20
v 23.32 -12.06 -15.16
v 23.16 -10.16 -16.47
v 21.09 -7.22 -16.83
v 21.80 -11.77 -17.02
v 18.87 -3.67 -17.52
v 23.61 -11.31 -16.00
v 16.71 -16.73 -11.66
v 18.55 -16.04 -10.66
v 20.16 -15.25 -9.76
v -9.23 -12.10 -12.46
v -12.14 -14.55 -7.24
v -11.05 -15.62 -7.41
v -9.80 -16.43 -7.88
v -8.50 -16.92 -8.65
v -7.21 -17.07 -9.64
v -5.94 -16.77 -10.86
v -5.06 -16.29 -12.03
v -3.57 -14.78 -14.55
v -14.05 -16.15 -1.50
v -11.94 -18.23 -1.82
v -9.30 -19.87 -2.91
v -7.20 -20.66 -4.13
v -4.17 -20.72 -6.43
v -2.08 -20.49 -8.52
v 0.06 -19.47 -11.24
v 1.61 -18.98 -13.02
v 2.69 -18.21 -15.34
v -14.63 -16.64 4.11
v -11.44 -19.48 3.41
v -8.21 -21.43 2.03
v -5.35 -22.72 0.48
v -2.59 -23.29 -1.24
v -1.59 -23.87 -1.58
v -2.88 -22.30 -4.00
v -14.26 -16.33 9.86
v -10.24 -19.61 8.76
v -6.44 -21.99 7.16
v -2.78 -23.34 4.94
v -4.07 -23.03 2.71
v -1.56 -23.58 1.98
v -1.09 -23.85 3.96
v -0.36 -23.84 3.44
v -1.61 -24.24 0.53
v -0.33 -24.95 0.11
v -13.86 -15.99 13.00
v -12.90 -15.18 15.26
v -8.41 -18.84 14.00
v -9.51 -19.55 11.79
v -4.10 -21.25 11.93
v -5.35 -22.00 9.91
v 0.39 -22.44 9.81
v -1.37 -23.46 7.47
v 5.15 -22.37 7.88
v 6.82 -22.41 7.32
v 5.06 -23.86 5.76
v 1.41 -21.84 11.45
v 7.58 -22.06 8.24
v 5.98 -22.01 9.01
v 2.65 -22.50 8.63
v 3.73 -22.03 8.12
v 2.25 -23.04 5.97
v 5.58 -20.47 -12.68
v 8.63 -20.56 -11.24
v 4.64 -21.05 -10.98
v 8.02 -20.92 -9.43
v 9.55 -20.17 -9.04
v 10.73 -19.59 -8.18
v 11.19 -19.28 -8.92
v 9.99 -20.16 -6.98
v 9.52 -20.02 -6.62
v 10.22 -19.29 -5.65
v 12.75 -16.62 -3.79
v 12.85 -17.63 -6.95
v 11.88 -18.13 -5.51
v 6.83 -20.14 -14.54
v 9.29 -19.82 -13.25
v 11.91 -18.96 -11.09
v 13.33 -18.09 -9.71
v 0.65 -24.37 -3.26
v 1.33 -23.63 -4.43
v -0.48 -24.50 -2.11
v 2.39 -25.11 -2.29
v 2.58 -24.57 -2.81
v 3.82 -24.92 -1.51
v 3.62 -24.29 -1.82
v 1.87 -25.32 -1.66
v 0.94 -25.48 -0.79
v 2.31 -25.90 0.61
v 0.99 -25.37 1.34
v 4.69 -24.27 -0.53
v 4.89 -24.91 -0.23
v 7.77 -22.43 2.21
v 7.36 -21.68 1.96
v 6.59 -22.87 1.54
v 3.24 -25.83 -0.23
v 3.54 -25.81 1.82
v 5.89 -24.81 3.60
v 4.67 -25.38 2.92
v 4.82 -24.56 4.21
v 2.30 -25.28 2.45
v 1.12 -23.59 4.95
v 0.92 -23.44 6.35
v 9.06 -19.87 1.11
v 7.98 -21.24 0.96
v 8.92 -20.11 1.49
v 9.95 -21.88 5.98
v 10.40 -21.44 5.40
v 9.33 -22.12 5.02
v 9.47 -21.55 4.45
v 7.81 -23.72 3.30
v 8.75 -22.02 7.10
v 6.31 -24.05 4.65
v 16.26 -16.93 -4.38
v 15.24 -16.32 -2.77
v 14.40 -16.57 -3.18
v 15.10 -17.49 -5.43
v 13.93 -17.69 -6.29
v 17.82 -16.82 -6.10
v 17.52 -16.85 -6.26
v 16.63 -17.59 -7.38
v 15.59 -17.89 -8.05
v 17.46 -17.01 -6.52
v 15.37 -17.84 -8.22
v 15.22 -17.94 -8.51
v 19.13 -16.59 -7.96
v 18.86 -16.60 -7.98
v 17.83 -17.31 -9.10
v 16.88 -17.61 -9.68
v 18.60 -16.78 -8.38
v 16.35 -17.64 -9.69
v 16.16 -17.75 -10.22
v 14.95 -17.95 -10.87
v 10.35 -20.91 4.55
v 10.82 -20.51 4.30
v 10.73 -20.42 3.75
v 9.49 -21.01 3.98
v 7.88 -23.11 2.67
v 8.09 -22.33 6.15
v 7.24 -24.03 3.98
v 3.62 -22.06 10.16
v 2.35 -20.26 -11.11
v 6.09 -22.65 -5.47
v 5.70 -22.40 -6.53
v 5.00 -22.79 -6.23
v 7.71 -21.68 1.68
v 6.87 -22.89 1.18
v 0.53 -21.40 -8.14
v 3.14 -22.30 -7.77
v 3.52 -21.99 -8.57
v 7.79 -21.20 -8.20
v 7.49 -20.96 -7.83
v 8.63 -20.52 -7.36
v 5.16 -22.30 -7.04
v 6.68 -22.24 -6.87
v 1.97 -23.71 -5.06
v 3.96 -24.34 -2.11
v 11.72 -18.52 -5.22
v 11.50 -18.80 -6.94
v 10.85 -18.02 -0.09
v 10.14 -17.89 0.55
v 12.73 -19.80 1.11
v 10.07 -18.48 1.33
v 8.32 -20.72 -0.76
v 8.54 -20.95 -1.00
v 8.00 -21.96 -1.54
v 5.70 -21.51 -9.38
v 5.95 -21.78 -9.00
v 7.67 -21.91 -6.69
v 7.50 -21.89 -6.35
v 8.38 -21.53 -5.92
v 9.59 -19.98 -1.57
v 9.52 -19.93 -1.08
v 10.33 -18.98 -1.37
v 8.39 -21.74 -2.61
v 7.95 -22.27 -3.14
v 8.38 -21.94 -2.26
v 3.94 -22.75 -5.94
v 5.29 -23.00 -3.92
v 5.72 -23.16 -4.00
v 7.66 -21.44 -7.43
v 6.12 -21.82 -8.31
v 9.11 -21.05 -5.43
v 8.61 -21.53 -6.25
v 11.40 -17.63 -1.95
v 11.55 -17.88 -3.38
v 11.10 -18.38 -3.29
v 6.19 -23.02 -2.96
v 10.57 -19.25 -4.33
v 10.54 -18.67 -4.50
v 3.27 -23.27 -5.82
v 9.43 -19.75 -0.15
v 9.26 -19.70 -0.64
v 10.10 -19.14 -2.07
v 11.13 -17.33 -1.07
v 10.80 -18.46 -2.02
v 11.73 -17.41 -3.39
v 11.94 -17.23 -3.63
v 15.89 -19.61 -1.69
v 11.60 -17.40 -2.78
v 13.97 -19.59 -2.27
v 15.28 -18.05 -2.62
v 14.35 -18.98 -2.98
v 14.19 -19.36 -2.77
v 11.99 -20.06 2.89
v 13.06 -19.69 1.36
v 13.89 -19.62 -0.34
v 13.65 -19.71 -1.36
v 9.55 -18.78 2.00
v 11.65 -20.16 2.54
v 14.31 -19.64 0.01
v 13.47 -19.42 -0.59
v 15.63 -19.85 -1.23
v 15.02 -20.04 -0.43
v 15.18 -19.24 -2.56
v 15.93 -19.24 -2.06
v 14.81 -19.89 -1.84
v 15.06 -19.67 -2.31
v 14.35 -20.03 -0.97
v 16.50 -16.78 -11.38
v 14.06 -17.12 -12.05
v 18.27 -16.16 -10.38
v 16.13 -16.60 -11.14
v 19.90 -15.44 -9.42
v 17.81 -16.03 -10.11
v 19.35 -15.31 -9.06
v 19.22 -16.30 -8.28
v 19.13 -15.97 -8.47
v 18.93 -16.42 -8.46
v 17.11 -17.01 -10.10
v 17.13 -17.42 -9.93
v 16.22 -17.37 -10.67
v 16.30 -17.65 -10.48
v 14.34 -17.73 -11.73
v 0.84 -24.57 3.19
v 10.09 -19.46 2.64
v 8.97 -20.58 2.49
v 9.95 -21.47 4.91
v 7.90 -22.51 -2.88
v 7.30 -22.60 -3.79
v 6.94 -22.57 -2.06
v 6.92 -22.88 -1.76
v 7.75 -22.13 -0.95
v 9.38 -21.05 -5.69
v 9.63 -20.58 -4.73
v 9.03 -20.68 -7.75
v 5.63 -23.77 0.63
v 6.87 -23.57 1.78
v 6.11 -23.37 -2.68
v 5.86 -24.41 0.92
v 5.36 -25.39 2.15
v 4.30 -25.85 1.02
v 3.57 -25.02 3.47
v 3.83 -22.71 7.05
v 3.55 -23.98 5.21
v 7.15 -22.12 0.08
v 6.17 -23.02 -0.82
v 7.20 -22.51 0.38
v 6.25 -23.37 -0.53
v 5.33 -23.51 -1.84
v 4.65 -23.70 -3.24
v 4.36 -23.54 -3.10
v 4.35 -23.97 -2.79
v 2.24 -23.36 -5.70
v 8.21 -21.08 0.39
v 9.07 -19.42 0.75
v 9.33 -19.66 0.33
v 7.94 -20.81 0.57
v 7.42 -22.30 -0.29
v 9.93 -20.55 3.68
v 10.09 -20.93 4.04
v 6.54 -24.72 2.85
v 5.79 -24.99 1.43
v 3.73 -25.48 -0.99
v 4.06 -22.09 -8.06
v 5.20 -23.36 -3.75
v -3.58 -22.71 -0.89
v 4.67 -21.77 9.55
v 7.91 -21.51 1.33
v 7.07 -22.86 0.78
v 5.93 -23.78 0.27
v 6.20 -23.65 -0.17
v 5.32 -24.16 -1.24
v 5.40 -23.88 -1.60
v 5.03 -24.28 -0.83
v 6.50 -23.12 -1.10
v 6.78 -23.08 -1.43
v 5.97 -23.57 -2.36
v 8.41 -21.10 0.07
v 7.65 -22.30 -0.60
v 5.65 -23.64 -2.06
v 7.37 -22.69 -2.20
v 7.66 -22.69 -2.49
v 6.94 -23.06 -3.28
v 6.59 -23.06 -3.04
v 7.20 -22.87 -3.58
v 8.23 -22.03 -1.85
v 6.41 -22.95 -4.40
v 6.12 -23.15 -4.17
v 6.62 -22.71 -4.63
v 4.98 -23.62 -3.51
v 4.23 -24.26 -2.44
v 2.48 -23.96 -3.12
v 8.78 -20.25 1.81
v 8.43 -20.25 2.10
v 7.67 -21.88 -1.29
v 8.47 -20.94 -0.33
v 8.65 -21.02 -1.38
v 8.77 -21.09 -1.76
v 8.81 -21.06 -2.23
v 9.48 -19.98 -1.95
v 10.23 -18.70 -0.79
v 10.62 -20.15 3.28
v 4.79 -25.47 0.29
v 6.86 -24.21 2.24
v 9.30 -20.69 2.92
v 11.05 -18.78 -4.72
v 10.71 -19.42 -5.94
v 10.60 -19.95 -7.76
v 4.61 -22.19 -7.55
v 9.59 -20.53 -6.29
v 9.49 -20.50 -8.59
v 10.30 -19.91 -4.06
v 9.94 -20.51 -4.93
v 11.35 -19.18 -6.59
v 8.06 -21.18 -9.00
v 10.24 -19.86 -5.39
v 8.74 -21.02 -6.97
v 6.37 -21.97 -7.60
v 10.76 -18.94 -3.18
v 8.01 -21.29 -8.60
v 9.34 -20.69 -8.17
v 10.38 -20.15 -7.37
v 11.11 -19.39 -6.26
v 11.46 -18.75 -4.97
v 10.25 -19.58 -3.06
v 10.51 -19.68 -4.20
v 10.17 -20.28 -5.16
v 9.57 -20.88 -5.99
v 8.76 -21.37 -6.61
v 7.75 -21.77 -7.06
v 6.61 -22.20 -7.24
v 2.20 -24.35 4.38
v -2.49 -23.43 0.56
v 10.51 -20.96 4.90
v -0.55 -24.51 1.99
v -2.50 -23.70 1.87
v 10.15 -20.04 -3.92
v 6.61 -22.14 -6.56
v 12.81 4.79 12.30
v 13.10 4.47 12.28
v 14.81 6.28 14.70
v 14.51 6.61 14.72
v 13.11 4.03 12.61
v 14.86 5.88 14.97
v 12.85 3.66 13.13
v 14.67 5.57 15.37
v 12.29 3.32 13.90
v 14.22 5.32 15.97
v 11.54 3.10 14.75
v 13.59 5.21 16.64
v 10.89 3.10 15.34
v 13.02 5.28 17.10
v 10.13 3.40 15.81
v 12.33 5.64 17.46
v 9.53 4.02 15.88
v 11.74 6.26 17.52
v 9.31 4.89 15.42
v 11.45 7.08 17.16
v 9.58 5.85 14.44
v 11.58 7.92 16.39
v 10.48 7.43 12.40
v 12.19 9.27 14.81
v 10.84 8.15 11.52
v 12.78 10.18 13.57
v 12.03 9.15 9.67
v 13.87 11.09 11.88
v 12.45 9.08 9.34
v 14.80 11.45 10.75
v 13.59 9.49 7.99
v 15.65 11.63 9.84
v 14.53 9.59 7.05
v 16.41 11.55 9.20
v 15.54 9.40 6.27
v 17.25 11.23 8.68
v 16.10 9.09 6.00
v 17.76 10.87 8.50
v 16.44 8.65 6.02
v 18.10 10.43 8.52
v 16.59 8.04 6.36
v 18.32 9.88 8.74
v 16.52 7.36 6.94
v 18.38 9.30 9.13
v 16.10 6.78 7.77
v 18.13 8.87 9.69
v 15.64 6.47 8.43
v 17.81 8.67 10.14
v 15.19 6.50 8.82
v 17.43 8.77 10.40
v 14.90 6.78 8.87
v 17.15 9.06 10.43
v 15.03 8.81 7.19
v 16.94 10.80 9.30
v 13.49 8.74 8.65
v 15.70 10.99 10.29
v 12.40 8.52 9.81
v 14.47 10.66 11.66
v 11.39 7.83 11.26
v 13.31 9.84 13.34
v 11.07 7.02 12.17
v 12.76 8.83 14.62
v 10.61 5.36 13.87
v 12.53 7.37 15.95
v 16.34 7.98 17.13
v 16.05 8.30 17.15
v 16.43 7.62 17.33
v 16.31 7.37 17.63
v 15.96 7.21 18.08
v 15.44 7.18 18.57
v 14.96 7.31 18.91
v 14.33 7.70 19.18
v 13.77 8.32 19.22
v 13.43 9.08 18.96
v 13.44 9.80 18.39
v 13.80 10.91 17.21
v 14.56 11.96 15.72
v 15.53 12.77 14.21
v 16.49 13.18 13.01
v 17.23 13.26 12.28
v 17.89 13.13 11.77
v 18.66 12.76 11.36
v 19.13 12.39 11.21
v 19.48 11.96 11.22
v 19.71 11.45 11.40
v 19.81 10.92 11.71
v 19.63 10.55 12.16
v 19.37 10.40 12.52
v 19.03 10.52 12.73
v 18.76 10.81 12.76
v 18.42 12.40 11.85
v 17.32 12.68 12.64
v 16.27 12.48 13.74
v 15.07 11.62 15.51
v 14.32 10.46 17.07
v 14.30 9.20 18.06
v 17.50 9.32 19.06
v 17.22 9.63 19.07
v 17.58 8.97 19.25
v 17.47 8.73 19.53
v 17.13 8.57 19.96
v 16.63 8.55 20.44
v 16.17 8.67 20.77
v 15.57 9.05 21.03
v 15.02 9.64 21.07
v 14.70 10.37 20.81
v 14.71 11.06 20.26
v 15.05 12.14 19.13
v 15.78 13.14 17.70
v 16.72 13.92 16.25
v 17.65 14.31 15.10
v 18.35 14.39 14.40
v 18.99 14.26 13.91
v 19.73 13.91 13.51
v 20.18 13.55 13.36
v 20.51 13.14 13.38
v 20.74 12.65 13.55
v 20.83 12.14 13.85
v 20.66 11.78 14.28
v 20.41 11.64 14.62
v 20.08 11.76 14.83
v 19.83 12.03 14.85
v 19.50 13.56 13.98
v 18.44 13.83 14.74
v 17.43 13.64 15.80
v 16.27 12.82 17.49
v 15.56 11.70 19.00
v 15.54 10.49 19.95
v 18.19 10.25 20.93
v 17.93 10.54 20.94
v 18.27 9.93 21.10
v 18.16 9.70 21.37
v 17.85 9.55 21.77
v 17.38 9.53 22.21
v 16.95 9.65 22.52
v 16.39 10.00 22.76
v 15.88 10.55 22.80
v 15.57 11.23 22.56
v 15.59 11.88 22.05
v 15.91 12.88 21.00
v 16.59 13.82 19.66
v 17.46 14.55 18.30
v 18.33 14.91 17.23
v 18.98 14.98 16.57
v 19.58 14.87 16.12
v 20.27 14.53 15.74
v 20.70 14.21 15.61
v 21.00 13.82 15.62
v 21.21 13.36 15.78
v 21.30 12.89 16.06
v 21.14 12.55 16.47
v 20.90 12.42 16.79
v 20.60 12.53 16.98
v 20.36 12.78 17.00
v 20.06 14.22 16.19
v 19.07 14.46 16.90
v 18.13 14.29 17.89
v 17.05 13.52 19.47
v 16.38 12.48 20.87
v 16.36 11.34 21.76
v 18.65 11.01 22.74
v 18.42 11.27 22.76
v 18.72 10.72 22.90
v 18.63 10.52 23.14
v 18.34 10.38 23.51
v 17.92 10.36 23.91
v 17.53 10.46 24.18
v 17.03 10.78 24.40
v 16.57 11.28 24.44
v 16.29 11.89 24.22
v 16.30 12.48 23.76
v 16.59 13.38 22.80
v 17.21 14.23 21.60
v 17.99 14.89 20.37
v 18.78 15.21 19.41
v 19.37 15.28 18.81
v 19.91 15.18 18.40
v 20.53 14.87 18.06
v 20.91 14.58 17.94
v 21.19 14.23 17.96
v 21.38 13.82 18.10
v 21.46 13.39 18.35
v 21.32 13.08 18.72
v 21.10 12.96 19.01
v 20.83 13.07 19.18
v 20.61 13.29 19.20
v 20.34 14.59 18.46
v 19.45 14.81 19.10
v 18.60 14.65 20.00
v 17.62 13.96 21.43
v 17.02 13.02 22.70
v 17.00 11.99 23.49
v 18.68 11.35 24.44
v 18.47 11.58 24.45
v 18.74 11.09 24.58
v 18.66 10.91 24.79
v 18.40 10.79 25.11
v 18.03 10.77 25.47
v 17.69 10.86 25.71
v 17.24 11.14 25.91
v 16.83 11.59 25.94
v 16.58 12.13 25.74
v 16.59 12.65 25.34
v 16.85 13.45 24.49
v 17.40 14.20 23.42
v 18.09 14.78 22.33
v 18.79 15.08 21.48
v 19.31 15.13 20.95
v 19.79 15.04 20.59
v 20.34 14.77 20.29
v 20.68 14.51 20.18
v 20.93 14.20 20.19
v 21.10 13.83 20.32
v 21.17 13.46 20.54
v 21.04 13.19 20.87
v 20.85 13.08 21.12
v 20.61 13.17 21.27
v 20.42 13.37 21.29
v 20.17 14.52 20.64
v 19.38 14.72 21.21
v 18.63 14.58 22.00
v 17.76 13.96 23.27
v 17.23 13.13 24.39
v 17.21 12.22 25.10
v 18.54 11.76 27.24
v 18.38 11.94 27.24
v 18.58 11.56 27.34
v 18.52 11.43 27.51
v 18.33 11.33 27.75
v 18.04 11.32 28.02
v 17.78 11.39 28.21
v 17.43 11.61 28.36
v 17.12 11.95 28.39
v 16.93 12.36 28.24
v 16.94 12.76 27.93
v 17.14 13.37 27.28
v 17.56 13.95 26.46
v 18.09 14.39 25.63
v 18.62 14.62 24.97
v 19.02 14.66 24.57
v 19.39 14.59 24.29
v 19.81 14.39 24.06
v 20.07 14.18 23.98
v 20.26 13.95 23.98
v 20.39 13.67 24.08
v 20.44 13.38 24.25
v 20.35 13.17 24.50
v 20.20 13.09 24.70
v 20.02 13.16 24.81
v 19.87 13.31 24.83
v 19.68 14.19 24.33
v 19.08 14.34 24.76
v 18.50 14.24 25.37
v 17.84 13.76 26.34
v 17.43 13.12 27.20
v 17.42 12.43 27.74
v 18.44 12.19 29.82
v 18.33 12.32 29.82
v 18.47 12.05 29.89
v 18.43 11.96 30.00
v 18.29 11.89 30.18
v 18.09 11.88 30.37
v 17.91 11.93 30.50
v 17.67 12.08 30.60
v 17.45 12.32 30.62
v 17.32 12.61 30.52
v 17.32 12.89 30.30
v 17.46 13.32 29.84
v 17.75 13.72 29.27
v 18.12 14.03 28.69
v 18.50 14.19 28.23
v 18.78 14.22 27.95
v 19.03 14.17 27.75
v 19.33 14.03 27.59
v 19.51 13.89 27.54
v 19.64 13.72 27.54
v 19.73 13.53 27.61
v 19.77 13.32 27.73
v 19.70 13.18 27.90
v 19.60 13.12 28.04
v 19.47 13.17 28.12
v 19.37 13.28 28.13
v 19.24 13.89 27.78
v 18.82 14.00 28.09
v 18.41 13.92 28.51
v 17.95 13.59 29.19
v 17.66 13.15 29.79
v 17.65 12.66 30.17
v 18.97 13.03 31.40
v 18.89 13.12 31.40
v 18.99 12.93 31.45
v 18.96 12.86 31.53
v 18.86 12.81 31.66
v 18.72 12.81 31.80
v 18.58 12.84 31.89
v 18.41 12.95 31.97
v 18.25 13.13 31.98
v 18.15 13.34 31.90
v 18.16 13.54 31.75
v 18.26 13.85 31.42
v 18.47 14.14 31.00
v 18.74 14.37 30.58
v 19.01 14.48 30.24
v 19.21 14.50 30.04
v 19.40 14.47 29.90
v 19.62 14.36 29.78
v 19.75 14.26 29.74
v 19.84 14.14 29.74
v 19.91 14.00 29.79
v 19.94 13.85 29.88
v 19.89 13.75 30.01
v 19.81 13.71 30.11
v 19.72 13.74 30.17
v 19.64 13.82 30.17
v 19.55 14.26 29.92
v 19.24 14.34 30.14
v 18.95 14.29 30.45
v 18.61 14.05 30.94
v 18.40 13.72 31.38
v 18.40 13.37 31.65
v 19.74 14.04 32.57
v 19.68 14.10 32.57
v 19.75 13.97 32.61
v 19.73 13.92 32.67
v 19.66 13.89 32.75
v 19.57 13.89 32.84
v 19.47 13.91 32.91
v 19.36 13.98 32.96
v 19.25 14.10 32.97
v 19.18 14.25 32.92
v 19.19 14.38 32.81
v 19.25 14.59 32.59
v 19.40 14.79 32.30
v 19.58 14.94 32.02
v 19.77 15.02 31.79
v 19.90 15.04 31.65
v 20.03 15.01 31.56
v 20.18 14.94 31.48
v 20.26 14.87 31.45
v 20.33 14.79 31.45
v 20.37 14.69 31.49
v 20.39 14.59 31.55
v 20.36 14.52 31.63
v 20.31 14.49 31.70
v 20.25 14.52 31.74
v 20.19 14.57 31.74
v 20.13 14.87 31.57
v 19.92 14.93 31.72
v 19.72 14.89 31.93
v 19.50 14.73 32.26
v 19.35 14.51 32.56
v 19.35 14.27 32.75
v 20.75 15.26 33.47
v 20.72 15.29 33.48
v 20.76 15.22 33.49
v 20.75 15.19 33.52
v 20.71 15.18 33.57
v 20.66 15.17 33.62
v 20.61 15.19 33.65
v 20.55 15.23 33.68
v 20.49 15.29 33.69
v 20.46 15.37 33.66
v 20.46 15.44 33.60
v 20.49 15.55 33.48
v 20.57 15.66 33.33
v 20.67 15.74 33.18
v 20.77 15.78 33.06
v 20.84 15.79 32.98
v 20.91 15.78 32.93
v 20.99 15.74 32.89
v 21.04 15.70 32.87
v 21.07 15.66 32.87
v 21.09 15.61 32.89
v 21.10 15.55 32.92
v 21.09 15.52 32.97
v 21.06 15.50 33.01
v 21.03 15.51 33.03
v 21.00 15.54 33.03
v 20.96 15.70 32.94
v 20.85 15.73 33.02
v 20.75 15.71 33.13
v 20.62 15.63 33.31
v 20.55 15.51 33.47
v 20.55 15.38 33.57
v 21.71 16.45 34.10
v 21.71 16.49 34.08
v 21.73 16.52 34.04
v 21.76 16.54 34.00
v 21.79 16.54 33.97
v -10.73 -14.83 -11.88
v -8.01 -12.91 -10.46
v -8.30 -12.59 -10.44
v -11.02 -14.50 -11.87
v -10.65 -15.20 -11.67
v -7.99 -13.35 -10.14
v -10.79 -15.47 -11.33
v -8.23 -13.70 -9.65
v -11.17 -15.66 -10.83
v -8.77 -14.02 -8.91
v -11.73 -15.72 -10.29
v -9.50 -14.22 -8.10
v -12.24 -15.60 -9.90
v -10.13 -14.20 -7.53
v -12.90 -15.22 -9.60
v -10.87 -13.89 -7.09
v -13.48 -14.59 -9.55
v -11.47 -13.28 -7.02
v -13.81 -13.80 -9.85
v -11.71 -12.41 -7.46
v -13.76 -13.03 -10.49
v -11.47 -11.48 -8.40
v -13.33 -11.84 -11.80
v -10.63 -9.95 -10.34
v -12.46 -10.70 -13.46
v -10.23 -9.20 -11.28
v -11.38 -9.79 -15.14
v -9.05 -8.21 -13.11
v -10.33 -9.32 -16.47
v -8.55 -8.20 -13.57
v -9.53 -9.20 -17.29
v -7.46 -7.83 -14.85
v -8.82 -9.30 -17.85
v -6.54 -7.77 -15.74
v -8.01 -9.66 -18.32
v -5.56 -7.98 -16.47
v -7.52 -10.03 -18.48
v -5.01 -8.30 -16.73
v -7.18 -10.47 -18.47
v -4.67 -8.74 -16.71
v -6.95 -11.00 -18.27
v -4.51 -9.33 -16.39
v -6.86 -11.56 -17.92
v -4.56 -10.00 -15.84
v -7.07 -11.96 -17.42
v -4.95 -10.55 -15.06
v -7.36 -12.13 -17.02
v -5.39 -10.85 -14.43
v -7.72 -12.01 -16.79
v -5.83 -10.80 -14.07
v -7.99 -11.73 -16.75
v -6.12 -10.52 -14.02
v -8.29 -10.05 -17.77
v -6.04 -8.54 -15.61
v -9.46 -9.81 -16.89
v -7.53 -8.57 -14.23
v -10.59 -10.06 -15.66
v -8.23 -8.46 -13.67
v -11.93 -11.03 -13.69
v -9.68 -9.52 -11.53
v -12.78 -12.29 -11.95
v -10.04 -10.36 -10.56
v -12.86 -13.63 -10.85
v -10.46 -11.98 -8.94
v -12.99 -16.31 -13.81
v -13.28 -15.99 -13.80
v -12.91 -16.66 -13.62
v -13.02 -16.91 -13.32
v -13.37 -17.07 -12.88
v -13.88 -17.10 -12.39
v -14.36 -16.97 -12.05
v -14.98 -16.59 -11.79
v -15.54 -15.98 -11.74
v -15.87 -15.23 -12.01
v -15.86 -14.51 -12.57
v -15.51 -13.41 -13.74
v -14.76 -12.38 -15.21
v -13.80 -11.57 -16.70
v -12.84 -11.17 -17.88
v -12.12 -11.09 -18.61
v -11.46 -11.22 -19.11
v -10.70 -11.59 -19.52
v -10.23 -11.95 -19.67
v -9.89 -12.37 -19.66
v -9.66 -12.88 -19.48
v -9.56 -13.40 -19.17
v -9.74 -13.77 -18.73
v -10.00 -13.92 -18.37
v -10.33 -13.80 -18.16
v -10.60 -13.52 -18.14
v -10.94 -11.94 -19.04
v -12.02 -11.67 -18.25
v -13.06 -11.86 -17.16
v -14.25 -12.71 -15.42
v -14.99 -13.85 -13.87
v -15.01 -15.10 -12.90
v -15.04 -17.63 -14.93
v -15.30 -17.34 -14.92
v -14.96 -17.97 -14.75
v -15.07 -18.20 -14.47
v -15.39 -18.36 -14.06
v -15.87 -18.38 -13.60
v -16.32 -18.26 -13.28
v -16.90 -17.90 -13.03
v -17.43 -17.32 -12.99
v -17.75 -16.62 -13.24
v -17.73 -15.94 -13.77
v -17.40 -14.91 -14.86
v -16.70 -13.94 -16.25
v -15.79 -13.18 -17.65
v -14.89 -12.80 -18.77
v -14.21 -12.73 -19.45
v -13.59 -12.85 -19.92
v -12.88 -13.19 -20.31
v -12.44 -13.53 -20.45
v -12.12 -13.93 -20.43
v -11.90 -14.41 -20.27
v -11.81 -14.90 -19.97
v -11.97 -15.25 -19.56
v -12.22 -15.39 -19.22
v -12.53 -15.27 -19.03
v -12.78 -15.01 -19.00
v -13.10 -13.52 -19.85
v -14.12 -13.27 -19.11
v -15.10 -13.45 -18.08
v -16.22 -14.25 -16.45
v -16.91 -15.33 -14.99
v -16.93 -16.50 -14.07
v -16.74 -18.67 -15.80
v -16.98 -18.40 -15.79
v -16.66 -18.97 -15.64
v -16.76 -19.18 -15.39
v -17.06 -19.32 -15.01
v -17.49 -19.35 -14.59
v -17.90 -19.24 -14.31
v -18.43 -18.91 -14.08
v -18.90 -18.39 -14.04
v -19.19 -17.75 -14.27
v -19.18 -17.14 -14.75
v -18.88 -16.20 -15.74
v -18.24 -15.32 -17.00
v -17.42 -14.64 -18.27
v -16.61 -14.30 -19.27
v -15.99 -14.23 -19.89
v -15.43 -14.34 -20.32
v -14.78 -14.65 -20.67
v -14.38 -14.96 -20.79
v -14.10 -15.32 -20.78
v -13.90 -15.75 -20.63
v -13.81 -16.20 -20.37
v -13.96 -16.51 -19.99
v -14.19 -16.64 -19.69
v -14.47 -16.53 -19.51
v -14.70 -16.29 -19.49
v -14.98 -14.95 -20.25
v -15.91 -14.72 -19.59
v -16.79 -14.88 -18.66
v -17.81 -15.60 -17.17
v -18.44 -16.58 -15.85
v -18.45 -17.64 -15.02
v -18.17 -19.51 -16.67
v -18.39 -19.27 -16.66
v -18.11 -19.78 -16.52
v -18.19 -19.97 -16.30
v -18.46 -20.09 -15.96
v -18.85 -20.11 -15.59
v -19.21 -20.02 -15.33
v -19.68 -19.72 -15.13
v -20.11 -19.26 -15.09
v -20.37 -18.69 -15.30
v -20.36 -18.14 -15.72
v -20.09 -17.30 -16.61
v -19.51 -16.52 -17.74
v -18.78 -15.90 -18.87
v -18.06 -15.60 -19.77
v -17.50 -15.54 -20.32
v -17.00 -15.63 -20.71
v -16.42 -15.91 -21.02
v -16.07 -16.19 -21.13
v -15.81 -16.51 -21.12
v -15.63 -16.90 -20.99
v -15.56 -17.30 -20.75
v -15.69 -17.58 -20.41
v -15.89 -17.69 -20.14
v -16.14 -17.60 -19.99
v -16.35 -17.38 -19.96
v -16.60 -16.18 -20.65
v -17.43 -15.97 -20.05
v -18.22 -16.12 -19.22
v -19.13 -16.77 -17.89
v -19.69 -17.64 -16.71
v -19.71 -18.59 -15.97
v -19.15 -20.07 -17.32
v -19.35 -19.85 -17.31
v -19.09 -20.32 -17.19
v -19.17 -20.49 -16.98
v -19.41 -20.60 -16.67
v -19.77 -20.62 -16.33
v -20.10 -20.53 -16.10
v -20.53 -20.26 -15.91
v -20.92 -19.84 -15.88
v -21.15 -19.32 -16.07
v -21.14 -18.82 -16.46
v -20.90 -18.05 -17.27
v -20.38 -17.34 -18.30
v -19.71 -16.78 -19.33
v -19.04 -16.50 -20.15
v -18.54 -16.44 -20.66
v -18.08 -16.53 -21.01
v -17.55 -16.79 -21.29
v -17.23 -17.04 -21.40
v -16.99 -17.33 -21.39
v -16.83 -17.69 -21.26
v -16.76 -18.05 -21.05
v -16.88 -18.31 -20.74
v -17.07 -18.41 -20.49
v -17.30 -18.32 -20.35
v -17.48 -18.13 -20.33
v -17.72 -17.03 -20.95
v -18.47 -16.84 -20.41
v -19.19 -16.97 -19.65
v -20.03 -17.57 -18.44
v -20.54 -18.36 -17.36
v -20.55 -19.23 -16.68
v -20.82 -21.05 -18.03
v -20.99 -20.87 -18.02
v -20.77 -21.25 -17.92
v -20.84 -21.40 -17.75
v -21.04 -21.49 -17.49
v -21.34 -21.51 -17.21
v -21.61 -21.44 -17.01
v -21.97 -21.21 -16.86
v -22.30 -20.86 -16.83
v -22.49 -20.42 -16.99
v -22.48 -20.01 -17.31
v -22.28 -19.37 -17.99
v -21.84 -18.77 -18.85
v -21.29 -18.30 -19.71
v -20.73 -18.07 -20.40
v -20.31 -18.02 -20.82
v -19.93 -18.10 -21.11
v -19.49 -18.31 -21.35
v -19.22 -18.52 -21.43
v -19.02 -18.77 -21.42
v -18.89 -19.06 -21.32
v -18.83 -19.36 -21.14
v -18.93 -19.58 -20.88
v -19.09 -19.66 -20.68
v -19.28 -19.59 -20.56
v -19.43 -19.43 -20.54
v -19.63 -18.51 -21.06
v -20.26 -18.36 -20.61
v -20.86 -18.47 -19.98
v -21.55 -18.96 -18.97
v -21.98 -19.63 -18.07
v -21.99 -20.35 -17.50
v -22.58 -22.09 -18.46
v -22.70 -21.94 -18.45
v -22.54 -22.25 -18.37
v -22.59 -22.36 -18.24
v -22.74 -22.43 -18.04
v -22.98 -22.45 -17.82
v -23.19 -22.39 -17.66
v -23.47 -22.21 -17.54
v -23.73 -21.94 -17.52
v -23.88 -21.60 -17.64
v -23.87 -21.27 -17.90
v -23.71 -20.77 -18.42
v -23.37 -20.31 -19.09
v -22.94 -19.94 -19.77
v -22.51 -19.76 -20.30
v -22.18 -19.73 -20.63
v -21.88 -19.78 -20.86
v -21.54 -19.95 -21.04
v -21.32 -20.11 -21.11
v -21.17 -20.31 -21.10
v -21.07 -20.54 -21.02
v -21.02 -20.77 -20.88
v -21.10 -20.94 -20.68
v -21.22 -21.01 -20.52
v -21.37 -20.95 -20.43
v -21.49 -20.82 -20.41
v -21.64 -20.11 -20.82
v -22.13 -19.99 -20.47
v -22.60 -20.07 -19.97
v -23.14 -20.46 -19.19
v -23.48 -20.98 -18.48
v -23.49 -21.54 -18.04
v -24.16 -23.01 -19.01
v -24.26 -22.91 -19.00
v -24.14 -23.13 -18.94
v -24.17 -23.21 -18.84
v -24.29 -23.27 -18.69
v -24.46 -23.28 -18.53
v -24.62 -23.23 -18.42
v -24.83 -23.10 -18.33
v -25.01 -22.90 -18.31
v -25.13 -22.65 -18.40
v -25.12 -22.41 -18.59
v -25.00 -22.04 -18.98
v -24.75 -21.70 -19.47
v -24.43 -21.43 -19.97
v -24.11 -21.29 -20.37
v -23.87 -21.27 -20.61
v -23.65 -21.31 -20.78
v -23.40 -21.43 -20.92
v -23.24 -21.55 -20.96
v -23.13 -21.70 -20.96
v -23.05 -21.87 -20.90
v -23.02 -22.04 -20.80
v -23.07 -22.16 -20.65
v -23.16 -22.21 -20.53
v -23.27 -22.17 -20.46
v -23.36 -22.08 -20.45
v -23.48 -21.55 -20.75
v -23.84 -21.46 -20.49
v -24.19 -21.52 -20.13
v -24.58 -21.81 -19.54
v -24.83 -22.19 -19.02
v -24.84 -22.61 -18.70
v -25.44 -23.71 -19.96
v -25.50 -23.64 -19.95
v -25.42 -23.79 -19.91
v -25.45 -23.85 -19.84
v -25.53 -23.89 -19.74
v -25.65 -23.90 -19.62
v -25.76 -23.87 -19.55
v -25.90 -23.78 -19.48
v -26.03 -23.63 -19.47
v -26.11 -23.46 -19.53
v -26.11 -23.29 -19.67
v -26.03 -23.03 -19.94
v -25.85 -22.79 -20.29
v -25.63 -22.60 -20.64
v -25.40 -22.51 -20.91
v -25.23 -22.49 -21.08
v -25.08 -22.52 -21.20
v -24.90 -22.60 -21.30
v -24.79 -22.69 -21.33
v -24.71 -22.79 -21.33
v -24.66 -22.91 -21.29
v -24.63 -23.03 -21.21
v -24.67 -23.12 -21.11
v -24.74 -23.15 -21.03
v -24.81 -23.12 -20.98
v -24.88 -23.06 -20.97
v -24.96 -22.69 -21.18
v -25.21 -22.62 -21.00
v -25.45 -22.67 -20.74
v -25.73 -22.87 -20.33
v -25.91 -23.13 -19.97
v -25.91 -23.43 -19.74
v -26.91 -24.54 -20.74
v -26.95 -24.50 -20.73
v -26.90 -24.58 -20.71
v -26.92 -24.61 -20.68
v -26.96 -24.63 -20.62
v -27.02 -24.64 -20.57
v -27.08 -24.62 -20.53
v -27.15 -24.58 -20.49
v -27.22 -24.50 -20.49
v -27.26 -24.41 -20.52
v -27.26 -24.33 -20.59
v -27.22 -24.19 -20.73
v -27.12 -24.07 -20.90
v -27.01 -23.97 -21.08
v -26.89 -23.92 -21.23
v -26.81 -23.92 -21.31
v -26.73 -23.93 -21.37
v -26.64 -23.97 -21.42
v -26.58 -24.02 -21.44
v -26.54 -24.07 -21.44
v -26.51 -24.13 -21.42
v -26.50 -24.19 -21.38
v -26.52 -24.24 -21.33
v -26.55 -24.26 -21.28
v -26.59 -24.24 -21.26
v -26.63 -24.21 -21.26
v -26.67 -24.02 -21.36
v -26.80 -23.98 -21.27
v -26.92 -24.01 -21.14
v -27.06 -24.11 -20.93
v -27.15 -24.25 -20.74
v -27.16 -24.40 -20.63
v -28.13 -25.15 -21.58
v -28.13 -25.12 -21.61
v -28.12 -25.09 -21.65
v -28.09 -25.07 -21.69
v -28.06 -25.06 -21.72
v 17.93 -13.61 6.50
v 17.50 -13.92 7.55
v 18.07 -13.50 6.71
v 17.86 -13.64 6.24
v 17.16 -14.19 7.01
v 17.87 -13.60 5.97
v 16.98 -14.28 6.34
v 17.95 -13.50 5.74
v 16.99 -14.19 5.66
v 18.09 -13.34 5.57
v 17.20 -13.91 5.05
v 18.27 -13.15 5.49
v 17.56 -13.51 4.62
v 18.47 -12.97 5.52
v 18.03 -13.03 4.43
v 18.64 -12.81 5.65
v 18.53 -12.56 4.51
v 18.78 -12.71 5.86
v 18.98 -12.15 4.84
v 18.85 -12.67 6.12
v 19.32 -11.89 5.38
v 18.84 -12.71 6.39
v 19.50 -11.79 6.05
v 18.76 -12.81 6.63
v 19.49 -11.89 6.73
v 18.62 -12.97 6.80
v 19.28 -12.16 7.34
v 18.44 -13.16 6.87
v 18.92 -12.57 7.77
v 18.24 -13.34 6.84
v 18.46 -13.04 7.96
v 17.96 -13.52 7.88
v 15.61 -14.52 7.78
v 16.24 -14.02 8.77
v 15.28 -14.69 6.55
v 15.31 -14.51 5.28
v 15.68 -14.01 4.16
v 16.35 -13.26 3.37
v 17.22 -12.38 3.01
v 18.14 -11.50 3.16
v 18.98 -10.76 3.77
v 19.61 -10.26 4.77
v 19.94 -10.09 6.00
v 19.92 -10.27 7.27
v 19.54 -10.77 8.39
v 18.87 -11.52 9.18
v 18.01 -12.40 9.54
v 17.09 -13.28 9.39
v 14.06 -14.20 8.35
v 14.88 -13.56 9.66
v 13.63 -14.43 6.75
v 13.66 -14.19 5.09
v 14.15 -13.54 3.63
v 15.03 -12.56 2.59
v 16.15 -11.41 2.13
v 17.36 -10.26 2.32
v 18.46 -9.29 3.12
v 19.29 -8.64 4.43
v 19.72 -8.42 6.03
v 19.68 -8.65 7.69
v 19.19 -9.31 9.15
v 18.31 -10.29 10.19
v 17.19 -11.44 10.65
v 15.98 -12.59 10.47
v 12.73 -13.29 8.65
v 13.63 -12.59 10.07
v 12.27 -13.53 6.92
v 12.30 -13.28 5.12
v 12.83 -12.57 3.54
v 13.78 -11.51 2.42
v 15.00 -10.27 1.92
v 16.31 -9.02 2.12
v 17.50 -7.97 2.99
v 18.39 -7.27 4.41
v 18.86 -7.03 6.14
v 18.82 -7.28 7.94
v 18.29 -7.99 9.52
v 17.34 -9.05 10.64
v 16.12 -10.30 11.14
v 14.82 -11.54 10.94
v 18.44 -13.24 6.17
v 17.25 14.99 -0.80
v 17.02 13.60 3.35
v 15.07 17.71 -0.31
v 15.07 15.12 4.42
v 12.58 15.40 6.81
v 10.71 14.50 9.31
v 9.47 13.81 11.01
v 8.75 12.74 12.42
v 8.10 11.86 13.74
v 7.78 10.62 14.92
v 7.83 9.10 15.89
v 8.23 7.42 16.58
v 8.96 5.68 16.94
v 9.43 19.41 4.36
v 7.08 19.49 6.71
v 5.08 18.90 9.13
v 3.58 17.49 11.56
v 2.28 15.76 14.15
v 1.65 13.35 16.48
v 1.74 10.42 18.38
v 2.54 7.19 19.71
v 4.00 3.87 20.40
v 5.94 21.66 1.26
v 9.00 21.29 -1.56
v 3.44 21.97 3.57
v 0.67 21.94 6.37
v -1.87 20.72 9.72
v -3.83 18.17 13.57
v -4.82 14.68 17.05
v -4.75 10.50 19.89
v -3.62 5.93 21.88
v -1.41 1.56 22.59
v 1.38 23.92 -2.66
v 4.59 24.19 -5.98
v -1.34 23.95 -0.01
v -4.32 23.77 3.02
v -7.26 22.19 6.98
v -9.71 19.02 11.74
v -10.93 14.73 16.06
v -10.82 9.64 19.59
v -9.36 4.10 22.09
v -6.44 -1.32 23.01
v -3.37 24.60 -6.81
v -0.13 25.00 -10.17
v -6.17 24.38 -4.01
v -9.06 23.72 -0.79
v -12.20 21.81 3.56
v -12.86 19.03 10.49
v -15.03 18.19 8.98
v -16.45 13.36 13.93
v -14.22 14.36 15.24
v -16.32 7.69 18.01
v -14.09 8.84 19.14
v -14.64 1.56 20.93
v -12.48 2.86 21.92
v -11.34 -4.35 22.13
v -9.29 -2.94 23.01
v -7.23 22.60 -10.70
v -3.95 23.04 -14.03
v -10.10 22.32 -7.86
v -13.27 21.64 -4.45
v -16.27 19.68 -0.22
v -19.17 15.96 5.29
v -20.58 11.02 10.36
v -20.34 5.23 14.58
v -18.46 -1.01 17.64
v -14.84 -7.16 19.04
v -10.05 -12.80 18.99
v -2.68 -1.73 -22.63
v -5.08 -4.94 -20.86
v -5.30 0.62 -22.62
v -7.37 -3.71 -20.16
v -10.12 -3.64 -18.05
v -12.06 -4.61 -15.63
v -13.33 -5.33 -13.97
v -14.00 -6.35 -12.50
v -14.69 -7.26 -11.22
v -14.96 -8.47 -9.99
v -14.81 -9.89 -8.90
v -14.23 -11.42 -8.02
v -13.27 -12.97 -7.41
v -11.56 1.79 -18.63
v -14.11 1.71 -16.51
v -16.22 1.02 -14.20
v -17.71 -0.37 -11.76
v -19.06 -2.15 -9.24
v -19.62 -4.51 -6.83
v -19.34 -7.26 -4.71
v -18.23 -10.24 -3.04
v -16.37 -13.22 -1.91
v -8.32 6.76 -20.53
v -11.61 6.93 -17.97
v -14.31 7.08 -15.88
v -17.27 6.89 -13.28
v -19.88 5.61 -10.01
v -21.92 2.99 -6.25
v -22.84 -0.44 -2.69
v -22.54 -4.43 0.40
v -21.05 -8.70 2.79
v -18.38 -12.68 4.01
v -8.04 13.60 -19.80
v -11.38 13.21 -16.64
v -14.24 13.13 -14.14
v -17.35 12.83 -11.25
v -20.34 11.21 -7.35
v -22.87 7.98 -2.67
v -24.03 3.75 1.72
v -23.71 -1.18 5.47
v -21.94 -6.45 8.31
v -18.60 -11.52 9.70
v -6.81 19.40 -17.48
v -10.12 18.94 -14.20
v -12.98 18.66 -11.47
v -15.92 17.96 -8.31
v -19.08 16.04 -3.98
v -21.96 12.38 1.39
v -22.91 10.60 -0.51
v -23.35 7.58 6.38
v -24.21 5.97 4.29
v -23.11 2.00 10.58
v -23.93 0.59 8.37
v -21.24 -3.98 13.70
v -22.06 -5.18 11.41
v -17.70 -9.69 15.17
v -18.54 -10.71 12.87
v 23.48 10.13 -7.93
v 22.84 11.68 -6.61
v 21.25 13.78 -5.67
v 22.73 5.45 -13.13
v 23.21 6.57 -11.54
v 23.57 8.11 -9.85
v 22.08 4.44 -14.75
v 21.39 3.61 -16.14
v 20.57 2.60 -17.65
v 19.55 1.57 -19.03
v 20.08 -2.66 -16.28
v 18.67 16.57 -5.20
v 15.98 18.93 -4.93
v 11.31 22.87 -6.03
v 6.84 25.45 -9.18
v 2.35 26.23 -13.28
v -1.54 24.51 -17.35
v 5.35 -2.99 -25.76
v 7.44 -3.33 -25.49
v 2.94 -1.59 -25.73
v 13.84 -2.01 -22.87
v 12.14 -2.72 -23.67
v 10.08 -3.20 -24.61
v 15.44 -1.13 -22.02
v 16.76 -0.28 -21.22
v 18.22 0.63 -20.22
v 0.17 1.04 -25.47
v -2.24 3.64 -24.89
v -5.14 9.06 -24.05
v -5.65 14.97 -22.85
v -4.40 20.57 -20.67
v 19.76 -3.41 -2.22
v 15.26 -7.19 -8.41
v 21.12 -14.18 -8.41
v 24.11 -8.59 -2.22
v 18.98 -4.07 -1.00
v 23.33 -9.24 -1.00
v 14.00 -8.24 -6.46
v 19.86 -15.23 -6.46
v 9.80 -11.77 -13.13
v 14.15 -16.94 -13.13
v 9.02 -12.42 -11.91
v 13.37 -17.60 -11.91
v 20.12 -14.15 -7.51
v 20.22 -14.19 -7.47
v 20.19 -14.09 -7.44
v 20.15 -14.25 -7.54
v 20.06 -14.20 -7.58
v 20.03 -14.10 -7.54
v 20.09 -14.05 -7.47
v 20.03 -15.02 -6.20
v 19.84 -14.38 -5.97
v 19.61 -15.37 -6.65
v 19.01 -15.08 -6.88
v 18.83 -14.44 -6.65
v 19.24 -14.09 -6.20
v 20.89 -12.79 -6.28
v 20.98 -12.83 -6.25
v 20.95 -12.73 -6.21
v 20.92 -12.89 -6.32
v 20.82 -12.84 -6.35
v 20.79 -12.74 -6.32
v 20.86 -12.68 -6.25
v 20.79 -13.66 -4.98
v 20.61 -13.02 -4.75
v 20.38 -14.01 -5.43
v 19.78 -13.72 -5.66
v 19.59 -13.07 -5.43
v 20.01 -12.73 -4.98
v 21.75 -11.31 -4.93
v 21.84 -11.35 -4.90
v 21.81 -11.25 -4.86
v 21.77 -11.41 -4.97
v 21.68 -11.36 -5.00
v 21.65 -11.26 -4.97
v 21.72 -11.21 -4.90
v 21.65 -12.18 -3.63
v 21.46 -11.54 -3.40
v 21.24 -12.53 -4.08
v 20.64 -12.24 -4.30
v 20.45 -11.60 -4.08
v 20.87 -11.25 -3.63
v 18.35 -14.73 -8.96
v 18.44 -14.78 -8.93
v 18.41 -14.68 -8.89
v 18.38 -14.84 -9.00
v 18.28 -14.79 -9.04
v 18.25 -14.69 -9.00
v 18.32 -14.63 -8.93
v 18.25 -15.61 -7.66
v 18.07 -14.97 -7.43
v 17.84 -15.96 -8.11
v 17.24 -15.66 -8.34
v 17.05 -15.02 -8.11
v 17.47 -14.68 -7.66
v 17.01 -15.28 -10.12
v 17.10 -15.33 -10.08
v 17.07 -15.23 -10.05
v 17.04 -15.38 -10.15
v 16.94 -15.34 -10.19
v 16.92 -15.23 -10.15
v 16.98 -15.18 -10.08
v 16.91 -16.16 -8.81
v 16.73 -15.52 -8.59
v 16.50 -16.50 -9.27
v 15.90 -16.21 -9.49
v 15.72 -15.57 -9.27
v 16.13 -15.22 -8.81
v 20.42 -13.54 -6.67
v 20.45 -13.64 -6.71
v 20.35 -13.59 -6.74
v 20.38 -13.69 -6.78
v 20.29 -13.65 -6.81
v 20.26 -13.55 -6.78
v 20.32 -13.49 -6.71
v 21.46 -12.66 -7.37
v 21.65 -13.30 -7.60
v 21.23 -13.65 -8.05
v 20.63 -13.36 -8.28
v 20.45 -12.72 -8.05
v 20.86 -12.37 -7.60
v 21.22 -12.12 -5.12
v 21.25 -12.22 -5.16
v 21.15 -12.17 -5.19
v 21.18 -12.27 -5.23
v 21.09 -12.23 -5.27
v 21.06 -12.13 -5.23
v 21.12 -12.07 -5.16
v 22.26 -11.24 -5.82
v 22.45 -11.89 -6.05
v 22.03 -12.23 -6.50
v 21.43 -11.94 -6.73
v 21.25 -11.30 -6.50
v 21.66 -10.95 -6.05
v 22.13 -10.47 -3.65
v 22.16 -10.57 -3.69
v 22.06 -10.53 -3.72
v 22.09 -10.63 -3.76
v 22.00 -10.58 -3.79
v 21.97 -10.48 -3.76
v 22.03 -10.42 -3.69
v 23.17 -9.60 -4.35
v 23.36 -10.24 -4.57
v 22.94 -10.58 -5.03
v 22.34 -10.29 -5.25
v 22.16 -9.65 -5.03
v 22.57 -9.30 -4.57
v 17.63 -15.11 -9.21
v 17.66 -15.21 -9.25
v 17.56 -15.16 -9.28
v 17.59 -15.26 -9.32
v 17.50 -15.22 -9.35
v 17.47 -15.11 -9.32
v 17.53 -15.06 -9.25
v 18.67 -14.23 -9.91
v 18.85 -14.87 -10.14
v 18.44 -15.22 -10.59
v 17.84 -14.93 -10.82
v 17.66 -14.28 -10.59
v 18.07 -13.94 -10.14
v 15.69 -15.90 -10.52
v 15.72 -16.00 -10.55
v 15.62 -15.96 -10.59
v 15.65 -16.06 -10.62
v 15.56 -16.01 -10.66
v 15.53 -15.91 -10.62
v 15.59 -15.86 -10.55
v 16.73 -15.03 -11.21
v 16.92 -15.67 -11.44
v 16.50 -16.02 -11.89
v 15.90 -15.72 -12.12
v 15.72 -15.08 -11.89
v 16.13 -14.73 -11.44
v 8.37 -21.64 -3.91
v 7.81 -22.06 -3.07
v 8.55 -21.48 -3.78
v 8.26 -21.65 -2.74
v 8.74 -21.29 -3.75
v 8.76 -21.18 -2.66
v 8.93 -21.11 -3.82
v 9.23 -20.70 -2.85
v 9.07 -20.95 -3.99
v 9.59 -20.30 -3.28
v 9.15 -20.84 -4.23
v 9.79 -20.03 -3.89
v 9.15 -20.81 -4.50
v 9.81 -19.93 -4.57
v 9.08 -20.84 -4.75
v 9.63 -20.02 -5.24
v 8.95 -20.95 -4.97
v 9.29 -20.29 -5.78
v 8.77 -21.10 -5.10
v 8.83 -20.69 -6.11
v 8.58 -21.29 -5.13
v 8.33 -21.17 -6.19
v 8.39 -21.47 -5.05
v 7.87 -21.64 -6.00
v 8.25 -21.63 -4.88
v 7.50 -22.05 -5.57
v 8.17 -21.74 -4.65
v 7.30 -22.32 -4.96
v 8.17 -21.78 -4.38
v 7.28 -22.42 -4.27
v 8.24 -21.74 -4.12
v 7.46 -22.32 -3.61
v 6.55 -22.16 -1.84
v 7.39 -21.42 -1.23
v 8.31 -20.54 -1.08
v 9.17 -19.66 -1.44
v 9.85 -18.91 -2.23
v 10.22 -18.41 -3.35
v 10.25 -18.23 -4.62
v 9.92 -18.40 -5.85
v 9.29 -18.89 -6.85
v 8.44 -19.64 -7.46
v 7.52 -20.51 -7.61
v 6.66 -21.40 -7.25
v 5.99 -22.14 -6.46
v 5.61 -22.65 -5.34
v 5.59 -22.83 -4.07
v 5.92 -22.65 -2.84
v 5.19 -21.69 -0.96
v 6.29 -20.72 -0.15
v 7.49 -19.57 0.03
v 8.62 -18.42 -0.43
v 9.50 -17.44 -1.47
v 9.99 -16.79 -2.93
v 10.02 -16.55 -4.59
v 9.59 -16.78 -6.19
v 8.76 -17.42 -7.49
v 7.66 -18.40 -8.30
v 6.46 -19.54 -8.49
v 5.33 -20.69 -8.03
v 4.46 -21.67 -6.99
v 3.96 -22.33 -5.53
v 3.93 -22.56 -3.87
v 4.36 -22.34 -2.27
v 3.93 -20.73 -0.55
v 5.12 -19.68 0.32
v 6.43 -18.43 0.52
v 7.65 -17.19 0.02
v 8.59 -16.13 -1.10
v 9.13 -15.42 -2.68
v 9.16 -15.17 -4.48
v 8.70 -15.41 -6.21
v 7.80 -16.11 -7.63
v 6.61 -17.16 -8.50
v 5.31 -18.40 -8.70
v 4.09 -19.65 -8.20
v 3.14 -20.70 -7.08
v 2.61 -21.41 -5.49
v 2.57 -21.67 -3.70
v 3.04 -21.43 -1.96
v 8.75 -21.38 -4.45
f 157 156 155
f 156 159 158
f 158 155 156
f 159 161 160
f 160 158 159
f 161 163 162
f 162 160 161
f 162 163 164
f 162 164 165
f 168 167 166
f 168 166 169
f 168 169 170
f 167 172 171
f 167 171 166
f 166 171 173
f 166 173 174
f 166 174 169
f 169 174 175
f 169 175 176
f 169 176 170
f 172 178 177
f 172 177 171
f 171 177 179
f 171 179 173
f 173 179 180
f 173 180 174
f 174 180 181
f 174 181 175
f 175 181 182
f 175 182 176
f 184 183 177
f 177 178 184
f 177 183 185
f 177 185 179
f 179 185 186
f 179 186 180
f 180 186 187
f 180 187 181
f 181 187 188
f 181 188 182
f 184 190 189
f 184 189 183
f 183 189 191
f 183 191 185
f 185 191 192
f 185 192 186
f 186 192 193
f 186 193 187
f 187 193 194
f 187 194 188
f 170 195 168
f 176 196 170
f 182 197 196
f 188 198 197
f 168 195 199
f 170 196 195
f 196 176 182
f 197 182 188
f 194 157 198
f 192 159 193
f 191 161 192
f 194 156 157
f 192 161 159
f 191 163 161
f 198 188 194
f 193 159 156
f 193 156 194
f 201 200 172
f 201 172 167
f 200 202 178
f 200 178 172
f 204 203 184
f 178 205 204
f 203 206 190
f 203 190 184
f 208 207 200
f 208 200 201
f 207 209 202
f 207 202 200
f 211 210 203
f 209 205 202
f 210 212 206
f 210 206 203
f 214 213 207
f 214 207 208
f 213 215 209
f 213 209 207
f 217 216 210
f 215 218 209
f 216 219 212
f 216 212 210
f 221 220 213
f 221 213 214
f 220 222 215
f 220 215 213
f 224 223 216
f 222 225 215
f 223 226 219
f 223 219 216
f 224 216 217
f 217 210 211
f 217 227 224
f 211 203 204
f 211 225 217
f 204 184 178
f 204 218 211
f 228 201 167
f 228 167 168
f 229 208 201
f 229 201 228
f 230 214 208
f 230 208 229
f 231 221 214
f 231 214 230
f 234 233 232
f 234 232 235
f 234 235 236
f 234 236 237
f 234 237 238
f 234 238 239
f 234 239 240
f 234 240 155
f 234 155 158
f 234 158 160
f 234 160 162
f 234 162 165
f 233 242 241
f 233 241 232
f 232 241 243
f 232 243 235
f 235 243 244
f 235 244 236
f 236 244 245
f 236 245 237
f 237 245 246
f 237 246 238
f 248 247 239
f 239 238 248
f 240 239 247
f 240 249 157
f 242 251 250
f 242 250 241
f 241 250 252
f 241 252 243
f 243 252 253
f 243 253 244
f 256 255 254
f 244 254 245
f 251 258 257
f 251 257 250
f 250 257 259
f 250 259 252
f 252 259 260
f 252 261 253
f 264 263 262
f 266 265 255
f 269 268 267
f 258 270 257
f 270 267 271
f 257 272 259
f 272 271 273
f 259 274 260
f 277 276 275
f 260 274 263
f 268 279 278
f 268 278 267
f 267 278 280
f 267 280 271
f 280 282 281
f 284 276 283
f 287 286 285
f 288 249 247
f 290 288 289
f 291 290 289
f 290 291 292
f 294 293 292
f 297 296 295
f 300 299 298
f 288 301 249
f 302 301 288
f 290 302 288
f 303 302 290
f 293 303 290
f 304 303 293
f 299 304 293
f 249 301 198
f 198 157 249
f 196 197 301
f 302 196 301
f 195 196 302
f 303 195 302
f 199 195 303
f 304 199 303
f 247 249 240
f 157 155 240
f 306 305 246
f 254 307 306
f 306 309 308
f 311 310 308
f 313 306 312
f 312 314 313
f 312 307 255
f 265 315 312
f 317 310 316
f 320 319 318
f 322 314 321
f 325 324 323
f 321 314 326
f 328 327 285
f 331 330 329
f 334 333 332
f 337 336 335
f 339 338 334
f 340 275 276
f 284 341 338
f 344 343 342
f 342 345 344
f 347 343 346
f 346 348 300
f 300 347 346
f 300 348 299
f 350 349 343
f 343 344 350
f 352 351 346
f 346 343 353
f 355 354 348
f 348 346 351
f 348 354 304
f 348 304 299
f 357 356 350
f 350 358 357
f 360 359 352
f 353 349 361
f 363 362 355
f 355 351 363
f 364 199 304
f 304 354 364
f 367 366 365
f 369 368 335
f 334 337 339
f 371 337 370
f 339 371 284
f 281 282 372
f 276 371 340
f 373 289 288
f 376 375 374
f 319 378 377
f 381 380 379
f 384 383 382
f 381 373 248
f 386 375 385
f 388 305 387
f 390 298 389
f 393 392 391
f 238 246 248
f 248 246 381
f 288 247 373
f 331 394 392
f 397 396 395
f 387 310 317
f 399 379 398
f 402 401 400
f 405 404 403
f 408 407 406
f 411 410 409
f 413 383 412
f 400 415 414
f 418 417 416
f 409 410 419
f 421 420 295
f 422 411 380
f 375 380 374
f 424 393 423
f 426 425 366
f 342 343 347
f 429 428 427
f 431 430 298
f 432 345 342
f 435 434 433
f 437 418 436
f 347 300 438
f 440 430 439
f 442 366 441
f 391 444 443
f 418 428 445
f 394 447 446
f 441 448 442
f 442 444 446
f 450 444 449
f 451 428 393
f 454 453 452
f 449 455 450
f 457 456 438
f 459 454 458
f 438 456 432
f 456 434 432
f 453 454 460
f 433 454 435
f 455 452 453
f 436 418 445
f 431 437 436
f 439 436 458
f 440 300 430
f 445 451 460
f 436 445 460
f 438 300 440
f 342 347 438
f 432 342 438
f 450 453 460
f 445 428 451
f 448 449 444
f 453 450 455
f 443 451 391
f 301 197 198
f 461 228 168
f 168 462 461
f 463 229 461
f 461 464 463
f 465 230 463
f 463 466 465
f 467 231 465
f 465 468 467
f 471 470 469
f 469 473 472
f 361 356 472
f 472 473 474
f 476 474 475
f 477 362 363
f 364 477 475
f 478 199 364
f 458 457 439
f 460 459 436
f 440 457 438
f 433 456 457
f 460 454 459
f 460 443 450
f 417 431 298
f 431 436 439
f 439 430 431
f 457 440 439
f 458 454 433
f 436 459 458
f 433 434 456
f 433 457 458
f 452 435 454
f 269 267 270
f 270 258 269
f 270 271 272
f 272 257 270
f 272 273 274
f 274 259 272
f 479 326 315
f 481 447 480
f 393 391 451
f 391 392 394
f 320 368 480
f 227 217 225
f 225 222 227
f 225 211 218
f 218 215 225
f 218 204 205
f 178 202 205
f 205 209 218
f 281 271 280
f 287 273 281
f 271 281 273
f 482 341 284
f 276 284 371
f 371 339 337
f 338 339 284
f 337 332 483
f 338 333 334
f 485 407 484
f 488 487 486
f 490 415 489
f 382 296 491
f 298 299 389
f 430 300 298
f 318 493 492
f 419 494 487
f 495 493 317
f 496 324 325
f 321 324 497
f 323 340 325
f 326 498 321
f 500 275 499
f 503 502 501
f 505 502 504
f 507 506 504
f 509 506 508
f 512 511 510
f 514 512 513
f 516 369 515
f 370 340 371
f 441 366 425
f 444 442 448
f 366 442 446
f 496 518 517
f 370 335 518
f 496 497 324
f 322 497 519
f 336 369 335
f 370 518 325
f 508 506 507
f 508 381 246
f 520 379 380
f 521 410 411
f 381 379 373
f 380 381 508
f 373 247 248
f 373 379 289
f 246 388 508
f 306 246 254
f 245 254 246
f 255 307 254
f 244 253 522
f 524 283 523
f 523 277 286
f 523 525 524
f 327 274 287
f 286 372 523
f 378 527 526
f 530 529 528
f 529 505 531
f 526 529 377
f 377 530 318
f 493 530 532
f 535 534 533
f 512 537 536
f 513 535 503
f 502 535 538
f 534 487 494
f 536 534 513
f 541 540 539
f 488 541 542
f 540 485 543
f 544 540 395
f 374 411 409
f 546 545 539
f 545 409 542
f 409 545 374
f 374 546 376
f 547 546 543
f 521 548 533
f 422 508 507
f 521 411 422
f 410 521 494
f 548 507 538
f 507 548 422
f 509 549 528
f 387 549 388
f 549 387 532
f 387 550 310
f 509 508 388
f 506 509 531
f 527 378 551
f 501 505 526
f 527 330 501
f 330 514 503
f 378 319 552
f 510 537 512
f 486 487 536
f 397 395 553
f 554 537 510
f 514 330 331
f 537 554 486
f 406 485 544
f 555 396 404
f 557 556 408
f 405 558 556
f 423 559 404
f 555 557 406
f 508 422 380
f 422 548 521
f 374 380 411
f 374 545 546
f 388 549 509
f 246 305 388
f 394 446 391
f 511 392 393
f 559 428 403
f 396 423 404
f 481 560 446
f 552 447 551
f 561 497 496
f 317 532 387
f 493 318 530
f 562 518 335
f 532 528 549
f 532 317 493
f 377 529 530
f 377 318 319
f 528 531 509
f 528 532 530
f 526 377 378
f 526 505 529
f 501 526 527
f 501 502 505
f 531 504 506
f 531 528 529
f 393 428 559
f 397 554 424
f 504 538 507
f 504 531 505
f 503 501 330
f 503 535 502
f 392 511 331
f 511 512 514
f 423 396 397
f 423 393 559
f 541 488 553
f 553 486 554
f 419 542 409
f 487 488 419
f 536 513 512
f 536 487 534
f 513 534 535
f 513 503 514
f 486 536 537
f 553 395 541
f 494 533 534
f 538 533 548
f 533 494 521
f 494 419 410
f 533 538 535
f 538 504 502
f 511 393 510
f 510 424 554
f 424 423 397
f 393 424 510
f 404 405 557
f 556 557 405
f 403 429 405
f 329 330 527
f 329 551 447
f 394 331 329
f 331 511 514
f 447 394 329
f 551 329 527
f 563 516 560
f 552 551 378
f 395 540 541
f 544 395 396
f 544 485 540
f 544 396 555
f 406 407 485
f 408 406 557
f 543 484 547
f 484 543 485
f 539 543 546
f 543 539 540
f 542 539 545
f 539 542 541
f 542 419 488
f 405 429 558
f 546 547 376
f 293 294 389
f 564 420 416
f 291 289 399
f 565 295 420
f 389 299 293
f 292 293 290
f 292 566 294
f 386 567 380
f 427 428 418
f 296 382 568
f 569 292 291
f 571 570 489
f 572 389 294
f 416 427 418
f 399 573 291
f 399 289 379
f 574 295 296
f 575 382 383
f 576 412 567
f 577 416 420
f 573 579 578
f 398 384 579
f 578 297 580
f 491 578 579
f 566 580 581
f 580 569 578
f 581 564 582
f 565 581 580
f 582 572 581
f 390 582 417
f 416 417 582
f 584 577 583
f 583 574 585
f 421 583 577
f 585 571 583
f 570 585 586
f 568 586 585
f 586 575 587
f 587 490 586
f 414 587 588
f 413 588 587
f 588 576 589
f 589 402 588
f 385 589 386
f 567 386 576
f 375 386 380
f 567 520 380
f 520 412 398
f 401 402 385
f 589 576 386
f 576 588 413
f 412 383 384
f 412 520 567
f 398 379 520
f 398 579 573
f 579 384 491
f 384 398 412
f 573 399 398
f 291 573 569
f 413 412 576
f 383 413 575
f 588 402 414
f 402 589 385
f 414 415 490
f 400 414 402
f 587 575 413
f 575 586 568
f 491 296 297
f 382 491 384
f 578 569 573
f 569 580 566
f 566 292 569
f 294 566 572
f 580 297 565
f 297 578 491
f 568 382 575
f 296 568 574
f 586 490 570
f 490 587 414
f 489 570 490
f 585 574 568
f 574 583 421
f 565 420 564
f 295 565 297
f 581 572 566
f 572 582 390
f 390 389 572
f 298 390 417
f 582 564 416
f 564 581 565
f 421 295 574
f 420 421 577
f 583 571 584
f 571 585 570
f 577 584 429
f 427 416 577
f 417 437 431
f 324 321 498
f 321 497 322
f 590 498 326
f 315 326 314
f 323 275 340
f 323 324 498
f 325 340 370
f 325 518 496
f 307 312 306
f 315 314 312
f 306 313 309
f 314 322 313
f 368 492 562
f 480 552 320
f 562 495 517
f 562 335 368
f 517 316 561
f 517 518 562
f 561 311 519
f 561 496 517
f 313 322 519
f 519 497 561
f 309 313 519
f 308 550 305
f 591 253 261
f 255 265 312
f 577 429 427
f 418 437 417
f 403 428 429
f 404 559 403
f 446 444 391
f 446 365 366
f 444 450 443
f 460 451 443
f 515 365 516
f 446 560 365
f 515 336 483
f 335 370 337
f 480 563 481
f 368 369 563
f 560 481 563
f 447 481 446
f 593 592 332
f 332 333 593
f 337 334 332
f 336 337 483
f 483 592 367
f 426 366 592
f 592 593 426
f 483 332 592
f 367 365 515
f 367 592 366
f 515 369 336
f 515 483 367
f 516 365 560
f 563 369 516
f 368 563 480
f 447 552 480
f 320 318 492
f 552 319 320
f 492 493 495
f 492 368 320
f 495 317 316
f 495 562 492
f 316 310 311
f 316 517 495
f 519 311 309
f 311 561 316
f 387 305 550
f 308 309 311
f 308 305 306
f 308 310 550
f 482 284 283
f 283 276 277
f 283 524 482
f 286 277 500
f 277 523 283
f 499 323 498
f 499 285 500
f 590 328 285
f 328 479 262
f 328 262 263
f 594 315 265
f 595 261 260
f 253 591 522
f 266 591 264
f 500 277 275
f 286 500 285
f 525 523 372
f 372 282 525
f 372 286 287
f 274 273 287
f 287 281 372
f 263 327 328
f 285 327 287
f 263 264 595
f 263 274 327
f 252 260 261
f 595 264 591
f 595 260 263
f 261 595 591
f 522 254 244
f 522 591 256
f 590 326 479
f 498 590 499
f 499 275 323
f 285 499 590
f 315 594 479
f 262 594 264
f 479 594 262
f 479 328 590
f 594 265 266
f 266 255 256
f 266 264 594
f 522 256 254
f 256 591 266
f 553 554 397
f 486 553 488
f 557 555 404
f 555 406 544
f 596 584 571
f 385 597 401
f 385 375 597
f 489 596 571
f 349 356 361
f 472 474 476
f 358 598 357
f 469 357 471
f 351 359 363
f 476 475 477
f 354 362 364
f 364 475 478
f 344 358 350
f 350 356 349
f 343 349 353
f 352 353 360
f 351 355 348
f 355 362 354
f 353 352 346
f 352 359 351
f 361 360 353
f 476 359 360
f 357 598 471
f 469 356 357
f 469 470 473
f 472 356 469
f 360 361 472
f 363 359 476
f 476 360 472
f 477 363 476
f 364 362 477
f 468 599 467
f 466 468 465
f 230 465 231
f 464 466 463
f 229 463 230
f 462 464 461
f 228 461 229
f 602 601 600
f 604 603 601
f 601 602 604
f 606 605 603
f 603 604 606
f 608 607 605
f 605 606 608
f 609 607 608
f 610 609 608
f 613 612 611
f 614 613 611
f 615 614 611
f 617 616 612
f 613 617 612
f 618 617 613
f 619 618 613
f 614 619 613
f 620 619 614
f 621 620 614
f 615 621 614
f 623 622 616
f 617 623 616
f 624 623 617
f 618 624 617
f 625 624 618
f 619 625 618
f 626 625 619
f 620 626 619
f 627 626 620
f 621 627 620
f 623 629 628
f 628 622 623
f 630 629 623
f 624 630 623
f 631 630 624
f 625 631 624
f 632 631 625
f 626 632 625
f 633 632 626
f 627 633 626
f 635 634 628
f 629 635 628
f 636 635 629
f 630 636 629
f 637 636 630
f 631 637 630
f 638 637 631
f 632 638 631
f 639 638 632
f 633 639 632
f 611 640 615
f 615 641 621
f 641 642 627
f 642 643 633
f 644 640 611
f 640 641 615
f 627 621 641
f 633 627 642
f 643 600 639
f 638 603 637
f 637 605 636
f 600 601 639
f 603 605 637
f 605 607 636
f 639 633 643
f 601 603 638
f 639 601 638
f 616 646 645
f 612 616 645
f 622 647 646
f 616 622 646
f 628 649 648
f 648 650 622
f 634 651 649
f 628 634 649
f 646 653 652
f 645 646 652
f 647 654 653
f 646 647 653
f 649 656 655
f 647 650 654
f 651 657 656
f 649 651 656
f 653 659 658
f 652 653 658
f 654 660 659
f 653 654 659
f 656 662 661
f 654 663 660
f 657 664 662
f 656 657 662
f 659 220 221
f 658 659 221
f 660 222 220
f 659 660 220
f 662 223 224
f 660 665 222
f 664 226 223
f 662 664 223
f 661 662 224
f 655 656 661
f 224 227 661
f 648 649 655
f 661 665 655
f 622 628 648
f 655 663 648
f 612 645 666
f 611 612 666
f 645 652 667
f 666 645 667
f 652 658 668
f 667 652 668
f 658 221 231
f 668 658 231
f 671 670 669
f 672 671 669
f 673 672 669
f 674 673 669
f 675 674 669
f 676 675 669
f 677 676 669
f 602 677 669
f 604 602 669
f 606 604 669
f 608 606 669
f 610 608 669
f 679 678 670
f 671 679 670
f 680 679 671
f 672 680 671
f 681 680 672
f 673 681 672
f 682 681 673
f 674 682 673
f 683 682 674
f 675 683 674
f 676 685 684
f 684 675 676
f 685 676 677
f 600 686 677
f 688 687 678
f 679 688 678
f 689 688 679
f 680 689 679
f 690 689 680
f 681 690 680
f 693 692 691
f 682 693 681
f 695 694 687
f 688 695 687
f 696 695 688
f 689 696 688
f 697 696 689
f 690 698 689
f 701 700 699
f 692 703 702
f 706 705 704
f 695 707 694
f 708 706 707
f 696 709 695
f 710 708 709
f 697 711 696
f 714 713 712
f 700 711 697
f 278 279 705
f 706 278 705
f 280 278 706
f 708 280 706
f 715 282 280
f 717 713 716
f 720 719 718
f 685 686 721
f 723 721 722
f 723 722 724
f 725 724 722
f 725 727 726
f 730 729 728
f 733 732 731
f 686 734 721
f 721 734 735
f 721 735 722
f 722 735 736
f 722 736 727
f 727 736 737
f 727 737 732
f 643 734 686
f 686 600 643
f 734 642 641
f 734 641 735
f 735 641 640
f 735 640 736
f 736 640 644
f 736 644 737
f 677 686 685
f 677 602 600
f 683 739 738
f 738 740 693
f 742 741 738
f 742 744 743
f 746 738 745
f 745 747 746
f 692 740 746
f 746 748 703
f 750 744 749
f 753 752 751
f 755 747 754
f 758 757 756
f 759 747 755
f 720 761 760
f 764 763 762
f 766 333 765
f 769 768 767
f 765 338 770
f 713 714 771
f 338 341 716
f 773 772 344
f 344 345 773
f 775 772 774
f 731 776 775
f 775 774 731
f 732 776 731
f 772 778 777
f 777 344 772
f 775 780 779
f 781 772 775
f 776 783 782
f 780 775 776
f 737 783 776
f 732 737 776
f 777 785 784
f 784 358 777
f 779 787 786
f 788 778 781
f 782 790 789
f 789 780 782
f 737 644 791
f 791 783 737
f 794 793 792
f 769 796 795
f 770 767 765
f 798 767 797
f 716 797 770
f 799 282 715
f 771 797 713
f 721 723 800
f 803 802 801
f 805 804 752
f 808 807 806
f 811 810 809
f 684 800 806
f 813 802 812
f 815 739 814
f 817 733 816
f 820 819 818
f 684 683 675
f 806 683 684
f 800 685 721
f 819 821 762
f 824 823 822
f 749 744 815
f 826 808 825
f 829 828 827
f 832 831 830
f 835 834 833
f 838 837 836
f 840 810 839
f 842 841 829
f 845 844 843
f 846 837 838
f 730 848 847
f 807 836 849
f 803 807 802
f 851 818 850
f 793 425 426
f 774 772 773
f 854 853 852
f 733 856 855
f 773 345 432
f 857 434 435
f 859 843 858
f 860 731 774
f 862 856 861
f 441 793 863
f 865 864 820
f 866 853 843
f 868 867 821
f 863 448 441
f 868 864 863
f 449 864 869
f 818 853 870
f 452 872 871
f 869 455 449
f 860 874 873
f 876 871 875
f 432 874 860
f 432 434 874
f 877 871 872
f 435 871 857
f 872 452 455
f 866 843 859
f 859 858 855
f 876 859 862
f 856 731 861
f 877 870 866
f 877 866 859
f 861 731 860
f 860 774 773
f 860 773 432
f 877 872 869
f 870 853 866
f 864 449 448
f 455 869 872
f 820 870 865
f 643 642 734
f 611 666 878
f 878 879 611
f 878 667 880
f 880 881 878
f 880 668 882
f 882 883 880
f 882 231 467
f 467 884 882
f 885 470 471
f 887 886 885
f 887 785 788
f 888 886 887
f 890 888 889
f 789 790 891
f 890 891 791
f 791 644 892
f 862 873 876
f 859 875 877
f 860 873 861
f 873 874 857
f 875 871 877
f 869 865 877
f 733 855 844
f 862 859 855
f 855 856 862
f 862 861 873
f 857 871 876
f 876 875 859
f 874 434 857
f 876 873 857
f 871 435 452
f 707 706 704
f 704 694 707
f 709 708 707
f 707 695 709
f 711 710 709
f 709 696 711
f 748 759 893
f 895 867 894
f 870 820 818
f 821 819 820
f 895 796 751
f 665 661 227
f 227 222 665
f 663 655 665
f 665 660 663
f 650 648 663
f 650 647 622
f 663 654 650
f 280 708 715
f 715 710 718
f 710 715 708
f 716 341 482
f 797 716 713
f 767 770 797
f 716 770 338
f 896 766 767
f 765 333 338
f 898 834 897
f 901 900 899
f 903 841 902
f 904 729 811
f 817 732 733
f 733 731 856
f 906 905 753
f 900 907 846
f 749 905 908
f 756 757 909
f 910 757 755
f 756 771 758
f 755 911 759
f 913 714 912
f 916 915 914
f 918 915 917
f 918 920 919
f 922 920 921
f 925 924 923
f 927 923 926
f 929 795 928
f 797 771 798
f 425 793 441
f 448 863 864
f 868 863 793
f 931 930 909
f 930 769 798
f 757 910 909
f 932 910 754
f 769 795 768
f 756 930 798
f 919 920 922
f 683 806 922
f 807 808 933
f 836 837 934
f 800 808 806
f 922 806 807
f 684 685 800
f 723 808 800
f 922 814 683
f 693 683 738
f 683 693 682
f 693 740 692
f 935 690 681
f 936 717 524
f 719 712 936
f 524 525 936
f 718 711 761
f 936 799 719
f 938 937 804
f 941 940 939
f 942 917 940
f 805 940 938
f 753 939 805
f 943 939 905
f 946 945 944
f 948 947 923
f 914 944 927
f 949 944 915
f 907 900 945
f 927 945 948
f 952 951 950
f 953 950 899
f 954 897 951
f 824 951 955
f 838 836 803
f 952 957 956
f 953 838 957
f 803 957 838
f 801 956 803
f 954 956 958
f 946 959 934
f 919 922 849
f 849 836 934
f 907 934 837
f 949 919 959
f 849 959 919
f 941 960 921
f 814 960 815
f 943 815 960
f 744 961 815
f 814 922 921
f 942 921 920
f 962 804 937
f 938 917 916
f 916 763 937
f 914 926 763
f 963 752 804
f 923 947 925
f 948 900 901
f 964 824 822
f 925 947 965
f 762 763 926
f 901 965 947
f 955 897 835
f 831 823 966
f 833 968 967
f 968 969 830
f 831 970 851
f 835 967 966
f 807 849 922
f 934 959 849
f 836 807 803
f 956 957 803
f 921 960 814
f 814 739 683
f 820 868 821
f 818 819 924
f 832 853 970
f 831 851 823
f 868 971 894
f 962 867 963
f 909 910 972
f 815 943 749
f 939 753 905
f 769 930 973
f 960 941 943
f 905 749 943
f 939 940 805
f 752 753 805
f 921 942 941
f 939 943 941
f 804 805 938
f 940 917 938
f 937 938 916
f 917 915 916
f 920 918 942
f 940 941 942
f 970 853 818
f 850 965 822
f 919 949 918
f 917 942 918
f 763 916 914
f 915 944 914
f 762 924 819
f 926 923 924
f 822 823 851
f 970 818 851
f 964 899 950
f 965 901 964
f 838 953 846
f 846 899 900
f 923 927 948
f 945 900 948
f 944 945 927
f 926 914 927
f 947 948 901
f 950 824 964
f 945 946 907
f 959 946 949
f 934 907 946
f 837 846 907
f 944 949 946
f 915 918 949
f 925 818 924
f 965 850 925
f 822 851 850
f 925 850 818
f 967 830 831
f 830 967 968
f 830 852 832
f 937 763 764
f 867 962 764
f 764 762 821
f 926 924 762
f 764 821 867
f 937 764 962
f 971 928 974
f 804 962 963
f 950 951 824
f 823 824 955
f 951 897 955
f 966 823 955
f 897 834 835
f 967 835 833
f 958 898 954
f 897 954 898
f 956 954 952
f 951 952 954
f 957 952 953
f 950 953 952
f 899 846 953
f 969 852 830
f 801 958 956
f 817 726 727
f 845 848 975
f 825 723 724
f 848 730 976
f 727 732 817
f 722 727 725
f 726 977 725
f 807 978 812
f 843 853 854
f 979 811 729
f 724 725 980
f 903 982 981
f 726 817 983
f 843 854 845
f 724 984 825
f 808 723 825
f 729 730 985
f 810 811 986
f 978 840 987
f 848 845 988
f 990 989 984
f 989 809 826
f 991 728 990
f 989 990 904
f 992 991 977
f 990 980 991
f 993 975 992
f 991 992 976
f 992 983 993
f 844 993 816
f 993 844 845
f 995 988 994
f 996 985 995
f 988 995 847
f 995 981 996
f 997 996 982
f 996 997 979
f 998 986 997
f 997 902 998
f 999 998 842
f 998 999 839
f 1000 987 999
f 999 827 1000
f 812 1000 813
f 987 812 978
f 807 812 802
f 807 933 978
f 826 840 933
f 813 827 828
f 812 987 1000
f 839 999 987
f 809 810 840
f 978 933 840
f 933 808 826
f 984 989 826
f 904 809 989
f 840 826 809
f 826 825 984
f 980 984 724
f 987 840 839
f 986 839 810
f 842 827 999
f 813 1000 827
f 902 841 842
f 827 842 829
f 839 986 998
f 979 997 986
f 728 729 904
f 809 904 811
f 984 980 990
f 977 991 980
f 980 725 977
f 983 977 726
f 976 728 991
f 904 990 728
f 986 811 979
f 985 979 729
f 982 902 997
f 842 998 902
f 902 982 903
f 979 985 996
f 847 995 985
f 975 848 976
f 728 976 730
f 977 983 992
f 816 993 983
f 983 817 816
f 844 816 733
f 845 975 993
f 976 992 975
f 985 730 847
f 988 847 848
f 994 981 995
f 982 996 981
f 852 994 988
f 988 845 854
f 855 858 844
f 911 755 757
f 754 910 755
f 759 911 1001
f 747 759 748
f 771 714 758
f 911 757 758
f 798 771 756
f 909 930 756
f 738 746 740
f 746 747 748
f 741 745 738
f 745 754 747
f 973 906 796
f 751 963 895
f 931 908 973
f 796 769 973
f 972 750 931
f 973 930 931
f 932 743 972
f 931 909 972
f 932 754 745
f 972 910 932
f 932 745 741
f 739 961 742
f 698 690 1002
f 746 703 692
f 854 852 988
f 844 858 843
f 852 853 832
f 832 970 831
f 820 864 868
f 793 794 868
f 865 869 864
f 865 870 877
f 928 794 929
f 794 971 868
f 896 768 929
f 767 798 769
f 894 974 895
f 974 795 796
f 974 894 971
f 868 894 867
f 766 1003 593
f 593 333 766
f 766 765 767
f 896 767 768
f 792 1003 896
f 1003 793 426
f 426 593 1003
f 1003 766 896
f 929 794 792
f 793 1003 792
f 768 795 929
f 792 896 929
f 971 794 928
f 928 795 974
f 895 974 796
f 895 963 867
f 906 753 751
f 751 752 963
f 908 905 906
f 751 796 906
f 750 749 908
f 906 973 908
f 743 744 750
f 908 931 750
f 741 743 932
f 750 972 743
f 961 739 815
f 743 741 742
f 738 739 742
f 961 744 742
f 717 716 482
f 712 713 717
f 482 524 717
f 912 712 719
f 717 936 712
f 911 758 913
f 912 720 913
f 720 760 1001
f 701 893 760
f 700 701 760
f 703 748 1004
f 697 698 1005
f 935 1002 690
f 699 1002 702
f 714 712 912
f 720 912 719
f 799 936 525
f 525 282 799
f 718 719 799
f 718 710 711
f 799 715 718
f 760 761 700
f 718 761 720
f 1005 699 700
f 761 711 700
f 698 697 689
f 1002 699 1005
f 700 697 1005
f 1002 1005 698
f 681 693 935
f 691 1002 935
f 893 759 1001
f 913 1001 911
f 758 714 913
f 1001 913 720
f 893 1004 748
f 699 1004 701
f 701 1004 893
f 1001 760 893
f 702 703 1004
f 691 692 702
f 1004 699 702
f 693 691 935
f 702 1002 691
f 822 965 964
f 899 964 901
f 831 966 967
f 955 835 966
f 981 994 1006
f 828 1007 813
f 1007 802 813
f 981 1006 903
f 788 785 778
f 889 888 887
f 784 598 358
f 471 784 885
f 789 787 780
f 891 890 889
f 791 790 783
f 892 890 791
f 777 358 344
f 778 785 777
f 781 778 772
f 786 781 779
f 776 782 780
f 783 790 782
f 775 779 781
f 780 787 779
f 781 786 788
f 786 787 889
f 471 598 784
f 784 785 885
f 886 470 885
f 885 785 887
f 887 788 786
f 889 787 789
f 887 786 889
f 889 789 891
f 891 790 791
f 467 599 884
f 882 884 883
f 231 882 668
f 880 883 881
f 668 880 667
f 878 881 879
f 667 878 666
f 1010 1009 1008
f 1011 1010 1008
f 1013 1012 1009
f 1010 1013 1009
f 1015 1014 1012
f 1013 1015 1012
f 1017 1016 1014
f 1015 1017 1014
f 1019 1018 1016
f 1017 1019 1016
f 1021 1020 1018
f 1019 1021 1018
f 1023 1022 1020
f 1021 1023 1020
f 1025 1024 1022
f 1023 1025 1022
f 1027 1026 1024
f 1025 1027 1024
f 1029 1028 1026
f 1027 1029 1026
f 1031 1030 1028
f 1029 1031 1028
f 1033 1032 1030
f 1031 1033 1030
f 1035 1034 1032
f 1033 1035 1032
f 1037 1036 1034
f 1035 1037 1034
f 1039 1038 1036
f 1037 1039 1036
f 1041 1040 1038
f 1039 1041 1038
f 1043 1042 1040
f 1041 1043 1040
f 1045 1044 1042
f 1043 1045 1042
f 1047 1046 1044
f 1045 1047 1044
f 1049 1048 1046
f 1047 1049 1046
f 1051 1050 1048
f 1049 1051 1048
f 1053 1052 1050
f 1051 1053 1050
f 1055 1054 1052
f 1053 1055 1052
f 1057 1056 1054
f 1055 1057 1054
f 1059 1058 1056
f 1057 1059 1056
f 1061 1060 1058
f 1059 1061 1058
f 1063 1062 1060
f 1061 1063 1060
f 1065 1064 1062
f 1063 1065 1062
f 1067 1066 1064
f 1065 1067 1064
f 1069 1068 1066
f 1067 1069 1066
f 1071 1070 1068
f 1069 1071 1068
f 1011 1008 1070
f 1071 1011 1070
f 1072 1010 1011
f 1073 1072 1011
f 1074 1013 1010
f 1072 1074 1010
f 1075 1015 1013
f 1074 1075 1013
f 1076 1017 1015
f 1075 1076 1015
f 1077 1019 1017
f 1076 1077 1017
f 1078 1021 1019
f 1077 1078 1019
f 1079 1023 1021
f 1078 1079 1021
f 1080 1025 1023
f 1079 1080 1023
f 1081 1027 1025
f 1080 1081 1025
f 1082 1029 1027
f 1081 1082 1027
f 1083 1031 1029
f 1082 1083 1029
f 1084 1033 1031
f 1083 1084 1031
f 1085 1035 1033
f 1084 1085 1033
f 1086 1037 1035
f 1085 1086 1035
f 1087 1039 1037
f 1086 1087 1037
f 1088 1041 1039
f 1087 1088 1039
f 1089 1043 1041
f 1088 1089 1041
f 1090 1045 1043
f 1089 1090 1043
f 1091 1047 1045
f 1090 1091 1045
f 1092 1049 1047
f 1091 1092 1047
f 1093 1051 1049
f 1092 1093 1049
f 1094 1053 1051
f 1093 1094 1051
f 1095 1055 1053
f 1094 1095 1053
f 1096 1057 1055
f 1095 1096 1055
f 1097 1059 1057
f 1096 1097 1057
f 1098 1061 1059
f 1097 1098 1059
f 1099 1063 1061
f 1098 1099 1061
f 1100 1065 1063
f 1099 1100 1063
f 1101 1067 1065
f 1100 1101 1065
f 1102 1069 1067
f 1101 1102 1067
f 1103 1071 1069
f 1102 1103 1069
f 1073 1011 1071
f 1103 1073 1071
f 1104 1072 1073
f 1105 1104 1073
f 1106 1074 1072
f 1104 1106 1072
f 1107 1075 1074
f 1106 1107 1074
f 1108 1076 1075
f 1107 1108 1075
f 1109 1077 1076
f 1108 1109 1076
f 1110 1078 1077
f 1109 1110 1077
f 1111 1079 1078
f 1110 1111 1078
f 1112 1080 1079
f 1111 1112 1079
f 1113 1081 1080
f 1112 1113 1080
f 1114 1082 1081
f 1113 1114 1081
f 1115 1083 1082
f 1114 1115 1082
f 1116 1084 1083
f 1115 1116 1083
f 1117 1085 1084
f 1116 1117 1084
f 1118 1086 1085
f 1117 1118 1085
f 1119 1087 1086
f 1118 1119 1086
f 1120 1088 1087
f 1119 1120 1087
f 1121 1089 1088
f 1120 1121 1088
f 1122 1090 1089
f 1121 1122 1089
f 1123 1091 1090
f 1122 1123 1090
f 1124 1092 1091
f 1123 1124 1091
f 1125 1093 1092
f 1124 1125 1092
f 1126 1094 1093
f 1125 1126 1093
f 1127 1095 1094
f 1126 1127 1094
f 1128 1096 1095
f 1127 1128 1095
f 1129 1097 1096
f 1128 1129 1096
f 1130 1098 1097
f 1129 1130 1097
f 1131 1099 1098
f 1130 1131 1098
f 1132 1100 1099
f 1131 1132 1099
f 1133 1101 1100
f 1132 1133 1100
f 1134 1102 1101
f 1133 1134 1101
f 1135 1103 1102
f 1134 1135 1102
f 1105 1073 1103
f 1135 1105 1103
f 1136 1104 1105
f 1137 1136 1105
f 1138 1106 1104
f 1136 1138 1104
f 1139 1107 1106
f 1138 1139 1106
f 1140 1108 1107
f 1139 1140 1107
f 1141 1109 1108
f 1140 1141 1108
f 1142 1110 1109
f 1141 1142 1109
f 1143 1111 1110
f 1142 1143 1110
f 1144 1112 1111
f 1143 1144 1111
f 1145 1113 1112
f 1144 1145 1112
f 1146 1114 1113
f 1145 1146 1113
f 1147 1115 1114
f 1146 1147 1114
f 1148 1116 1115
f 1147 1148 1115
f 1149 1117 1116
f 1148 1149 1116
f 1150 1118 1117
f 1149 1150 1117
f 1151 1119 1118
f 1150 1151 1118
f 1152 1120 1119
f 1151 1152 1119
f 1153 1121 1120
f 1152 1153 1120
f 1154 1122 1121
f 1153 1154 1121
f 1155 1123 1122
f 1154 1155 1122
f 1156 1124 1123
f 1155 1156 1123
f 1157 1125 1124
f 1156 1157 1124
f 1158 1126 1125
f 1157 1158 1125
f 1159 1127 1126
f 1158 1159 1126
f 1160 1128 1127
f 1159 1160 1127
f 1161 1129 1128
f 1160 1161 1128
f 1162 1130 1129
f 1161 1162 1129
f 1163 1131 1130
f 1162 1163 1130
f 1164 1132 1131
f 1163 1164 1131
f 1165 1133 1132
f 1164 1165 1132
f 1166 1134 1133
f 1165 1166 1133
f 1167 1135 1134
f 1166 1167 1134
f 1137 1105 1135
f 1167 1137 1135
f 1168 1136 1137
f 1169 1168 1137
f 1170 1138 1136
f 1168 1170 1136
f 1171 1139 1138
f 1170 1171 1138
f 1172 1140 1139
f 1171 1172 1139
f 1173 1141 1140
f 1172 1173 1140
f 1174 1142 1141
f 1173 1174 1141
f 1175 1143 1142
f 1174 1175 1142
f 1176 1144 1143
f 1175 1176 1143
f 1177 1145 1144
f 1176 1177 1144
f 1178 1146 1145
f 1177 1178 1145
f 1179 1147 1146
f 1178 1179 1146
f 1180 1148 1147
f 1179 1180 1147
f 1181 1149 1148
f 1180 1181 1148
f 1182 1150 1149
f 1181 1182 1149
f 1183 1151 1150
f 1182 1183 1150
f 1184 1152 1151
f 1183 1184 1151
f 1185 1153 1152
f 1184 1185 1152
f 1186 1154 1153
f 1185 1186 1153
f 1187 1155 1154
f 1186 1187 1154
f 1188 1156 1155
f 1187 1188 1155
f 1189 1157 1156
f 1188 1189 1156
f 1190 1158 1157
f 1189 1190 1157
f 1191 1159 1158
f 1190 1191 1158
f 1192 1160 1159
f 1191 1192 1159
f 1193 1161 1160
f 1192 1193 1160
f 1194 1162 1161
f 1193 1194 1161
f 1195 1163 1162
f 1194 1195 1162
f 1196 1164 1163
f 1195 1196 1163
f 1197 1165 1164
f 1196 1197 1164
f 1198 1166 1165
f 1197 1198 1165
f 1199 1167 1166
f 1198 1199 1166
f 1169 1137 1167
f 1199 1169 1167
f 1200 1168 1169
f 1201 1200 1169
f 1202 1170 1168
f 1200 1202 1168
f 1203 1171 1170
f 1202 1203 1170
f 1204 1172 1171
f 1203 1204 1171
f 1205 1173 1172
f 1204 1205 1172
f 1206 1174 1173
f 1205 1206 1173
f 1207 1175 1174
f 1206 1207 1174
f 1208 1176 1175
f 1207 1208 1175
f 1209 1177 1176
f 1208 1209 1176
f 1210 1178 1177
f 1209 1210 1177
f 1211 1179 1178
f 1210 1211 1178
f 1212 1180 1179
f 1211 1212 1179
f 1213 1181 1180
f 1212 1213 1180
f 1214 1182 1181
f 1213 1214 1181
f 1215 1183 1182
f 1214 1215 1182
f 1216 1184 1183
f 1215 1216 1183
f 1217 1185 1184
f 1216 1217 1184
f 1218 1186 1185
f 1217 1218 1185
f 1219 1187 1186
f 1218 1219 1186
f 1220 1188 1187
f 1219 1220 1187
f 1221 1189 1188
f 1220 1221 1188
f 1222 1190 1189
f 1221 1222 1189
f 1223 1191 1190
f 1222 1223 1190
f 1224 1192 1191
f 1223 1224 1191
f 1225 1193 1192
f 1224 1225 1192
f 1226 1194 1193
f 1225 1226 1193
f 1227 1195 1194
f 1226 1227 1194
f 1228 1196 1195
f 1227 1228 1195
f 1229 1197 1196
f 1228 1229 1196
f 1230 1198 1197
f 1229 1230 1197
f 1231 1199 1198
f 1230 1231 1198
f 1201 1169 1199
f 1231 1201 1199
f 1232 1200 1201
f 1233 1232 1201
f 1234 1202 1200
f 1232 1234 1200
f 1235 1203 1202
f 1234 1235 1202
f 1236 1204 1203
f 1235 1236 1203
f 1237 1205 1204
f 1236 1237 1204
f 1238 1206 1205
f 1237 1238 1205
f 1239 1207 1206
f 1238 1239 1206
f 1240 1208 1207
f 1239 1240 1207
f 1241 1209 1208
f 1240 1241 1208
f 1242 1210 1209
f 1241 1242 1209
f 1243 1211 1210
f 1242 1243 1210
f 1244 1212 1211
f 1243 1244 1211
f 1245 1213 1212
f 1244 1245 1212
f 1246 1214 1213
f 1245 1246 1213
f 1247 1215 1214
f 1246 1247 1214
f 1248 1216 1215
f 1247 1248 1215
f 1249 1217 1216
f 1248 1249 1216
f 1250 1218 1217
f 1249 1250 1217
f 1251 1219 1218
f 1250 1251 1218
f 1252 1220 1219
f 1251 1252 1219
f 1253 1221 1220
f 1252 1253 1220
f 1254 1222 1221
f 1253 1254 1221
f 1255 1223 1222
f 1254 1255 1222
f 1256 1224 1223
f 1255 1256 1223
f 1257 1225 1224
f 1256 1257 1224
f 1258 1226 1225
f 1257 1258 1225
f 1259 1227 1226
f 1258 1259 1226
f 1260 1228 1227
f 1259 1260 1227
f 1261 1229 1228
f 1260 1261 1228
f 1262 1230 1229
f 1261 1262 1229
f 1263 1231 1230
f 1262 1263 1230
f 1233 1201 1231
f 1263 1233 1231
f 1264 1232 1233
f 1265 1264 1233
f 1266 1234 1232
f 1264 1266 1232
f 1267 1235 1234
f 1266 1267 1234
f 1268 1236 1235
f 1267 1268 1235
f 1269 1237 1236
f 1268 1269 1236
f 1270 1238 1237
f 1269 1270 1237
f 1271 1239 1238
f 1270 1271 1238
f 1272 1240 1239
f 1271 1272 1239
f 1273 1241 1240
f 1272 1273 1240
f 1274 1242 1241
f 1273 1274 1241
f 1275 1243 1242
f 1274 1275 1242
f 1276 1244 1243
f 1275 1276 1243
f 1277 1245 1244
f 1276 1277 1244
f 1278 1246 1245
f 1277 1278 1245
f 1279 1247 1246
f 1278 1279 1246
f 1280 1248 1247
f 1279 1280 1247
f 1281 1249 1248
f 1280 1281 1248
f 1282 1250 1249
f 1281 1282 1249
f 1283 1251 1250
f 1282 1283 1250
f 1284 1252 1251
f 1283 1284 1251
f 1285 1253 1252
f 1284 1285 1252
f 1286 1254 1253
f 1285 1286 1253
f 1287 1255 1254
f 1286 1287 1254
f 1288 1256 1255
f 1287 1288 1255
f 1289 1257 1256
f 1288 1289 1256
f 1290 1258 1257
f 1289 1290 1257
f 1291 1259 1258
f 1290 1291 1258
f 1292 1260 1259
f 1291 1292 1259
f 1293 1261 1260
f 1292 1293 1260
f 1294 1262 1261
f 1293 1294 1261
f 1295 1263 1262
f 1294 1295 1262
f 1265 1233 1263
f 1295 1265 1263
f 1296 1264 1265
f 1297 1296 1265
f 1298 1266 1264
f 1296 1298 1264
f 1299 1267 1266
f 1298 1299 1266
f 1300 1268 1267
f 1299 1300 1267
f 1301 1269 1268
f 1300 1301 1268
f 1302 1270 1269
f 1301 1302 1269
f 1303 1271 1270
f 1302 1303 1270
f 1304 1272 1271
f 1303 1304 1271
f 1305 1273 1272
f 1304 1305 1272
f 1306 1274 1273
f 1305 1306 1273
f 1307 1275 1274
f 1306 1307 1274
f 1308 1276 1275
f 1307 1308 1275
f 1309 1277 1276
f 1308 1309 1276
f 1310 1278 1277
f 1309 1310 1277
f 1311 1279 1278
f 1310 1311 1278
f 1312 1280 1279
f 1311 1312 1279
f 1313 1281 1280
f 1312 1313 1280
f 1314 1282 1281
f 1313 1314 1281
f 1315 1283 1282
f 1314 1315 1282
f 1316 1284 1283
f 1315 1316 1283
f 1317 1285 1284
f 1316 1317 1284
f 1318 1286 1285
f 1317 1318 1285
f 1319 1287 1286
f 1318 1319 1286
f 1320 1288 1287
f 1319 1320 1287
f 1321 1289 1288
f 1320 1321 1288
f 1322 1290 1289
f 1321 1322 1289
f 1323 1291 1290
f 1322 1323 1290
f 1324 1292 1291
f 1323 1324 1291
f 1325 1293 1292
f 1324 1325 1292
f 1326 1294 1293
f 1325 1326 1293
f 1327 1295 1294
f 1326 1327 1294
f 1297 1265 1295
f 1327 1297 1295
f 1328 1296 1297
f 1329 1328 1297
f 1330 1298 1296
f 1328 1330 1296
f 1331 1299 1298
f 1330 1331 1298
f 1332 1300 1299
f 1331 1332 1299
f 1333 1301 1300
f 1332 1333 1300
f 1334 1302 1301
f 1333 1334 1301
f 1335 1303 1302
f 1334 1335 1302
f 1336 1304 1303
f 1335 1336 1303
f 1337 1305 1304
f 1336 1337 1304
f 1338 1306 1305
f 1337 1338 1305
f 1339 1307 1306
f 1338 1339 1306
f 1340 1308 1307
f 1339 1340 1307
f 1341 1309 1308
f 1340 1341 1308
f 1342 1310 1309
f 1341 1342 1309
f 1343 1311 1310
f 1342 1343 1310
f 1344 1312 1311
f 1343 1344 1311
f 1345 1313 1312
f 1344 1345 1312
f 1346 1314 1313
f 1345 1346 1313
f 1347 1315 1314
f 1346 1347 1314
f 1348 1316 1315
f 1347 1348 1315
f 1349 1317 1316
f 1348 1349 1316
f 1350 1318 1317
f 1349 1350 1317
f 1351 1319 1318
f 1350 1351 1318
f 1352 1320 1319
f 1351 1352 1319
f 1353 1321 1320
f 1352 1353 1320
f 1354 1322 1321
f 1353 1354 1321
f 1355 1323 1322
f 1354 1355 1322
f 1356 1324 1323
f 1355 1356 1323
f 1357 1325 1324
f 1356 1357 1324
f 1358 1326 1325
f 1357 1358 1325
f 1359 1327 1326
f 1358 1359 1326
f 1329 1297 1327
f 1359 1329 1327
f 1360 1328 1329
f 1361 1360 1329
f 1362 1330 1328
f 1360 1362 1328
f 1363 1331 1330
f 1362 1363 1330
f 1364 1332 1331
f 1363 1364 1331
f 1365 1333 1332
f 1364 1365 1332
f 1366 1334 1333
f 1365 1366 1333
f 1367 1335 1334
f 1366 1367 1334
f 1368 1336 1335
f 1367 1368 1335
f 1369 1337 1336
f 1368 1369 1336
f 1370 1338 1337
f 1369 1370 1337
f 1371 1339 1338
f 1370 1371 1338
f 1372 1340 1339
f 1371 1372 1339
f 1373 1341 1340
f 1372 1373 1340
f 1374 1342 1341
f 1373 1374 1341
f 1375 1343 1342
f 1374 1375 1342
f 1376 1344 1343
f 1375 1376 1343
f 1377 1345 1344
f 1376 1377 1344
f 1378 1346 1345
f 1377 1378 1345
f 1379 1347 1346
f 1378 1379 1346
f 1380 1348 1347
f 1379 1380 1347
f 1381 1349 1348
f 1380 1381 1348
f 1382 1350 1349
f 1381 1382 1349
f 1383 1351 1350
f 1382 1383 1350
f 1384 1352 1351
f 1383 1384 1351
f 1385 1353 1352
f 1384 1385 1352
f 1386 1354 1353
f 1385 1386 1353
f 1387 1355 1354
f 1386 1387 1354
f 1388 1356 1355
f 1387 1388 1355
f 1389 1357 1356
f 1388 1389 1356
f 1390 1358 1357
f 1389 1390 1357
f 1391 1359 1358
f 1390 1391 1358
f 1361 1329 1359
f 1391 1361 1359
f 1392 1360 1361
f 1392 1362 1360
f 1392 1363 1362
f 1392 1364 1363
f 1392 1365 1364
f 1392 1366 1365
f 1392 1367 1366
f 1392 1368 1367
f 1392 1369 1368
f 1392 1370 1369
f 1393 1371 1370
f 1392 1393 1370
f 1394 1372 1371
f 1393 1394 1371
f 1395 1373 1372
f 1394 1395 1372
f 1396 1374 1373
f 1395 1396 1373
f 1396 1375 1374
f 1396 1376 1375
f 1396 1377 1376
f 1396 1378 1377
f 1396 1379 1378
f 1396 1380 1379
f 1396 1381 1380
f 1396 1382 1381
f 1396 1383 1382
f 1396 1384 1383
f 1396 1385 1384
f 1396 1386 1385
f 1396 1387 1386
f 1395 1388 1387
f 1396 1395 1387
f 1394 1389 1388
f 1395 1394 1388
f 1393 1390 1389
f 1394 1393 1389
f 1392 1391 1390
f 1393 1392 1390
f 1392 1361 1391
f 1399 1398 1397
f 1399 1397 1400
f 1398 1402 1401
f 1398 1401 1397
f 1402 1404 1403
f 1402 1403 1401
f 1404 1406 1405
f 1404 1405 1403
f 1406 1408 1407
f 1406 1407 1405
f 1408 1410 1409
f 1408 1409 1407
f 1410 1412 1411
f 1410 1411 1409
f 1412 1414 1413
f 1412 1413 1411
f 1414 1416 1415
f 1414 1415 1413
f 1416 1418 1417
f 1416 1417 1415
f 1418 1420 1419
f 1418 1419 1417
f 1420 1422 1421
f 1420 1421 1419
f 1422 1424 1423
f 1422 1423 1421
f 1424 1426 1425
f 1424 1425 1423
f 1426 1428 1427
f 1426 1427 1425
f 1428 1430 1429
f 1428 1429 1427
f 1430 1432 1431
f 1430 1431 1429
f 1432 1434 1433
f 1432 1433 1431
f 1434 1436 1435
f 1434 1435 1433
f 1436 1438 1437
f 1436 1437 1435
f 1438 1440 1439
f 1438 1439 1437
f 1440 1442 1441
f 1440 1441 1439
f 1442 1444 1443
f 1442 1443 1441
f 1444 1446 1445
f 1444 1445 1443
f 1446 1448 1447
f 1446 1447 1445
f 1448 1450 1449
f 1448 1449 1447
f 1450 1452 1451
f 1450 1451 1449
f 1452 1454 1453
f 1452 1453 1451
f 1454 1456 1455
f 1454 1455 1453
f 1456 1458 1457
f 1456 1457 1455
f 1458 1460 1459
f 1458 1459 1457
f 1460 1399 1400
f 1460 1400 1459
f 1400 1397 1461
f 1400 1461 1462
f 1397 1401 1463
f 1397 1463 1461
f 1401 1403 1464
f 1401 1464 1463
f 1403 1405 1465
f 1403 1465 1464
f 1405 1407 1466
f 1405 1466 1465
f 1407 1409 1467
f 1407 1467 1466
f 1409 1411 1468
f 1409 1468 1467
f 1411 1413 1469
f 1411 1469 1468
f 1413 1415 1470
f 1413 1470 1469
f 1415 1417 1471
f 1415 1471 1470
f 1417 1419 1472
f 1417 1472 1471
f 1419 1421 1473
f 1419 1473 1472
f 1421 1423 1474
f 1421 1474 1473
f 1423 1425 1475
f 1423 1475 1474
f 1425 1427 1476
f 1425 1476 1475
f 1427 1429 1477
f 1427 1477 1476
f 1429 1431 1478
f 1429 1478 1477
f 1431 1433 1479
f 1431 1479 1478
f 1433 1435 1480
f 1433 1480 1479
f 1435 1437 1481
f 1435 1481 1480
f 1437 1439 1482
f 1437 1482 1481
f 1439 1441 1483
f 1439 1483 1482
f 1441 1443 1484
f 1441 1484 1483
f 1443 1445 1485
f 1443 1485 1484
f 1445 1447 1486
f 1445 1486 1485
f 1447 1449 1487
f 1447 1487 1486
f 1449 1451 1488
f 1449 1488 1487
f 1451 1453 1489
f 1451 1489 1488
f 1453 1455 1490
f 1453 1490 1489
f 1455 1457 1491
f 1455 1491 1490
f 1457 1459 1492
f 1457 1492 1491
f 1459 1400 1462
f 1459 1462 1492
f 1462 1461 1493
f 1462 1493 1494
f 1461 1463 1495
f 1461 1495 1493
f 1463 1464 1496
f 1463 1496 1495
f 1464 1465 1497
f 1464 1497 1496
f 1465 1466 1498
f 1465 1498 1497
f 1466 1467 1499
f 1466 1499 1498
f 1467 1468 1500
f 1467 1500 1499
f 1468 1469 1501
f 1468 1501 1500
f 1469 1470 1502
f 1469 1502 1501
f 1470 1471 1503
f 1470 1503 1502
f 1471 1472 1504
f 1471 1504 1503
f 1472 1473 1505
f 1472 1505 1504
f 1473 1474 1506
f 1473 1506 1505
f 1474 1475 1507
f 1474 1507 1506
f 1475 1476 1508
f 1475 1508 1507
f 1476 1477 1509
f 1476 1509 1508
f 1477 1478 1510
f 1477 1510 1509
f 1478 1479 1511
f 1478 1511 1510
f 1479 1480 1512
f 1479 1512 1511
f 1480 1481 1513
f 1480 1513 1512
f 1481 1482 1514
f 1481 1514 1513
f 1482 1483 1515
f 1482 1515 1514
f 1483 1484 1516
f 1483 1516 1515
f 1484 1485 1517
f 1484 1517 1516
f 1485 1486 1518
f 1485 1518 1517
f 1486 1487 1519
f 1486 1519 1518
f 1487 1488 1520
f 1487 1520 1519
f 1488 1489 1521
f 1488 1521 1520
f 1489 1490 1522
f 1489 1522 1521
f 1490 1491 1523
f 1490 1523 1522
f 1491 1492 1524
f 1491 1524 1523
f 1492 1462 1494
f 1492 1494 1524
f 1494 1493 1525
f 1494 1525 1526
f 1493 1495 1527
f 1493 1527 1525
f 1495 1496 1528
f 1495 1528 1527
f 1496 1497 1529
f 1496 1529 1528
f 1497 1498 1530
f 1497 1530 1529
f 1498 1499 1531
f 1498 1531 1530
f 1499 1500 1532
f 1499 1532 1531
f 1500 1501 1533
f 1500 1533 1532
f 1501 1502 1534
f 1501 1534 1533
f 1502 1503 1535
f 1502 1535 1534
f 1503 1504 1536
f 1503 1536 1535
f 1504 1505 1537
f 1504 1537 1536
f 1505 1506 1538
f 1505 1538 1537
f 1506 1507 1539
f 1506 1539 1538
f 1507 1508 1540
f 1507 1540 1539
f 1508 1509 1541
f 1508 1541 1540
f 1509 1510 1542
f 1509 1542 1541
f 1510 1511 1543
f 1510 1543 1542
f 1511 1512 1544
f 1511 1544 1543
f 1512 1513 1545
f 1512 1545 1544
f 1513 1514 1546
f 1513 1546 1545
f 1514 1515 1547
f 1514 1547 1546
f 1515 1516 1548
f 1515 1548 1547
f 1516 1517 1549
f 1516 1549 1548
f 1517 1518 1550
f 1517 1550 1549
f 1518 1519 1551
f 1518 1551 1550
f 1519 1520 1552
f 1519 1552 1551
f 1520 1521 1553
f 1520 1553 1552
f 1521 1522 1554
f 1521 1554 1553
f 1522 1523 1555
f 1522 1555 1554
f 1523 1524 1556
f 1523 1556 1555
f 1524 1494 1526
f 1524 1526 1556
f 1526 1525 1557
f 1526 1557 1558
f 1525 1527 1559
f 1525 1559 1557
f 1527 1528 1560
f 1527 1560 1559
f 1528 1529 1561
f 1528 1561 1560
f 1529 1530 1562
f 1529 1562 1561
f 1530 1531 1563
f 1530 1563 1562
f 1531 1532 1564
f 1531 1564 1563
f 1532 1533 1565
f 1532 1565 1564
f 1533 1534 1566
f 1533 1566 1565
f 1534 1535 1567
f 1534 1567 1566
f 1535 1536 1568
f 1535 1568 1567
f 1536 1537 1569
f 1536 1569 1568
f 1537 1538 1570
f 1537 1570 1569
f 1538 1539 1571
f 1538 1571 1570
f 1539 1540 1572
f 1539 1572 1571
f 1540 1541 1573
f 1540 1573 1572
f 1541 1542 1574
f 1541 1574 1573
f 1542 1543 1575
f 1542 1575 1574
f 1543 1544 1576
f 1543 1576 1575
f 1544 1545 1577
f 1544 1577 1576
f 1545 1546 1578
f 1545 1578 1577
f 1546 1547 1579
f 1546 1579 1578
f 1547 1548 1580
f 1547 1580 1579
f 1548 1549 1581
f 1548 1581 1580
f 1549 1550 1582
f 1549 1582 1581
f 1550 1551 1583
f 1550 1583 1582
f 1551 1552 1584
f 1551 1584 1583
f 1552 1553 1585
f 1552 1585 1584
f 1553 1554 1586
f 1553 1586 1585
f 1554 1555 1587
f 1554 1587 1586
f 1555 1556 1588
f 1555 1588 1587
f 1556 1526 1558
f 1556 1558 1588
f 1558 1557 1589
f 1558 1589 1590
f 1557 1559 1591
f 1557 1591 1589
f 1559 1560 1592
f 1559 1592 1591
f 1560 1561 1593
f 1560 1593 1592
f 1561 1562 1594
f 1561 1594 1593
f 1562 1563 1595
f 1562 1595 1594
f 1563 1564 1596
f 1563 1596 1595
f 1564 1565 1597
f 1564 1597 1596
f 1565 1566 1598
f 1565 1598 1597
f 1566 1567 1599
f 1566 1599 1598
f 1567 1568 1600
f 1567 1600 1599
f 1568 1569 1601
f 1568 1601 1600
f 1569 1570 1602
f 1569 1602 1601
f 1570 1571 1603
f 1570 1603 1602
f 1571 1572 1604
f 1571 1604 1603
f 1572 1573 1605
f 1572 1605 1604
f 1573 1574 1606
f 1573 1606 1605
f 1574 1575 1607
f 1574 1607 1606
f 1575 1576 1608
f 1575 1608 1607
f 1576 1577 1609
f 1576 1609 1608
f 1577 1578 1610
f 1577 1610 1609
f 1578 1579 1611
f 1578 1611 1610
f 1579 1580 1612
f 1579 1612 1611
f 1580 1581 1613
f 1580 1613 1612
f 1581 1582 1614
f 1581 1614 1613
f 1582 1583 1615
f 1582 1615 1614
f 1583 1584 1616
f 1583 1616 1615
f 1584 1585 1617
f 1584 1617 1616
f 1585 1586 1618
f 1585 1618 1617
f 1586 1587 1619
f 1586 1619 1618
f 1587 1588 1620
f 1587 1620 1619
f 1588 1558 1590
f 1588 1590 1620
f 1590 1589 1621
f 1590 1621 1622
f 1589 1591 1623
f 1589 1623 1621
f 1591 1592 1624
f 1591 1624 1623
f 1592 1593 1625
f 1592 1625 1624
f 1593 1594 1626
f 1593 1626 1625
f 1594 1595 1627
f 1594 1627 1626
f 1595 1596 1628
f 1595 1628 1627
f 1596 1597 1629
f 1596 1629 1628
f 1597 1598 1630
f 1597 1630 1629
f 1598 1599 1631
f 1598 1631 1630
f 1599 1600 1632
f 1599 1632 1631
f 1600 1601 1633
f 1600 1633 1632
f 1601 1602 1634
f 1601 1634 1633
f 1602 1603 1635
f 1602 1635 1634
f 1603 1604 1636
f 1603 1636 1635
f 1604 1605 1637
f 1604 1637 1636
f 1605 1606 1638
f 1605 1638 1637
f 1606 1607 1639
f 1606 1639 1638
f 1607 1608 1640
f 1607 1640 1639
f 1608 1609 1641
f 1608 1641 1640
f 1609 1610 1642
f 1609 1642 1641
f 1610 1611 1643
f 1610 1643 1642
f 1611 1612 1644
f 1611 1644 1643
f 1612 1613 1645
f 1612 1645 1644
f 1613 1614 1646
f 1613 1646 1645
f 1614 1615 1647
f 1614 1647 1646
f 1615 1616 1648
f 1615 1648 1647
f 1616 1617 1649
f 1616 1649 1648
f 1617 1618 1650
f 1617 1650 1649
f 1618 1619 1651
f 1618 1651 1650
f 1619 1620 1652
f 1619 1652 1651
f 1620 1590 1622
f 1620 1622 1652
f 1622 1621 1653
f 1622 1653 1654
f 1621 1623 1655
f 1621 1655 1653
f 1623 1624 1656
f 1623 1656 1655
f 1624 1625 1657
f 1624 1657 1656
f 1625 1626 1658
f 1625 1658 1657
f 1626 1627 1659
f 1626 1659 1658
f 1627 1628 1660
f 1627 1660 1659
f 1628 1629 1661
f 1628 1661 1660
f 1629 1630 1662
f 1629 1662 1661
f 1630 1631 1663
f 1630 1663 1662
f 1631 1632 1664
f 1631 1664 1663
f 1632 1633 1665
f 1632 1665 1664
f 1633 1634 1666
f 1633 1666 1665
f 1634 1635 1667
f 1634 1667 1666
f 1635 1636 1668
f 1635 1668 1667
f 1636 1637 1669
f 1636 1669 1668
f 1637 1638 1670
f 1637 1670 1669
f 1638 1639 1671
f 1638 1671 1670
f 1639 1640 1672
f 1639 1672 1671
f 1640 1641 1673
f 1640 1673 1672
f 1641 1642 1674
f 1641 1674 1673
f 1642 1643 1675
f 1642 1675 1674
f 1643 1644 1676
f 1643 1676 1675
f 1644 1645 1677
f 1644 1677 1676
f 1645 1646 1678
f 1645 1678 1677
f 1646 1647 1679
f 1646 1679 1678
f 1647 1648 1680
f 1647 1680 1679
f 1648 1649 1681
f 1648 1681 1680
f 1649 1650 1682
f 1649 1682 1681
f 1650 1651 1683
f 1650 1683 1682
f 1651 1652 1684
f 1651 1684 1683
f 1652 1622 1654
f 1652 1654 1684
f 1654 1653 1685
f 1654 1685 1686
f 1653 1655 1687
f 1653 1687 1685
f 1655 1656 1688
f 1655 1688 1687
f 1656 1657 1689
f 1656 1689 1688
f 1657 1658 1690
f 1657 1690 1689
f 1658 1659 1691
f 1658 1691 1690
f 1659 1660 1692
f 1659 1692 1691
f 1660 1661 1693
f 1660 1693 1692
f 1661 1662 1694
f 1661 1694 1693
f 1662 1663 1695
f 1662 1695 1694
f 1663 1664 1696
f 1663 1696 1695
f 1664 1665 1697
f 1664 1697 1696
f 1665 1666 1698
f 1665 1698 1697
f 1666 1667 1699
f 1666 1699 1698
f 1667 1668 1700
f 1667 1700 1699
f 1668 1669 1701
f 1668 1701 1700
f 1669 1670 1702
f 1669 1702 1701
f 1670 1671 1703
f 1670 1703 1702
f 1671 1672 1704
f 1671 1704 1703
f 1672 1673 1705
f 1672 1705 1704
f 1673 1674 1706
f 1673 1706 1705
f 1674 1675 1707
f 1674 1707 1706
f 1675 1676 1708
f 1675 1708 1707
f 1676 1677 1709
f 1676 1709 1708
f 1677 1678 1710
f 1677 1710 1709
f 1678 1679 1711
f 1678 1711 1710
f 1679 1680 1712
f 1679 1712 1711
f 1680 1681 1713
f 1680 1713 1712
f 1681 1682 1714
f 1681 1714 1713
f 1682 1683 1715
f 1682 1715 1714
f 1683 1684 1716
f 1683 1716 1715
f 1684 1654 1686
f 1684 1686 1716
f 1686 1685 1717
f 1686 1717 1718
f 1685 1687 1719
f 1685 1719 1717
f 1687 1688 1720
f 1687 1720 1719
f 1688 1689 1721
f 1688 1721 1720
f 1689 1690 1722
f 1689 1722 1721
f 1690 1691 1723
f 1690 1723 1722
f 1691 1692 1724
f 1691 1724 1723
f 1692 1693 1725
f 1692 1725 1724
f 1693 1694 1726
f 1693 1726 1725
f 1694 1695 1727
f 1694 1727 1726
f 1695 1696 1728
f 1695 1728 1727
f 1696 1697 1729
f 1696 1729 1728
f 1697 1698 1730
f 1697 1730 1729
f 1698 1699 1731
f 1698 1731 1730
f 1699 1700 1732
f 1699 1732 1731
f 1700 1701 1733
f 1700 1733 1732
f 1701 1702 1734
f 1701 1734 1733
f 1702 1703 1735
f 1702 1735 1734
f 1703 1704 1736
f 1703 1736 1735
f 1704 1705 1737
f 1704 1737 1736
f 1705 1706 1738
f 1705 1738 1737
f 1706 1707 1739
f 1706 1739 1738
f 1707 1708 1740
f 1707 1740 1739
f 1708 1709 1741
f 1708 1741 1740
f 1709 1710 1742
f 1709 1742 1741
f 1710 1711 1743
f 1710 1743 1742
f 1711 1712 1744
f 1711 1744 1743
f 1712 1713 1745
f 1712 1745 1744
f 1713 1714 1746
f 1713 1746 1745
f 1714 1715 1747
f 1714 1747 1746
f 1715 1716 1748
f 1715 1748 1747
f 1716 1686 1718
f 1716 1718 1748
f 1718 1717 1749
f 1718 1749 1750
f 1717 1719 1751
f 1717 1751 1749
f 1719 1720 1752
f 1719 1752 1751
f 1720 1721 1753
f 1720 1753 1752
f 1721 1722 1754
f 1721 1754 1753
f 1722 1723 1755
f 1722 1755 1754
f 1723 1724 1756
f 1723 1756 1755
f 1724 1725 1757
f 1724 1757 1756
f 1725 1726 1758
f 1725 1758 1757
f 1726 1727 1759
f 1726 1759 1758
f 1727 1728 1760
f 1727 1760 1759
f 1728 1729 1761
f 1728 1761 1760
f 1729 1730 1762
f 1729 1762 1761
f 1730 1731 1763
f 1730 1763 1762
f 1731 1732 1764
f 1731 1764 1763
f 1732 1733 1765
f 1732 1765 1764
f 1733 1734 1766
f 1733 1766 1765
f 1734 1735 1767
f 1734 1767 1766
f 1735 1736 1768
f 1735 1768 1767
f 1736 1737 1769
f 1736 1769 1768
f 1737 1738 1770
f 1737 1770 1769
f 1738 1739 1771
f 1738 1771 1770
f 1739 1740 1772
f 1739 1772 1771
f 1740 1741 1773
f 1740 1773 1772
f 1741 1742 1774
f 1741 1774 1773
f 1742 1743 1775
f 1742 1775 1774
f 1743 1744 1776
f 1743 1776 1775
f 1744 1745 1777
f 1744 1777 1776
f 1745 1746 1778
f 1745 1778 1777
f 1746 1747 1779
f 1746 1779 1778
f 1747 1748 1780
f 1747 1780 1779
f 1748 1718 1750
f 1748 1750 1780
f 1750 1749 1781
f 1749 1751 1781
f 1751 1752 1781
f 1752 1753 1781
f 1753 1754 1781
f 1754 1755 1781
f 1755 1756 1781
f 1756 1757 1781
f 1757 1758 1781
f 1758 1759 1781
f 1759 1760 1782
f 1759 1782 1781
f 1760 1761 1783
f 1760 1783 1782
f 1761 1762 1784
f 1761 1784 1783
f 1762 1763 1785
f 1762 1785 1784
f 1763 1764 1785
f 1764 1765 1785
f 1765 1766 1785
f 1766 1767 1785
f 1767 1768 1785
f 1768 1769 1785
f 1769 1770 1785
f 1770 1771 1785
f 1771 1772 1785
f 1772 1773 1785
f 1773 1774 1785
f 1774 1775 1785
f 1775 1776 1785
f 1776 1777 1784
f 1776 1784 1785
f 1777 1778 1783
f 1777 1783 1784
f 1778 1779 1782
f 1778 1782 1783
f 1779 1780 1781
f 1779 1781 1782
f 1780 1750 1781
f 1788 1787 1786
f 1786 1790 1789
f 1789 1792 1791
f 1791 1794 1793
f 1793 1796 1795
f 1795 1798 1797
f 1797 1800 1799
f 1799 1802 1801
f 1801 1804 1803
f 1803 1806 1805
f 1805 1808 1807
f 1807 1810 1809
f 1809 1812 1811
f 1811 1814 1813
f 1813 1816 1815
f 1815 1817 1787
f 1787 1819 1818
f 1787 1818 1790
f 1790 1818 1820
f 1790 1820 1792
f 1792 1820 1821
f 1792 1821 1794
f 1794 1821 1822
f 1794 1822 1796
f 1796 1822 1823
f 1796 1823 1798
f 1798 1823 1824
f 1798 1824 1800
f 1800 1824 1825
f 1800 1825 1802
f 1802 1825 1826
f 1802 1826 1804
f 1804 1826 1827
f 1804 1827 1806
f 1806 1827 1828
f 1806 1828 1808
f 1808 1828 1829
f 1808 1829 1810
f 1810 1829 1830
f 1810 1830 1812
f 1812 1830 1831
f 1812 1831 1814
f 1814 1831 1832
f 1814 1832 1816
f 1816 1832 1833
f 1816 1833 1817
f 1817 1833 1819
f 1817 1819 1787
f 1819 1835 1834
f 1819 1834 1818
f 1818 1834 1836
f 1818 1836 1820
f 1820 1836 1837
f 1820 1837 1821
f 1821 1837 1838
f 1821 1838 1822
f 1822 1838 1839
f 1822 1839 1823
f 1823 1839 1840
f 1823 1840 1824
f 1824 1840 1841
f 1824 1841 1825
f 1825 1841 1842
f 1825 1842 1826
f 1826 1842 1843
f 1826 1843 1827
f 1827 1843 1844
f 1827 1844 1828
f 1828 1844 1845
f 1828 1845 1829
f 1829 1845 1846
f 1829 1846 1830
f 1830 1846 1847
f 1830 1847 1831
f 1831 1847 1848
f 1831 1848 1832
f 1832 1848 1849
f 1832 1849 1833
f 1833 1849 1835
f 1833 1835 1819
f 1835 1851 1850
f 1835 1850 1834
f 1834 1850 1852
f 1834 1852 1836
f 1836 1852 1853
f 1836 1853 1837
f 1837 1853 1854
f 1837 1854 1838
f 1838 1854 1855
f 1838 1855 1839
f 1839 1855 1856
f 1839 1856 1840
f 1840 1856 1857
f 1840 1857 1841
f 1841 1857 1858
f 1841 1858 1842
f 1842 1858 1859
f 1842 1859 1843
f 1843 1859 1860
f 1843 1860 1844
f 1844 1860 1861
f 1844 1861 1845
f 1845 1861 1862
f 1845 1862 1846
f 1846 1862 1863
f 1846 1863 1847
f 1847 1863 1864
f 1847 1864 1848
f 1848 1864 1865
f 1848 1865 1849
f 1849 1865 1851
f 1849 1851 1835
f 1851 1852 1850
f 1851 1853 1852
f 1851 1854 1853
f 1851 1855 1854
f 1851 1856 1855
f 1851 1857 1856
f 1851 1858 1857
f 1851 1859 1858
f 1851 1860 1859
f 1851 1861 1860
f 1851 1862 1861
f 1851 1863 1862
f 1851 1864 1863
f 1851 1865 1864
f 1815 1816 1817
f 1866 1815 1788
f 1813 1814 1816
f 1866 1813 1815
f 1811 1812 1814
f 1866 1811 1813
f 1809 1810 1812
f 1866 1809 1811
f 1807 1808 1810
f 1866 1807 1809
f 1805 1806 1808
f 1866 1805 1807
f 1803 1804 1806
f 1866 1803 1805
f 1801 1802 1804
f 1866 1801 1803
f 1799 1800 1802
f 1866 1799 1801
f 1797 1798 1800
f 1866 1797 1799
f 1795 1796 1798
f 1866 1795 1797
f 1793 1794 1796
f 1866 1793 1795
f 1791 1792 1794
f 1866 1791 1793
f 1789 1790 1792
f 1866 1789 1791
f 1786 1787 1790
f 1866 1786 1789
f 1866 1788 1786
f 1788 1815 1787
f 165 164 1867
f 165 1867 1868
f 1868 1867 1869
f 1868 1869 1870
f 234 165 1868
f 234 1868 1870
f 234 1870 1871
f 234 1871 1872
f 234 1872 1873
f 234 1873 1874
f 234 1874 1875
f 234 1875 1876
f 234 1876 1877
f 234 1877 1878
f 234 1878 1879
f 234 1879 233
f 1870 1869 1880
f 1870 1880 1871
f 1871 1880 1881
f 1871 1881 1872
f 1872 1881 1882
f 1872 1882 1873
f 1873 1882 1883
f 1873 1883 1874
f 1874 1883 1884
f 1874 1884 1875
f 1875 1884 1885
f 1875 1885 1876
f 1876 1885 1886
f 1876 1886 1877
f 1877 1886 1887
f 1877 1887 1878
f 1878 1887 1888
f 1878 1888 1879
f 1879 1888 242
f 1879 242 233
f 1869 1890 1889
f 1869 1889 1880
f 1880 1889 1891
f 1880 1891 1881
f 1881 1891 1892
f 1881 1892 1882
f 1882 1892 1893
f 1882 1893 1883
f 1883 1893 1894
f 1883 1894 1884
f 1884 1894 1895
f 1884 1895 1885
f 1885 1895 1896
f 1885 1896 1886
f 1886 1896 1897
f 1886 1897 1887
f 1887 1897 1898
f 1887 1898 1888
f 1888 1898 251
f 1888 251 242
f 1890 1900 1899
f 1890 1899 1889
f 1889 1899 1901
f 1889 1901 1891
f 1891 1901 1902
f 1891 1902 1892
f 1892 1902 1903
f 1892 1903 1893
f 1893 1903 1904
f 1893 1904 1894
f 1894 1904 1905
f 1894 1905 1895
f 1895 1905 1906
f 1895 1906 1896
f 1896 1906 1907
f 1896 1907 1897
f 1897 1907 1908
f 1897 1908 1898
f 1898 1908 258
f 1898 258 251
f 1900 1910 1909
f 1900 1909 1899
f 1899 1909 1911
f 1899 1911 1901
f 1901 1911 1912
f 1901 1912 1902
f 1902 1912 1913
f 1902 1913 1903
f 1913 1915 1914
f 1903 1914 1904
f 1914 1915 1916
f 1904 1917 1905
f 1917 1916 1918
f 1905 1919 1906
f 1919 1918 1920
f 1906 1921 1907
f 1921 1920 1922
f 1907 1923 1908
f 1923 1922 268
f 1908 269 258
f 1910 1925 1924
f 1910 1924 1909
f 1909 1924 1926
f 1909 1926 1911
f 1911 1926 1927
f 1911 1927 1912
f 1912 1927 1928
f 1912 1928 1913
f 1913 1928 1929
f 1913 1929 1915
f 1915 1929 1930
f 1915 1930 1916
f 1916 1930 1931
f 1916 1931 1918
f 1918 1931 1932
f 1918 1932 1920
f 1920 1932 1933
f 1920 1933 1922
f 1922 1933 1934
f 1922 1934 268
f 1923 1907 1921
f 1923 268 269
f 1921 1906 1919
f 1921 1922 1923
f 1919 1905 1917
f 1919 1920 1921
f 1917 1904 1914
f 1917 1918 1919
f 1914 1903 1913
f 1914 1916 1917
f 269 1908 1923
f 1935 609 610
f 1936 1935 610
f 1937 1935 1936
f 1938 1937 1936
f 1936 610 669
f 1938 1936 669
f 1939 1938 669
f 1940 1939 669
f 1941 1940 669
f 1942 1941 669
f 1943 1942 669
f 1944 1943 669
f 1945 1944 669
f 1946 1945 669
f 1947 1946 669
f 670 1947 669
f 1948 1937 1938
f 1939 1948 1938
f 1949 1948 1939
f 1940 1949 1939
f 1950 1949 1940
f 1941 1950 1940
f 1951 1950 1941
f 1942 1951 1941
f 1952 1951 1942
f 1943 1952 1942
f 1953 1952 1943
f 1944 1953 1943
f 1954 1953 1944
f 1945 1954 1944
f 1955 1954 1945
f 1946 1955 1945
f 1956 1955 1946
f 1947 1956 1946
f 678 1956 1947
f 670 678 1947
f 1958 1957 1937
f 1948 1958 1937
f 1959 1958 1948
f 1949 1959 1948
f 1960 1959 1949
f 1950 1960 1949
f 1961 1960 1950
f 1951 1961 1950
f 1962 1961 1951
f 1952 1962 1951
f 1963 1962 1952
f 1953 1963 1952
f 1964 1963 1953
f 1954 1964 1953
f 1965 1964 1954
f 1955 1965 1954
f 1966 1965 1955
f 1956 1966 1955
f 687 1966 1956
f 678 687 1956
f 1968 1967 1957
f 1958 1968 1957
f 1969 1968 1958
f 1959 1969 1958
f 1970 1969 1959
f 1960 1970 1959
f 1971 1970 1960
f 1961 1971 1960
f 1972 1971 1961
f 1962 1972 1961
f 1973 1972 1962
f 1963 1973 1962
f 1974 1973 1963
f 1964 1974 1963
f 1975 1974 1964
f 1965 1975 1964
f 1976 1975 1965
f 1966 1976 1965
f 694 1976 1966
f 687 694 1966
f 1978 1977 1967
f 1968 1978 1967
f 1979 1978 1968
f 1969 1979 1968
f 1980 1979 1969
f 1970 1980 1969
f 1981 1980 1970
f 1971 1981 1970
f 1983 1982 1981
f 1972 1983 1971
f 1984 1982 1983
f 1973 1985 1972
f 1986 1984 1985
f 1974 1987 1973
f 1988 1986 1987
f 1975 1989 1974
f 1990 1988 1989
f 1976 1991 1975
f 705 1990 1991
f 694 704 1976
f 1924 1925 1977
f 1978 1924 1977
f 1926 1924 1978
f 1979 1926 1978
f 1927 1926 1979
f 1980 1927 1979
f 1928 1927 1980
f 1981 1928 1980
f 1929 1928 1981
f 1982 1929 1981
f 1930 1929 1982
f 1984 1930 1982
f 1931 1930 1984
f 1986 1931 1984
f 1932 1931 1986
f 1988 1932 1986
f 1933 1932 1988
f 1990 1933 1988
f 1934 1933 1990
f 705 1934 1990
f 1989 1975 1991
f 704 705 1991
f 1987 1974 1989
f 1991 1990 1989
f 1985 1973 1987
f 1989 1988 1987
f 1983 1972 1985
f 1987 1986 1985
f 1981 1971 1983
f 1985 1984 1983
f 1991 1976 704
f 1993 163 1992
f 164 163 1993
f 1994 164 1993
f 189 190 1995
f 1996 189 1995
f 191 189 1996
f 1997 191 1996
f 191 1997 1992
f 190 206 1998
f 1995 190 1998
f 206 212 1999
f 1998 206 1999
f 212 219 2000
f 1999 212 2000
f 219 2002 2001
f 2000 219 2001
f 1867 164 1994
f 2003 1867 1994
f 1869 1867 2003
f 2004 1869 2003
f 2005 1869 2004
f 2005 1890 1869
f 2006 1900 1890
f 2005 2006 1890
f 2007 1910 1900
f 2006 2007 1900
f 2008 1925 1910
f 2007 2008 1910
f 1992 163 191
f 2010 607 2009
f 2009 607 609
f 2009 609 2011
f 2012 634 635
f 2012 635 2013
f 2013 635 636
f 2013 636 2014
f 2010 2014 636
f 2015 651 634
f 2015 634 2012
f 2016 657 651
f 2016 651 2015
f 2017 664 657
f 2017 657 2016
f 2001 2002 664
f 2001 664 2017
f 2011 609 1935
f 2011 1935 2018
f 2018 1935 1937
f 2018 1937 2019
f 2019 1937 2020
f 1937 1957 2020
f 1957 1967 2021
f 1957 2021 2020
f 1967 1977 2022
f 1967 2022 2021
f 1977 1925 2008
f 1977 2008 2022
f 636 607 2010
f 2025 2024 2023
f 2025 2023 2026
f 2026 2023 2027
f 2026 2027 2028
f 2028 2027 2029
f 2028 2029 2030
f 2024 2029 2027
f 2024 2027 2023
f 2031 2024 2025
f 2032 2031 2025
f 2033 2031 2032
f 2034 2033 2032
f 2029 2033 2034
f 2030 2029 2034
f 2033 2029 2024
f 2031 2033 2024
f 2037 2036 2035
f 2036 2038 2035
f 2038 2039 2035
f 2039 2040 2035
f 2040 2041 2035
f 2041 2037 2035
f 2037 2043 2042
f 2037 2042 2036
f 2036 2042 2044
f 2036 2044 2038
f 2038 2044 2045
f 2038 2045 2039
f 2039 2045 2046
f 2039 2046 2040
f 2040 2046 2047
f 2040 2047 2041
f 2041 2047 2043
f 2041 2043 2037
f 2050 2049 2048
f 2049 2051 2048
f 2051 2052 2048
f 2052 2053 2048
f 2053 2054 2048
f 2054 2050 2048
f 2050 2056 2055
f 2050 2055 2049
f 2049 2055 2057
f 2049 2057 2051
f 2051 2057 2058
f 2051 2058 2052
f 2052 2058 2059
f 2052 2059 2053
f 2053 2059 2060
f 2053 2060 2054
f 2054 2060 2056
f 2054 2056 2050
f 2063 2062 2061
f 2062 2064 2061
f 2064 2065 2061
f 2065 2066 2061
f 2066 2067 2061
f 2067 2063 2061
f 2063 2069 2068
f 2063 2068 2062
f 2062 2068 2070
f 2062 2070 2064
f 2064 2070 2071
f 2064 2071 2065
f 2065 2071 2072
f 2065 2072 2066
f 2066 2072 2073
f 2066 2073 2067
f 2067 2073 2069
f 2067 2069 2063
f 2076 2075 2074
f 2075 2077 2074
f 2077 2078 2074
f 2078 2079 2074
f 2079 2080 2074
f 2080 2076 2074
f 2076 2082 2081
f 2076 2081 2075
f 2075 2081 2083
f 2075 2083 2077
f 2077 2083 2084
f 2077 2084 2078
f 2078 2084 2085
f 2078 2085 2079
f 2079 2085 2086
f 2079 2086 2080
f 2080 2086 2082
f 2080 2082 2076
f 2089 2088 2087
f 2088 2090 2087
f 2090 2091 2087
f 2091 2092 2087
f 2092 2093 2087
f 2093 2089 2087
f 2089 2095 2094
f 2089 2094 2088
f 2088 2094 2096
f 2088 2096 2090
f 2090 2096 2097
f 2090 2097 2091
f 2091 2097 2098
f 2091 2098 2092
f 2092 2098 2099
f 2092 2099 2093
f 2093 2099 2095
f 2093 2095 2089
f 2102 2101 2100
f 2102 2103 2101
f 2102 2104 2103
f 2102 2105 2104
f 2102 2106 2105
f 2102 2100 2106
f 2108 2107 2100
f 2101 2108 2100
f 2109 2108 2101
f 2103 2109 2101
f 2110 2109 2103
f 2104 2110 2103
f 2111 2110 2104
f 2105 2111 2104
f 2112 2111 2105
f 2106 2112 2105
f 2107 2112 2106
f 2100 2107 2106
f 2115 2114 2113
f 2115 2116 2114
f 2115 2117 2116
f 2115 2118 2117
f 2115 2119 2118
f 2115 2113 2119
f 2121 2120 2113
f 2114 2121 2113
f 2122 2121 2114
f 2116 2122 2114
f 2123 2122 2116
f 2117 2123 2116
f 2124 2123 2117
f 2118 2124 2117
f 2125 2124 2118
f 2119 2125 2118
f 2120 2125 2119
f 2113 2120 2119
f 2128 2127 2126
f 2128 2129 2127
f 2128 2130 2129
f 2128 2131 2130
f 2128 2132 2131
f 2128 2126 2132
f 2134 2133 2126
f 2127 2134 2126
f 2135 2134 2127
f 2129 2135 2127
f 2136 2135 2129
f 2130 2136 2129
f 2137 2136 2130
f 2131 2137 2130
f 2138 2137 2131
f 2132 2138 2131
f 2133 2138 2132
f 2126 2133 2132
f 2141 2140 2139
f 2141 2142 2140
f 2141 2143 2142
f 2141 2144 2143
f 2141 2145 2144
f 2141 2139 2145
f 2147 2146 2139
f 2140 2147 2139
f 2148 2147 2140
f 2142 2148 2140
f 2149 2148 2142
f 2143 2149 2142
f 2150 2149 2143
f 2144 2150 2143
f 2151 2150 2144
f 2145 2151 2144
f 2146 2151 2145
f 2139 2146 2145
f 2154 2153 2152
f 2154 2155 2153
f 2154 2156 2155
f 2154 2157 2156
f 2154 2158 2157
f 2154 2152 2158
f 2160 2159 2152
f 2153 2160 2152
f 2161 2160 2153
f 2155 2161 2153
f 2162 2161 2155
f 2156 2162 2155
f 2163 2162 2156
f 2157 2163 2156
f 2164 2163 2157
f 2158 2164 2157
f 2159 2164 2158
f 2152 2159 2158
f 2167 2166 2165
f 2169 2168 2167
f 2171 2170 2169
f 2173 2172 2171
f 2175 2174 2173
f 2177 2176 2175
f 2179 2178 2177
f 2181 2180 2179
f 2183 2182 2181
f 2185 2184 2183
f 2187 2186 2185
f 2189 2188 2187
f 2191 2190 2189
f 2193 2192 2191
f 2195 2194 2193
f 2166 2196 2195
f 2198 2197 2166
f 2168 2198 2166
f 2199 2198 2168
f 2170 2199 2168
f 2200 2199 2170
f 2172 2200 2170
f 2201 2200 2172
f 2174 2201 2172
f 2202 2201 2174
f 2176 2202 2174
f 2203 2202 2176
f 2178 2203 2176
f 2204 2203 2178
f 2180 2204 2178
f 2205 2204 2180
f 2182 2205 2180
f 2206 2205 2182
f 2184 2206 2182
f 2207 2206 2184
f 2186 2207 2184
f 2208 2207 2186
f 2188 2208 2186
f 2209 2208 2188
f 2190 2209 2188
f 2210 2209 2190
f 2192 2210 2190
f 2211 2210 2192
f 2194 2211 2192
f 2212 2211 2194
f 2196 2212 2194
f 2197 2212 2196
f 2166 2197 2196
f 2214 2213 2197
f 2198 2214 2197
f 2215 2214 2198
f 2199 2215 2198
f 2216 2215 2199
f 2200 2216 2199
f 2217 2216 2200
f 2201 2217 2200
f 2218 2217 2201
f 2202 2218 2201
f 2219 2218 2202
f 2203 2219 2202
f 2220 2219 2203
f 2204 2220 2203
f 2221 2220 2204
f 2205 2221 2204
f 2222 2221 2205
f 2206 2222 2205
f 2223 2222 2206
f 2207 2223 2206
f 2224 2223 2207
f 2208 2224 2207
f 2225 2224 2208
f 2209 2225 2208
f 2226 2225 2209
f 2210 2226 2209
f 2227 2226 2210
f 2211 2227 2210
f 2228 2227 2211
f 2212 2228 2211
f 2213 2228 2212
f 2197 2213 2212
f 2230 2229 2213
f 2214 2230 2213
f 2231 2230 2214
f 2215 2231 2214
f 2232 2231 2215
f 2216 2232 2215
f 2233 2232 2216
f 2217 2233 2216
f 2234 2233 2217
f 2218 2234 2217
f 2235 2234 2218
f 2219 2235 2218
f 2236 2235 2219
f 2220 2236 2219
f 2237 2236 2220
f 2221 2237 2220
f 2238 2237 2221
f 2222 2238 2221
f 2239 2238 2222
f 2223 2239 2222
f 2240 2239 2223
f 2224 2240 2223
f 2241 2240 2224
f 2225 2241 2224
f 2242 2241 2225
f 2226 2242 2225
f 2243 2242 2226
f 2227 2243 2226
f 2244 2243 2227
f 2228 2244 2227
f 2229 2244 2228
f 2213 2229 2228
f 2230 2231 2229
f 2231 2232 2229
f 2232 2233 2229
f 2233 2234 2229
f 2234 2235 2229
f 2235 2236 2229
f 2236 2237 2229
f 2237 2238 2229
f 2238 2239 2229
f 2239 2240 2229
f 2240 2241 2229
f 2241 2242 2229
f 2242 2243 2229
f 2243 2244 2229
f 2196 2194 2195
f 2165 2195 2245
f 2194 2192 2193
f 2195 2193 2245
f 2192 2190 2191
f 2193 2191 2245
f 2190 2188 2189
f 2191 2189 2245
f 2188 2186 2187
f 2189 2187 2245
f 2186 2184 2185
f 2187 2185 2245
f 2184 2182 2183
f 2185 2183 2245
f 2182 2180 2181
f 2183 2181 2245
f 2180 2178 2179
f 2181 2179 2245
f 2178 2176 2177
f 2179 2177 2245
f 2176 2174 2175
f 2177 2175 2245
f 2174 2172 2173
f 2175 2173 2245
f 2172 2170 2171
f 2173 2171 2245
f 2170 2168 2169
f 2171 2169 2245
f 2168 2166 2167
f 2169 2167 2245
f 2167 2165 2245
f 2166 2195 2165
